2026-09-16 07:50:07.775 [info] [main] Log level: Info
2026-09-16 07:50:07.775 [info] [main] Validating found git in: "git"
2026-09-16 07:50:07.776 [info] [main] Using git "2.55.0" from "git"
2026-09-16 07:50:07.776 [info] [Model][doInitialScan] Initial repository scan started
2026-09-16 07:50:07.776 [info] > git rev-parse --show-toplevel [1399ms]
2026-09-16 07:50:07.776 [info] fatal: not a git repository (or any of the parent directories): .git
2026-09-16 07:50:26.684 [info] > git rev-parse --show-toplevel [18911ms]
2026-09-16 07:50:28.877 [info] > git rev-parse --git-dir --git-common-dir --show-superproject-working-tree [729ms]
2026-09-16 07:50:29.433 [info] [Model][openRepository] Opened repository (path): /home/darren/Downloads/Hyprland
2026-09-16 07:50:29.433 [info] [Model][openRepository] Opened repository (real path): /home/darren/Downloads/Hyprland
2026-09-16 07:50:29.433 [info] [Model][openRepository] Opened repository (kind): repository
2026-09-16 07:50:29.480 [info] [Model][doInitialScan] Initial repository scan completed - repositories (1), closed repositories (0), parent repositories (0), unsafe repositories (0)
2026-09-16 07:50:29.703 [info] > git config --get --local core.virtualfilesystem [227ms]
2026-09-16 07:50:29.704 [warning] [Git][config] git config failed: Failed to execute git
2026-09-16 07:50:29.812 [info] > git config --get commit.template [179ms]
2026-09-16 07:50:30.054 [info] > git rev-parse --show-toplevel [386ms]
2026-09-16 07:50:30.653 [info] > git check-ignore -v -z --stdin [302ms]
2026-09-16 07:50:30.656 [info] > git check-ignore -v -z --stdin [273ms]
2026-09-16 07:50:30.902 [info] > git ls-files --stage -- install-scripts/sddm_theme.sh [19ms]
2026-09-16 07:50:30.929 [info] > git for-each-ref --format=%(refname)%00%(upstream:short)%00%(objectname)%00%(upstream:track)%00%(upstream:remotename)%00%(upstream:remoteref) refs/heads/main refs/remotes/main [781ms]
2026-09-16 07:50:30.964 [warning] [Git][revParse] Unable to read file: ENOENT: no such file or directory, open '/home/darren/Downloads/Hyprland/.git/refs/remotes/origin/main'
2026-09-16 07:50:30.972 [info] > git show --textconv :install-scripts/sddm_theme.sh [210ms]
2026-09-16 07:50:31.013 [info] > git cat-file -s e1c2ef6809bd5d1cc2acb8d4c60061be14728c96 [85ms]
2026-09-16 07:50:31.025 [info] > git rev-parse refs/remotes/origin/main [61ms]
2026-09-16 07:50:31.661 [info] > git for-each-ref --sort -committerdate --format %(refname)%00%(objectname)%00%(*objectname) [567ms]
2026-09-16 07:50:31.664 [info] > git log --format=%H%n%aN%n%aE%n%at%n%ct%n%P%n%D%n%B -z -n51 --shortstat --follow -- /home/darren/Downloads/Hyprland/install-scripts/sddm_theme.sh [1083ms]
2026-09-16 07:50:32.038 [info] > git hash-object -t tree /dev/null [341ms]
2026-09-16 07:50:32.517 [info] > git check-ignore -v -z --stdin [52ms]
2026-09-16 07:50:35.946 [info] > git status -z -uall [4888ms]
2026-09-16 07:50:37.499 [info] > git config --get commit.template [222ms]
2026-09-16 07:50:37.502 [info] > git for-each-ref --format=%(refname)%00%(upstream:short)%00%(objectname)%00%(upstream:track)%00%(upstream:remotename)%00%(upstream:remoteref) refs/heads/main refs/remotes/main [1076ms]
2026-09-16 07:50:37.721 [info] > git config --get --local branch.main.vscode-merge-base [155ms]
2026-09-16 07:50:37.757 [info] > git rev-parse --show-toplevel [274ms]
2026-09-16 07:50:37.757 [info] fatal: not a git repository (or any of the parent directories): .git
2026-09-16 07:50:37.767 [info] > git for-each-ref --format=%(refname)%00%(upstream:short)%00%(objectname)%00%(upstream:track)%00%(upstream:remotename)%00%(upstream:remoteref) refs/heads/origin/main refs/remotes/origin/main [11ms]
2026-09-16 07:50:37.803 [info] > git for-each-ref --format=%(refname)%00%(upstream:short)%00%(objectname)%00%(upstream:track)%00%(upstream:remotename)%00%(upstream:remoteref) refs/heads/main refs/remotes/main [88ms]
2026-09-16 07:50:37.834 [warning] [Git][revParse] Unable to read file: ENOENT: no such file or directory, open '/home/darren/Downloads/Hyprland/.git/refs/remotes/origin/main'
2026-09-16 07:50:37.840 [info] > git merge-base refs/heads/main refs/remotes/origin/main [44ms]
2026-09-16 07:50:37.874 [info] > git rev-parse refs/remotes/origin/main [41ms]
2026-09-16 07:50:37.941 [info] > git diff --raw --numstat --diff-filter=ADMR -z --find-renames=50% 691ac769f3dad99a330570c4707010af991e17c2...refs/remotes/origin/main -- [68ms]
2026-09-16 07:50:38.018 [info] > git status -z -uall [109ms]
2026-09-16 07:50:38.079 [info] > git for-each-ref --sort -committerdate --format %(refname)%00%(objectname)%00%(*objectname) [139ms]
2026-09-16 07:50:39.583 [info] > git config --get commit.template [115ms]
2026-09-16 07:50:39.593 [info] > git check-ignore -v -z --stdin [17ms]
2026-09-16 07:50:39.697 [info] > git for-each-ref --format=%(refname)%00%(upstream:short)%00%(objectname)%00%(upstream:track)%00%(upstream:remotename)%00%(upstream:remoteref) refs/heads/main refs/remotes/main [74ms]
2026-09-16 07:50:39.738 [warning] [Git][revParse] Unable to read file: ENOENT: no such file or directory, open '/home/darren/Downloads/Hyprland/.git/refs/remotes/origin/main'
2026-09-16 07:50:39.743 [info] > git rev-parse refs/remotes/origin/main [5ms]
2026-09-16 07:50:39.837 [info] > git for-each-ref --sort -committerdate --format %(refname)%00%(objectname)%00%(*objectname) [21ms]
2026-09-16 07:50:39.923 [info] > git status -z -uall [154ms]
2026-09-16 07:50:41.270 [info] > git check-ignore -v -z --stdin [105ms]
2026-09-16 07:50:41.825 [info] > git check-ignore -v -z --stdin [11ms]
2026-09-16 07:50:42.827 [info] > git rev-parse --show-toplevel [9ms]
2026-09-16 07:50:42.976 [info] fatal: not a git repository (or any of the parent directories): .git
2026-09-16 07:50:53.908 [info] > git log --format=%H%n%aN%n%aE%n%at%n%ct%n%P%n%D%n%B -z -n51 --shortstat --follow -- /home/darren/Downloads/Hyprland/install-scripts/rog.sh [483ms]
2026-09-16 07:50:54.508 [info] > git check-ignore -v -z --stdin [19ms]
2026-09-16 07:50:54.692 [info] > git show --textconv :install-scripts/rog.sh [89ms]
2026-09-16 07:50:54.731 [info] > git ls-files --stage -- install-scripts/rog.sh [41ms]
2026-09-16 07:50:54.821 [info] > git cat-file -s 92bad1ca1598367a424a095e0009d4b24479ffec [8ms]
2026-09-16 07:51:15.881 [info] > git blame --root --incremental 691ac769f3dad99a330570c4707010af991e17c2 -- install-scripts/rog.sh [104ms]
2026-09-16 07:51:31.628 [info] > git check-ignore -v -z --stdin [109ms]
2026-09-16 07:51:34.599 [info] > git log --format=%H%n%aN%n%aE%n%at%n%ct%n%P%n%D%n%B -z -n51 --shortstat --follow -- /home/darren/Downloads/Hyprland/install-scripts/sddm_theme.sh [13ms]
2026-09-16 07:51:34.755 [info] > git check-ignore -v -z --stdin [8ms]
2026-09-16 07:51:35.342 [info] > git check-ignore -v -z --stdin [16ms]
2026-09-16 07:51:35.488 [info] > git show --textconv :install-scripts/sddm_theme.sh [41ms]
2026-09-16 07:51:35.494 [info] > git ls-files --stage -- install-scripts/sddm_theme.sh [13ms]
2026-09-16 07:51:35.530 [info] > git cat-file -s e1c2ef6809bd5d1cc2acb8d4c60061be14728c96 [7ms]
2026-09-16 07:51:35.712 [info] > git check-ignore -v -z --stdin [20ms]
2026-09-16 07:51:37.384 [info] > git blame --root --incremental 691ac769f3dad99a330570c4707010af991e17c2 -- install-scripts/sddm_theme.sh [77ms]
2026-09-16 07:51:37.871 [info] > git check-ignore -v -z --stdin [5ms]
2026-09-16 07:51:48.610 [info] > git check-ignore -v -z --stdin [1220ms]
2026-09-16 07:51:48.901 [info] > git config --get commit.template [58ms]
2026-09-16 07:51:49.077 [info] > git for-each-ref --format=%(refname)%00%(upstream:short)%00%(objectname)%00%(upstream:track)%00%(upstream:remotename)%00%(upstream:remoteref) refs/heads/main refs/remotes/main [91ms]
2026-09-16 07:51:49.149 [warning] [Git][revParse] Unable to read file: ENOENT: no such file or directory, open '/home/darren/Downloads/Hyprland/.git/refs/remotes/origin/main'
2026-09-16 07:51:49.164 [info] > git rev-parse refs/remotes/origin/main [16ms]
2026-09-16 07:51:49.281 [info] > git for-each-ref --sort -committerdate --format %(refname)%00%(objectname)%00%(*objectname) [58ms]
2026-09-16 07:51:49.676 [info] > git check-ignore -v -z --stdin [15ms]
2026-09-16 07:51:50.277 [info] > git status -z -uall [1087ms]
2026-09-16 07:51:52.248 [info] > git check-ignore -v -z --stdin [5ms]
2026-09-16 07:52:28.046 [info] > git check-ignore -v -z --stdin [107ms]
2026-09-16 07:53:01.331 [info] > git log --format=%H%n%aN%n%aE%n%at%n%ct%n%P%n%D%n%B -z -n51 --shortstat --follow -- /home/darren/Downloads/Hyprland/install-scripts/sddm.sh [12849ms]
2026-09-16 07:53:02.858 [info] > git check-ignore -v -z --stdin [103ms]
2026-09-16 07:53:06.120 [info] > git check-ignore -v -z --stdin [522ms]
2026-09-16 07:53:10.611 [info] > git show --textconv :install-scripts/sddm.sh [1125ms]
2026-09-16 07:53:10.612 [info] > git ls-files --stage -- install-scripts/sddm.sh [1050ms]
2026-09-16 07:53:10.975 [info] > git cat-file -s c06ed638d3189f270afedc08e9542f47238fe9f4 [331ms]
2026-09-16 07:53:12.194 [info] > git config --get commit.template [170ms]
2026-09-16 07:53:12.199 [info] > git check-ignore -v -z --stdin [15ms]
2026-09-16 07:53:18.449 [info] > git for-each-ref --format=%(refname)%00%(upstream:short)%00%(objectname)%00%(upstream:track)%00%(upstream:remotename)%00%(upstream:remoteref) refs/heads/main refs/remotes/main [6352ms]
2026-09-16 07:53:18.450 [info] > git blame --root --incremental 691ac769f3dad99a330570c4707010af991e17c2 -- install-scripts/sddm.sh [6573ms]
2026-09-16 07:53:19.778 [warning] [Git][revParse] Unable to read file: ENOENT: no such file or directory, open '/home/darren/Downloads/Hyprland/.git/refs/remotes/origin/main'
2026-09-16 07:53:20.551 [info] > git rev-parse refs/remotes/origin/main [774ms]
2026-09-16 07:53:22.263 [info] > git for-each-ref --sort -committerdate --format %(refname)%00%(objectname)%00%(*objectname) [1219ms]
2026-09-16 07:53:23.965 [info] > git check-ignore -v -z --stdin [3ms]
2026-09-16 07:53:24.145 [info] > git show --textconv :install-scripts/sddm_theme.sh [32ms]
2026-09-16 07:53:24.151 [info] > git ls-files --stage -- install-scripts/sddm_theme.sh [8ms]
2026-09-16 07:53:24.205 [info] > git cat-file -s e1c2ef6809bd5d1cc2acb8d4c60061be14728c96 [7ms]
2026-09-16 07:53:40.352 [info] > git status -z -uall [19416ms]
2026-09-16 07:53:42.717 [info] > git check-ignore -v -z --stdin [184ms]
2026-09-16 07:53:48.155 [info] > git config --get commit.template [254ms]
2026-09-16 07:53:48.211 [info] > git log --format=%H%n%aN%n%aE%n%at%n%ct%n%P%n%D%n%B -z -n51 --shortstat --follow -- /home/darren/Downloads/Hyprland/install-scripts/sddm_theme.sh [116ms]
2026-09-16 07:53:48.302 [info] > git for-each-ref --format=%(refname)%00%(upstream:short)%00%(objectname)%00%(upstream:track)%00%(upstream:remotename)%00%(upstream:remoteref) refs/heads/main refs/remotes/main [107ms]
2026-09-16 07:53:48.497 [warning] [Git][revParse] Unable to read file: ENOENT: no such file or directory, open '/home/darren/Downloads/Hyprland/.git/refs/remotes/origin/main'
2026-09-16 07:53:48.540 [info] > git rev-parse refs/remotes/origin/main [44ms]
2026-09-16 07:53:48.708 [info] > git for-each-ref --sort -committerdate --format %(refname)%00%(objectname)%00%(*objectname) [111ms]
2026-09-16 07:53:51.545 [info] > git log --format=%H%n%aN%n%aE%n%at%n%ct%n%P%n%D%n%B -z -n51 --shortstat --follow -- /home/darren/Downloads/Hyprland/install-scripts/sddm.sh [52ms]
2026-09-16 07:53:52.010 [info] > git check-ignore -v -z --stdin [4ms]
2026-09-16 07:53:52.254 [info] > git show --textconv :install-scripts/sddm.sh [42ms]
2026-09-16 07:53:52.265 [info] > git ls-files --stage -- install-scripts/sddm.sh [12ms]
2026-09-16 07:53:52.294 [info] > git cat-file -s c06ed638d3189f270afedc08e9542f47238fe9f4 [2ms]
2026-09-16 07:53:58.486 [info] > git check-ignore -v -z --stdin [8ms]
2026-09-16 07:54:00.316 [info] > git log --format=%H%n%aN%n%aE%n%at%n%ct%n%P%n%D%n%B -z -n51 --shortstat --follow -- /home/darren/Downloads/Hyprland/install-scripts/sddm_theme.sh [133ms]
2026-09-16 07:54:00.804 [info] > git check-ignore -v -z --stdin [31ms]
2026-09-16 07:54:03.469 [info] > git status -z -uall [14903ms]
2026-09-16 07:54:05.222 [info] > git check-ignore -v -z --stdin [9ms]
2026-09-16 07:54:05.224 [info] > git log --format=%H%n%aN%n%aE%n%at%n%ct%n%P%n%D%n%B -z -n51 --shortstat --follow -- /home/darren/Downloads/Hyprland/install-scripts/sddm.sh [243ms]
2026-09-16 07:54:15.751 [info] > git show --textconv :install-scripts/sddm_theme.sh [1141ms]
2026-09-16 07:54:15.798 [info] > git show --textconv :install-scripts/sddm.sh [1088ms]
2026-09-16 07:54:16.547 [info] > git ls-files --stage -- install-scripts/sddm.sh [1766ms]
2026-09-16 07:54:16.830 [info] > git ls-files --stage -- install-scripts/sddm_theme.sh [2166ms]
2026-09-16 07:54:17.135 [info] > git cat-file -s c06ed638d3189f270afedc08e9542f47238fe9f4 [308ms]
2026-09-16 07:54:17.139 [info] > git cat-file -s e1c2ef6809bd5d1cc2acb8d4c60061be14728c96 [242ms]
2026-09-16 07:54:17.397 [info] > git config --get commit.template [283ms]
2026-09-16 07:54:17.430 [info] > git for-each-ref --format=%(refname)%00%(upstream:short)%00%(objectname)%00%(upstream:track)%00%(upstream:remotename)%00%(upstream:remoteref) refs/heads/main refs/remotes/main [206ms]
2026-09-16 07:54:17.509 [warning] [Git][revParse] Unable to read file: ENOENT: no such file or directory, open '/home/darren/Downloads/Hyprland/.git/refs/remotes/origin/main'
2026-09-16 07:54:17.578 [info] > git rev-parse refs/remotes/origin/main [69ms]
2026-09-16 07:54:18.013 [info] > git for-each-ref --sort -committerdate --format %(refname)%00%(objectname)%00%(*objectname) [247ms]
2026-09-16 07:54:21.077 [info] > git check-ignore -v -z --stdin [9ms]
2026-09-16 07:54:23.592 [info] > git status -z -uall [5929ms]
2026-09-16 07:54:26.835 [info] > git check-ignore -v -z --stdin [390ms]
2026-09-16 07:54:28.223 [info] > git log --format=%H%n%aN%n%aE%n%at%n%ct%n%P%n%D%n%B -z -n51 --shortstat --follow -- /home/darren/Downloads/Hyprland/install-scripts/sddm_theme.sh [28ms]
2026-09-16 07:54:29.144 [info] > git check-ignore -v -z --stdin [10ms]
2026-09-16 07:54:29.334 [info] > git show --textconv :install-scripts/sddm_theme.sh [69ms]
2026-09-16 07:54:29.344 [info] > git ls-files --stage -- install-scripts/sddm_theme.sh [14ms]
2026-09-16 07:54:29.397 [info] > git cat-file -s e1c2ef6809bd5d1cc2acb8d4c60061be14728c96 [5ms]
2026-09-16 07:54:30.540 [info] > git check-ignore -v -z --stdin [8ms]
2026-09-16 07:54:32.545 [info] > git log --format=%H%n%aN%n%aE%n%at%n%ct%n%P%n%D%n%B -z -n51 --shortstat --follow -- /home/darren/Downloads/Hyprland/install-scripts/00-base.sh [17ms]
2026-09-16 07:54:33.186 [info] > git check-ignore -v -z --stdin [10ms]
2026-09-16 07:54:33.299 [info] > git show --textconv :install-scripts/00-base.sh [48ms]
2026-09-16 07:54:33.310 [info] > git ls-files --stage -- install-scripts/00-base.sh [16ms]
2026-09-16 07:54:33.356 [info] > git cat-file -s 131e1382fea9f70c0e0d7f836dce282aa1c95fd8 [10ms]
2026-09-16 07:54:36.691 [info] > git blame --root --incremental 691ac769f3dad99a330570c4707010af991e17c2 -- install-scripts/00-base.sh [157ms]
2026-09-16 07:54:39.540 [info] > git check-ignore -v -z --stdin [22ms]
2026-09-16 07:54:41.392 [info] > git config --get commit.template [35ms]
2026-09-16 07:54:41.394 [info] > git for-each-ref --format=%(refname)%00%(upstream:short)%00%(objectname)%00%(upstream:track)%00%(upstream:remotename)%00%(upstream:remoteref) refs/heads/main refs/remotes/main [6ms]
2026-09-16 07:54:41.418 [warning] [Git][revParse] Unable to read file: ENOENT: no such file or directory, open '/home/darren/Downloads/Hyprland/.git/refs/remotes/origin/main'
2026-09-16 07:54:41.422 [info] > git rev-parse refs/remotes/origin/main [5ms]
2026-09-16 07:54:41.504 [info] > git for-each-ref --sort -committerdate --format %(refname)%00%(objectname)%00%(*objectname) [19ms]
2026-09-16 07:54:42.158 [info] > git log --format=%H%n%aN%n%aE%n%at%n%ct%n%P%n%D%n%B -z -n51 --shortstat --follow -- /home/darren/Downloads/Hyprland/install-scripts/01-hypr-pkgs.sh [24ms]
2026-09-16 07:54:42.780 [info] > git check-ignore -v -z --stdin [31ms]
2026-09-16 07:54:43.367 [info] > git show --textconv :install-scripts/01-hypr-pkgs.sh [197ms]
2026-09-16 07:54:43.406 [info] > git ls-files --stage -- install-scripts/01-hypr-pkgs.sh [66ms]
2026-09-16 07:54:43.582 [info] > git cat-file -s 57b974fc6519d6ec4f7c5756b8c2b19c4706df34 [9ms]
2026-09-16 07:54:45.337 [info] > git status -z -uall [3887ms]
2026-09-16 07:54:46.748 [info] > git blame --root --incremental 691ac769f3dad99a330570c4707010af991e17c2 -- install-scripts/01-hypr-pkgs.sh [57ms]
2026-09-16 07:54:47.240 [info] > git check-ignore -v -z --stdin [7ms]
2026-09-16 07:54:49.087 [info] > git check-ignore -v -z --stdin [11ms]
2026-09-16 07:54:51.247 [info] > git config --get commit.template [84ms]
2026-09-16 07:54:51.417 [info] > git for-each-ref --format=%(refname)%00%(upstream:short)%00%(objectname)%00%(upstream:track)%00%(upstream:remotename)%00%(upstream:remoteref) refs/heads/main refs/remotes/main [13ms]
2026-09-16 07:54:51.488 [warning] [Git][revParse] Unable to read file: ENOENT: no such file or directory, open '/home/darren/Downloads/Hyprland/.git/refs/remotes/origin/main'
2026-09-16 07:54:51.689 [info] > git rev-parse refs/remotes/origin/main [202ms]
2026-09-16 07:54:51.768 [info] > git for-each-ref --sort -committerdate --format %(refname)%00%(objectname)%00%(*objectname) [12ms]
2026-09-16 07:54:51.863 [info] > git status -z -uall [141ms]
2026-09-16 07:54:53.203 [info] > git check-ignore -v -z --stdin [7ms]
2026-09-16 07:54:55.715 [info] > git log --format=%H%n%aN%n%aE%n%at%n%ct%n%P%n%D%n%B -z -n51 --shortstat --follow -- /home/darren/Downloads/Hyprland/install-scripts/00-base.sh [17ms]
2026-09-16 07:54:56.176 [info] > git check-ignore -v -z --stdin [53ms]
2026-09-16 07:54:56.258 [info] > git show --textconv :install-scripts/00-base.sh [37ms]
2026-09-16 07:54:56.270 [info] > git ls-files --stage -- install-scripts/00-base.sh [14ms]
2026-09-16 07:54:56.329 [info] > git cat-file -s 131e1382fea9f70c0e0d7f836dce282aa1c95fd8 [25ms]
2026-09-16 07:55:05.065 [info] > git check-ignore -v -z --stdin [564ms]
2026-09-16 07:55:08.507 [info] > git config --get commit.template [44ms]
2026-09-16 07:55:08.510 [info] > git for-each-ref --format=%(refname)%00%(upstream:short)%00%(objectname)%00%(upstream:track)%00%(upstream:remotename)%00%(upstream:remoteref) refs/heads/main refs/remotes/main [13ms]
2026-09-16 07:55:08.555 [warning] [Git][revParse] Unable to read file: ENOENT: no such file or directory, open '/home/darren/Downloads/Hyprland/.git/refs/remotes/origin/main'
2026-09-16 07:55:08.577 [info] > git rev-parse refs/remotes/origin/main [23ms]
2026-09-16 07:55:08.685 [info] > git for-each-ref --sort -committerdate --format %(refname)%00%(objectname)%00%(*objectname) [11ms]
2026-09-16 07:55:08.784 [info] > git status -z -uall [140ms]
2026-09-16 07:55:10.938 [info] > git log --format=%H%n%aN%n%aE%n%at%n%ct%n%P%n%D%n%B -z -n51 --shortstat --follow -- /home/darren/Downloads/Hyprland/install-scripts/01-hypr-pkgs.sh [37ms]
2026-09-16 07:55:11.760 [info] > git check-ignore -v -z --stdin [7ms]
2026-09-16 07:55:11.950 [info] > git show --textconv :install-scripts/01-hypr-pkgs.sh [44ms]
2026-09-16 07:55:11.963 [info] > git ls-files --stage -- install-scripts/01-hypr-pkgs.sh [15ms]
2026-09-16 07:55:12.025 [info] > git cat-file -s 57b974fc6519d6ec4f7c5756b8c2b19c4706df34 [13ms]
2026-09-16 07:55:18.593 [info] > git check-ignore -v -z --stdin [26ms]
2026-09-16 07:55:19.305 [info] > git check-ignore -v -z --stdin [17ms]
2026-09-16 07:55:21.514 [info] > git check-ignore -v -z --stdin [61ms]
2026-09-16 07:55:22.712 [info] > git config --get commit.template [29ms]
2026-09-16 07:55:22.715 [info] > git for-each-ref --format=%(refname)%00%(upstream:short)%00%(objectname)%00%(upstream:track)%00%(upstream:remotename)%00%(upstream:remoteref) refs/heads/main refs/remotes/main [5ms]
2026-09-16 07:55:22.739 [warning] [Git][revParse] Unable to read file: ENOENT: no such file or directory, open '/home/darren/Downloads/Hyprland/.git/refs/remotes/origin/main'
2026-09-16 07:55:22.743 [info] > git rev-parse refs/remotes/origin/main [5ms]
2026-09-16 07:55:22.805 [info] > git for-each-ref --sort -committerdate --format %(refname)%00%(objectname)%00%(*objectname) [11ms]
2026-09-16 07:55:22.869 [info] > git status -z -uall [104ms]
2026-09-16 07:55:24.030 [info] > git check-ignore -v -z --stdin [3ms]
2026-09-16 07:55:25.575 [info] > git check-ignore -v -z --stdin [11ms]
2026-09-16 07:55:28.098 [info] > git config --get commit.template [94ms]
2026-09-16 07:55:28.119 [info] > git for-each-ref --format=%(refname)%00%(upstream:short)%00%(objectname)%00%(upstream:track)%00%(upstream:remotename)%00%(upstream:remoteref) refs/heads/main refs/remotes/main [28ms]
2026-09-16 07:55:28.202 [warning] [Git][revParse] Unable to read file: ENOENT: no such file or directory, open '/home/darren/Downloads/Hyprland/.git/refs/remotes/origin/main'
2026-09-16 07:55:28.221 [info] > git rev-parse refs/remotes/origin/main [19ms]
2026-09-16 07:55:28.392 [info] > git for-each-ref --sort -committerdate --format %(refname)%00%(objectname)%00%(*objectname) [36ms]
2026-09-16 07:55:28.481 [info] > git status -z -uall [208ms]
2026-09-16 07:55:31.394 [info] > git log --format=%H%n%aN%n%aE%n%at%n%ct%n%P%n%D%n%B -z -n51 --shortstat --follow -- /home/darren/Downloads/Hyprland/install-scripts/sddm_theme.sh [67ms]
2026-09-16 07:55:32.241 [info] > git check-ignore -v -z --stdin [8ms]
2026-09-16 07:55:32.675 [info] > git show --textconv :install-scripts/sddm_theme.sh [178ms]
2026-09-16 07:55:32.697 [info] > git ls-files --stage -- install-scripts/sddm_theme.sh [39ms]
2026-09-16 07:55:32.828 [info] > git cat-file -s e1c2ef6809bd5d1cc2acb8d4c60061be14728c96 [13ms]
2026-09-16 07:55:33.311 [info] > git check-ignore -v -z --stdin [28ms]
2026-09-16 07:55:34.080 [info] > git log --format=%H%n%aN%n%aE%n%at%n%ct%n%P%n%D%n%B -z -n51 --shortstat --follow -- /home/darren/Downloads/Hyprland/install-scripts/02-Final-Check.sh [41ms]
2026-09-16 07:55:36.590 [info] > git check-ignore -v -z --stdin [70ms]
2026-09-16 07:55:36.687 [info] > git show --textconv :install-scripts/02-Final-Check.sh [31ms]
2026-09-16 07:55:36.694 [info] > git ls-files --stage -- install-scripts/02-Final-Check.sh [8ms]
2026-09-16 07:55:36.728 [info] > git cat-file -s 06d7f8e6352393af09d601645045c70a889b36fa [10ms]
2026-09-16 07:55:37.283 [info] > git blame --root --incremental 691ac769f3dad99a330570c4707010af991e17c2 -- install-scripts/02-Final-Check.sh [31ms]
2026-09-16 07:55:41.206 [info] > git check-ignore -v -z --stdin [60ms]
2026-09-16 07:55:41.880 [info] > git check-ignore -v -z --stdin [8ms]
2026-09-16 07:55:42.190 [info] > git check-ignore -v -z --stdin [21ms]
2026-09-16 07:55:43.265 [info] > git check-ignore -v -z --stdin [9ms]
2026-09-16 07:55:44.869 [info] > git check-ignore -v -z --stdin [13ms]
2026-09-16 07:55:45.133 [info] > git config --get commit.template [23ms]
2026-09-16 07:55:45.191 [info] > git for-each-ref --format=%(refname)%00%(upstream:short)%00%(objectname)%00%(upstream:track)%00%(upstream:remotename)%00%(upstream:remoteref) refs/heads/main refs/remotes/main [10ms]
2026-09-16 07:55:45.221 [warning] [Git][revParse] Unable to read file: ENOENT: no such file or directory, open '/home/darren/Downloads/Hyprland/.git/refs/remotes/origin/main'
2026-09-16 07:55:45.227 [info] > git rev-parse refs/remotes/origin/main [6ms]
2026-09-16 07:55:45.295 [info] > git for-each-ref --sort -committerdate --format %(refname)%00%(objectname)%00%(*objectname) [6ms]
2026-09-16 07:55:45.463 [info] > git status -z -uall [207ms]
2026-09-16 07:55:47.681 [info] > git check-ignore -v -z --stdin [87ms]
2026-09-16 07:55:50.650 [info] > git config --get commit.template [12ms]
2026-09-16 07:55:50.698 [info] > git for-each-ref --format=%(refname)%00%(upstream:short)%00%(objectname)%00%(upstream:track)%00%(upstream:remotename)%00%(upstream:remoteref) refs/heads/main refs/remotes/main [10ms]
2026-09-16 07:55:50.726 [warning] [Git][revParse] Unable to read file: ENOENT: no such file or directory, open '/home/darren/Downloads/Hyprland/.git/refs/remotes/origin/main'
2026-09-16 07:55:50.733 [info] > git rev-parse refs/remotes/origin/main [6ms]
2026-09-16 07:55:50.861 [info] > git for-each-ref --sort -committerdate --format %(refname)%00%(objectname)%00%(*objectname) [15ms]
2026-09-16 07:55:50.954 [info] > git status -z -uall [196ms]
2026-09-16 07:55:52.164 [info] > git check-ignore -v -z --stdin [5ms]
2026-09-16 07:56:18.676 [info] > git log --format=%H%n%aN%n%aE%n%at%n%ct%n%P%n%D%n%B -z -n51 --shortstat --follow -- /home/darren/Downloads/Hyprland/install-scripts/sddm_theme.sh [31ms]
2026-09-16 07:56:19.195 [info] > git check-ignore -v -z --stdin [10ms]
2026-09-16 07:56:19.306 [info] > git show --textconv :install-scripts/sddm_theme.sh [42ms]
2026-09-16 07:56:19.316 [info] > git ls-files --stage -- install-scripts/sddm_theme.sh [15ms]
2026-09-16 07:56:19.354 [info] > git cat-file -s e1c2ef6809bd5d1cc2acb8d4c60061be14728c96 [9ms]
2026-09-16 07:56:22.547 [info] > git log --format=%H%n%aN%n%aE%n%at%n%ct%n%P%n%D%n%B -z -n51 --shortstat --follow -- /home/darren/Downloads/Hyprland/install-scripts/ags.launcher.com.github.Aylur.ags [45ms]
2026-09-16 07:56:23.171 [info] > git check-ignore -v -z --stdin [10ms]
2026-09-16 07:56:23.305 [info] > git show --textconv :install-scripts/ags.launcher.com.github.Aylur.ags [41ms]
2026-09-16 07:56:23.318 [info] > git ls-files --stage -- install-scripts/ags.launcher.com.github.Aylur.ags [14ms]
2026-09-16 07:56:23.356 [info] > git cat-file -s d885950b130e1f64b3f0f46612988a54a7f34cc6 [7ms]
2026-09-16 07:56:26.153 [info] > git blame --root --incremental 691ac769f3dad99a330570c4707010af991e17c2 -- install-scripts/ags.launcher.com.github.Aylur.ags [7ms]
2026-09-16 07:56:31.056 [info] > git check-ignore -v -z --stdin [43ms]
2026-09-16 07:56:31.796 [info] > git check-ignore -v -z --stdin [13ms]
2026-09-16 07:56:32.920 [info] > git check-ignore -v -z --stdin [17ms]
2026-09-16 07:56:33.084 [info] > git config --get commit.template [4ms]
2026-09-16 07:56:33.123 [info] > git for-each-ref --format=%(refname)%00%(upstream:short)%00%(objectname)%00%(upstream:track)%00%(upstream:remotename)%00%(upstream:remoteref) refs/heads/main refs/remotes/main [13ms]
2026-09-16 07:56:33.155 [warning] [Git][revParse] Unable to read file: ENOENT: no such file or directory, open '/home/darren/Downloads/Hyprland/.git/refs/remotes/origin/main'
2026-09-16 07:56:33.231 [info] > git check-ignore -v -z --stdin [7ms]
2026-09-16 07:56:33.234 [info] > git rev-parse refs/remotes/origin/main [79ms]
2026-09-16 07:56:33.368 [info] > git for-each-ref --sort -committerdate --format %(refname)%00%(objectname)%00%(*objectname) [17ms]
2026-09-16 07:56:33.495 [info] > git status -z -uall [229ms]
2026-09-16 07:56:35.174 [info] > git check-ignore -v -z --stdin [13ms]
2026-09-16 07:56:35.667 [info] > git check-ignore -v -z --stdin [6ms]
2026-09-16 07:56:37.157 [info] > git check-ignore -v -z --stdin [14ms]
2026-09-16 07:56:38.665 [info] > git config --get commit.template [27ms]
2026-09-16 07:56:38.668 [info] > git for-each-ref --format=%(refname)%00%(upstream:short)%00%(objectname)%00%(upstream:track)%00%(upstream:remotename)%00%(upstream:remoteref) refs/heads/main refs/remotes/main [6ms]
2026-09-16 07:56:38.691 [warning] [Git][revParse] Unable to read file: ENOENT: no such file or directory, open '/home/darren/Downloads/Hyprland/.git/refs/remotes/origin/main'
2026-09-16 07:56:38.694 [info] > git rev-parse refs/remotes/origin/main [4ms]
2026-09-16 07:56:38.750 [info] > git for-each-ref --sort -committerdate --format %(refname)%00%(objectname)%00%(*objectname) [9ms]
2026-09-16 07:56:38.818 [info] > git status -z -uall [101ms]
2026-09-16 07:56:39.989 [info] > git check-ignore -v -z --stdin [20ms]
2026-09-16 07:56:40.466 [info] > git check-ignore -v -z --stdin [12ms]
2026-09-16 07:56:42.669 [info] > git check-ignore -v -z --stdin [10ms]
2026-09-16 07:56:43.362 [info] > git check-ignore -v -z --stdin [8ms]
2026-09-16 07:56:43.937 [info] > git config --get commit.template [27ms]
2026-09-16 07:56:43.939 [info] > git for-each-ref --format=%(refname)%00%(upstream:short)%00%(objectname)%00%(upstream:track)%00%(upstream:remotename)%00%(upstream:remoteref) refs/heads/main refs/remotes/main [5ms]
2026-09-16 07:56:43.961 [warning] [Git][revParse] Unable to read file: ENOENT: no such file or directory, open '/home/darren/Downloads/Hyprland/.git/refs/remotes/origin/main'
2026-09-16 07:56:43.965 [info] > git rev-parse refs/remotes/origin/main [4ms]
2026-09-16 07:56:44.021 [info] > git for-each-ref --sort -committerdate --format %(refname)%00%(objectname)%00%(*objectname) [7ms]
2026-09-16 07:56:44.095 [info] > git status -z -uall [107ms]
2026-09-16 07:56:45.232 [info] > git check-ignore -v -z --stdin [6ms]
2026-09-16 07:56:49.323 [info] > git config --get commit.template [13ms]
2026-09-16 07:56:49.424 [info] > git for-each-ref --format=%(refname)%00%(upstream:short)%00%(objectname)%00%(upstream:track)%00%(upstream:remotename)%00%(upstream:remoteref) refs/heads/main refs/remotes/main [26ms]
2026-09-16 07:56:49.484 [warning] [Git][revParse] Unable to read file: ENOENT: no such file or directory, open '/home/darren/Downloads/Hyprland/.git/refs/remotes/origin/main'
2026-09-16 07:56:49.500 [info] > git rev-parse refs/remotes/origin/main [17ms]
2026-09-16 07:56:49.707 [info] > git for-each-ref --sort -committerdate --format %(refname)%00%(objectname)%00%(*objectname) [14ms]
2026-09-16 07:56:49.877 [info] > git status -z -uall [277ms]
2026-09-16 07:56:51.280 [info] > git check-ignore -v -z --stdin [6ms]
2026-09-16 07:56:54.450 [info] > git check-ignore -v -z --stdin [8ms]
2026-09-16 07:56:56.494 [info] > git config --get commit.template [6ms]
2026-09-16 07:56:56.525 [info] > git for-each-ref --format=%(refname)%00%(upstream:short)%00%(objectname)%00%(upstream:track)%00%(upstream:remotename)%00%(upstream:remoteref) refs/heads/main refs/remotes/main [6ms]
2026-09-16 07:56:56.551 [warning] [Git][revParse] Unable to read file: ENOENT: no such file or directory, open '/home/darren/Downloads/Hyprland/.git/refs/remotes/origin/main'
2026-09-16 07:56:56.556 [info] > git rev-parse refs/remotes/origin/main [5ms]
2026-09-16 07:56:56.615 [info] > git for-each-ref --sort -committerdate --format %(refname)%00%(objectname)%00%(*objectname) [7ms]
2026-09-16 07:56:56.699 [info] > git status -z -uall [120ms]
2026-09-16 07:56:58.257 [info] > git check-ignore -v -z --stdin [5ms]
2026-09-16 07:57:00.521 [info] > git log --format=%H%n%aN%n%aE%n%at%n%ct%n%P%n%D%n%B -z -n51 --shortstat --follow -- /home/darren/Downloads/Hyprland/install-scripts/sddm_theme.sh [25ms]
2026-09-16 07:57:01.020 [info] > git check-ignore -v -z --stdin [7ms]
2026-09-16 07:57:01.110 [info] > git show --textconv :install-scripts/sddm_theme.sh [37ms]
2026-09-16 07:57:01.138 [info] > git ls-files --stage -- install-scripts/sddm_theme.sh [30ms]
2026-09-16 07:57:01.175 [info] > git cat-file -s e1c2ef6809bd5d1cc2acb8d4c60061be14728c96 [8ms]
2026-09-16 07:57:05.000 [info] > git log --format=%H%n%aN%n%aE%n%at%n%ct%n%P%n%D%n%B -z -n51 --shortstat --follow -- /home/darren/Downloads/Hyprland/install-scripts/battery-monitor.sh [166ms]
2026-09-16 07:57:05.090 [info] > git check-ignore -v -z --stdin [97ms]
2026-09-16 07:57:05.181 [info] > git show --textconv :install-scripts/battery-monitor.sh [56ms]
2026-09-16 07:57:05.193 [info] > git ls-files --stage -- install-scripts/battery-monitor.sh [13ms]
2026-09-16 07:57:05.272 [info] > git cat-file -s 77f6503ea9983d24622167138b645b514b611b92 [6ms]
2026-09-16 07:57:09.833 [info] > git blame --root --incremental 691ac769f3dad99a330570c4707010af991e17c2 -- install-scripts/battery-monitor.sh [18ms]
2026-09-16 07:57:12.349 [info] > git check-ignore -v -z --stdin [12ms]
2026-09-16 07:57:14.212 [info] > git config --get commit.template [29ms]
2026-09-16 07:57:14.216 [info] > git for-each-ref --format=%(refname)%00%(upstream:short)%00%(objectname)%00%(upstream:track)%00%(upstream:remotename)%00%(upstream:remoteref) refs/heads/main refs/remotes/main [7ms]
2026-09-16 07:57:14.245 [warning] [Git][revParse] Unable to read file: ENOENT: no such file or directory, open '/home/darren/Downloads/Hyprland/.git/refs/remotes/origin/main'
2026-09-16 07:57:14.249 [info] > git rev-parse refs/remotes/origin/main [5ms]
2026-09-16 07:57:14.376 [info] > git for-each-ref --sort -committerdate --format %(refname)%00%(objectname)%00%(*objectname) [58ms]
2026-09-16 07:57:14.558 [info] > git status -z -uall [281ms]
2026-09-16 07:57:16.200 [info] > git check-ignore -v -z --stdin [34ms]
2026-09-16 07:57:16.813 [info] > git check-ignore -v -z --stdin [17ms]
2026-09-16 07:57:17.261 [info] > git check-ignore -v -z --stdin [9ms]
2026-09-16 07:57:19.769 [info] > git config --get commit.template [3ms]
2026-09-16 07:57:19.802 [info] > git for-each-ref --format=%(refname)%00%(upstream:short)%00%(objectname)%00%(upstream:track)%00%(upstream:remotename)%00%(upstream:remoteref) refs/heads/main refs/remotes/main [8ms]
2026-09-16 07:57:19.825 [warning] [Git][revParse] Unable to read file: ENOENT: no such file or directory, open '/home/darren/Downloads/Hyprland/.git/refs/remotes/origin/main'
2026-09-16 07:57:19.829 [info] > git rev-parse refs/remotes/origin/main [5ms]
2026-09-16 07:57:19.884 [info] > git for-each-ref --sort -committerdate --format %(refname)%00%(objectname)%00%(*objectname) [8ms]
2026-09-16 07:57:19.986 [info] > git status -z -uall [134ms]
2026-09-16 07:57:22.159 [info] > git check-ignore -v -z --stdin [36ms]
2026-09-16 07:57:22.565 [info] > git check-ignore -v -z --stdin [9ms]
2026-09-16 07:57:24.857 [info] > git check-ignore -v -z --stdin [21ms]
2026-09-16 07:57:25.174 [info] > git config --get commit.template [18ms]
2026-09-16 07:57:25.341 [info] > git for-each-ref --format=%(refname)%00%(upstream:short)%00%(objectname)%00%(upstream:track)%00%(upstream:remotename)%00%(upstream:remoteref) refs/heads/main refs/remotes/main [128ms]
2026-09-16 07:57:25.379 [warning] [Git][revParse] Unable to read file: ENOENT: no such file or directory, open '/home/darren/Downloads/Hyprland/.git/refs/remotes/origin/main'
2026-09-16 07:57:25.555 [info] > git rev-parse refs/remotes/origin/main [176ms]
2026-09-16 07:57:25.672 [info] > git check-ignore -v -z --stdin [119ms]
2026-09-16 07:57:25.725 [info] > git status -z -uall [137ms]
2026-09-16 07:57:25.725 [info] > git for-each-ref --sort -committerdate --format %(refname)%00%(objectname)%00%(*objectname) [102ms]
2026-09-16 07:57:27.252 [info] > git check-ignore -v -z --stdin [20ms]
2026-09-16 07:57:27.547 [info] > git check-ignore -v -z --stdin [11ms]
2026-09-16 07:57:30.202 [info] > git log --format=%H%n%aN%n%aE%n%at%n%ct%n%P%n%D%n%B -z -n51 --shortstat --follow -- /home/darren/Downloads/Hyprland/install-scripts/sddm_theme.sh [32ms]
2026-09-16 07:57:30.670 [info] > git check-ignore -v -z --stdin [12ms]
2026-09-16 07:57:30.747 [info] > git show --textconv :install-scripts/sddm_theme.sh [28ms]
2026-09-16 07:57:30.753 [info] > git ls-files --stage -- install-scripts/sddm_theme.sh [6ms]
2026-09-16 07:57:30.794 [info] > git cat-file -s e1c2ef6809bd5d1cc2acb8d4c60061be14728c96 [5ms]
2026-09-16 07:57:30.927 [info] > git config --get commit.template [10ms]
2026-09-16 07:57:30.974 [info] > git for-each-ref --format=%(refname)%00%(upstream:short)%00%(objectname)%00%(upstream:track)%00%(upstream:remotename)%00%(upstream:remoteref) refs/heads/main refs/remotes/main [10ms]
2026-09-16 07:57:30.999 [warning] [Git][revParse] Unable to read file: ENOENT: no such file or directory, open '/home/darren/Downloads/Hyprland/.git/refs/remotes/origin/main'
2026-09-16 07:57:31.007 [info] > git rev-parse refs/remotes/origin/main [8ms]
2026-09-16 07:57:31.086 [info] > git for-each-ref --sort -committerdate --format %(refname)%00%(objectname)%00%(*objectname) [7ms]
2026-09-16 07:57:31.178 [info] > git status -z -uall [136ms]
2026-09-16 07:57:32.427 [info] > git check-ignore -v -z --stdin [7ms]
2026-09-16 07:57:37.794 [info] > git log --format=%H%n%aN%n%aE%n%at%n%ct%n%P%n%D%n%B -z -n51 --shortstat --follow -- /home/darren/Downloads/Hyprland/install-scripts/bluetooth.sh [13ms]
2026-09-16 07:57:38.135 [info] > git check-ignore -v -z --stdin [22ms]
2026-09-16 07:57:38.250 [info] > git show --textconv :install-scripts/bluetooth.sh [43ms]
2026-09-16 07:57:38.259 [info] > git ls-files --stage -- install-scripts/bluetooth.sh [10ms]
2026-09-16 07:57:38.300 [info] > git cat-file -s 096ee27ef0b1b0fa8d73de92a75ad5ac7de3c1e1 [8ms]
2026-09-16 07:57:39.499 [info] > git blame --root --incremental 691ac769f3dad99a330570c4707010af991e17c2 -- install-scripts/bluetooth.sh [31ms]
2026-09-16 07:57:41.403 [info] > git check-ignore -v -z --stdin [14ms]
2026-09-16 07:57:43.331 [info] > git config --get commit.template [17ms]
2026-09-16 07:57:43.442 [info] > git for-each-ref --format=%(refname)%00%(upstream:short)%00%(objectname)%00%(upstream:track)%00%(upstream:remotename)%00%(upstream:remoteref) refs/heads/main refs/remotes/main [17ms]
2026-09-16 07:57:43.530 [warning] [Git][revParse] Unable to read file: ENOENT: no such file or directory, open '/home/darren/Downloads/Hyprland/.git/refs/remotes/origin/main'
2026-09-16 07:57:43.545 [info] > git rev-parse refs/remotes/origin/main [16ms]
2026-09-16 07:57:43.690 [info] > git for-each-ref --sort -committerdate --format %(refname)%00%(objectname)%00%(*objectname) [18ms]
2026-09-16 07:57:43.777 [info] > git status -z -uall [189ms]
2026-09-16 07:57:46.976 [info] > git check-ignore -v -z --stdin [112ms]
2026-09-16 07:57:49.056 [info] > git config --get commit.template [122ms]
2026-09-16 07:57:49.073 [info] > git for-each-ref --format=%(refname)%00%(upstream:short)%00%(objectname)%00%(upstream:track)%00%(upstream:remotename)%00%(upstream:remoteref) refs/heads/main refs/remotes/main [89ms]
2026-09-16 07:57:49.102 [warning] [Git][revParse] Unable to read file: ENOENT: no such file or directory, open '/home/darren/Downloads/Hyprland/.git/refs/remotes/origin/main'
2026-09-16 07:57:49.108 [info] > git rev-parse refs/remotes/origin/main [6ms]
2026-09-16 07:57:49.233 [info] > git for-each-ref --sort -committerdate --format %(refname)%00%(objectname)%00%(*objectname) [66ms]
2026-09-16 07:57:49.577 [info] > git status -z -uall [443ms]
2026-09-16 07:57:51.224 [info] > git log --format=%H%n%aN%n%aE%n%at%n%ct%n%P%n%D%n%B -z -n51 --shortstat --follow -- /home/darren/Downloads/Hyprland/install-scripts/disk-monitor.sh [12ms]
2026-09-16 07:57:51.648 [info] > git check-ignore -v -z --stdin [27ms]
2026-09-16 07:57:51.713 [info] > git show --textconv :install-scripts/disk-monitor.sh [33ms]
2026-09-16 07:57:51.722 [info] > git ls-files --stage -- install-scripts/disk-monitor.sh [12ms]
2026-09-16 07:57:51.768 [info] > git cat-file -s b4e137c735cf0962e72128b16aad04fccd14c42f [11ms]
2026-09-16 07:57:53.587 [info] > git blame --root --incremental 691ac769f3dad99a330570c4707010af991e17c2 -- install-scripts/disk-monitor.sh [24ms]
2026-09-16 07:57:55.975 [info] > git check-ignore -v -z --stdin [42ms]
2026-09-16 07:57:57.673 [info] > git config --get commit.template [43ms]
2026-09-16 07:57:57.676 [info] > git for-each-ref --format=%(refname)%00%(upstream:short)%00%(objectname)%00%(upstream:track)%00%(upstream:remotename)%00%(upstream:remoteref) refs/heads/main refs/remotes/main [8ms]
2026-09-16 07:57:57.704 [warning] [Git][revParse] Unable to read file: ENOENT: no such file or directory, open '/home/darren/Downloads/Hyprland/.git/refs/remotes/origin/main'
2026-09-16 07:57:57.711 [info] > git rev-parse refs/remotes/origin/main [7ms]
2026-09-16 07:57:57.776 [info] > git for-each-ref --sort -committerdate --format %(refname)%00%(objectname)%00%(*objectname) [8ms]
2026-09-16 07:57:57.861 [info] > git status -z -uall [125ms]
2026-09-16 07:57:59.298 [info] > git check-ignore -v -z --stdin [19ms]
2026-09-16 07:58:02.978 [info] > git config --get commit.template [7ms]
2026-09-16 07:58:03.088 [info] > git for-each-ref --format=%(refname)%00%(upstream:short)%00%(objectname)%00%(upstream:track)%00%(upstream:remotename)%00%(upstream:remoteref) refs/heads/main refs/remotes/main [12ms]
2026-09-16 07:58:03.133 [warning] [Git][revParse] Unable to read file: ENOENT: no such file or directory, open '/home/darren/Downloads/Hyprland/.git/refs/remotes/origin/main'
2026-09-16 07:58:03.145 [info] > git rev-parse refs/remotes/origin/main [12ms]
2026-09-16 07:58:03.262 [info] > git for-each-ref --sort -committerdate --format %(refname)%00%(objectname)%00%(*objectname) [22ms]
2026-09-16 07:58:03.412 [info] > git status -z -uall [233ms]
2026-09-16 07:58:05.487 [info] > git check-ignore -v -z --stdin [13ms]
2026-09-16 07:58:07.636 [info] > git log --format=%H%n%aN%n%aE%n%at%n%ct%n%P%n%D%n%B -z -n51 --shortstat --follow -- /home/darren/Downloads/Hyprland/install-scripts/01-hypr-pkgs.sh [19ms]
2026-09-16 07:58:07.980 [info] > git check-ignore -v -z --stdin [54ms]
2026-09-16 07:58:08.068 [info] > git show --textconv :install-scripts/01-hypr-pkgs.sh [48ms]
2026-09-16 07:58:08.075 [info] > git ls-files --stage -- install-scripts/01-hypr-pkgs.sh [9ms]
2026-09-16 07:58:08.104 [info] > git cat-file -s 57b974fc6519d6ec4f7c5756b8c2b19c4706df34 [5ms]
2026-09-16 07:58:13.677 [info] > git check-ignore -v -z --stdin [8ms]
2026-09-16 07:58:14.693 [info] > git check-ignore -v -z --stdin [7ms]
2026-09-16 07:58:16.534 [info] > git config --get commit.template [6ms]
2026-09-16 07:58:16.572 [info] > git for-each-ref --format=%(refname)%00%(upstream:short)%00%(objectname)%00%(upstream:track)%00%(upstream:remotename)%00%(upstream:remoteref) refs/heads/main refs/remotes/main [5ms]
2026-09-16 07:58:16.598 [warning] [Git][revParse] Unable to read file: ENOENT: no such file or directory, open '/home/darren/Downloads/Hyprland/.git/refs/remotes/origin/main'
2026-09-16 07:58:16.602 [info] > git rev-parse refs/remotes/origin/main [4ms]
2026-09-16 07:58:16.673 [info] > git for-each-ref --sort -committerdate --format %(refname)%00%(objectname)%00%(*objectname) [10ms]
2026-09-16 07:58:16.741 [info] > git status -z -uall [111ms]
2026-09-16 07:58:18.535 [info] > git check-ignore -v -z --stdin [5ms]
2026-09-16 07:58:19.054 [info] > git check-ignore -v -z --stdin [12ms]
2026-09-16 07:58:21.758 [info] > git log --format=%H%n%aN%n%aE%n%at%n%ct%n%P%n%D%n%B -z -n51 --shortstat --follow -- /home/darren/Downloads/Hyprland/install-scripts/disk-monitor.sh [31ms]
2026-09-16 07:58:21.897 [info] > git config --get commit.template [9ms]
2026-09-16 07:58:21.957 [info] > git for-each-ref --format=%(refname)%00%(upstream:short)%00%(objectname)%00%(upstream:track)%00%(upstream:remotename)%00%(upstream:remoteref) refs/heads/main refs/remotes/main [19ms]
2026-09-16 07:58:22.002 [warning] [Git][revParse] Unable to read file: ENOENT: no such file or directory, open '/home/darren/Downloads/Hyprland/.git/refs/remotes/origin/main'
2026-09-16 07:58:22.023 [info] > git rev-parse refs/remotes/origin/main [20ms]
2026-09-16 07:58:22.162 [info] > git for-each-ref --sort -committerdate --format %(refname)%00%(objectname)%00%(*objectname) [24ms]
2026-09-16 07:58:22.207 [info] > git status -z -uall [146ms]
2026-09-16 07:58:23.728 [info] > git check-ignore -v -z --stdin [1367ms]
2026-09-16 07:58:23.898 [info] > git show --textconv :install-scripts/disk-monitor.sh [32ms]
2026-09-16 07:58:23.903 [info] > git ls-files --stage -- install-scripts/disk-monitor.sh [7ms]
2026-09-16 07:58:23.935 [info] > git cat-file -s b4e137c735cf0962e72128b16aad04fccd14c42f [2ms]
2026-09-16 07:58:24.245 [info] > git check-ignore -v -z --stdin [9ms]
2026-09-16 07:58:24.821 [info] > git log --format=%H%n%aN%n%aE%n%at%n%ct%n%P%n%D%n%B -z -n51 --shortstat --follow -- /home/darren/Downloads/Hyprland/install-scripts/02-Final-Check.sh [31ms]
2026-09-16 07:58:25.468 [info] > git check-ignore -v -z --stdin [10ms]
2026-09-16 07:58:25.581 [info] > git show --textconv :install-scripts/02-Final-Check.sh [42ms]
2026-09-16 07:58:25.603 [info] > git ls-files --stage -- install-scripts/02-Final-Check.sh [24ms]
2026-09-16 07:58:25.635 [info] > git cat-file -s 06d7f8e6352393af09d601645045c70a889b36fa [5ms]
2026-09-16 07:58:30.514 [info] > git check-ignore -v -z --stdin [20ms]
2026-09-16 07:58:32.375 [info] > git config --get commit.template [29ms]
2026-09-16 07:58:32.379 [info] > git for-each-ref --format=%(refname)%00%(upstream:short)%00%(objectname)%00%(upstream:track)%00%(upstream:remotename)%00%(upstream:remoteref) refs/heads/main refs/remotes/main [6ms]
2026-09-16 07:58:32.404 [warning] [Git][revParse] Unable to read file: ENOENT: no such file or directory, open '/home/darren/Downloads/Hyprland/.git/refs/remotes/origin/main'
2026-09-16 07:58:32.408 [info] > git rev-parse refs/remotes/origin/main [4ms]
2026-09-16 07:58:32.470 [info] > git for-each-ref --sort -committerdate --format %(refname)%00%(objectname)%00%(*objectname) [8ms]
2026-09-16 07:58:32.531 [info] > git status -z -uall [98ms]
2026-09-16 07:58:33.652 [info] > git check-ignore -v -z --stdin [6ms]
2026-09-16 07:58:35.661 [info] > git check-ignore -v -z --stdin [8ms]
2026-09-16 07:58:37.644 [info] > git config --get commit.template [29ms]
2026-09-16 07:58:37.647 [info] > git for-each-ref --format=%(refname)%00%(upstream:short)%00%(objectname)%00%(upstream:track)%00%(upstream:remotename)%00%(upstream:remoteref) refs/heads/main refs/remotes/main [6ms]
2026-09-16 07:58:37.671 [warning] [Git][revParse] Unable to read file: ENOENT: no such file or directory, open '/home/darren/Downloads/Hyprland/.git/refs/remotes/origin/main'
2026-09-16 07:58:37.675 [info] > git rev-parse refs/remotes/origin/main [4ms]
2026-09-16 07:58:37.735 [info] > git for-each-ref --sort -committerdate --format %(refname)%00%(objectname)%00%(*objectname) [7ms]
2026-09-16 07:58:37.799 [info] > git status -z -uall [99ms]
2026-09-16 07:58:39.303 [info] > git check-ignore -v -z --stdin [5ms]
2026-09-16 07:58:40.619 [info] > git check-ignore -v -z --stdin [11ms]
2026-09-16 07:58:42.425 [info] > git check-ignore -v -z --stdin [13ms]
2026-09-16 07:58:42.921 [info] > git config --get commit.template [31ms]
2026-09-16 07:58:42.924 [info] > git for-each-ref --format=%(refname)%00%(upstream:short)%00%(objectname)%00%(upstream:track)%00%(upstream:remotename)%00%(upstream:remoteref) refs/heads/main refs/remotes/main [5ms]
2026-09-16 07:58:42.949 [warning] [Git][revParse] Unable to read file: ENOENT: no such file or directory, open '/home/darren/Downloads/Hyprland/.git/refs/remotes/origin/main'
2026-09-16 07:58:42.956 [info] > git rev-parse refs/remotes/origin/main [7ms]
2026-09-16 07:58:43.037 [info] > git for-each-ref --sort -committerdate --format %(refname)%00%(objectname)%00%(*objectname) [7ms]
2026-09-16 07:58:43.101 [info] > git status -z -uall [119ms]
2026-09-16 07:58:44.293 [info] > git check-ignore -v -z --stdin [11ms]
2026-09-16 07:58:45.401 [info] > git check-ignore -v -z --stdin [18ms]
2026-09-16 07:58:45.732 [info] > git check-ignore -v -z --stdin [17ms]
2026-09-16 07:58:46.438 [info] > git check-ignore -v -z --stdin [26ms]
2026-09-16 07:58:48.229 [info] > git config --get commit.template [28ms]
2026-09-16 07:58:48.231 [info] > git for-each-ref --format=%(refname)%00%(upstream:short)%00%(objectname)%00%(upstream:track)%00%(upstream:remotename)%00%(upstream:remoteref) refs/heads/main refs/remotes/main [5ms]
2026-09-16 07:58:48.256 [warning] [Git][revParse] Unable to read file: ENOENT: no such file or directory, open '/home/darren/Downloads/Hyprland/.git/refs/remotes/origin/main'
2026-09-16 07:58:48.259 [info] > git rev-parse refs/remotes/origin/main [3ms]
2026-09-16 07:58:48.321 [info] > git for-each-ref --sort -committerdate --format %(refname)%00%(objectname)%00%(*objectname) [4ms]
2026-09-16 07:58:48.386 [info] > git status -z -uall [101ms]
2026-09-16 07:58:49.490 [info] > git check-ignore -v -z --stdin [9ms]
2026-09-16 07:58:51.746 [info] > git check-ignore -v -z --stdin [16ms]
2026-09-16 07:58:52.135 [info] > git check-ignore -v -z --stdin [21ms]
2026-09-16 07:58:53.480 [info] > git config --get commit.template [9ms]
2026-09-16 07:58:53.517 [info] > git for-each-ref --format=%(refname)%00%(upstream:short)%00%(objectname)%00%(upstream:track)%00%(upstream:remotename)%00%(upstream:remoteref) refs/heads/main refs/remotes/main [4ms]
2026-09-16 07:58:53.543 [warning] [Git][revParse] Unable to read file: ENOENT: no such file or directory, open '/home/darren/Downloads/Hyprland/.git/refs/remotes/origin/main'
2026-09-16 07:58:53.547 [info] > git rev-parse refs/remotes/origin/main [5ms]
2026-09-16 07:58:53.604 [info] > git for-each-ref --sort -committerdate --format %(refname)%00%(objectname)%00%(*objectname) [5ms]
2026-09-16 07:58:53.674 [info] > git status -z -uall [103ms]
2026-09-16 07:58:55.106 [info] > git check-ignore -v -z --stdin [5ms]
2026-09-16 07:58:57.729 [info] > git check-ignore -v -z --stdin [26ms]
2026-09-16 07:58:58.891 [info] > git config --get commit.template [54ms]
2026-09-16 07:58:58.892 [info] > git for-each-ref --format=%(refname)%00%(upstream:short)%00%(objectname)%00%(upstream:track)%00%(upstream:remotename)%00%(upstream:remoteref) refs/heads/main refs/remotes/main [7ms]
2026-09-16 07:58:58.926 [warning] [Git][revParse] Unable to read file: ENOENT: no such file or directory, open '/home/darren/Downloads/Hyprland/.git/refs/remotes/origin/main'
2026-09-16 07:58:58.933 [info] > git rev-parse refs/remotes/origin/main [7ms]
2026-09-16 07:58:59.036 [info] > git for-each-ref --sort -committerdate --format %(refname)%00%(objectname)%00%(*objectname) [7ms]
2026-09-16 07:58:59.142 [info] > git status -z -uall [175ms]
2026-09-16 07:59:01.145 [info] > git check-ignore -v -z --stdin [5ms]
2026-09-16 07:59:04.313 [info] > git config --get commit.template [63ms]
2026-09-16 07:59:04.319 [info] > git for-each-ref --format=%(refname)%00%(upstream:short)%00%(objectname)%00%(upstream:track)%00%(upstream:remotename)%00%(upstream:remoteref) refs/heads/main refs/remotes/main [25ms]
2026-09-16 07:59:04.368 [warning] [Git][revParse] Unable to read file: ENOENT: no such file or directory, open '/home/darren/Downloads/Hyprland/.git/refs/remotes/origin/main'
2026-09-16 07:59:04.380 [info] > git rev-parse refs/remotes/origin/main [13ms]
2026-09-16 07:59:04.573 [info] > git for-each-ref --sort -committerdate --format %(refname)%00%(objectname)%00%(*objectname) [44ms]
2026-09-16 07:59:04.620 [info] > git status -z -uall [164ms]
2026-09-16 07:59:05.980 [info] > git check-ignore -v -z --stdin [4ms]
2026-09-16 07:59:10.411 [info] > git log --format=%H%n%aN%n%aE%n%at%n%ct%n%P%n%D%n%B -z -n51 --shortstat --follow -- /home/darren/Downloads/Hyprland/install-scripts/disk-monitor.sh [25ms]
2026-09-16 07:59:10.844 [info] > git check-ignore -v -z --stdin [32ms]
2026-09-16 07:59:10.953 [info] > git show --textconv :install-scripts/disk-monitor.sh [47ms]
2026-09-16 07:59:10.963 [info] > git ls-files --stage -- install-scripts/disk-monitor.sh [15ms]
2026-09-16 07:59:11.012 [info] > git cat-file -s b4e137c735cf0962e72128b16aad04fccd14c42f [16ms]
2026-09-16 07:59:12.146 [info] > git log --format=%H%n%aN%n%aE%n%at%n%ct%n%P%n%D%n%B -z -n51 --shortstat --follow -- /home/darren/Downloads/Hyprland/install-scripts/ags.launcher.com.github.Aylur.ags [12ms]
2026-09-16 07:59:12.441 [info] > git check-ignore -v -z --stdin [4ms]
2026-09-16 07:59:12.518 [info] > git show --textconv :install-scripts/ags.launcher.com.github.Aylur.ags [39ms]
2026-09-16 07:59:12.525 [info] > git ls-files --stage -- install-scripts/ags.launcher.com.github.Aylur.ags [8ms]
2026-09-16 07:59:12.563 [info] > git cat-file -s d885950b130e1f64b3f0f46612988a54a7f34cc6 [7ms]
2026-09-16 07:59:15.529 [info] > git check-ignore -v -z --stdin [7ms]
2026-09-16 07:59:17.140 [info] > git check-ignore -v -z --stdin [11ms]
2026-09-16 07:59:17.527 [info] > git config --get commit.template [34ms]
2026-09-16 07:59:17.531 [info] > git for-each-ref --format=%(refname)%00%(upstream:short)%00%(objectname)%00%(upstream:track)%00%(upstream:remotename)%00%(upstream:remoteref) refs/heads/main refs/remotes/main [9ms]
2026-09-16 07:59:17.560 [warning] [Git][revParse] Unable to read file: ENOENT: no such file or directory, open '/home/darren/Downloads/Hyprland/.git/refs/remotes/origin/main'
2026-09-16 07:59:17.563 [info] > git rev-parse refs/remotes/origin/main [4ms]
2026-09-16 07:59:17.699 [info] > git for-each-ref --sort -committerdate --format %(refname)%00%(objectname)%00%(*objectname) [26ms]
2026-09-16 07:59:17.795 [info] > git status -z -uall [187ms]
2026-09-16 07:59:18.995 [info] > git check-ignore -v -z --stdin [13ms]
2026-09-16 07:59:20.893 [info] > git check-ignore -v -z --stdin [11ms]
2026-09-16 07:59:22.931 [info] > git config --get commit.template [4ms]
2026-09-16 07:59:22.962 [info] > git for-each-ref --format=%(refname)%00%(upstream:short)%00%(objectname)%00%(upstream:track)%00%(upstream:remotename)%00%(upstream:remoteref) refs/heads/main refs/remotes/main [5ms]
2026-09-16 07:59:22.986 [warning] [Git][revParse] Unable to read file: ENOENT: no such file or directory, open '/home/darren/Downloads/Hyprland/.git/refs/remotes/origin/main'
2026-09-16 07:59:22.990 [info] > git rev-parse refs/remotes/origin/main [4ms]
2026-09-16 07:59:23.049 [info] > git for-each-ref --sort -committerdate --format %(refname)%00%(objectname)%00%(*objectname) [7ms]
2026-09-16 07:59:23.128 [info] > git status -z -uall [113ms]
2026-09-16 07:59:24.832 [info] > git check-ignore -v -z --stdin [10ms]
2026-09-16 07:59:40.131 [info] > git log --format=%H%n%aN%n%aE%n%at%n%ct%n%P%n%D%n%B -z -n51 --shortstat --follow -- /home/darren/Downloads/Hyprland/install-scripts/disk-monitor.sh [18ms]
2026-09-16 07:59:41.116 [info] > git check-ignore -v -z --stdin [9ms]
2026-09-16 07:59:41.240 [info] > git show --textconv :install-scripts/disk-monitor.sh [54ms]
2026-09-16 07:59:41.253 [info] > git ls-files --stage -- install-scripts/disk-monitor.sh [16ms]
2026-09-16 07:59:41.296 [info] > git cat-file -s b4e137c735cf0962e72128b16aad04fccd14c42f [17ms]
2026-09-16 07:59:42.216 [info] > git log --format=%H%n%aN%n%aE%n%at%n%ct%n%P%n%D%n%B -z -n51 --shortstat --follow -- /home/darren/Downloads/Hyprland/install-scripts/ags.sh [25ms]
2026-09-16 07:59:42.662 [info] > git check-ignore -v -z --stdin [7ms]
2026-09-16 07:59:42.805 [info] > git show --textconv :install-scripts/ags.sh [54ms]
2026-09-16 07:59:42.813 [info] > git ls-files --stage -- install-scripts/ags.sh [10ms]
2026-09-16 07:59:42.841 [info] > git cat-file -s 22f1466f774881a292d438c8d647e6e38f52f34b [5ms]
2026-09-16 07:59:45.341 [info] > git blame --root --incremental 691ac769f3dad99a330570c4707010af991e17c2 -- install-scripts/ags.sh [44ms]
2026-09-16 07:59:48.434 [info] > git check-ignore -v -z --stdin [5ms]
2026-09-16 07:59:49.854 [info] > git config --get commit.template [31ms]
2026-09-16 07:59:49.858 [info] > git for-each-ref --format=%(refname)%00%(upstream:short)%00%(objectname)%00%(upstream:track)%00%(upstream:remotename)%00%(upstream:remoteref) refs/heads/main refs/remotes/main [6ms]
2026-09-16 07:59:49.884 [warning] [Git][revParse] Unable to read file: ENOENT: no such file or directory, open '/home/darren/Downloads/Hyprland/.git/refs/remotes/origin/main'
2026-09-16 07:59:49.888 [info] > git rev-parse refs/remotes/origin/main [4ms]
2026-09-16 07:59:49.953 [info] > git for-each-ref --sort -committerdate --format %(refname)%00%(objectname)%00%(*objectname) [7ms]
2026-09-16 07:59:50.030 [info] > git status -z -uall [114ms]
2026-09-16 07:59:51.483 [info] > git check-ignore -v -z --stdin [10ms]
2026-09-16 07:59:59.087 [info] > git check-ignore -v -z --stdin [159ms]
2026-09-16 07:59:59.421 [info] > git check-ignore -v -z --stdin [6ms]
2026-09-16 08:00:00.548 [info] > git check-ignore -v -z --stdin [26ms]
2026-09-16 08:00:00.867 [info] > git config --get commit.template [31ms]
2026-09-16 08:00:00.871 [info] > git for-each-ref --format=%(refname)%00%(upstream:short)%00%(objectname)%00%(upstream:track)%00%(upstream:remotename)%00%(upstream:remoteref) refs/heads/main refs/remotes/main [6ms]
2026-09-16 08:00:00.897 [warning] [Git][revParse] Unable to read file: ENOENT: no such file or directory, open '/home/darren/Downloads/Hyprland/.git/refs/remotes/origin/main'
2026-09-16 08:00:00.901 [info] > git rev-parse refs/remotes/origin/main [4ms]
2026-09-16 08:00:00.963 [info] > git for-each-ref --sort -committerdate --format %(refname)%00%(objectname)%00%(*objectname) [7ms]
2026-09-16 08:00:01.031 [info] > git status -z -uall [105ms]
2026-09-16 08:00:02.820 [info] > git check-ignore -v -z --stdin [15ms]
2026-09-16 08:00:03.123 [info] > git check-ignore -v -z --stdin [9ms]
2026-09-16 08:00:04.898 [info] > git check-ignore -v -z --stdin [32ms]
2026-09-16 08:00:06.158 [info] > git config --get commit.template [34ms]
2026-09-16 08:00:06.161 [info] > git for-each-ref --format=%(refname)%00%(upstream:short)%00%(objectname)%00%(upstream:track)%00%(upstream:remotename)%00%(upstream:remoteref) refs/heads/main refs/remotes/main [6ms]
2026-09-16 08:00:06.188 [warning] [Git][revParse] Unable to read file: ENOENT: no such file or directory, open '/home/darren/Downloads/Hyprland/.git/refs/remotes/origin/main'
2026-09-16 08:00:06.193 [info] > git rev-parse refs/remotes/origin/main [6ms]
2026-09-16 08:00:06.278 [info] > git for-each-ref --sort -committerdate --format %(refname)%00%(objectname)%00%(*objectname) [8ms]
2026-09-16 08:00:06.345 [info] > git status -z -uall [125ms]
2026-09-16 08:00:07.682 [info] > git check-ignore -v -z --stdin [9ms]
2026-09-16 08:00:11.060 [info] > git log --format=%H%n%aN%n%aE%n%at%n%ct%n%P%n%D%n%B -z -n51 --shortstat --follow -- /home/darren/Downloads/Hyprland/install-scripts/disk-monitor.sh [13ms]
2026-09-16 08:00:11.426 [info] > git check-ignore -v -z --stdin [7ms]
2026-09-16 08:00:11.557 [info] > git show --textconv :install-scripts/disk-monitor.sh [74ms]
2026-09-16 08:00:11.566 [info] > git config --get commit.template [10ms]
2026-09-16 08:00:11.570 [info] > git ls-files --stage -- install-scripts/disk-monitor.sh [53ms]
2026-09-16 08:00:11.649 [info] > git cat-file -s b4e137c735cf0962e72128b16aad04fccd14c42f [48ms]
2026-09-16 08:00:11.652 [info] > git for-each-ref --format=%(refname)%00%(upstream:short)%00%(objectname)%00%(upstream:track)%00%(upstream:remotename)%00%(upstream:remoteref) refs/heads/main refs/remotes/main [10ms]
2026-09-16 08:00:11.683 [warning] [Git][revParse] Unable to read file: ENOENT: no such file or directory, open '/home/darren/Downloads/Hyprland/.git/refs/remotes/origin/main'
2026-09-16 08:00:11.692 [info] > git rev-parse refs/remotes/origin/main [9ms]
2026-09-16 08:00:11.816 [info] > git for-each-ref --sort -committerdate --format %(refname)%00%(objectname)%00%(*objectname) [13ms]
2026-09-16 08:00:11.882 [info] > git status -z -uall [157ms]
2026-09-16 08:00:13.496 [info] > git log --format=%H%n%aN%n%aE%n%at%n%ct%n%P%n%D%n%B -z -n51 --shortstat --follow -- /home/darren/Downloads/Hyprland/install-scripts/battery-monitor.sh [17ms]
2026-09-16 08:00:13.798 [info] > git check-ignore -v -z --stdin [7ms]
2026-09-16 08:00:13.874 [info] > git show --textconv :install-scripts/battery-monitor.sh [38ms]
2026-09-16 08:00:13.881 [info] > git ls-files --stage -- install-scripts/battery-monitor.sh [9ms]
2026-09-16 08:00:13.921 [info] > git cat-file -s 77f6503ea9983d24622167138b645b514b611b92 [7ms]
2026-09-16 08:00:18.067 [info] > git check-ignore -v -z --stdin [6ms]
2026-09-16 08:00:19.364 [info] > git check-ignore -v -z --stdin [15ms]
2026-09-16 08:00:20.071 [info] > git config --get commit.template [30ms]
2026-09-16 08:00:20.074 [info] > git for-each-ref --format=%(refname)%00%(upstream:short)%00%(objectname)%00%(upstream:track)%00%(upstream:remotename)%00%(upstream:remoteref) refs/heads/main refs/remotes/main [5ms]
2026-09-16 08:00:20.104 [warning] [Git][revParse] Unable to read file: ENOENT: no such file or directory, open '/home/darren/Downloads/Hyprland/.git/refs/remotes/origin/main'
2026-09-16 08:00:20.117 [info] > git rev-parse refs/remotes/origin/main [14ms]
2026-09-16 08:00:20.213 [info] > git for-each-ref --sort -committerdate --format %(refname)%00%(objectname)%00%(*objectname) [32ms]
2026-09-16 08:00:20.297 [info] > git status -z -uall [149ms]
2026-09-16 08:00:21.452 [info] > git check-ignore -v -z --stdin [14ms]
2026-09-16 08:00:21.824 [info] > git check-ignore -v -z --stdin [11ms]
2026-09-16 08:00:22.926 [info] > git log --format=%H%n%aN%n%aE%n%at%n%ct%n%P%n%D%n%B -z -n51 --shortstat --follow -- /home/darren/Downloads/Hyprland/install-scripts/disk-monitor.sh [54ms]
2026-09-16 08:00:24.146 [info] > git check-ignore -v -z --stdin [141ms]
2026-09-16 08:00:25.312 [info] > git show --textconv :install-scripts/disk-monitor.sh [268ms]
2026-09-16 08:00:25.336 [info] > git ls-files --stage -- install-scripts/disk-monitor.sh [238ms]
2026-09-16 08:00:25.378 [info] > git log --format=%H%n%aN%n%aE%n%at%n%ct%n%P%n%D%n%B -z -n51 --shortstat --follow -- /home/darren/Downloads/Hyprland/install-scripts/bluetooth.sh [90ms]
2026-09-16 08:00:25.504 [info] > git config --get commit.template [20ms]
2026-09-16 08:00:25.504 [info] > git cat-file -s b4e137c735cf0962e72128b16aad04fccd14c42f [134ms]
2026-09-16 08:00:25.677 [info] > git check-ignore -v -z --stdin [96ms]
2026-09-16 08:00:25.692 [info] > git for-each-ref --format=%(refname)%00%(upstream:short)%00%(objectname)%00%(upstream:track)%00%(upstream:remotename)%00%(upstream:remoteref) refs/heads/main refs/remotes/main [72ms]
2026-09-16 08:00:25.768 [warning] [Git][revParse] Unable to read file: ENOENT: no such file or directory, open '/home/darren/Downloads/Hyprland/.git/refs/remotes/origin/main'
2026-09-16 08:00:25.818 [info] > git show --textconv :install-scripts/bluetooth.sh [88ms]
2026-09-16 08:00:25.826 [info] > git rev-parse refs/remotes/origin/main [58ms]
2026-09-16 08:00:25.910 [info] > git ls-files --stage -- install-scripts/bluetooth.sh [102ms]
2026-09-16 08:00:25.953 [info] > git cat-file -s 096ee27ef0b1b0fa8d73de92a75ad5ac7de3c1e1 [11ms]
2026-09-16 08:00:25.955 [info] > git for-each-ref --sort -committerdate --format %(refname)%00%(objectname)%00%(*objectname) [55ms]
2026-09-16 08:00:26.040 [info] > git status -z -uall [182ms]
2026-09-16 08:00:27.935 [info] > git check-ignore -v -z --stdin [50ms]
2026-09-16 08:00:29.397 [info] > git log --format=%H%n%aN%n%aE%n%at%n%ct%n%P%n%D%n%B -z -n51 --shortstat --follow -- /home/darren/Downloads/Hyprland/install-scripts/disk-monitor.sh [39ms]
2026-09-16 08:00:29.861 [info] > git check-ignore -v -z --stdin [62ms]
2026-09-16 08:00:30.004 [info] > git show --textconv :install-scripts/disk-monitor.sh [53ms]
2026-09-16 08:00:30.006 [info] > git ls-files --stage -- install-scripts/disk-monitor.sh [11ms]
2026-09-16 08:00:30.056 [info] > git cat-file -s b4e137c735cf0962e72128b16aad04fccd14c42f [13ms]
2026-09-16 08:00:37.185 [info] > git log --format=%H%n%aN%n%aE%n%at%n%ct%n%P%n%D%n%B -z -n51 --shortstat --follow -- /home/darren/Downloads/Hyprland/install-scripts/dotfiles-main.sh [13ms]
2026-09-16 08:00:37.488 [info] > git check-ignore -v -z --stdin [5ms]
2026-09-16 08:00:37.579 [info] > git show --textconv :install-scripts/dotfiles-main.sh [53ms]
2026-09-16 08:00:37.588 [info] > git ls-files --stage -- install-scripts/dotfiles-main.sh [12ms]
2026-09-16 08:00:37.638 [info] > git cat-file -s fe8db393eeae45e3458e9ca146ebfd721317a444 [11ms]
2026-09-16 08:00:45.491 [info] > git blame --root --incremental 691ac769f3dad99a330570c4707010af991e17c2 -- install-scripts/dotfiles-main.sh [40ms]
2026-09-16 08:00:47.298 [info] > git check-ignore -v -z --stdin [7ms]
2026-09-16 08:00:49.165 [info] > git config --get commit.template [8ms]
2026-09-16 08:00:49.227 [info] > git for-each-ref --format=%(refname)%00%(upstream:short)%00%(objectname)%00%(upstream:track)%00%(upstream:remotename)%00%(upstream:remoteref) refs/heads/main refs/remotes/main [26ms]
2026-09-16 08:00:49.268 [warning] [Git][revParse] Unable to read file: ENOENT: no such file or directory, open '/home/darren/Downloads/Hyprland/.git/refs/remotes/origin/main'
2026-09-16 08:00:49.276 [info] > git rev-parse refs/remotes/origin/main [8ms]
2026-09-16 08:00:49.356 [info] > git for-each-ref --sort -committerdate --format %(refname)%00%(objectname)%00%(*objectname) [15ms]
2026-09-16 08:00:49.462 [info] > git status -z -uall [156ms]
2026-09-16 08:00:52.118 [info] > git check-ignore -v -z --stdin [11ms]
2026-09-16 08:00:53.680 [info] > git check-ignore -v -z --stdin [5ms]
2026-09-16 08:00:55.554 [info] > git config --get commit.template [30ms]
2026-09-16 08:00:55.557 [info] > git for-each-ref --format=%(refname)%00%(upstream:short)%00%(objectname)%00%(upstream:track)%00%(upstream:remotename)%00%(upstream:remoteref) refs/heads/main refs/remotes/main [5ms]
2026-09-16 08:00:55.583 [warning] [Git][revParse] Unable to read file: ENOENT: no such file or directory, open '/home/darren/Downloads/Hyprland/.git/refs/remotes/origin/main'
2026-09-16 08:00:55.588 [info] > git rev-parse refs/remotes/origin/main [5ms]
2026-09-16 08:00:55.650 [info] > git for-each-ref --sort -committerdate --format %(refname)%00%(objectname)%00%(*objectname) [7ms]
2026-09-16 08:00:55.713 [info] > git status -z -uall [100ms]
2026-09-16 08:00:56.802 [info] > git check-ignore -v -z --stdin [4ms]
2026-09-16 08:01:01.209 [info] > git check-ignore -v -z --stdin [12ms]
2026-09-16 08:01:03.104 [info] > git config --get commit.template [30ms]
2026-09-16 08:01:03.107 [info] > git for-each-ref --format=%(refname)%00%(upstream:short)%00%(objectname)%00%(upstream:track)%00%(upstream:remotename)%00%(upstream:remoteref) refs/heads/main refs/remotes/main [6ms]
2026-09-16 08:01:03.133 [warning] [Git][revParse] Unable to read file: ENOENT: no such file or directory, open '/home/darren/Downloads/Hyprland/.git/refs/remotes/origin/main'
2026-09-16 08:01:03.137 [info] > git rev-parse refs/remotes/origin/main [4ms]
2026-09-16 08:01:03.204 [info] > git for-each-ref --sort -committerdate --format %(refname)%00%(objectname)%00%(*objectname) [5ms]
2026-09-16 08:01:03.265 [info] > git status -z -uall [102ms]
2026-09-16 08:01:04.881 [info] > git check-ignore -v -z --stdin [125ms]
2026-09-16 08:01:05.555 [info] > git check-ignore -v -z --stdin [82ms]
2026-09-16 08:01:05.833 [info] > git check-ignore -v -z --stdin [5ms]
2026-09-16 08:01:06.365 [info] > git check-ignore -v -z --stdin [11ms]
2026-09-16 08:01:08.440 [info] > git config --get commit.template [17ms]
2026-09-16 08:01:08.503 [info] > git for-each-ref --format=%(refname)%00%(upstream:short)%00%(objectname)%00%(upstream:track)%00%(upstream:remotename)%00%(upstream:remoteref) refs/heads/main refs/remotes/main [9ms]
2026-09-16 08:01:08.589 [warning] [Git][revParse] Unable to read file: ENOENT: no such file or directory, open '/home/darren/Downloads/Hyprland/.git/refs/remotes/origin/main'
2026-09-16 08:01:08.628 [info] > git rev-parse refs/remotes/origin/main [39ms]
2026-09-16 08:01:08.891 [info] > git status -z -uall [211ms]
2026-09-16 08:01:09.005 [info] > git for-each-ref --sort -committerdate --format %(refname)%00%(objectname)%00%(*objectname) [266ms]
2026-09-16 08:01:09.914 [info] > git check-ignore -v -z --stdin [797ms]
2026-09-16 08:01:10.393 [info] > git check-ignore -v -z --stdin [21ms]
2026-09-16 08:01:14.094 [info] > git config --get commit.template [8ms]
2026-09-16 08:01:14.135 [info] > git for-each-ref --format=%(refname)%00%(upstream:short)%00%(objectname)%00%(upstream:track)%00%(upstream:remotename)%00%(upstream:remoteref) refs/heads/main refs/remotes/main [6ms]
2026-09-16 08:01:14.162 [warning] [Git][revParse] Unable to read file: ENOENT: no such file or directory, open '/home/darren/Downloads/Hyprland/.git/refs/remotes/origin/main'
2026-09-16 08:01:14.170 [info] > git rev-parse refs/remotes/origin/main [8ms]
2026-09-16 08:01:14.246 [info] > git for-each-ref --sort -committerdate --format %(refname)%00%(objectname)%00%(*objectname) [9ms]
2026-09-16 08:01:14.331 [info] > git status -z -uall [132ms]
2026-09-16 08:01:15.882 [info] > git check-ignore -v -z --stdin [16ms]
2026-09-16 08:01:30.298 [info] > git check-ignore -v -z --stdin [7ms]
2026-09-16 08:01:32.304 [info] > git check-ignore -v -z --stdin [15ms]
2026-09-16 08:01:34.079 [info] > git config --get commit.template [30ms]
2026-09-16 08:01:34.082 [info] > git for-each-ref --format=%(refname)%00%(upstream:short)%00%(objectname)%00%(upstream:track)%00%(upstream:remotename)%00%(upstream:remoteref) refs/heads/main refs/remotes/main [6ms]
2026-09-16 08:01:34.107 [warning] [Git][revParse] Unable to read file: ENOENT: no such file or directory, open '/home/darren/Downloads/Hyprland/.git/refs/remotes/origin/main'
2026-09-16 08:01:34.111 [info] > git rev-parse refs/remotes/origin/main [5ms]
2026-09-16 08:01:34.169 [info] > git for-each-ref --sort -committerdate --format %(refname)%00%(objectname)%00%(*objectname) [7ms]
2026-09-16 08:01:34.238 [info] > git status -z -uall [103ms]
2026-09-16 08:01:35.863 [info] > git check-ignore -v -z --stdin [25ms]
2026-09-16 08:01:36.233 [info] > git check-ignore -v -z --stdin [7ms]
2026-09-16 08:01:36.871 [info] > git check-ignore -v -z --stdin [12ms]
2026-09-16 08:01:37.275 [info] > git check-ignore -v -z --stdin [9ms]
2026-09-16 08:01:37.919 [info] > git check-ignore -v -z --stdin [26ms]
2026-09-16 08:01:38.363 [info] > git check-ignore -v -z --stdin [7ms]
2026-09-16 08:01:38.631 [info] > git check-ignore -v -z --stdin [5ms]
2026-09-16 08:01:39.341 [info] > git config --get commit.template [9ms]
2026-09-16 08:01:39.449 [info] > git check-ignore -v -z --stdin [11ms]
2026-09-16 08:01:39.451 [info] > git for-each-ref --format=%(refname)%00%(upstream:short)%00%(objectname)%00%(upstream:track)%00%(upstream:remotename)%00%(upstream:remoteref) refs/heads/main refs/remotes/main [74ms]
2026-09-16 08:01:39.536 [warning] [Git][revParse] Unable to read file: ENOENT: no such file or directory, open '/home/darren/Downloads/Hyprland/.git/refs/remotes/origin/main'
2026-09-16 08:01:39.578 [info] > git rev-parse refs/remotes/origin/main [41ms]
2026-09-16 08:01:39.803 [info] > git for-each-ref --sort -committerdate --format %(refname)%00%(objectname)%00%(*objectname) [107ms]
2026-09-16 08:01:39.880 [info] > git status -z -uall [275ms]
2026-09-16 08:01:40.846 [info] > git check-ignore -v -z --stdin [788ms]
2026-09-16 08:01:41.991 [info] > git check-ignore -v -z --stdin [5ms]
2026-09-16 08:01:42.322 [info] > git check-ignore -v -z --stdin [9ms]
2026-09-16 08:01:45.104 [info] > git config --get commit.template [75ms]
2026-09-16 08:01:45.166 [info] > git for-each-ref --format=%(refname)%00%(upstream:short)%00%(objectname)%00%(upstream:track)%00%(upstream:remotename)%00%(upstream:remoteref) refs/heads/main refs/remotes/main [18ms]
2026-09-16 08:01:45.193 [warning] [Git][revParse] Unable to read file: ENOENT: no such file or directory, open '/home/darren/Downloads/Hyprland/.git/refs/remotes/origin/main'
2026-09-16 08:01:45.251 [info] > git check-ignore -v -z --stdin [9ms]
2026-09-16 08:01:45.254 [info] > git rev-parse refs/remotes/origin/main [61ms]
2026-09-16 08:01:45.497 [info] > git for-each-ref --sort -committerdate --format %(refname)%00%(objectname)%00%(*objectname) [129ms]
2026-09-16 08:01:45.545 [info] > git status -z -uall [255ms]
2026-09-16 08:01:47.400 [info] > git check-ignore -v -z --stdin [76ms]
2026-09-16 08:01:49.478 [info] > git check-ignore -v -z --stdin [13ms]
2026-09-16 08:01:51.133 [info] > git config --get commit.template [129ms]
2026-09-16 08:01:51.373 [info] > git for-each-ref --format=%(refname)%00%(upstream:short)%00%(objectname)%00%(upstream:track)%00%(upstream:remotename)%00%(upstream:remoteref) refs/heads/main refs/remotes/main [131ms]
2026-09-16 08:01:51.424 [warning] [Git][revParse] Unable to read file: ENOENT: no such file or directory, open '/home/darren/Downloads/Hyprland/.git/refs/remotes/origin/main'
2026-09-16 08:01:51.431 [info] > git check-ignore -v -z --stdin [60ms]
2026-09-16 08:01:51.498 [info] > git rev-parse refs/remotes/origin/main [74ms]
2026-09-16 08:01:51.730 [info] > git status -z -uall [196ms]
2026-09-16 08:01:51.730 [info] > git for-each-ref --sort -committerdate --format %(refname)%00%(objectname)%00%(*objectname) [144ms]
2026-09-16 08:01:53.120 [info] > git check-ignore -v -z --stdin [33ms]
2026-09-16 08:01:53.424 [info] > git check-ignore -v -z --stdin [16ms]
2026-09-16 08:01:54.132 [info] > git check-ignore -v -z --stdin [18ms]
2026-09-16 08:01:56.883 [info] > git config --get commit.template [36ms]
2026-09-16 08:01:56.885 [info] > git for-each-ref --format=%(refname)%00%(upstream:short)%00%(objectname)%00%(upstream:track)%00%(upstream:remotename)%00%(upstream:remoteref) refs/heads/main refs/remotes/main [9ms]
2026-09-16 08:01:56.915 [warning] [Git][revParse] Unable to read file: ENOENT: no such file or directory, open '/home/darren/Downloads/Hyprland/.git/refs/remotes/origin/main'
2026-09-16 08:01:56.919 [info] > git rev-parse refs/remotes/origin/main [4ms]
2026-09-16 08:01:56.979 [info] > git for-each-ref --sort -committerdate --format %(refname)%00%(objectname)%00%(*objectname) [6ms]
2026-09-16 08:01:57.049 [info] > git status -z -uall [104ms]
2026-09-16 08:01:58.672 [info] > git check-ignore -v -z --stdin [5ms]
2026-09-16 08:02:20.834 [info] > git check-ignore -v -z --stdin [9ms]
2026-09-16 08:02:21.943 [info] > git check-ignore -v -z --stdin [65ms]
2026-09-16 08:02:22.814 [info] > git check-ignore -v -z --stdin [47ms]
2026-09-16 08:02:23.599 [info] > git check-ignore -v -z --stdin [82ms]
2026-09-16 08:02:24.550 [info] > git check-ignore -v -z --stdin [16ms]
2026-09-16 08:02:26.451 [info] > git config --get commit.template [41ms]
2026-09-16 08:02:26.453 [info] > git for-each-ref --format=%(refname)%00%(upstream:short)%00%(objectname)%00%(upstream:track)%00%(upstream:remotename)%00%(upstream:remoteref) refs/heads/main refs/remotes/main [8ms]
2026-09-16 08:02:26.481 [warning] [Git][revParse] Unable to read file: ENOENT: no such file or directory, open '/home/darren/Downloads/Hyprland/.git/refs/remotes/origin/main'
2026-09-16 08:02:26.485 [info] > git rev-parse refs/remotes/origin/main [4ms]
2026-09-16 08:02:26.558 [info] > git for-each-ref --sort -committerdate --format %(refname)%00%(objectname)%00%(*objectname) [6ms]
2026-09-16 08:02:26.640 [info] > git status -z -uall [122ms]
2026-09-16 08:02:27.839 [info] > git check-ignore -v -z --stdin [4ms]
2026-09-16 08:02:38.330 [info] > git log --format=%H%n%aN%n%aE%n%at%n%ct%n%P%n%D%n%B -z -n51 --shortstat --follow -- /home/darren/Downloads/Hyprland/install-scripts/fonts.sh [30ms]
2026-09-16 08:02:39.162 [info] > git check-ignore -v -z --stdin [5ms]
2026-09-16 08:02:39.302 [info] > git show --textconv :install-scripts/fonts.sh [58ms]
2026-09-16 08:02:39.308 [info] > git ls-files --stage -- install-scripts/fonts.sh [10ms]
2026-09-16 08:02:39.351 [info] > git cat-file -s ba2395e9d3ff2e9e67b5c111fe980ad4e7201ed5 [12ms]
2026-09-16 08:02:41.456 [info] > git blame --root --incremental 691ac769f3dad99a330570c4707010af991e17c2 -- install-scripts/fonts.sh [20ms]
2026-09-16 08:02:44.206 [info] > git check-ignore -v -z --stdin [14ms]
2026-09-16 08:02:46.232 [info] > git config --get commit.template [84ms]
2026-09-16 08:02:46.258 [info] > git for-each-ref --format=%(refname)%00%(upstream:short)%00%(objectname)%00%(upstream:track)%00%(upstream:remotename)%00%(upstream:remoteref) refs/heads/main refs/remotes/main [29ms]
2026-09-16 08:02:46.321 [warning] [Git][revParse] Unable to read file: ENOENT: no such file or directory, open '/home/darren/Downloads/Hyprland/.git/refs/remotes/origin/main'
2026-09-16 08:02:46.326 [info] > git rev-parse refs/remotes/origin/main [11ms]
2026-09-16 08:02:46.479 [info] > git for-each-ref --sort -committerdate --format %(refname)%00%(objectname)%00%(*objectname) [13ms]
2026-09-16 08:02:46.524 [info] > git status -z -uall [142ms]
2026-09-16 08:02:49.444 [info] > git check-ignore -v -z --stdin [8ms]
2026-09-16 08:02:49.752 [info] > git check-ignore -v -z --stdin [10ms]
2026-09-16 08:02:51.711 [info] > git config --get commit.template [8ms]
2026-09-16 08:02:51.750 [info] > git for-each-ref --format=%(refname)%00%(upstream:short)%00%(objectname)%00%(upstream:track)%00%(upstream:remotename)%00%(upstream:remoteref) refs/heads/main refs/remotes/main [10ms]
2026-09-16 08:02:51.799 [warning] [Git][revParse] Unable to read file: ENOENT: no such file or directory, open '/home/darren/Downloads/Hyprland/.git/refs/remotes/origin/main'
2026-09-16 08:02:51.818 [info] > git rev-parse refs/remotes/origin/main [19ms]
2026-09-16 08:02:51.921 [info] > git for-each-ref --sort -committerdate --format %(refname)%00%(objectname)%00%(*objectname) [9ms]
2026-09-16 08:02:52.034 [info] > git status -z -uall [171ms]
2026-09-16 08:02:53.491 [info] > git check-ignore -v -z --stdin [8ms]
2026-09-16 08:48:43.314 [info] > git check-ignore -v -z --stdin [3108ms]
2026-09-16 08:48:45.895 [info] > git check-ignore -v -z --stdin [241ms]
2026-09-16 08:48:47.137 [info] > git config --get commit.template [13ms]
2026-09-16 08:48:48.372 [info] > git for-each-ref --format=%(refname)%00%(upstream:short)%00%(objectname)%00%(upstream:track)%00%(upstream:remotename)%00%(upstream:remoteref) refs/heads/main refs/remotes/main [1200ms]
2026-09-16 08:48:48.403 [warning] [Git][revParse] Unable to read file: ENOENT: no such file or directory, open '/home/darren/Downloads/Hyprland/.git/refs/remotes/origin/main'
2026-09-16 08:48:48.456 [info] > git rev-parse refs/remotes/origin/main [53ms]
2026-09-16 08:48:48.641 [info] > git for-each-ref --sort -committerdate --format %(refname)%00%(objectname)%00%(*objectname) [129ms]
2026-09-16 08:48:56.199 [info] > git status -z -uall [7719ms]
2026-09-16 08:49:08.536 [info] > git check-ignore -v -z --stdin [271ms]
2026-09-16 08:49:28.309 [info] > git check-ignore -v -z --stdin [1281ms]
2026-09-16 08:49:28.356 [info] > git config --get commit.template [274ms]
2026-09-16 08:49:31.371 [info] > git for-each-ref --format=%(refname)%00%(upstream:short)%00%(objectname)%00%(upstream:track)%00%(upstream:remotename)%00%(upstream:remoteref) refs/heads/main refs/remotes/main [2945ms]
2026-09-16 08:49:31.402 [warning] [Git][revParse] Unable to read file: ENOENT: no such file or directory, open '/home/darren/Downloads/Hyprland/.git/refs/remotes/origin/main'
2026-09-16 08:49:31.784 [info] > git check-ignore -v -z --stdin [418ms]
2026-09-16 08:49:31.788 [info] > git rev-parse refs/remotes/origin/main [386ms]
2026-09-16 08:49:33.295 [info] > git for-each-ref --sort -committerdate --format %(refname)%00%(objectname)%00%(*objectname) [1420ms]
2026-09-16 08:49:36.158 [info] > git status -z -uall [4322ms]
2026-09-16 08:49:39.595 [info] > git check-ignore -v -z --stdin [489ms]
2026-09-16 08:49:52.791 [info] > git check-ignore -v -z --stdin [13ms]
2026-09-16 08:49:54.256 [info] > git check-ignore -v -z --stdin [19ms]
2026-09-16 08:49:54.504 [info] > git check-ignore -v -z --stdin [9ms]
2026-09-16 08:49:55.427 [info] > git check-ignore -v -z --stdin [65ms]
2026-09-16 08:49:56.463 [info] > git check-ignore -v -z --stdin [22ms]
2026-09-16 08:49:56.778 [info] > git config --get commit.template [14ms]
2026-09-16 08:49:57.017 [info] > git check-ignore -v -z --stdin [26ms]
2026-09-16 08:49:57.018 [info] > git for-each-ref --format=%(refname)%00%(upstream:short)%00%(objectname)%00%(upstream:track)%00%(upstream:remotename)%00%(upstream:remoteref) refs/heads/main refs/remotes/main [169ms]
2026-09-16 08:49:57.137 [warning] [Git][revParse] Unable to read file: ENOENT: no such file or directory, open '/home/darren/Downloads/Hyprland/.git/refs/remotes/origin/main'
2026-09-16 08:49:57.197 [info] > git rev-parse refs/remotes/origin/main [60ms]
2026-09-16 08:49:57.355 [info] > git for-each-ref --sort -committerdate --format %(refname)%00%(objectname)%00%(*objectname) [73ms]
2026-09-16 08:49:57.805 [info] > git status -z -uall [561ms]
2026-09-16 08:50:13.185 [info] > git check-ignore -v -z --stdin [926ms]
2026-09-16 08:50:14.009 [info] > git config --get commit.template [888ms]
2026-09-16 08:50:14.516 [info] > git check-ignore -v -z --stdin [108ms]
2026-09-16 08:50:14.771 [info] > git for-each-ref --format=%(refname)%00%(upstream:short)%00%(objectname)%00%(upstream:track)%00%(upstream:remotename)%00%(upstream:remoteref) refs/heads/main refs/remotes/main [302ms]
2026-09-16 08:50:14.808 [warning] [Git][revParse] Unable to read file: ENOENT: no such file or directory, open '/home/darren/Downloads/Hyprland/.git/refs/remotes/origin/main'
2026-09-16 08:50:14.822 [info] > git rev-parse refs/remotes/origin/main [14ms]
2026-09-16 08:50:15.045 [info] > git for-each-ref --sort -committerdate --format %(refname)%00%(objectname)%00%(*objectname) [76ms]
2026-09-16 08:50:15.553 [info] > git status -z -uall [683ms]
2026-09-16 08:50:18.475 [info] > git check-ignore -v -z --stdin [56ms]
2026-09-16 08:50:18.985 [info] > git check-ignore -v -z --stdin [8ms]
2026-09-16 08:50:20.750 [info] > git config --get commit.template [31ms]
2026-09-16 08:50:20.756 [info] > git for-each-ref --format=%(refname)%00%(upstream:short)%00%(objectname)%00%(upstream:track)%00%(upstream:remotename)%00%(upstream:remoteref) refs/heads/main refs/remotes/main [9ms]
2026-09-16 08:50:20.785 [warning] [Git][revParse] Unable to read file: ENOENT: no such file or directory, open '/home/darren/Downloads/Hyprland/.git/refs/remotes/origin/main'
2026-09-16 08:50:20.875 [info] > git rev-parse refs/remotes/origin/main [90ms]
2026-09-16 08:50:20.971 [info] > git for-each-ref --sort -committerdate --format %(refname)%00%(objectname)%00%(*objectname) [19ms]
2026-09-16 08:50:21.046 [info] > git status -z -uall [137ms]
2026-09-16 08:50:22.933 [info] > git check-ignore -v -z --stdin [5ms]
2026-09-16 08:51:30.496 [info] > git check-ignore -v -z --stdin [7ms]
2026-09-16 08:51:31.082 [info] > git ls-files --stage -- install-scripts/Global_functions.sh [12ms]
2026-09-16 08:51:31.116 [info] > git cat-file -s a5f15bd8a543badb44350832218a284f1f3bd4d4 [8ms]
2026-09-16 08:51:31.173 [info] > git show --textconv :install-scripts/Global_functions.sh [137ms]
2026-09-16 08:51:31.208 [info] > git log --format=%H%n%aN%n%aE%n%at%n%ct%n%P%n%D%n%B -z -n51 --shortstat --follow -- /home/darren/Downloads/Hyprland/install-scripts/Global_functions.sh [3020ms]
2026-09-16 08:51:38.700 [info] > git blame --root --incremental 691ac769f3dad99a330570c4707010af991e17c2 -- install-scripts/Global_functions.sh [890ms]
2026-09-16 08:51:44.709 [info] > git check-ignore -v -z --stdin [14ms]
2026-09-16 08:51:45.589 [info] > git check-ignore -v -z --stdin [10ms]
2026-09-16 08:51:45.914 [info] > git config --get commit.template [44ms]
2026-09-16 08:51:45.923 [info] > git for-each-ref --format=%(refname)%00%(upstream:short)%00%(objectname)%00%(upstream:track)%00%(upstream:remotename)%00%(upstream:remoteref) refs/heads/main refs/remotes/main [17ms]
2026-09-16 08:51:45.973 [warning] [Git][revParse] Unable to read file: ENOENT: no such file or directory, open '/home/darren/Downloads/Hyprland/.git/refs/remotes/origin/main'
2026-09-16 08:51:45.980 [info] > git rev-parse refs/remotes/origin/main [7ms]
2026-09-16 08:51:46.056 [info] > git for-each-ref --sort -committerdate --format %(refname)%00%(objectname)%00%(*objectname) [7ms]
2026-09-16 08:51:57.144 [info] > git status -z -uall [11135ms]
2026-09-16 08:52:04.611 [info] > git check-ignore -v -z --stdin [408ms]
2026-09-16 08:57:13.403 [info] > git config --get commit.template [1541ms]
2026-09-16 08:57:13.912 [info] > git check-ignore -v -z --stdin [3359ms]
2026-09-16 08:57:15.464 [info] > git for-each-ref --format=%(refname)%00%(upstream:short)%00%(objectname)%00%(upstream:track)%00%(upstream:remotename)%00%(upstream:remoteref) refs/heads/main refs/remotes/main [2347ms]
2026-09-16 08:57:15.525 [warning] [Git][revParse] Unable to read file: ENOENT: no such file or directory, open '/home/darren/Downloads/Hyprland/.git/refs/remotes/origin/main'
2026-09-16 08:57:15.726 [info] > git rev-parse refs/remotes/origin/main [201ms]
2026-09-16 08:57:16.051 [info] > git for-each-ref --sort -committerdate --format %(refname)%00%(objectname)%00%(*objectname) [184ms]
2026-09-16 08:58:40.610 [info] > git status -z -uall [84797ms]
2026-09-16 08:59:00.863 [info] > git check-ignore -v -z --stdin [2272ms]
2026-09-16 08:59:09.652 [info] > git log --format=%H%n%aN%n%aE%n%at%n%ct%n%P%n%D%n%B -z -n51 --shortstat --follow -- /home/darren/Downloads/Hyprland/install-scripts/gtk_themes.sh [1594ms]
2026-09-16 08:59:13.799 [info] > git check-ignore -v -z --stdin [18ms]
2026-09-16 08:59:15.298 [info] > git show --textconv :install-scripts/gtk_themes.sh [38ms]
2026-09-16 08:59:15.299 [info] > git ls-files --stage -- install-scripts/gtk_themes.sh [8ms]
2026-09-16 08:59:16.958 [info] > git cat-file -s 940ac36371aa370c11ee3a9a79c7dfd1c00d99ce [1614ms]
2026-09-16 08:59:18.988 [info] > git blame --root --incremental 691ac769f3dad99a330570c4707010af991e17c2 -- install-scripts/gtk_themes.sh [126ms]
2026-09-16 08:59:25.648 [info] > git check-ignore -v -z --stdin [172ms]
2026-09-16 08:59:26.277 [info] > git config --get commit.template [465ms]
2026-09-16 08:59:27.448 [info] > git for-each-ref --format=%(refname)%00%(upstream:short)%00%(objectname)%00%(upstream:track)%00%(upstream:remotename)%00%(upstream:remoteref) refs/heads/main refs/remotes/main [118ms]
2026-09-16 08:59:27.512 [warning] [Git][revParse] Unable to read file: ENOENT: no such file or directory, open '/home/darren/Downloads/Hyprland/.git/refs/remotes/origin/main'
2026-09-16 08:59:27.519 [info] > git rev-parse refs/remotes/origin/main [7ms]
2026-09-16 08:59:27.659 [info] > git for-each-ref --sort -committerdate --format %(refname)%00%(objectname)%00%(*objectname) [67ms]
2026-09-16 08:59:31.228 [info] > git check-ignore -v -z --stdin [196ms]
2026-09-16 08:59:32.477 [info] > git check-ignore -v -z --stdin [5ms]
2026-09-16 08:59:33.883 [info] > git status -z -uall [6329ms]
2026-09-16 08:59:36.766 [info] > git check-ignore -v -z --stdin [14ms]
2026-09-16 08:59:38.206 [info] > git check-ignore -v -z --stdin [204ms]
2026-09-16 08:59:38.474 [info] > git check-ignore -v -z --stdin [18ms]
2026-09-16 08:59:39.338 [info] > git config --get commit.template [164ms]
2026-09-16 08:59:39.386 [info] > git for-each-ref --format=%(refname)%00%(upstream:short)%00%(objectname)%00%(upstream:track)%00%(upstream:remotename)%00%(upstream:remoteref) refs/heads/main refs/remotes/main [183ms]
2026-09-16 08:59:39.414 [warning] [Git][revParse] Unable to read file: ENOENT: no such file or directory, open '/home/darren/Downloads/Hyprland/.git/refs/remotes/origin/main'
2026-09-16 08:59:39.421 [info] > git rev-parse refs/remotes/origin/main [7ms]
2026-09-16 08:59:39.610 [info] > git for-each-ref --sort -committerdate --format %(refname)%00%(objectname)%00%(*objectname) [122ms]
2026-09-16 08:59:40.224 [info] > git check-ignore -v -z --stdin [10ms]
2026-09-16 08:59:40.932 [info] > git status -z -uall [1481ms]
2026-09-16 08:59:43.015 [info] > git check-ignore -v -z --stdin [6ms]
2026-09-16 08:59:46.160 [info] > git config --get commit.template [55ms]
2026-09-16 08:59:46.166 [info] > git for-each-ref --format=%(refname)%00%(upstream:short)%00%(objectname)%00%(upstream:track)%00%(upstream:remotename)%00%(upstream:remoteref) refs/heads/main refs/remotes/main [12ms]
2026-09-16 08:59:46.256 [warning] [Git][revParse] Unable to read file: ENOENT: no such file or directory, open '/home/darren/Downloads/Hyprland/.git/refs/remotes/origin/main'
2026-09-16 08:59:46.290 [info] > git rev-parse refs/remotes/origin/main [34ms]
2026-09-16 08:59:46.422 [info] > git for-each-ref --sort -committerdate --format %(refname)%00%(objectname)%00%(*objectname) [10ms]
2026-09-16 08:59:47.523 [info] > git status -z -uall [1167ms]
2026-09-16 08:59:50.379 [info] > git check-ignore -v -z --stdin [379ms]
2026-09-16 09:00:02.050 [info] > git check-ignore -v -z --stdin [298ms]
2026-09-16 09:00:02.561 [info] > git ls-files --stage -- install-scripts/hyprland.sh [9ms]
2026-09-16 09:00:02.794 [info] > git show --textconv :install-scripts/hyprland.sh [294ms]
2026-09-16 09:00:02.977 [info] > git cat-file -s 741a8d419290bdc567015efd035b522e5a7b3794 [382ms]
2026-09-16 09:00:03.034 [info] > git log --format=%H%n%aN%n%aE%n%at%n%ct%n%P%n%D%n%B -z -n51 --shortstat --follow -- /home/darren/Downloads/Hyprland/install-scripts/hyprland.sh [2480ms]
2026-09-16 09:00:07.545 [info] > git blame --root --incremental 691ac769f3dad99a330570c4707010af991e17c2 -- install-scripts/hyprland.sh [1199ms]
2026-09-16 09:00:10.809 [info] > git check-ignore -v -z --stdin [9ms]
2026-09-16 09:00:13.310 [info] > git config --get commit.template [6ms]
2026-09-16 09:00:13.416 [info] > git for-each-ref --format=%(refname)%00%(upstream:short)%00%(objectname)%00%(upstream:track)%00%(upstream:remotename)%00%(upstream:remoteref) refs/heads/main refs/remotes/main [39ms]
2026-09-16 09:00:13.566 [warning] [Git][revParse] Unable to read file: ENOENT: no such file or directory, open '/home/darren/Downloads/Hyprland/.git/refs/remotes/origin/main'
2026-09-16 09:00:14.222 [info] > git rev-parse refs/remotes/origin/main [657ms]
2026-09-16 09:00:14.456 [info] > git for-each-ref --sort -committerdate --format %(refname)%00%(objectname)%00%(*objectname) [172ms]
2026-09-16 09:00:24.511 [info] > git check-ignore -v -z --stdin [1953ms]
2026-09-16 09:00:34.432 [info] > git status -z -uall [20179ms]
2026-09-16 09:00:39.833 [info] > git check-ignore -v -z --stdin [224ms]
2026-09-16 09:00:51.885 [info] > git log --format=%H%n%aN%n%aE%n%at%n%ct%n%P%n%D%n%B -z -n51 --shortstat --follow -- /home/darren/Downloads/Hyprland/install-scripts/InputGroup.sh [449ms]
2026-09-16 09:00:52.376 [info] > git check-ignore -v -z --stdin [98ms]
2026-09-16 09:00:52.489 [info] > git show --textconv :install-scripts/InputGroup.sh [47ms]
2026-09-16 09:00:52.511 [info] > git ls-files --stage -- install-scripts/InputGroup.sh [22ms]
2026-09-16 09:00:52.844 [info] > git cat-file -s 29e9eae51a6313a8f430dc6871ce7197ff137952 [26ms]
2026-09-16 09:00:54.983 [info] > git blame --root --incremental 691ac769f3dad99a330570c4707010af991e17c2 -- install-scripts/InputGroup.sh [263ms]
2026-09-16 09:00:57.765 [info] > git check-ignore -v -z --stdin [248ms]
2026-09-16 09:00:59.844 [info] > git config --get commit.template [44ms]
2026-09-16 09:00:59.859 [info] > git for-each-ref --format=%(refname)%00%(upstream:short)%00%(objectname)%00%(upstream:track)%00%(upstream:remotename)%00%(upstream:remoteref) refs/heads/main refs/remotes/main [21ms]
2026-09-16 09:00:59.952 [warning] [Git][revParse] Unable to read file: ENOENT: no such file or directory, open '/home/darren/Downloads/Hyprland/.git/refs/remotes/origin/main'
2026-09-16 09:00:59.978 [info] > git rev-parse refs/remotes/origin/main [26ms]
2026-09-16 09:01:00.077 [info] > git for-each-ref --sort -committerdate --format %(refname)%00%(objectname)%00%(*objectname) [9ms]
2026-09-16 09:01:14.195 [info] > git check-ignore -v -z --stdin [7ms]
2026-09-16 09:01:29.454 [info] > git status -z -uall [29419ms]
2026-09-16 09:01:33.597 [info] > git check-ignore -v -z --stdin [594ms]
2026-09-16 09:01:51.312 [info] > git check-ignore -v -z --stdin [684ms]
2026-09-16 09:01:53.220 [info] > git config --get commit.template [52ms]
2026-09-16 09:01:54.117 [info] > git for-each-ref --format=%(refname)%00%(upstream:short)%00%(objectname)%00%(upstream:track)%00%(upstream:remotename)%00%(upstream:remoteref) refs/heads/main refs/remotes/main [904ms]
2026-09-16 09:01:54.147 [warning] [Git][revParse] Unable to read file: ENOENT: no such file or directory, open '/home/darren/Downloads/Hyprland/.git/refs/remotes/origin/main'
2026-09-16 09:01:54.151 [info] > git rev-parse refs/remotes/origin/main [5ms]
2026-09-16 09:01:54.278 [info] > git for-each-ref --sort -committerdate --format %(refname)%00%(objectname)%00%(*objectname) [66ms]
2026-09-16 09:01:55.616 [info] > git status -z -uall [1437ms]
2026-09-16 09:01:59.209 [info] > git check-ignore -v -z --stdin [495ms]
2026-09-16 09:02:02.817 [info] > git config --get commit.template [1295ms]
2026-09-16 09:02:02.960 [info] > git for-each-ref --format=%(refname)%00%(upstream:short)%00%(objectname)%00%(upstream:track)%00%(upstream:remotename)%00%(upstream:remoteref) refs/heads/main refs/remotes/main [16ms]
2026-09-16 09:02:02.967 [info] > git check-ignore -v -z --stdin [60ms]
2026-09-16 09:02:03.006 [warning] [Git][revParse] Unable to read file: ENOENT: no such file or directory, open '/home/darren/Downloads/Hyprland/.git/refs/remotes/origin/main'
2026-09-16 09:02:03.011 [info] > git rev-parse refs/remotes/origin/main [6ms]
2026-09-16 09:02:03.360 [info] > git for-each-ref --sort -committerdate --format %(refname)%00%(objectname)%00%(*objectname) [241ms]
2026-09-16 09:02:03.393 [info] > git check-ignore -v -z --stdin [54ms]
2026-09-16 09:02:09.110 [info] > git status -z -uall [6072ms]
2026-09-16 09:02:12.607 [info] > git log --format=%H%n%aN%n%aE%n%at%n%ct%n%P%n%D%n%B -z -n51 --shortstat --follow -- /home/darren/Downloads/Hyprland/install-scripts/nvidia_nouveau.sh [131ms]
2026-09-16 09:02:12.939 [info] > git check-ignore -v -z --stdin [9ms]
2026-09-16 09:02:13.392 [info] > git ls-files --stage -- install-scripts/nvidia_nouveau.sh [8ms]
2026-09-16 09:02:13.462 [info] > git show --textconv :install-scripts/nvidia_nouveau.sh [127ms]
2026-09-16 09:02:13.505 [info] > git cat-file -s 4d2abfcc3990a6dd392692d4a7b5aca3e3d92877 [73ms]
2026-09-16 09:02:14.637 [info] > git check-ignore -v -z --stdin [10ms]
2026-09-16 09:02:16.243 [info] > git blame --root --incremental 691ac769f3dad99a330570c4707010af991e17c2 -- install-scripts/nvidia_nouveau.sh [675ms]
2026-09-16 09:02:21.085 [info] > git check-ignore -v -z --stdin [6ms]
2026-09-16 09:02:23.297 [info] > git config --get commit.template [42ms]
2026-09-16 09:02:23.302 [info] > git for-each-ref --format=%(refname)%00%(upstream:short)%00%(objectname)%00%(upstream:track)%00%(upstream:remotename)%00%(upstream:remoteref) refs/heads/main refs/remotes/main [9ms]
2026-09-16 09:02:23.361 [warning] [Git][revParse] Unable to read file: ENOENT: no such file or directory, open '/home/darren/Downloads/Hyprland/.git/refs/remotes/origin/main'
2026-09-16 09:02:23.369 [info] > git rev-parse refs/remotes/origin/main [8ms]
2026-09-16 09:02:23.469 [info] > git for-each-ref --sort -committerdate --format %(refname)%00%(objectname)%00%(*objectname) [8ms]
2026-09-16 09:02:25.547 [info] > git status -z -uall [2132ms]
2026-09-16 09:02:28.264 [info] > git check-ignore -v -z --stdin [16ms]
2026-09-16 09:02:30.548 [info] > git check-ignore -v -z --stdin [356ms]
2026-09-16 09:02:31.477 [info] > git config --get commit.template [187ms]
2026-09-16 09:02:31.670 [info] > git check-ignore -v -z --stdin [200ms]
2026-09-16 09:02:31.755 [info] > git for-each-ref --format=%(refname)%00%(upstream:short)%00%(objectname)%00%(upstream:track)%00%(upstream:remotename)%00%(upstream:remoteref) refs/heads/main refs/remotes/main [6ms]
2026-09-16 09:02:31.876 [warning] [Git][revParse] Unable to read file: ENOENT: no such file or directory, open '/home/darren/Downloads/Hyprland/.git/refs/remotes/origin/main'
2026-09-16 09:02:31.891 [info] > git rev-parse refs/remotes/origin/main [15ms]
2026-09-16 09:02:32.197 [info] > git for-each-ref --sort -committerdate --format %(refname)%00%(objectname)%00%(*objectname) [47ms]
2026-09-16 09:02:32.628 [info] > git status -z -uall [656ms]
2026-09-16 09:02:32.628 [info] > git check-ignore -v -z --stdin [265ms]
2026-09-16 09:02:36.890 [info] > git check-ignore -v -z --stdin [9ms]
2026-09-16 09:03:47.825 [info] > git check-ignore -v -z --stdin [668ms]
2026-09-16 09:03:48.546 [info] > git log --format=%H%n%aN%n%aE%n%at%n%ct%n%P%n%D%n%B -z -n51 --shortstat --follow -- /home/darren/Downloads/Hyprland/install-scripts/nvidia.sh [8553ms]
2026-09-16 09:03:50.921 [info] > git show --textconv :install-scripts/nvidia.sh [39ms]
2026-09-16 09:03:51.139 [info] > git ls-files --stage -- install-scripts/nvidia.sh [225ms]
2026-09-16 09:03:51.169 [info] > git cat-file -s 3f823be4ee9d7b01593891bb1affb62fe58cec85 [5ms]
2026-09-16 09:03:56.059 [info] > git blame --root --incremental 691ac769f3dad99a330570c4707010af991e17c2 -- install-scripts/nvidia.sh [296ms]
2026-09-16 09:04:11.705 [info] > git check-ignore -v -z --stdin [879ms]
2026-09-16 09:04:12.639 [info] > git config --get commit.template [936ms]
2026-09-16 09:04:16.249 [info] > git for-each-ref --format=%(refname)%00%(upstream:short)%00%(objectname)%00%(upstream:track)%00%(upstream:remotename)%00%(upstream:remoteref) refs/heads/main refs/remotes/main [2862ms]
2026-09-16 09:04:16.712 [warning] [Git][revParse] Unable to read file: ENOENT: no such file or directory, open '/home/darren/Downloads/Hyprland/.git/refs/remotes/origin/main'
2026-09-16 09:04:16.961 [info] > git check-ignore -v -z --stdin [179ms]
2026-09-16 09:04:16.987 [info] > git rev-parse refs/remotes/origin/main [275ms]
2026-09-16 09:04:17.406 [info] > git for-each-ref --sort -committerdate --format %(refname)%00%(objectname)%00%(*objectname) [311ms]
2026-09-16 09:04:20.726 [info] > git status -z -uall [3697ms]
2026-09-16 09:04:32.500 [info] > git log --format=%H%n%aN%n%aE%n%at%n%ct%n%P%n%D%n%B -z -n51 --shortstat --follow -- /home/darren/Downloads/Hyprland/install-scripts/pacman.sh [1038ms]
2026-09-16 09:04:38.812 [info] > git check-ignore -v -z --stdin [13ms]
2026-09-16 09:04:39.030 [info] > git show --textconv :install-scripts/pacman.sh [164ms]
2026-09-16 09:04:39.189 [info] > git ls-files --stage -- install-scripts/pacman.sh [167ms]
2026-09-16 09:04:41.341 [info] > git cat-file -s 00c55e01a63fb0d125d37d735e4bf9a8b36c3965 [2124ms]
2026-09-16 09:04:42.240 [info] > git blame --root --incremental 691ac769f3dad99a330570c4707010af991e17c2 -- install-scripts/pacman.sh [321ms]
2026-09-16 09:04:43.292 [info] > git check-ignore -v -z --stdin [820ms]
2026-09-16 09:04:43.394 [info] > git config --get commit.template [55ms]
2026-09-16 09:04:43.468 [info] > git for-each-ref --format=%(refname)%00%(upstream:short)%00%(objectname)%00%(upstream:track)%00%(upstream:remotename)%00%(upstream:remoteref) refs/heads/main refs/remotes/main [20ms]
2026-09-16 09:04:43.501 [warning] [Git][revParse] Unable to read file: ENOENT: no such file or directory, open '/home/darren/Downloads/Hyprland/.git/refs/remotes/origin/main'
2026-09-16 09:04:43.509 [info] > git rev-parse refs/remotes/origin/main [9ms]
2026-09-16 09:04:43.643 [info] > git for-each-ref --sort -committerdate --format %(refname)%00%(objectname)%00%(*objectname) [10ms]
2026-09-16 09:04:43.732 [info] > git status -z -uall [166ms]
2026-09-16 09:05:29.034 [info] > git check-ignore -v -z --stdin [4320ms]
2026-09-16 09:05:29.361 [info] > git config --get commit.template [4700ms]
2026-09-16 09:05:29.362 [info] > git log --format=%H%n%aN%n%aE%n%at%n%ct%n%P%n%D%n%B -z -n51 --shortstat --follow -- /home/darren/Downloads/Hyprland/install-scripts/paru.sh [12537ms]
2026-09-16 09:05:33.126 [info] > git check-ignore -v -z --stdin [4095ms]
2026-09-16 09:05:34.859 [info] > git show --textconv :install-scripts/paru.sh [205ms]
2026-09-16 09:05:36.255 [info] > git ls-files --stage -- install-scripts/paru.sh [1569ms]
2026-09-16 09:05:36.296 [info] > git for-each-ref --format=%(refname)%00%(upstream:short)%00%(objectname)%00%(upstream:track)%00%(upstream:remotename)%00%(upstream:remoteref) refs/heads/main refs/remotes/main [1689ms]
2026-09-16 09:05:37.012 [warning] [Git][revParse] Unable to read file: ENOENT: no such file or directory, open '/home/darren/Downloads/Hyprland/.git/refs/remotes/origin/main'
2026-09-16 09:05:37.287 [info] > git cat-file -s e1d656be15b6ae6d948e16fb1b8e21bd7b7cf41c [993ms]
2026-09-16 09:05:38.427 [info] > git rev-parse refs/remotes/origin/main [1414ms]
2026-09-16 09:05:38.936 [info] > git check-ignore -v -z --stdin [285ms]
2026-09-16 09:05:39.034 [info] > git for-each-ref --sort -committerdate --format %(refname)%00%(objectname)%00%(*objectname) [542ms]
2026-09-16 09:05:39.043 [info] > git blame --root --incremental 691ac769f3dad99a330570c4707010af991e17c2 -- install-scripts/paru.sh [467ms]
2026-09-16 09:05:44.407 [info] > git log --format=%H%n%aN%n%aE%n%at%n%ct%n%P%n%D%n%B -z -n51 --shortstat --follow -- /home/darren/Downloads/Hyprland/install-scripts/pipewire.sh [7ms]
2026-09-16 09:05:47.425 [info] > git check-ignore -v -z --stdin [5ms]
2026-09-16 09:05:47.540 [info] > git show --textconv :install-scripts/pipewire.sh [77ms]
2026-09-16 09:05:47.545 [info] > git ls-files --stage -- install-scripts/pipewire.sh [5ms]
2026-09-16 09:05:47.579 [info] > git cat-file -s f46f8c2fcc177316158e819e32ba077603c7f155 [3ms]
2026-09-16 09:05:51.496 [info] > git blame --root --incremental 691ac769f3dad99a330570c4707010af991e17c2 -- install-scripts/pipewire.sh [872ms]
2026-09-16 09:05:55.182 [info] > git status -z -uall [16728ms]
2026-09-16 09:06:23.125 [info] > git check-ignore -v -z --stdin [3220ms]
2026-09-16 09:06:30.631 [info] > git log --format=%H%n%aN%n%aE%n%at%n%ct%n%P%n%D%n%B -z -n51 --shortstat --follow -- /home/darren/Downloads/Hyprland/install-scripts/polkit-setup.sh [7532ms]
2026-09-16 09:06:31.040 [info] > git check-ignore -v -z --stdin [410ms]
2026-09-16 09:06:31.047 [info] > git config --get commit.template [659ms]
2026-09-16 09:06:31.336 [info] > git show --textconv :install-scripts/polkit-setup.sh [94ms]
2026-09-16 09:06:31.517 [info] > git ls-files --stage -- install-scripts/polkit-setup.sh [232ms]
2026-09-16 09:06:31.551 [info] > git for-each-ref --format=%(refname)%00%(upstream:short)%00%(objectname)%00%(upstream:track)%00%(upstream:remotename)%00%(upstream:remoteref) refs/heads/main refs/remotes/main [217ms]
2026-09-16 09:06:31.592 [warning] [Git][revParse] Unable to read file: ENOENT: no such file or directory, open '/home/darren/Downloads/Hyprland/.git/refs/remotes/origin/main'
2026-09-16 09:06:31.594 [info] > git cat-file -s a1a791ed7ca7543e2eb5d00fba59e7e1f10fb9cb [49ms]
2026-09-16 09:06:31.604 [info] > git rev-parse refs/remotes/origin/main [12ms]
2026-09-16 09:06:31.944 [info] > git blame --root --incremental 691ac769f3dad99a330570c4707010af991e17c2 -- install-scripts/polkit-setup.sh [76ms]
2026-09-16 09:06:31.946 [info] > git for-each-ref --sort -committerdate --format %(refname)%00%(objectname)%00%(*objectname) [264ms]
2026-09-16 09:06:31.951 [info] > git check-ignore -v -z --stdin [11ms]
2026-09-16 09:06:41.399 [info] > git check-ignore -v -z --stdin [1774ms]
2026-09-16 09:06:46.682 [info] > git check-ignore -v -z --stdin [2897ms]
2026-09-16 09:06:54.397 [info] > git check-ignore -v -z --stdin [153ms]
2026-09-16 09:06:54.479 [info] > git ls-files --stage -- install-scripts/quickshell.sh [6ms]
2026-09-16 09:06:54.669 [info] > git show --textconv :install-scripts/quickshell.sh [231ms]
2026-09-16 09:06:54.671 [info] > git cat-file -s 5dc1f7e8c98b925a808c4473c316c2ed6ec41037 [157ms]
2026-09-16 09:06:54.810 [info] > git log --format=%H%n%aN%n%aE%n%at%n%ct%n%P%n%D%n%B -z -n51 --shortstat --follow -- /home/darren/Downloads/Hyprland/install-scripts/quickshell.sh [1035ms]
2026-09-16 09:06:57.872 [info] > git blame --root --incremental 691ac769f3dad99a330570c4707010af991e17c2 -- install-scripts/quickshell.sh [1478ms]
2026-09-16 09:07:16.433 [info] > git status -z -uall [44793ms]
2026-09-16 09:07:18.260 [info] > git check-ignore -v -z --stdin [1567ms]
2026-09-16 09:07:19.349 [info] > git check-ignore -v -z --stdin [116ms]
2026-09-16 09:07:29.271 [info] > git check-ignore -v -z --stdin [1053ms]
2026-09-16 09:07:33.709 [info] > git config --get commit.template [2316ms]
2026-09-16 09:07:35.559 [info] > git for-each-ref --format=%(refname)%00%(upstream:short)%00%(objectname)%00%(upstream:track)%00%(upstream:remotename)%00%(upstream:remoteref) refs/heads/main refs/remotes/main [3098ms]
2026-09-16 09:07:36.129 [warning] [Git][revParse] Unable to read file: ENOENT: no such file or directory, open '/home/darren/Downloads/Hyprland/.git/refs/remotes/origin/main'
2026-09-16 09:07:36.134 [info] > git rev-parse refs/remotes/origin/main [5ms]
2026-09-16 09:07:37.297 [info] > git for-each-ref --sort -committerdate --format %(refname)%00%(objectname)%00%(*objectname) [1091ms]
2026-09-16 09:07:47.865 [info] > git check-ignore -v -z --stdin [779ms]
2026-09-16 09:07:58.423 [info] > git status -z -uall [22256ms]
2026-09-16 09:08:11.038 [info] > git check-ignore -v -z --stdin [72ms]
2026-09-16 09:08:11.297 [info] > git log --format=%H%n%aN%n%aE%n%at%n%ct%n%P%n%D%n%B -z -n51 --shortstat --follow -- /home/darren/Downloads/Hyprland/install-scripts/rog.sh [2082ms]
2026-09-16 09:08:11.598 [info] > git show --textconv :install-scripts/rog.sh [103ms]
2026-09-16 09:08:11.684 [info] > git ls-files --stage -- install-scripts/rog.sh [148ms]
2026-09-16 09:08:11.879 [info] > git cat-file -s 92bad1ca1598367a424a095e0009d4b24479ffec [138ms]
2026-09-16 09:08:30.953 [info] > git check-ignore -v -z --stdin [105ms]
2026-09-16 09:08:30.955 [info] > git config --get commit.template [154ms]
2026-09-16 09:08:31.071 [info] > git for-each-ref --format=%(refname)%00%(upstream:short)%00%(objectname)%00%(upstream:track)%00%(upstream:remotename)%00%(upstream:remoteref) refs/heads/main refs/remotes/main [15ms]
2026-09-16 09:08:31.098 [warning] [Git][revParse] Unable to read file: ENOENT: no such file or directory, open '/home/darren/Downloads/Hyprland/.git/refs/remotes/origin/main'
2026-09-16 09:08:31.103 [info] > git rev-parse refs/remotes/origin/main [5ms]
2026-09-16 09:08:31.237 [info] > git for-each-ref --sort -committerdate --format %(refname)%00%(objectname)%00%(*objectname) [38ms]
2026-09-16 09:08:31.352 [info] > git check-ignore -v -z --stdin [32ms]
2026-09-16 09:08:32.902 [info] > git status -z -uall [1765ms]
2026-09-16 09:08:34.864 [info] > git log --format=%H%n%aN%n%aE%n%at%n%ct%n%P%n%D%n%B -z -n51 --shortstat --follow -- /home/darren/Downloads/Hyprland/install-scripts/sddm_theme.sh [39ms]
2026-09-16 09:08:34.941 [info] > git check-ignore -v -z --stdin [9ms]
2026-09-16 09:08:35.178 [info] > git ls-files --stage -- install-scripts/sddm_theme.sh [5ms]
2026-09-16 09:08:35.282 [info] > git show --textconv :install-scripts/sddm_theme.sh [140ms]
2026-09-16 09:08:35.283 [info] > git cat-file -s e1c2ef6809bd5d1cc2acb8d4c60061be14728c96 [80ms]
2026-09-16 09:08:35.554 [info] > git check-ignore -v -z --stdin [21ms]
2026-09-16 09:12:44.479 [info] > git check-ignore -v -z --stdin [558ms]
2026-09-16 09:12:44.681 [info] > git ls-files --stage -- install-scripts/sddm.sh [10ms]
2026-09-16 09:12:44.963 [info] > git show --textconv :install-scripts/sddm.sh [358ms]
2026-09-16 09:12:44.967 [info] > git cat-file -s c06ed638d3189f270afedc08e9542f47238fe9f4 [248ms]
2026-09-16 09:12:44.984 [info] > git log --format=%H%n%aN%n%aE%n%at%n%ct%n%P%n%D%n%B -z -n51 --shortstat --follow -- /home/darren/Downloads/Hyprland/install-scripts/sddm.sh [1133ms]
2026-09-16 09:12:56.880 [info] > git log --format=%H%n%aN%n%aE%n%at%n%ct%n%P%n%D%n%B -z -n51 --shortstat --follow -- /home/darren/Downloads/Hyprland/install-scripts/temp-monitor.sh [15ms]
2026-09-16 09:12:57.589 [info] > git check-ignore -v -z --stdin [5ms]
2026-09-16 09:12:57.655 [info] > git show --textconv :install-scripts/temp-monitor.sh [32ms]
2026-09-16 09:12:57.661 [info] > git ls-files --stage -- install-scripts/temp-monitor.sh [8ms]
2026-09-16 09:12:57.691 [info] > git cat-file -s 104b974d02a221ab31c6a14dd3d6314f14e38696 [6ms]
2026-09-16 09:15:30.850 [info] > git blame --root --incremental 691ac769f3dad99a330570c4707010af991e17c2 -- install-scripts/temp-monitor.sh [1046ms]
2026-09-16 09:15:36.844 [info] > git check-ignore -v -z --stdin [726ms]
2026-09-16 09:15:40.202 [info] > git config --get commit.template [491ms]
2026-09-16 09:15:40.349 [info] > git for-each-ref --format=%(refname)%00%(upstream:short)%00%(objectname)%00%(upstream:track)%00%(upstream:remotename)%00%(upstream:remoteref) refs/heads/main refs/remotes/main [118ms]
2026-09-16 09:15:40.379 [warning] [Git][revParse] Unable to read file: ENOENT: no such file or directory, open '/home/darren/Downloads/Hyprland/.git/refs/remotes/origin/main'
2026-09-16 09:15:40.532 [info] > git rev-parse refs/remotes/origin/main [153ms]
2026-09-16 09:15:40.752 [info] > git for-each-ref --sort -committerdate --format %(refname)%00%(objectname)%00%(*objectname) [159ms]
2026-09-16 09:15:46.457 [info] > git check-ignore -v -z --stdin [162ms]
2026-09-16 09:15:48.356 [info] > git status -z -uall [7790ms]
2026-09-16 09:15:53.826 [info] > git log --format=%H%n%aN%n%aE%n%at%n%ct%n%P%n%D%n%B -z -n51 --shortstat --follow -- /home/darren/Downloads/Hyprland/install-scripts/thunar_default.sh [117ms]
2026-09-16 09:15:54.149 [info] > git check-ignore -v -z --stdin [8ms]
2026-09-16 09:15:54.218 [info] > git show --textconv :install-scripts/thunar_default.sh [35ms]
2026-09-16 09:15:54.219 [info] > git ls-files --stage -- install-scripts/thunar_default.sh [3ms]
2026-09-16 09:15:54.286 [info] > git cat-file -s e8a45f219f2476f4dd804c428230aacba7d36b8a [33ms]
2026-09-16 09:24:25.686 [info] > git blame --root --incremental 691ac769f3dad99a330570c4707010af991e17c2 -- install-scripts/thunar_default.sh [1361ms]
2026-09-16 09:24:29.126 [info] > git check-ignore -v -z --stdin [129ms]
2026-09-16 09:24:31.487 [info] > git config --get commit.template [496ms]
2026-09-16 09:24:31.858 [info] > git for-each-ref --format=%(refname)%00%(upstream:short)%00%(objectname)%00%(upstream:track)%00%(upstream:remotename)%00%(upstream:remoteref) refs/heads/main refs/remotes/main [832ms]
2026-09-16 09:24:31.887 [warning] [Git][revParse] Unable to read file: ENOENT: no such file or directory, open '/home/darren/Downloads/Hyprland/.git/refs/remotes/origin/main'
2026-09-16 09:24:31.892 [info] > git rev-parse refs/remotes/origin/main [5ms]
2026-09-16 09:24:32.027 [info] > git for-each-ref --sort -committerdate --format %(refname)%00%(objectname)%00%(*objectname) [33ms]
2026-09-16 09:24:38.323 [info] > git check-ignore -v -z --stdin [1029ms]
2026-09-16 09:24:39.348 [info] > git check-ignore -v -z --stdin [43ms]
2026-09-16 09:24:44.632 [info] > git check-ignore -v -z --stdin [5ms]
2026-09-16 09:24:48.991 [info] > git status -z -uall [17061ms]
2026-09-16 09:25:05.503 [info] > git log --format=%H%n%aN%n%aE%n%at%n%ct%n%P%n%D%n%B -z -n51 --shortstat --follow -- /home/darren/Downloads/Hyprland/install-scripts/thunar_default.sh [1219ms]
2026-09-16 09:25:11.577 [info] > git check-ignore -v -z --stdin [968ms]
2026-09-16 09:25:12.264 [info] > git show --textconv :install-scripts/thunar_default.sh [34ms]
2026-09-16 09:25:12.271 [info] > git ls-files --stage -- install-scripts/thunar_default.sh [8ms]
2026-09-16 09:25:12.303 [info] > git cat-file -s e8a45f219f2476f4dd804c428230aacba7d36b8a [5ms]
2026-09-16 09:25:21.464 [info] > git check-ignore -v -z --stdin [721ms]
2026-09-16 09:25:22.950 [info] > git check-ignore -v -z --stdin [37ms]
2026-09-16 09:25:24.083 [info] > git check-ignore -v -z --stdin [97ms]
2026-09-16 09:25:24.401 [info] > git config --get commit.template [206ms]
2026-09-16 09:25:24.482 [info] > git check-ignore -v -z --stdin [7ms]
2026-09-16 09:25:24.487 [info] > git for-each-ref --format=%(refname)%00%(upstream:short)%00%(objectname)%00%(upstream:track)%00%(upstream:remotename)%00%(upstream:remoteref) refs/heads/main refs/remotes/main [188ms]
2026-09-16 09:25:24.519 [warning] [Git][revParse] Unable to read file: ENOENT: no such file or directory, open '/home/darren/Downloads/Hyprland/.git/refs/remotes/origin/main'
2026-09-16 09:25:24.522 [info] > git rev-parse refs/remotes/origin/main [3ms]
2026-09-16 09:25:24.686 [info] > git for-each-ref --sort -committerdate --format %(refname)%00%(objectname)%00%(*objectname) [95ms]
2026-09-16 09:25:42.183 [info] > git check-ignore -v -z --stdin [4184ms]
2026-09-16 09:25:43.709 [info] > git log --format=%H%n%aN%n%aE%n%at%n%ct%n%P%n%D%n%B -z -n51 --shortstat --follow -- /home/darren/Downloads/Hyprland/install-scripts/thunar.sh [5841ms]
2026-09-16 09:25:45.289 [info] > git ls-files --stage -- install-scripts/thunar.sh [12ms]
2026-09-16 09:25:45.320 [info] > git cat-file -s 66fed40476fca44452ea43de0116e864ef3cb723 [5ms]
2026-09-16 09:25:45.579 [info] > git show --textconv :install-scripts/thunar.sh [351ms]
2026-09-16 09:25:46.911 [info] > git check-ignore -v -z --stdin [309ms]
2026-09-16 09:25:46.974 [info] > git blame --root --incremental 691ac769f3dad99a330570c4707010af991e17c2 -- install-scripts/thunar.sh [763ms]
2026-09-16 09:25:58.163 [info] > git check-ignore -v -z --stdin [538ms]
2026-09-16 09:25:59.833 [info] > git status -z -uall [35279ms]
2026-09-16 09:26:04.776 [info] > git check-ignore -v -z --stdin [38ms]
2026-09-16 09:26:08.247 [info] > git config --get commit.template [80ms]
2026-09-16 09:26:08.347 [info] > git for-each-ref --format=%(refname)%00%(upstream:short)%00%(objectname)%00%(upstream:track)%00%(upstream:remotename)%00%(upstream:remoteref) refs/heads/main refs/remotes/main [66ms]
2026-09-16 09:26:08.408 [warning] [Git][revParse] Unable to read file: ENOENT: no such file or directory, open '/home/darren/Downloads/Hyprland/.git/refs/remotes/origin/main'
2026-09-16 09:26:08.469 [info] > git rev-parse refs/remotes/origin/main [61ms]
2026-09-16 09:26:08.592 [info] > git check-ignore -v -z --stdin [126ms]
2026-09-16 09:26:08.595 [info] > git log --format=%H%n%aN%n%aE%n%at%n%ct%n%P%n%D%n%B -z -n51 --shortstat --follow -- /home/darren/Downloads/Hyprland/install-scripts/update-deps.sh [373ms]
2026-09-16 09:26:08.808 [info] > git for-each-ref --sort -committerdate --format %(refname)%00%(objectname)%00%(*objectname) [226ms]
2026-09-16 09:26:08.967 [info] > git show --textconv :install-scripts/update-deps.sh [44ms]
2026-09-16 09:26:08.976 [info] > git ls-files --stage -- install-scripts/update-deps.sh [13ms]
2026-09-16 09:26:09.020 [info] > git cat-file -s 7ec2f3b0c9b18267eea19b08df110b4295dfe972 [6ms]
2026-09-16 09:26:11.474 [info] > git status -z -uall [2978ms]
2026-09-16 09:26:14.657 [info] > git check-ignore -v -z --stdin [61ms]
2026-09-16 09:26:18.571 [info] > git blame --root --incremental 691ac769f3dad99a330570c4707010af991e17c2 -- install-scripts/update-deps.sh [18ms]
2026-09-16 09:26:22.091 [info] > git check-ignore -v -z --stdin [187ms]
2026-09-16 09:26:24.744 [info] > git config --get commit.template [92ms]
2026-09-16 09:26:24.755 [info] > git for-each-ref --format=%(refname)%00%(upstream:short)%00%(objectname)%00%(upstream:track)%00%(upstream:remotename)%00%(upstream:remoteref) refs/heads/main refs/remotes/main [35ms]
2026-09-16 09:26:24.853 [warning] [Git][revParse] Unable to read file: ENOENT: no such file or directory, open '/home/darren/Downloads/Hyprland/.git/refs/remotes/origin/main'
2026-09-16 09:26:24.875 [info] > git rev-parse refs/remotes/origin/main [22ms]
2026-09-16 09:26:25.102 [info] > git for-each-ref --sort -committerdate --format %(refname)%00%(objectname)%00%(*objectname) [91ms]
2026-09-16 09:26:26.564 [info] > git check-ignore -v -z --stdin [13ms]
2026-09-16 09:26:32.728 [info] > git status -z -uall [7790ms]
2026-09-16 09:26:37.316 [info] > git log --format=%H%n%aN%n%aE%n%at%n%ct%n%P%n%D%n%B -z -n51 --shortstat --follow -- /home/darren/Downloads/Hyprland/install-scripts/wallust.sh [634ms]
2026-09-16 09:26:37.727 [info] > git check-ignore -v -z --stdin [241ms]
2026-09-16 09:26:37.805 [info] > git show --textconv :install-scripts/wallust.sh [46ms]
2026-09-16 09:26:37.811 [info] > git ls-files --stage -- install-scripts/wallust.sh [7ms]
2026-09-16 09:26:37.851 [info] > git cat-file -s acbbf7edffdf94fbd7e34dcd19581001a742cabe [12ms]
2026-09-16 09:30:27.074 [info] > git blame --root --incremental 691ac769f3dad99a330570c4707010af991e17c2 -- install-scripts/wallust.sh [672ms]
2026-09-16 09:30:30.990 [info] > git check-ignore -v -z --stdin [375ms]
2026-09-16 09:30:34.228 [info] > git config --get commit.template [1384ms]
2026-09-16 09:31:00.661 [info] > git for-each-ref --format=%(refname)%00%(upstream:short)%00%(objectname)%00%(upstream:track)%00%(upstream:remotename)%00%(upstream:remoteref) refs/heads/main refs/remotes/main [24655ms]
2026-09-16 09:31:05.324 [warning] [Git][revParse] Unable to read file: ENOENT: no such file or directory, open '/home/darren/Downloads/Hyprland/.git/refs/remotes/origin/main'
2026-09-16 09:31:08.057 [info] > git check-ignore -v -z --stdin [2545ms]
2026-09-16 09:31:09.737 [info] > git rev-parse refs/remotes/origin/main [4413ms]
2026-09-16 09:31:10.866 [info] > git check-ignore -v -z --stdin [19ms]
2026-09-16 09:31:10.875 [info] > git log --format=%H%n%aN%n%aE%n%at%n%ct%n%P%n%D%n%B -z -n51 --shortstat --follow -- /home/darren/Downloads/Hyprland/install-scripts/xdph.sh [962ms]
2026-09-16 09:31:11.058 [info] > git show --textconv :install-scripts/xdph.sh [59ms]
2026-09-16 09:31:11.067 [info] > git ls-files --stage -- install-scripts/xdph.sh [15ms]
2026-09-16 09:31:11.096 [info] > git for-each-ref --sort -committerdate --format %(refname)%00%(objectname)%00%(*objectname) [1225ms]
2026-09-16 09:31:11.101 [info] > git cat-file -s b98b32d0c958431c4d29e87033c31dcd038f5869 [5ms]
2026-09-16 09:31:13.946 [info] > git blame --root --incremental 691ac769f3dad99a330570c4707010af991e17c2 -- install-scripts/xdph.sh [24ms]
2026-09-16 09:31:18.312 [info] > git check-ignore -v -z --stdin [46ms]
2026-09-16 09:31:30.601 [info] > git status -z -uall [20781ms]
2026-09-16 09:31:42.856 [info] > git check-ignore -v -z --stdin [10ms]
2026-09-16 09:31:50.713 [info] > git check-ignore -v -z --stdin [168ms]
2026-09-16 09:31:53.903 [info] > git config --get commit.template [1133ms]
2026-09-16 09:31:56.199 [info] > git for-each-ref --format=%(refname)%00%(upstream:short)%00%(objectname)%00%(upstream:track)%00%(upstream:remotename)%00%(upstream:remoteref) refs/heads/main refs/remotes/main [2267ms]
2026-09-16 09:31:56.245 [warning] [Git][revParse] Unable to read file: ENOENT: no such file or directory, open '/home/darren/Downloads/Hyprland/.git/refs/remotes/origin/main'
2026-09-16 09:31:56.298 [info] > git rev-parse refs/remotes/origin/main [56ms]
2026-09-16 09:31:56.468 [info] > git log --format=%H%n%aN%n%aE%n%at%n%ct%n%P%n%D%n%B -z -n51 --shortstat --follow -- /home/darren/Downloads/Hyprland/install-scripts/yay.sh [182ms]
2026-09-16 09:31:56.893 [info] > git for-each-ref --sort -committerdate --format %(refname)%00%(objectname)%00%(*objectname) [496ms]
2026-09-16 09:31:57.671 [info] > git check-ignore -v -z --stdin [73ms]
2026-09-16 09:31:57.826 [info] > git show --textconv :install-scripts/yay.sh [67ms]
2026-09-16 09:31:57.845 [info] > git ls-files --stage -- install-scripts/yay.sh [23ms]
2026-09-16 09:31:57.931 [info] > git cat-file -s d56c1830a48a5c4632f051deb8a3780a7a603ccf [12ms]
2026-09-16 09:32:01.283 [info] > git log --format=%H%n%aN%n%aE%n%at%n%ct%n%P%n%D%n%B -z -n51 --shortstat --follow -- /home/darren/Downloads/Hyprland/install-scripts/zsh_pokemon.sh [62ms]
2026-09-16 09:32:01.584 [info] > git check-ignore -v -z --stdin [5ms]
2026-09-16 09:32:01.663 [info] > git show --textconv :install-scripts/zsh_pokemon.sh [38ms]
2026-09-16 09:32:01.677 [info] > git ls-files --stage -- install-scripts/zsh_pokemon.sh [16ms]
2026-09-16 09:32:01.724 [info] > git cat-file -s 970be77fe196ee62f65d839ffa86544c7c62f4b1 [6ms]
2026-09-16 09:32:02.160 [info] > git status -z -uall [5814ms]
2026-09-16 09:32:03.756 [info] > git log --format=%H%n%aN%n%aE%n%at%n%ct%n%P%n%D%n%B -z -n51 --shortstat --follow -- /home/darren/Downloads/Hyprland/install-scripts/zsh.sh [39ms]
2026-09-16 09:32:04.467 [info] > git check-ignore -v -z --stdin [26ms]
2026-09-16 09:32:04.740 [info] > git show --textconv :install-scripts/zsh.sh [54ms]
2026-09-16 09:32:04.769 [info] > git ls-files --stage -- install-scripts/zsh.sh [31ms]
2026-09-16 09:32:04.821 [info] > git cat-file -s 876dde779184aa2ef0fbccebcb3405ea94b36803 [17ms]
2026-09-16 09:32:05.125 [info] > git log --format=%H%n%aN%n%aE%n%at%n%ct%n%P%n%D%n%B -z -n51 --shortstat --follow -- /home/darren/Downloads/Hyprland/install-scripts/yay.sh [22ms]
2026-09-16 09:32:05.490 [info] > git check-ignore -v -z --stdin [50ms]
2026-09-16 09:32:05.588 [info] > git show --textconv :install-scripts/yay.sh [62ms]
2026-09-16 09:32:05.594 [info] > git ls-files --stage -- install-scripts/yay.sh [8ms]
2026-09-16 09:32:05.637 [info] > git cat-file -s d56c1830a48a5c4632f051deb8a3780a7a603ccf [8ms]
2026-09-16 09:32:07.943 [info] > git blame --root --incremental 691ac769f3dad99a330570c4707010af991e17c2 -- install-scripts/yay.sh [296ms]
2026-09-16 09:32:12.341 [info] > git check-ignore -v -z --stdin [145ms]
2026-09-16 09:32:14.033 [info] > git config --get commit.template [9ms]
2026-09-16 09:32:14.155 [info] > git for-each-ref --format=%(refname)%00%(upstream:short)%00%(objectname)%00%(upstream:track)%00%(upstream:remotename)%00%(upstream:remoteref) refs/heads/main refs/remotes/main [90ms]
2026-09-16 09:32:14.229 [warning] [Git][revParse] Unable to read file: ENOENT: no such file or directory, open '/home/darren/Downloads/Hyprland/.git/refs/remotes/origin/main'
2026-09-16 09:32:14.238 [info] > git rev-parse refs/remotes/origin/main [9ms]
2026-09-16 09:32:14.356 [info] > git for-each-ref --sort -committerdate --format %(refname)%00%(objectname)%00%(*objectname) [10ms]
2026-09-16 09:32:14.722 [info] > git status -z -uall [449ms]
2026-09-16 09:32:17.491 [info] > git check-ignore -v -z --stdin [6ms]
2026-09-16 09:32:19.778 [info] > git check-ignore -v -z --stdin [48ms]
2026-09-16 09:32:20.393 [info] > git check-ignore -v -z --stdin [31ms]
2026-09-16 09:32:21.461 [info] > git check-ignore -v -z --stdin [91ms]
2026-09-16 09:32:21.865 [info] > git config --get commit.template [35ms]
2026-09-16 09:32:21.868 [info] > git for-each-ref --format=%(refname)%00%(upstream:short)%00%(objectname)%00%(upstream:track)%00%(upstream:remotename)%00%(upstream:remoteref) refs/heads/main refs/remotes/main [5ms]
2026-09-16 09:32:21.903 [warning] [Git][revParse] Unable to read file: ENOENT: no such file or directory, open '/home/darren/Downloads/Hyprland/.git/refs/remotes/origin/main'
2026-09-16 09:32:21.914 [info] > git rev-parse refs/remotes/origin/main [11ms]
2026-09-16 09:32:22.028 [info] > git for-each-ref --sort -committerdate --format %(refname)%00%(objectname)%00%(*objectname) [18ms]
2026-09-16 09:32:22.104 [info] > git status -z -uall [142ms]
2026-09-16 09:32:25.387 [info] > git check-ignore -v -z --stdin [194ms]
2026-09-16 09:32:26.428 [info] > git log --format=%H%n%aN%n%aE%n%at%n%ct%n%P%n%D%n%B -z -n51 --shortstat --follow -- /home/darren/Downloads/Hyprland/install-scripts/zsh_pokemon.sh [22ms]
2026-09-16 09:32:27.063 [info] > git check-ignore -v -z --stdin [7ms]
2026-09-16 09:32:27.178 [info] > git show --textconv :install-scripts/zsh_pokemon.sh [66ms]
2026-09-16 09:32:27.183 [info] > git ls-files --stage -- install-scripts/zsh_pokemon.sh [7ms]
2026-09-16 09:32:27.264 [info] > git cat-file -s 970be77fe196ee62f65d839ffa86544c7c62f4b1 [42ms]
2026-09-16 09:32:27.308 [info] > git for-each-ref --format=%(refname)%00%(upstream:short)%00%(objectname)%00%(upstream:track)%00%(upstream:remotename)%00%(upstream:remoteref) refs/heads/main refs/remotes/main [7ms]
2026-09-16 09:32:27.336 [warning] [Git][revParse] Unable to read file: ENOENT: no such file or directory, open '/home/darren/Downloads/Hyprland/.git/refs/remotes/origin/main'
2026-09-16 09:32:27.340 [info] > git rev-parse refs/remotes/origin/main [4ms]
2026-09-16 09:32:27.565 [info] > git config --get commit.template [302ms]
2026-09-16 09:32:27.806 [info] > git for-each-ref --sort -committerdate --format %(refname)%00%(objectname)%00%(*objectname) [167ms]
2026-09-16 09:32:29.645 [info] > git status -z -uall [2053ms]
2026-09-16 09:32:30.979 [info] > git blame --root --incremental 691ac769f3dad99a330570c4707010af991e17c2 -- install-scripts/zsh_pokemon.sh [27ms]
2026-09-16 09:32:32.315 [info] > git check-ignore -v -z --stdin [11ms]
2026-09-16 09:32:35.088 [info] > git check-ignore -v -z --stdin [5ms]
2026-09-16 09:32:37.862 [info] > git config --get commit.template [51ms]
2026-09-16 09:32:37.901 [info] > git log --format=%H%n%aN%n%aE%n%at%n%ct%n%P%n%D%n%B -z -n51 --shortstat --follow -- /home/darren/Downloads/Hyprland/install-scripts/zsh.sh [41ms]
2026-09-16 09:32:37.909 [info] > git for-each-ref --format=%(refname)%00%(upstream:short)%00%(objectname)%00%(upstream:track)%00%(upstream:remotename)%00%(upstream:remoteref) refs/heads/main refs/remotes/main [10ms]
2026-09-16 09:32:37.935 [warning] [Git][revParse] Unable to read file: ENOENT: no such file or directory, open '/home/darren/Downloads/Hyprland/.git/refs/remotes/origin/main'
2026-09-16 09:32:37.940 [info] > git rev-parse refs/remotes/origin/main [4ms]
2026-09-16 09:32:38.006 [info] > git for-each-ref --sort -committerdate --format %(refname)%00%(objectname)%00%(*objectname) [4ms]
2026-09-16 09:32:38.069 [info] > git status -z -uall [104ms]
2026-09-16 09:32:40.307 [info] > git log --format=%H%n%aN%n%aE%n%at%n%ct%n%P%n%D%n%B -z -n51 --shortstat --follow -- /home/darren/Downloads/Hyprland/install-scripts/zsh_pokemon.sh [7ms]
2026-09-16 09:32:41.639 [info] > git check-ignore -v -z --stdin [10ms]
2026-09-16 09:32:42.148 [info] > git check-ignore -v -z --stdin [6ms]
2026-09-16 09:32:42.242 [info] > git show --textconv :install-scripts/zsh_pokemon.sh [48ms]
2026-09-16 09:32:42.248 [info] > git ls-files --stage -- install-scripts/zsh_pokemon.sh [7ms]
2026-09-16 09:32:42.641 [info] > git cat-file -s 970be77fe196ee62f65d839ffa86544c7c62f4b1 [367ms]
2026-09-16 09:32:51.876 [info] > git check-ignore -v -z --stdin [706ms]
2026-09-16 09:32:53.589 [info] > git check-ignore -v -z --stdin [102ms]
2026-09-16 09:32:54.127 [info] > git check-ignore -v -z --stdin [162ms]
2026-09-16 09:32:55.162 [info] > git config --get commit.template [65ms]
2026-09-16 09:32:55.180 [info] > git for-each-ref --format=%(refname)%00%(upstream:short)%00%(objectname)%00%(upstream:track)%00%(upstream:remotename)%00%(upstream:remoteref) refs/heads/main refs/remotes/main [52ms]
2026-09-16 09:32:55.208 [warning] [Git][revParse] Unable to read file: ENOENT: no such file or directory, open '/home/darren/Downloads/Hyprland/.git/refs/remotes/origin/main'
2026-09-16 09:32:55.211 [info] > git rev-parse refs/remotes/origin/main [4ms]
2026-09-16 09:32:55.684 [info] > git for-each-ref --sort -committerdate --format %(refname)%00%(objectname)%00%(*objectname) [213ms]
2026-09-16 09:32:56.626 [info] > git status -z -uall [1385ms]
2026-09-16 09:33:03.765 [info] > git log --format=%H%n%aN%n%aE%n%at%n%ct%n%P%n%D%n%B -z -n51 --shortstat --follow -- /home/darren/Downloads/Hyprland/install-scripts/zsh.sh [81ms]
2026-09-16 09:33:04.277 [info] > git check-ignore -v -z --stdin [8ms]
2026-09-16 09:33:04.364 [info] > git show --textconv :install-scripts/zsh.sh [46ms]
2026-09-16 09:33:04.371 [info] > git ls-files --stage -- install-scripts/zsh.sh [9ms]
2026-09-16 09:33:04.412 [info] > git cat-file -s 876dde779184aa2ef0fbccebcb3405ea94b36803 [5ms]
2026-09-16 09:33:06.362 [info] > git blame --root --incremental 691ac769f3dad99a330570c4707010af991e17c2 -- install-scripts/zsh.sh [114ms]
2026-09-16 09:33:09.928 [info] > git check-ignore -v -z --stdin [14ms]
2026-09-16 09:33:12.087 [info] > git config --get commit.template [4ms]
2026-09-16 09:33:12.121 [info] > git for-each-ref --format=%(refname)%00%(upstream:short)%00%(objectname)%00%(upstream:track)%00%(upstream:remotename)%00%(upstream:remoteref) refs/heads/main refs/remotes/main [7ms]
2026-09-16 09:33:12.148 [warning] [Git][revParse] Unable to read file: ENOENT: no such file or directory, open '/home/darren/Downloads/Hyprland/.git/refs/remotes/origin/main'
2026-09-16 09:33:12.152 [info] > git rev-parse refs/remotes/origin/main [4ms]
2026-09-16 09:33:13.492 [info] > git for-each-ref --sort -committerdate --format %(refname)%00%(objectname)%00%(*objectname) [1267ms]
2026-09-16 09:33:16.480 [info] > git status -z -uall [4299ms]
2026-09-16 09:33:18.224 [info] > git check-ignore -v -z --stdin [1190ms]
2026-09-16 09:33:23.305 [info] > git check-ignore -v -z --stdin [6ms]
2026-09-16 09:33:24.180 [info] > git config --get commit.template [30ms]
2026-09-16 09:33:24.184 [info] > git for-each-ref --format=%(refname)%00%(upstream:short)%00%(objectname)%00%(upstream:track)%00%(upstream:remotename)%00%(upstream:remoteref) refs/heads/main refs/remotes/main [6ms]
2026-09-16 09:33:24.216 [warning] [Git][revParse] Unable to read file: ENOENT: no such file or directory, open '/home/darren/Downloads/Hyprland/.git/refs/remotes/origin/main'
2026-09-16 09:33:24.220 [info] > git rev-parse refs/remotes/origin/main [4ms]
2026-09-16 09:33:24.285 [info] > git for-each-ref --sort -committerdate --format %(refname)%00%(objectname)%00%(*objectname) [8ms]
2026-09-16 09:33:24.352 [info] > git status -z -uall [105ms]
2026-09-16 09:33:29.368 [info] > git check-ignore -v -z --stdin [5ms]
2026-09-16 09:33:40.043 [info] > git check-ignore -v -z --stdin [145ms]
2026-09-16 09:33:41.379 [info] > git config --get commit.template [17ms]
2026-09-16 09:33:41.440 [info] > git for-each-ref --format=%(refname)%00%(upstream:short)%00%(objectname)%00%(upstream:track)%00%(upstream:remotename)%00%(upstream:remoteref) refs/heads/main refs/remotes/main [11ms]
2026-09-16 09:33:41.482 [warning] [Git][revParse] Unable to read file: ENOENT: no such file or directory, open '/home/darren/Downloads/Hyprland/.git/refs/remotes/origin/main'
2026-09-16 09:33:41.507 [info] > git rev-parse refs/remotes/origin/main [25ms]
2026-09-16 09:33:41.630 [info] > git for-each-ref --sort -committerdate --format %(refname)%00%(objectname)%00%(*objectname) [34ms]
2026-09-16 09:33:41.785 [info] > git status -z -uall [228ms]
2026-09-16 09:33:45.292 [info] > git check-ignore -v -z --stdin [29ms]
2026-09-16 09:33:47.334 [info] > git config --get commit.template [289ms]
2026-09-16 09:33:47.371 [info] > git check-ignore -v -z --stdin [49ms]
2026-09-16 09:33:47.393 [info] > git for-each-ref --format=%(refname)%00%(upstream:short)%00%(objectname)%00%(upstream:track)%00%(upstream:remotename)%00%(upstream:remoteref) refs/heads/main refs/remotes/main [24ms]
2026-09-16 09:33:47.434 [warning] [Git][revParse] Unable to read file: ENOENT: no such file or directory, open '/home/darren/Downloads/Hyprland/.git/refs/remotes/origin/main'
2026-09-16 09:33:47.450 [info] > git rev-parse refs/remotes/origin/main [16ms]
2026-09-16 09:33:47.549 [info] > git for-each-ref --sort -committerdate --format %(refname)%00%(objectname)%00%(*objectname) [12ms]
2026-09-16 09:33:47.829 [info] > git status -z -uall [350ms]
2026-09-16 09:33:51.995 [info] > git check-ignore -v -z --stdin [6ms]
2026-09-16 09:33:53.552 [info] > git config --get commit.template [33ms]
2026-09-16 09:33:53.555 [info] > git for-each-ref --format=%(refname)%00%(upstream:short)%00%(objectname)%00%(upstream:track)%00%(upstream:remotename)%00%(upstream:remoteref) refs/heads/main refs/remotes/main [5ms]
2026-09-16 09:33:53.584 [warning] [Git][revParse] Unable to read file: ENOENT: no such file or directory, open '/home/darren/Downloads/Hyprland/.git/refs/remotes/origin/main'
2026-09-16 09:33:53.587 [info] > git rev-parse refs/remotes/origin/main [3ms]
2026-09-16 09:33:53.656 [info] > git for-each-ref --sort -committerdate --format %(refname)%00%(objectname)%00%(*objectname) [7ms]
2026-09-16 09:33:53.764 [info] > git status -z -uall [149ms]
2026-09-16 09:33:57.339 [info] > git check-ignore -v -z --stdin [184ms]
2026-09-16 09:33:57.787 [info] > git check-ignore -v -z --stdin [14ms]
2026-09-16 09:33:58.971 [info] > git config --get commit.template [39ms]
2026-09-16 09:33:58.978 [info] > git for-each-ref --format=%(refname)%00%(upstream:short)%00%(objectname)%00%(upstream:track)%00%(upstream:remotename)%00%(upstream:remoteref) refs/heads/main refs/remotes/main [11ms]
2026-09-16 09:33:59.015 [warning] [Git][revParse] Unable to read file: ENOENT: no such file or directory, open '/home/darren/Downloads/Hyprland/.git/refs/remotes/origin/main'
2026-09-16 09:33:59.020 [info] > git rev-parse refs/remotes/origin/main [5ms]
2026-09-16 09:33:59.103 [info] > git for-each-ref --sort -committerdate --format %(refname)%00%(objectname)%00%(*objectname) [8ms]
2026-09-16 09:33:59.200 [info] > git status -z -uall [149ms]
2026-09-16 09:34:01.609 [info] > git check-ignore -v -z --stdin [10ms]
2026-09-16 09:34:21.912 [info] > git check-ignore -v -z --stdin [58ms]
2026-09-16 09:34:25.793 [info] > git check-ignore -v -z --stdin [7ms]
2026-09-16 09:34:43.911 [info] > git check-ignore -v -z --stdin [5ms]
2026-09-16 09:34:48.703 [info] > git log --format=%H%n%aN%n%aE%n%at%n%ct%n%P%n%D%n%B -z -n51 --shortstat --follow -- /home/darren/Downloads/Hyprland/config/swaync/config.json [148ms]
2026-09-16 09:35:25.767 [info] > git check-ignore -v -z --stdin [4ms]
2026-09-16 09:35:29.145 [info] > git check-ignore -v -z --stdin [4ms]
2026-09-16 09:35:31.595 [info] > git log --format=%H%n%aN%n%aE%n%at%n%ct%n%P%n%D%n%B -z -n51 --shortstat --follow -- /home/darren/Downloads/Hyprland/config/systemd/user/hyprpolkitagent.service.d/override.conf [36ms]
2026-09-16 09:35:36.016 [info] > git check-ignore -v -z --stdin [7ms]
2026-09-16 09:35:37.328 [info] > git log --format=%H%n%aN%n%aE%n%at%n%ct%n%P%n%D%n%B -z -n51 --shortstat --follow -- /home/darren/Downloads/Hyprland/config/systemd/user/xdg-desktop-portal.service.d/override.conf [17ms]
2026-09-16 09:39:42.197 [info] > git check-ignore -v -z --stdin [30385ms]
2026-09-16 09:39:42.901 [info] > git config --get commit.template [149ms]
2026-09-16 09:39:43.915 [info] > git for-each-ref --format=%(refname)%00%(upstream:short)%00%(objectname)%00%(upstream:track)%00%(upstream:remotename)%00%(upstream:remoteref) refs/heads/main refs/remotes/main [1133ms]
2026-09-16 09:39:43.940 [warning] [Git][revParse] Unable to read file: ENOENT: no such file or directory, open '/home/darren/Downloads/Hyprland/.git/refs/remotes/origin/main'
2026-09-16 09:39:43.986 [info] > git rev-parse refs/remotes/origin/main [45ms]
2026-09-16 09:39:44.122 [info] > git for-each-ref --sort -committerdate --format %(refname)%00%(objectname)%00%(*objectname) [75ms]
2026-09-16 09:40:05.571 [info] > git status -z -uall [21558ms]
2026-09-16 09:55:55.230 [info] > git rev-parse --show-toplevel [1224ms]
2026-09-16 09:55:55.368 [info] fatal: not a git repository (or any of the parent directories): .git
2026-09-16 09:57:01.922 [info] > git check-ignore -v -z --stdin [567ms]
2026-09-16 09:57:02.082 [info] > git config --get commit.template [103ms]
2026-09-16 09:57:02.202 [info] > git for-each-ref --format=%(refname)%00%(upstream:short)%00%(objectname)%00%(upstream:track)%00%(upstream:remotename)%00%(upstream:remoteref) refs/heads/main refs/remotes/main [293ms]
2026-09-16 09:57:02.343 [warning] [Git][revParse] Unable to read file: ENOENT: no such file or directory, open '/home/darren/Downloads/Hyprland/.git/refs/remotes/origin/main'
2026-09-16 09:57:02.359 [info] > git log --format=%H%n%aN%n%aE%n%at%n%ct%n%P%n%D%n%B -z -n51 --shortstat --follow -- /home/darren/Downloads/Hyprland/install-scripts/sddm_theme copy.sh [623ms]
2026-09-16 09:57:02.478 [info] > git rev-parse refs/remotes/origin/main [135ms]
2026-09-16 09:57:02.860 [info] > git for-each-ref --sort -committerdate --format %(refname)%00%(objectname)%00%(*objectname) [263ms]
2026-09-16 09:57:03.180 [info] > git check-ignore -v -z --stdin [12ms]
2026-09-16 09:57:03.310 [info] > git show --textconv :install-scripts/sddm_theme copy.sh [30ms]
2026-09-16 09:57:03.314 [info] > git ls-files --stage -- install-scripts/sddm_theme copy.sh [6ms]
2026-09-16 09:57:03.395 [warning] [GitFileSystemProvider][stat] File not found - git:/home/darren/Downloads/Hyprland/install-scripts/sddm_theme%20copy.sh.git?%7B%22path%22%3A%22%2Fhome%2Fdarren%2FDownloads%2FHyprland%2Finstall-scripts%2Fsddm_theme%20copy.sh%22%2C%22ref%22%3A%22%22%7D
2026-09-16 09:57:03.399 [warning] [GitFileSystemProvider][readFile] File not found - git:/home/darren/Downloads/Hyprland/install-scripts/sddm_theme%20copy.sh.git?%7B%22path%22%3A%22%2Fhome%2Fdarren%2FDownloads%2FHyprland%2Finstall-scripts%2Fsddm_theme%20copy.sh%22%2C%22ref%22%3A%22%22%7D
2026-09-16 09:57:07.900 [info] > git status -z -uall [5388ms]
2026-09-16 09:57:37.100 [info] > git config --get commit.template [290ms]
2026-09-16 09:57:37.183 [info] > git check-ignore -v -z --stdin [513ms]
2026-09-16 09:57:37.276 [info] > git for-each-ref --format=%(refname)%00%(upstream:short)%00%(objectname)%00%(upstream:track)%00%(upstream:remotename)%00%(upstream:remoteref) refs/heads/main refs/remotes/main [400ms]
2026-09-16 09:57:37.312 [warning] [Git][revParse] Unable to read file: ENOENT: no such file or directory, open '/home/darren/Downloads/Hyprland/.git/refs/remotes/origin/main'
2026-09-16 09:57:37.316 [info] > git rev-parse refs/remotes/origin/main [4ms]
2026-09-16 09:57:37.490 [info] > git log --format=%H%n%aN%n%aE%n%at%n%ct%n%P%n%D%n%B -z -n51 --shortstat --follow -- /home/darren/Downloads/Hyprland/install-scripts/bootloader.sh [720ms]
2026-09-16 09:57:37.662 [info] > git for-each-ref --sort -committerdate --format %(refname)%00%(objectname)%00%(*objectname) [294ms]
2026-09-16 09:57:38.752 [info] > git check-ignore -v -z --stdin [14ms]
2026-09-16 09:57:38.909 [info] > git show --textconv :install-scripts/bootloader.sh [33ms]
2026-09-16 09:57:38.912 [warning] [GitFileSystemProvider][readFile] File not found - git:/home/darren/Downloads/Hyprland/install-scripts/bootloader.sh.git?%7B%22path%22%3A%22%2Fhome%2Fdarren%2FDownloads%2FHyprland%2Finstall-scripts%2Fbootloader.sh%22%2C%22ref%22%3A%22%22%7D
2026-09-16 09:57:38.914 [info] > git ls-files --stage -- install-scripts/bootloader.sh [7ms]
2026-09-16 09:57:38.915 [warning] [GitFileSystemProvider][stat] File not found - git:/home/darren/Downloads/Hyprland/install-scripts/bootloader.sh.git?%7B%22path%22%3A%22%2Fhome%2Fdarren%2FDownloads%2FHyprland%2Finstall-scripts%2Fbootloader.sh%22%2C%22ref%22%3A%22%22%7D
2026-09-16 09:57:39.375 [info] > git status -z -uall [2033ms]
2026-09-16 09:57:59.064 [info] > git log --format=%H%n%aN%n%aE%n%at%n%ct%n%P%n%D%n%B -z -n51 --shortstat --follow -- /home/darren/Downloads/Hyprland/install-scripts/zsh_pokemon.sh [19ms]
2026-09-16 09:57:59.534 [info] > git check-ignore -v -z --stdin [5ms]
2026-09-16 09:57:59.632 [info] > git show --textconv :install-scripts/zsh_pokemon.sh [54ms]
2026-09-16 09:57:59.637 [info] > git ls-files --stage -- install-scripts/zsh_pokemon.sh [7ms]
2026-09-16 09:57:59.666 [info] > git cat-file -s 970be77fe196ee62f65d839ffa86544c7c62f4b1 [5ms]
2026-09-16 09:58:10.892 [info] > git log --format=%H%n%aN%n%aE%n%at%n%ct%n%P%n%D%n%B -z -n51 --shortstat --follow -- /home/darren/Downloads/Hyprland/install-scripts/pokemon.sh [6ms]
2026-09-16 09:58:11.337 [info] > git check-ignore -v -z --stdin [65ms]
2026-09-16 09:58:11.343 [info] > git check-ignore -v -z --stdin [8ms]
2026-09-16 09:58:11.427 [info] > git show --textconv :install-scripts/pokemon.sh [44ms]
2026-09-16 09:58:11.433 [warning] [GitFileSystemProvider][readFile] File not found - git:/home/darren/Downloads/Hyprland/install-scripts/pokemon.sh.git?%7B%22path%22%3A%22%2Fhome%2Fdarren%2FDownloads%2FHyprland%2Finstall-scripts%2Fpokemon.sh%22%2C%22ref%22%3A%22%22%7D
2026-09-16 09:58:11.437 [info] > git ls-files --stage -- install-scripts/pokemon.sh [11ms]
2026-09-16 09:58:11.441 [warning] [GitFileSystemProvider][stat] File not found - git:/home/darren/Downloads/Hyprland/install-scripts/pokemon.sh.git?%7B%22path%22%3A%22%2Fhome%2Fdarren%2FDownloads%2FHyprland%2Finstall-scripts%2Fpokemon.sh%22%2C%22ref%22%3A%22%22%7D
2026-09-16 09:58:11.558 [info] > git blame --root --incremental 691ac769f3dad99a330570c4707010af991e17c2 -- install-scripts/pokemon.sh [26ms]
2026-09-16 09:58:11.558 [info] fatal: no such path install-scripts/pokemon.sh in 691ac769f3dad99a330570c4707010af991e17c2
2026-09-16 09:58:12.233 [info] > git config --get commit.template [42ms]
2026-09-16 09:58:12.243 [info] > git for-each-ref --format=%(refname)%00%(upstream:short)%00%(objectname)%00%(upstream:track)%00%(upstream:remotename)%00%(upstream:remoteref) refs/heads/main refs/remotes/main [14ms]
2026-09-16 09:58:12.309 [warning] [Git][revParse] Unable to read file: ENOENT: no such file or directory, open '/home/darren/Downloads/Hyprland/.git/refs/remotes/origin/main'
2026-09-16 09:58:12.326 [info] > git rev-parse refs/remotes/origin/main [17ms]
2026-09-16 09:58:12.403 [info] > git for-each-ref --sort -committerdate --format %(refname)%00%(objectname)%00%(*objectname) [11ms]
2026-09-16 09:58:12.595 [info] > git status -z -uall [235ms]
2026-09-16 09:58:24.477 [info] > git rev-parse --show-toplevel [21ms]
2026-09-16 09:58:24.477 [info] fatal: not a git repository (or any of the parent directories): .git
2026-09-16 09:58:33.628 [info] > git rev-parse --show-toplevel [11ms]
2026-09-16 09:58:33.628 [info] fatal: not a git repository (or any of the parent directories): .git
2026-09-16 09:58:33.715 [info] > git rev-parse --show-toplevel [12ms]
2026-09-16 09:58:33.715 [info] fatal: not a git repository (or any of the parent directories): .git
2026-09-16 09:58:56.319 [info] > git check-ignore -v -z --stdin [4ms]
2026-09-16 09:59:12.296 [info] > git check-ignore -v -z --stdin [4ms]
2026-09-16 09:59:16.650 [info] > git check-ignore -v -z --stdin [4ms]
2026-09-16 09:59:17.163 [info] > git config --get commit.template [8ms]
2026-09-16 09:59:17.198 [info] > git for-each-ref --format=%(refname)%00%(upstream:short)%00%(objectname)%00%(upstream:track)%00%(upstream:remotename)%00%(upstream:remoteref) refs/heads/main refs/remotes/main [6ms]
2026-09-16 09:59:17.225 [warning] [Git][revParse] Unable to read file: ENOENT: no such file or directory, open '/home/darren/Downloads/Hyprland/.git/refs/remotes/origin/main'
2026-09-16 09:59:17.229 [info] > git rev-parse refs/remotes/origin/main [4ms]
2026-09-16 09:59:17.287 [info] > git for-each-ref --sort -committerdate --format %(refname)%00%(objectname)%00%(*objectname) [5ms]
2026-09-16 09:59:17.353 [info] > git status -z -uall [100ms]
2026-09-16 10:00:00.644 [info] > git check-ignore -v -z --stdin [33ms]
2026-09-16 10:00:08.663 [info] > git log --format=%H%n%aN%n%aE%n%at%n%ct%n%P%n%D%n%B -z -n51 --shortstat --follow -- /home/darren/Downloads/Hyprland/assets/CyberRe/theme.txt [11ms]
2026-09-16 10:00:16.474 [info] > git rev-parse --show-toplevel [9ms]
2026-09-16 10:00:16.474 [info] fatal: not a git repository (or any of the parent directories): .git
2026-09-16 10:00:42.913 [info] > git check-ignore -v -z --stdin [4ms]
2026-09-16 10:00:44.278 [info] > git config --get commit.template [41ms]
2026-09-16 10:00:44.284 [info] > git for-each-ref --format=%(refname)%00%(upstream:short)%00%(objectname)%00%(upstream:track)%00%(upstream:remotename)%00%(upstream:remoteref) refs/heads/main refs/remotes/main [9ms]
2026-09-16 10:00:44.316 [warning] [Git][revParse] Unable to read file: ENOENT: no such file or directory, open '/home/darren/Downloads/Hyprland/.git/refs/remotes/origin/main'
2026-09-16 10:00:44.322 [info] > git rev-parse refs/remotes/origin/main [6ms]
2026-09-16 10:00:44.442 [info] > git for-each-ref --sort -committerdate --format %(refname)%00%(objectname)%00%(*objectname) [23ms]
2026-09-16 10:00:44.488 [info] > git status -z -uall [138ms]
2026-09-16 10:00:57.869 [info] > git check-ignore -v -z --stdin [4ms]
2026-09-16 10:00:58.461 [info] > git config --get commit.template [66ms]
2026-09-16 10:00:58.467 [info] > git for-each-ref --format=%(refname)%00%(upstream:short)%00%(objectname)%00%(upstream:track)%00%(upstream:remotename)%00%(upstream:remoteref) refs/heads/main refs/remotes/main [16ms]
2026-09-16 10:00:58.498 [warning] [Git][revParse] Unable to read file: ENOENT: no such file or directory, open '/home/darren/Downloads/Hyprland/.git/refs/remotes/origin/main'
2026-09-16 10:00:58.502 [info] > git rev-parse refs/remotes/origin/main [4ms]
2026-09-16 10:00:58.582 [info] > git for-each-ref --sort -committerdate --format %(refname)%00%(objectname)%00%(*objectname) [8ms]
2026-09-16 10:00:58.656 [info] > git status -z -uall [125ms]
2026-09-16 10:01:06.104 [info] > git log --format=%H%n%aN%n%aE%n%at%n%ct%n%P%n%D%n%B -z -n51 --shortstat --follow -- /home/darren/Downloads/Hyprland/assets/sddm.png [167ms]
2026-09-16 10:01:20.729 [info] > git rev-parse --show-toplevel [8ms]
2026-09-16 10:01:20.729 [info] fatal: not a git repository (or any of the parent directories): .git
2026-09-16 10:03:47.327 [info] > git check-ignore -v -z --stdin [127ms]
2026-09-16 10:05:03.434 [info] > git config --get commit.template [1513ms]
2026-09-16 10:05:03.962 [info] > git for-each-ref --format=%(refname)%00%(upstream:short)%00%(objectname)%00%(upstream:track)%00%(upstream:remotename)%00%(upstream:remoteref) refs/heads/main refs/remotes/main [491ms]
2026-09-16 10:05:03.991 [warning] [Git][revParse] Unable to read file: ENOENT: no such file or directory, open '/home/darren/Downloads/Hyprland/.git/refs/remotes/origin/main'
2026-09-16 10:05:04.205 [info] > git rev-parse refs/remotes/origin/main [214ms]
2026-09-16 10:05:04.302 [info] > git for-each-ref --sort -committerdate --format %(refname)%00%(objectname)%00%(*objectname) [35ms]
2026-09-16 10:05:06.683 [info] > git status -z -uall [2448ms]
2026-09-16 10:06:49.028 [info] > git log --format=%H%n%aN%n%aE%n%at%n%ct%n%P%n%D%n%B -z -n51 --shortstat --follow -- /home/darren/Downloads/Hyprland/install-scripts/bootloader.sh [4767ms] (cancelled)
2026-09-16 10:06:50.528 [info] > git log --format=%H%n%aN%n%aE%n%at%n%ct%n%P%n%D%n%B -z -n51 --shortstat --follow -- /home/darren/Downloads/Hyprland/install-scripts/bootloader.sh [740ms]
2026-09-16 10:06:50.535 [info] > git config --get commit.template [6787ms]
2026-09-16 10:06:51.737 [info] > git for-each-ref --format=%(refname)%00%(upstream:short)%00%(objectname)%00%(upstream:track)%00%(upstream:remotename)%00%(upstream:remoteref) refs/heads/main refs/remotes/main [69ms]
2026-09-16 10:06:51.781 [warning] [Git][revParse] Unable to read file: ENOENT: no such file or directory, open '/home/darren/Downloads/Hyprland/.git/refs/remotes/origin/main'
2026-09-16 10:06:51.792 [info] > git rev-parse refs/remotes/origin/main [11ms]
2026-09-16 10:06:52.374 [info] > git for-each-ref --sort -committerdate --format %(refname)%00%(objectname)%00%(*objectname) [479ms]
2026-09-16 10:07:09.924 [info] > git status -z -uall [18102ms]
2026-09-16 10:07:33.649 [info] > git config --get commit.template [185ms]
2026-09-16 10:07:33.745 [info] > git for-each-ref --format=%(refname)%00%(upstream:short)%00%(objectname)%00%(upstream:track)%00%(upstream:remotename)%00%(upstream:remoteref) refs/heads/main refs/remotes/main [44ms]
2026-09-16 10:07:33.784 [warning] [Git][revParse] Unable to read file: ENOENT: no such file or directory, open '/home/darren/Downloads/Hyprland/.git/refs/remotes/origin/main'
2026-09-16 10:07:33.788 [info] > git rev-parse refs/remotes/origin/main [4ms]
2026-09-16 10:07:33.931 [info] > git for-each-ref --sort -committerdate --format %(refname)%00%(objectname)%00%(*objectname) [69ms]
2026-09-16 10:07:34.289 [info] > git status -z -uall [463ms]
2026-09-16 10:08:09.033 [info] > git config --get commit.template [26ms]
2026-09-16 10:08:09.097 [info] > git for-each-ref --format=%(refname)%00%(upstream:short)%00%(objectname)%00%(upstream:track)%00%(upstream:remotename)%00%(upstream:remoteref) refs/heads/main refs/remotes/main [11ms]
2026-09-16 10:08:09.129 [warning] [Git][revParse] Unable to read file: ENOENT: no such file or directory, open '/home/darren/Downloads/Hyprland/.git/refs/remotes/origin/main'
2026-09-16 10:08:09.138 [info] > git rev-parse refs/remotes/origin/main [8ms]
2026-09-16 10:08:09.409 [info] > git status -z -uall [237ms]
2026-09-16 10:08:09.487 [info] > git for-each-ref --sort -committerdate --format %(refname)%00%(objectname)%00%(*objectname) [225ms]
2026-09-16 10:08:15.813 [info] > git for-each-ref --format=%(refname)%00%(upstream:short)%00%(objectname)%00%(upstream:track)%00%(upstream:remotename)%00%(upstream:remoteref) refs/heads/main refs/remotes/main [52ms]
2026-09-16 10:08:15.845 [warning] [Git][revParse] Unable to read file: ENOENT: no such file or directory, open '/home/darren/Downloads/Hyprland/.git/refs/remotes/origin/main'
2026-09-16 10:08:16.049 [info] > git rev-parse refs/remotes/origin/main [204ms]
2026-09-16 10:08:16.056 [info] > git config --get commit.template [328ms]
2026-09-16 10:08:16.174 [info] > git for-each-ref --sort -committerdate --format %(refname)%00%(objectname)%00%(*objectname) [34ms]
2026-09-16 10:08:16.789 [info] > git status -z -uall [690ms]
2026-09-16 10:08:23.385 [info] > git config --get commit.template [32ms]
2026-09-16 10:08:23.388 [info] > git for-each-ref --format=%(refname)%00%(upstream:short)%00%(objectname)%00%(upstream:track)%00%(upstream:remotename)%00%(upstream:remoteref) refs/heads/main refs/remotes/main [5ms]
2026-09-16 10:08:23.414 [warning] [Git][revParse] Unable to read file: ENOENT: no such file or directory, open '/home/darren/Downloads/Hyprland/.git/refs/remotes/origin/main'
2026-09-16 10:08:23.419 [info] > git rev-parse refs/remotes/origin/main [5ms]
2026-09-16 10:08:23.489 [info] > git for-each-ref --sort -committerdate --format %(refname)%00%(objectname)%00%(*objectname) [8ms]
2026-09-16 10:08:23.544 [info] > git status -z -uall [95ms]
2026-09-16 10:08:28.857 [info] > git config --get commit.template [10ms]
2026-09-16 10:08:28.924 [info] > git for-each-ref --format=%(refname)%00%(upstream:short)%00%(objectname)%00%(upstream:track)%00%(upstream:remotename)%00%(upstream:remoteref) refs/heads/main refs/remotes/main [10ms]
2026-09-16 10:08:28.973 [warning] [Git][revParse] Unable to read file: ENOENT: no such file or directory, open '/home/darren/Downloads/Hyprland/.git/refs/remotes/origin/main'
2026-09-16 10:08:28.979 [info] > git rev-parse refs/remotes/origin/main [7ms]
2026-09-16 10:08:29.285 [info] > git for-each-ref --sort -committerdate --format %(refname)%00%(objectname)%00%(*objectname) [223ms]
2026-09-16 10:08:30.125 [info] > git status -z -uall [1102ms]
2026-09-16 10:08:35.335 [info] > git config --get commit.template [66ms]
2026-09-16 10:08:35.342 [info] > git for-each-ref --format=%(refname)%00%(upstream:short)%00%(objectname)%00%(upstream:track)%00%(upstream:remotename)%00%(upstream:remoteref) refs/heads/main refs/remotes/main [9ms]
2026-09-16 10:08:35.375 [warning] [Git][revParse] Unable to read file: ENOENT: no such file or directory, open '/home/darren/Downloads/Hyprland/.git/refs/remotes/origin/main'
2026-09-16 10:08:35.380 [info] > git rev-parse refs/remotes/origin/main [5ms]
2026-09-16 10:08:35.453 [info] > git for-each-ref --sort -committerdate --format %(refname)%00%(objectname)%00%(*objectname) [12ms]
2026-09-16 10:08:35.549 [info] > git status -z -uall [138ms]
2026-09-16 10:08:37.125 [info] > git rev-parse --show-toplevel [80ms]
2026-09-16 10:08:37.126 [info] fatal: not a git repository (or any of the parent directories): .git
2026-09-16 10:08:39.048 [info] > git rev-parse --show-toplevel [4ms]
2026-09-16 10:08:39.048 [info] fatal: not a git repository (or any of the parent directories): .git
2026-09-16 10:08:40.738 [info] > git config --get commit.template [41ms]
2026-09-16 10:08:40.745 [info] > git for-each-ref --format=%(refname)%00%(upstream:short)%00%(objectname)%00%(upstream:track)%00%(upstream:remotename)%00%(upstream:remoteref) refs/heads/main refs/remotes/main [9ms]
2026-09-16 10:08:40.778 [warning] [Git][revParse] Unable to read file: ENOENT: no such file or directory, open '/home/darren/Downloads/Hyprland/.git/refs/remotes/origin/main'
2026-09-16 10:08:40.784 [info] > git rev-parse refs/remotes/origin/main [6ms]
2026-09-16 10:08:40.869 [info] > git for-each-ref --sort -committerdate --format %(refname)%00%(objectname)%00%(*objectname) [11ms]
2026-09-16 10:08:41.040 [info] > git status -z -uall [224ms]
2026-09-16 10:08:44.872 [info] > git rev-parse --show-toplevel [211ms]
2026-09-16 10:08:45.073 [info] fatal: not a git repository (or any of the parent directories): .git
2026-09-16 10:08:46.393 [info] > git config --get commit.template [39ms]
2026-09-16 10:08:46.509 [info] > git for-each-ref --format=%(refname)%00%(upstream:short)%00%(objectname)%00%(upstream:track)%00%(upstream:remotename)%00%(upstream:remoteref) refs/heads/main refs/remotes/main [60ms]
2026-09-16 10:08:46.544 [warning] [Git][revParse] Unable to read file: ENOENT: no such file or directory, open '/home/darren/Downloads/Hyprland/.git/refs/remotes/origin/main'
2026-09-16 10:08:46.551 [info] > git rev-parse refs/remotes/origin/main [7ms]
2026-09-16 10:08:46.626 [info] > git for-each-ref --sort -committerdate --format %(refname)%00%(objectname)%00%(*objectname) [12ms]
2026-09-16 10:08:46.720 [info] > git status -z -uall [139ms]
2026-09-16 10:08:51.881 [info] > git config --get commit.template [51ms]
2026-09-16 10:08:51.883 [info] > git for-each-ref --format=%(refname)%00%(upstream:short)%00%(objectname)%00%(upstream:track)%00%(upstream:remotename)%00%(upstream:remoteref) refs/heads/main refs/remotes/main [5ms]
2026-09-16 10:08:51.914 [warning] [Git][revParse] Unable to read file: ENOENT: no such file or directory, open '/home/darren/Downloads/Hyprland/.git/refs/remotes/origin/main'
2026-09-16 10:08:51.923 [info] > git rev-parse refs/remotes/origin/main [9ms]
2026-09-16 10:08:52.074 [info] > git status -z -uall [116ms]
2026-09-16 10:08:52.105 [info] > git for-each-ref --sort -committerdate --format %(refname)%00%(objectname)%00%(*objectname) [67ms]
2026-09-16 10:09:06.077 [info] > git config --get commit.template [23ms]
2026-09-16 10:09:06.262 [info] > git for-each-ref --format=%(refname)%00%(upstream:short)%00%(objectname)%00%(upstream:track)%00%(upstream:remotename)%00%(upstream:remoteref) refs/heads/main refs/remotes/main [60ms]
2026-09-16 10:09:06.315 [warning] [Git][revParse] Unable to read file: ENOENT: no such file or directory, open '/home/darren/Downloads/Hyprland/.git/refs/remotes/origin/main'
2026-09-16 10:09:06.322 [info] > git rev-parse refs/remotes/origin/main [7ms]
2026-09-16 10:09:06.470 [info] > git status -z -uall [115ms]
2026-09-16 10:09:06.472 [info] > git for-each-ref --sort -committerdate --format %(refname)%00%(objectname)%00%(*objectname) [42ms]
2026-09-16 10:09:15.323 [info] > git config --get commit.template [53ms]
2026-09-16 10:09:15.326 [info] > git for-each-ref --format=%(refname)%00%(upstream:short)%00%(objectname)%00%(upstream:track)%00%(upstream:remotename)%00%(upstream:remoteref) refs/heads/main refs/remotes/main [8ms]
2026-09-16 10:09:15.357 [warning] [Git][revParse] Unable to read file: ENOENT: no such file or directory, open '/home/darren/Downloads/Hyprland/.git/refs/remotes/origin/main'
2026-09-16 10:09:15.366 [info] > git rev-parse refs/remotes/origin/main [8ms]
2026-09-16 10:09:15.443 [info] > git for-each-ref --sort -committerdate --format %(refname)%00%(objectname)%00%(*objectname) [9ms]
2026-09-16 10:09:15.516 [info] > git status -z -uall [114ms]
2026-09-16 10:09:20.730 [info] > git config --get commit.template [32ms]
2026-09-16 10:09:20.733 [info] > git for-each-ref --format=%(refname)%00%(upstream:short)%00%(objectname)%00%(upstream:track)%00%(upstream:remotename)%00%(upstream:remoteref) refs/heads/main refs/remotes/main [6ms]
2026-09-16 10:09:20.760 [warning] [Git][revParse] Unable to read file: ENOENT: no such file or directory, open '/home/darren/Downloads/Hyprland/.git/refs/remotes/origin/main'
2026-09-16 10:09:20.764 [info] > git rev-parse refs/remotes/origin/main [4ms]
2026-09-16 10:09:20.832 [info] > git for-each-ref --sort -committerdate --format %(refname)%00%(objectname)%00%(*objectname) [7ms]
2026-09-16 10:09:20.873 [info] > git status -z -uall [81ms]
2026-09-16 10:09:26.026 [info] > git config --get commit.template [44ms]
2026-09-16 10:09:26.032 [info] > git for-each-ref --format=%(refname)%00%(upstream:short)%00%(objectname)%00%(upstream:track)%00%(upstream:remotename)%00%(upstream:remoteref) refs/heads/main refs/remotes/main [8ms]
2026-09-16 10:09:26.065 [warning] [Git][revParse] Unable to read file: ENOENT: no such file or directory, open '/home/darren/Downloads/Hyprland/.git/refs/remotes/origin/main'
2026-09-16 10:09:26.070 [info] > git rev-parse refs/remotes/origin/main [5ms]
2026-09-16 10:09:26.151 [info] > git for-each-ref --sort -committerdate --format %(refname)%00%(objectname)%00%(*objectname) [6ms]
2026-09-16 10:09:26.233 [info] > git status -z -uall [126ms]
2026-09-16 10:09:45.242 [info] > git config --get commit.template [58ms]
2026-09-16 10:09:45.247 [info] > git for-each-ref --format=%(refname)%00%(upstream:short)%00%(objectname)%00%(upstream:track)%00%(upstream:remotename)%00%(upstream:remoteref) refs/heads/main refs/remotes/main [23ms]
2026-09-16 10:09:45.282 [warning] [Git][revParse] Unable to read file: ENOENT: no such file or directory, open '/home/darren/Downloads/Hyprland/.git/refs/remotes/origin/main'
2026-09-16 10:09:45.289 [info] > git rev-parse refs/remotes/origin/main [7ms]
2026-09-16 10:09:45.484 [info] > git for-each-ref --sort -committerdate --format %(refname)%00%(objectname)%00%(*objectname) [105ms]
2026-09-16 10:09:45.536 [info] > git status -z -uall [213ms]
2026-09-16 10:09:50.835 [info] > git config --get commit.template [100ms]
2026-09-16 10:09:50.847 [info] > git for-each-ref --format=%(refname)%00%(upstream:short)%00%(objectname)%00%(upstream:track)%00%(upstream:remotename)%00%(upstream:remoteref) refs/heads/main refs/remotes/main [14ms]
2026-09-16 10:09:50.931 [warning] [Git][revParse] Unable to read file: ENOENT: no such file or directory, open '/home/darren/Downloads/Hyprland/.git/refs/remotes/origin/main'
2026-09-16 10:09:50.955 [info] > git rev-parse refs/remotes/origin/main [23ms]
2026-09-16 10:09:51.165 [info] > git for-each-ref --sort -committerdate --format %(refname)%00%(objectname)%00%(*objectname) [13ms]
2026-09-16 10:09:51.220 [info] > git status -z -uall [187ms]
2026-09-16 10:10:03.755 [info] > git config --get commit.template [59ms]
2026-09-16 10:10:03.756 [info] > git for-each-ref --format=%(refname)%00%(upstream:short)%00%(objectname)%00%(upstream:track)%00%(upstream:remotename)%00%(upstream:remoteref) refs/heads/main refs/remotes/main [23ms]
2026-09-16 10:10:03.802 [warning] [Git][revParse] Unable to read file: ENOENT: no such file or directory, open '/home/darren/Downloads/Hyprland/.git/refs/remotes/origin/main'
2026-09-16 10:10:03.804 [info] > git rev-parse refs/remotes/origin/main [2ms]
2026-09-16 10:10:03.900 [info] > git for-each-ref --sort -committerdate --format %(refname)%00%(objectname)%00%(*objectname) [11ms]
2026-09-16 10:10:03.993 [info] > git status -z -uall [152ms]
2026-09-16 10:11:08.994 [info] > git rev-parse --show-toplevel [6ms]
2026-09-16 10:11:08.994 [info] fatal: not a git repository (or any of the parent directories): .git
2026-09-16 10:11:09.258 [info] > git rev-parse --show-toplevel [4ms]
2026-09-16 10:11:09.258 [info] fatal: not a git repository (or any of the parent directories): .git
2026-09-16 10:11:44.522 [info] > git check-ignore -v -z --stdin [101ms]
2026-09-16 10:11:51.803 [info] > git log --format=%H%n%aN%n%aE%n%at%n%ct%n%P%n%D%n%B -z -n51 --shortstat --follow -- /home/darren/Downloads/Hyprland/Hyprland-Dots/.gitignore [80ms]
2026-09-16 10:11:57.605 [info] > git log --format=%H%n%aN%n%aE%n%at%n%ct%n%P%n%D%n%B -z -n51 --shortstat --follow -- /home/darren/Downloads/Hyprland/Hyprland-Dots/.editorconfig [13ms]
2026-09-16 10:12:04.397 [info] > git check-ignore -v -z --stdin [5ms]
2026-09-16 10:12:07.926 [info] > git check-ignore -v -z --stdin [36ms]
2026-09-16 10:12:16.351 [info] > git check-ignore -v -z --stdin [5ms]
