2026-09-15 09:16:34.465 [info] StorageMainService: creating application shared storage
2026-09-15 09:16:46.973 [info] [shared storage] Creating shared storage database at '/home/darren/.vscode-shared/sharedStorage/state.vscdb' (wasCreated: false)
2026-09-15 09:16:46.979 [info] [shared storage] Initializing fallback application storage (path: /home/darren/.config/Code/User/globalStorage/state.vscdb)
2026-09-15 09:16:52.020 [info] [network process] gone - pid: 5036, exitCode: 0, crashed: false, crashedPreIPC: false
2026-09-15 09:16:52.030 [info] [network process] launched with pid 5095
2026-09-15 09:16:52.526 [info] [shared storage] Fallback application storage initialized with 151 items
2026-09-15 09:17:08.181 [info] update#disable - updates are disabled by user preference
2026-09-15 09:17:08.182 [info] update#setState disabled
2026-09-15 09:17:08.628 [info] AgentHostProcessManager: agent host started
2026-09-15 09:17:33.694 [error] [AgentHost:stderr] (node:5123) [DEP0169] DeprecationWarning: `url.parse()` behavior is not standardized and prone to errors that have security implications. Use the WHATWG URL API instead. CVEs are not issued for `url.parse()` vulnerabilities.
(Use `exe --trace-deprecation ...` to show where the warning was created)

2026-09-15 12:03:04.641 [error] CodeWindow: detected unresponsive
2026-09-15 12:03:39.729 [error] CodeWindow: recovered from unresponsive
2026-09-15 12:08:25.442 [info] Extension host with pid 5178 exited with code: 0, signal: unknown.
2026-09-15 12:14:23.194 [info] Extension host with pid 9269 exited with code: 0, signal: unknown.
2026-09-15 12:14:25.375 [error] Extension host with pid 9269 still exists, forcefully killing it...
2026-09-15 16:04:47.954 [error] CodeWindow: detected unresponsive
2026-09-15 16:05:13.367 [error] CodeWindow: recovered from unresponsive
2026-09-15 16:05:13.899 [error] CodeWindow unresponsive samples:
<1> 
    at vscode-file://vscode-app/usr/share/code/resources/app/out/vs/workbench/workbench.desktop.main.js:1890:9331
    at Array.forEach (<anonymous>)
    at s.update (vscode-file://vscode-app/usr/share/code/resources/app/out/vs/workbench/workbench.desktop.main.js:1890:9323)
    at fce.setupCustomMenubar (vscode-file://vscode-app/usr/share/code/resources/app/out/vs/workbench/workbench.desktop.main.js:1890:24878)
    at fce.doUpdateMenubar (vscode-file://vscode-app/usr/share/code/resources/app/out/vs/workbench/workbench.desktop.main.js:1890:21818)
    at Ct.runner (vscode-file://vscode-app/usr/share/code/resources/app/out/vs/workbench/workbench.desktop.main.js:1890:17097)
    at Ct.doRun (vscode-file://vscode-app/usr/share/code/resources/app/out/vs/workbench/workbench.desktop.main.js:434:81723)
    at Ct.onTimeout (vscode-file://vscode-app/usr/share/code/resources/app/out/vs/workbench/workbench.desktop.main.js:434:81694)
<1> 
    at I9.createActionGroups (vscode-file://vscode-app/usr/share/code/resources/app/out/vs/workbench/workbench.desktop.main.js:937:140339)
    at jAe.getActions (vscode-file://vscode-app/usr/share/code/resources/app/out/vs/workbench/workbench.desktop.main.js:937:142830)
    at fce.toActionsArray (vscode-file://vscode-app/usr/share/code/resources/app/out/vs/workbench/workbench.desktop.main.js:1890:23909)
    at fce.setupCustomMenubar (vscode-file://vscode-app/usr/share/code/resources/app/out/vs/workbench/workbench.desktop.main.js:1890:26261)
    at fce.doUpdateMenubar (vscode-file://vscode-app/usr/share/code/resources/app/out/vs/workbench/workbench.desktop.main.js:1890:21818)
    at Ct.runner (vscode-file://vscode-app/usr/share/code/resources/app/out/vs/workbench/workbench.desktop.main.js:1890:17097)
    at Ct.doRun (vscode-file://vscode-app/usr/share/code/resources/app/out/vs/workbench/workbench.desktop.main.js:434:81723)
    at Ct.onTimeout (vscode-file://vscode-app/usr/share/code/resources/app/out/vs/workbench/workbench.desktop.main.js:434:81694)
<1> 
    at HTMLDivElement.<anonymous> (vscode-file://vscode-app/usr/share/code/resources/app/out/vs/workbench/workbench.desktop.main.js:2066:125233)
<1> 
    at HTMLAnchorElement.<anonymous> (vscode-file://vscode-app/usr/share/code/resources/app/out/vs/workbench/workbench.desktop.main.js:1931:29636)
Total Samples: 4
For full overview of the unresponsive period, capture cpu profile via https://aka.ms/vscode-tracing-cpu-profile
2026-09-15 16:13:40.246 [error] CodeWindow: detected unresponsive
2026-09-15 16:13:53.220 [error] CodeWindow: recovered from unresponsive
2026-09-15 16:14:21.766 [warning] No ptyHost heartbeat after 6 seconds
2026-09-15 16:26:48.396 [warning] No ptyHost heartbeat after 6 seconds
2026-09-15 16:33:04.752 [warning] No ptyHost heartbeat after 6 seconds
2026-09-15 16:34:08.235 [warning] No ptyHost heartbeat after 6 seconds
2026-09-15 16:52:42.880 [warning] No ptyHost heartbeat after 6 seconds
2026-09-15 18:43:39.059 [warning] No ptyHost heartbeat after 6 seconds
2026-09-15 18:53:34.514 [warning] No ptyHost heartbeat after 6 seconds
2026-09-15 18:56:32.648 [warning] No ptyHost heartbeat after 6 seconds
2026-09-15 18:57:06.797 [warning] No ptyHost heartbeat after 6 seconds
2026-09-15 19:04:11.669 [error] CodeWindow: detected unresponsive
2026-09-15 19:05:01.478 [error] CodeWindow: recovered from unresponsive
2026-09-15 19:05:29.772 [warning] No ptyHost heartbeat after 6 seconds
2026-09-15 19:05:30.888 [error] CodeWindow: detected unresponsive
2026-09-15 19:06:30.242 [error] CodeWindow: detected unresponsive
2026-09-15 19:10:15.533 [error] CodeWindow: detected unresponsive
2026-09-15 19:10:17.743 [error] CodeWindow: recovered from unresponsive
2026-09-15 19:10:17.749 [error] CodeWindow unresponsive samples:
<2> 
    at vscode-file://vscode-app/usr/share/code/resources/app/out/vs/workbench/workbench.desktop.main.js:5664:40629
    at vscode-file://vscode-app/usr/share/code/resources/app/out/vs/workbench/workbench.desktop.main.js:434:80537
<1> 
    at HTMLDivElement.<anonymous> (vscode-file://vscode-app/usr/share/code/resources/app/out/vs/workbench/workbench.desktop.main.js:2066:125233)
<1> 
    at VBt.setHasFocus (vscode-file://vscode-app/usr/share/code/resources/app/out/vs/workbench/workbench.desktop.main.js:709:66628)
    at _Pe._onFocusChange (vscode-file://vscode-app/usr/share/code/resources/app/out/vs/workbench/workbench.desktop.main.js:670:6368)
    at _Pe._handleFocusedChanged (vscode-file://vscode-app/usr/share/code/resources/app/out/vs/workbench/workbench.desktop.main.js:668:10228)
    at _Pe.refreshFocusState (vscode-file://vscode-app/usr/share/code/resources/app/out/vs/workbench/workbench.desktop.main.js:668:10447)
    at HTMLDivElement.<anonymous> (vscode-file://vscode-app/usr/share/code/resources/app/out/vs/workbench/workbench.desktop.main.js:668:9929)
Total Samples: 4
For full overview of the unresponsive period, capture cpu profile via https://aka.ms/vscode-tracing-cpu-profile
2026-09-15 19:18:54.177 [warning] No ptyHost heartbeat after 6 seconds
2026-09-15 19:19:48.185 [warning] No ptyHost heartbeat after 6 seconds
2026-09-15 19:20:47.398 [warning] No ptyHost heartbeat after 6 seconds
2026-09-15 19:23:18.562 [error] CodeWindow: recovered from unresponsive
2026-09-15 19:24:10.132 [warning] No ptyHost heartbeat after 6 seconds
2026-09-15 19:24:27.070 [warning] No ptyHost heartbeat after 6 seconds
2026-09-15 19:25:12.826 [warning] No ptyHost heartbeat after 6 seconds
2026-09-15 19:26:18.214 [warning] No ptyHost heartbeat after 6 seconds
2026-09-15 19:26:53.692 [warning] No ptyHost heartbeat after 6 seconds
2026-09-15 19:27:23.033 [warning] No ptyHost heartbeat after 6 seconds
2026-09-15 19:30:23.604 [warning] No ptyHost heartbeat after 6 seconds
2026-09-15 19:33:30.241 [warning] No ptyHost heartbeat after 6 seconds
2026-09-15 19:33:47.369 [error] CodeWindow: detected unresponsive
2026-09-15 19:34:02.955 [error] CodeWindow: detected unresponsive
2026-09-15 19:36:31.507 [warning] No ptyHost heartbeat after 6 seconds
2026-09-15 19:37:13.439 [error] CodeWindow: detected unresponsive
2026-09-15 19:38:34.903 [warning] No ptyHost heartbeat after 6 seconds
2026-09-15 19:38:39.457 [error] CodeWindow: recovered from unresponsive
2026-09-15 19:38:58.904 [error] [uncaught exception in main]: UnresponsiveSampleError: UnresponsiveSampleError: from window with ID 1 belonging to process with pid 5062
2026-09-15 19:38:58.926 [error] 
    at HTMLDivElement.<anonymous> (vscode-file://vscode-app/usr/share/code/resources/app/out/vs/workbench/workbench.desktop.main.js:513:20153)
2026-09-15 19:39:02.137 [error] CodeWindow unresponsive samples:
<4> 
    at HTMLDivElement.<anonymous> (vscode-file://vscode-app/usr/share/code/resources/app/out/vs/workbench/workbench.desktop.main.js:513:20153)
<1> 
    at Object.s [as createFromDOMInfo] (vscode-file://vscode-app/usr/share/code/resources/app/out/vs/workbench/workbench.desktop.main.js:512:18245)
    at s._actualDoHitTestWithCaretRangeFromPoint (vscode-file://vscode-app/usr/share/code/resources/app/out/vs/workbench/workbench.desktop.main.js:513:10535)
    at s._doHitTestWithCaretRangeFromPoint (vscode-file://vscode-app/usr/share/code/resources/app/out/vs/workbench/workbench.desktop.main.js:513:9840)
    at s.doHitTest (vscode-file://vscode-app/usr/share/code/resources/app/out/vs/workbench/workbench.desktop.main.js:513:11979)
    at Lo.executor (vscode-file://vscode-app/usr/share/code/resources/app/out/vs/workbench/workbench.desktop.main.js:512:23829)
    at get value (vscode-file://vscode-app/usr/share/code/resources/app/out/vs/workbench/workbench.desktop.main.js:433:45419)
    at s._hitTestViewLines (vscode-file://vscode-app/usr/share/code/resources/app/out/vs/workbench/workbench.desktop.main.js:513:6910)
    at s._createMouseTarget (vscode-file://vscode-app/usr/share/code/resources/app/out/vs/workbench/workbench.desktop.main.js:513:2613)
    at s.createMouseTarget (vscode-file://vscode-app/usr/share/code/resources/app/out/vs/workbench/workbench.desktop.main.js:513:1828)
    at uLi._createMouseTarget (vscode-file://vscode-app/usr/share/code/resources/app/out/vs/workbench/workbench.desktop.main.js:513:55089)
    at uLi._onMouseMove (vscode-file://vscode-app/usr/share/code/resources/app/out/vs/workbench/workbench.desktop.main.js:513:55583)
    at vscode-file://vscode-app/usr/share/code/resources/app/out/vs/workbench/workbench.desktop.main.js:513:52570
    at HTMLDivElement.<anonymous> (vscode-file://vscode-app/usr/share/code/resources/app/out/vs/workbench/workbench.desktop.main.js:509:26995)
Total Samples: 5
For full overview of the unresponsive period, capture cpu profile via https://aka.ms/vscode-tracing-cpu-profile
2026-09-15 19:39:02.801 [warning] No ptyHost heartbeat after 6 seconds
2026-09-15 19:39:30.536 [error] CodeWindow: detected unresponsive
2026-09-15 19:39:48.176 [error] CodeWindow: recovered from unresponsive
2026-09-15 19:39:48.180 [error] CodeWindow unresponsive samples:
<1> 
    at HTMLDivElement.<anonymous> (vscode-file://vscode-app/usr/share/code/resources/app/out/vs/workbench/workbench.desktop.main.js:513:20153)
Total Samples: 1
For full overview of the unresponsive period, capture cpu profile via https://aka.ms/vscode-tracing-cpu-profile
2026-09-15 19:40:52.501 [warning] No ptyHost heartbeat after 6 seconds
2026-09-15 19:41:32.636 [warning] No ptyHost heartbeat after 6 seconds
2026-09-15 19:43:07.979 [warning] No ptyHost heartbeat after 6 seconds
2026-09-15 19:56:19.326 [warning] No ptyHost heartbeat after 6 seconds
2026-09-15 20:08:24.577 [warning] No ptyHost heartbeat after 6 seconds
2026-09-15 20:08:34.803 [warning] No ptyHost heartbeat after 6 seconds
2026-09-15 20:09:37.040 [warning] No ptyHost heartbeat after 6 seconds
2026-09-15 20:12:22.541 [warning] No ptyHost heartbeat after 6 seconds
2026-09-15 21:37:23.037 [warning] No ptyHost heartbeat after 6 seconds
2026-09-15 21:37:35.686 [warning] No ptyHost heartbeat after 6 seconds
2026-09-15 21:37:45.984 [error] CodeWindow: detected unresponsive
2026-09-15 21:37:49.758 [error] CodeWindow: recovered from unresponsive
2026-09-15 21:37:55.689 [warning] No ptyHost heartbeat after 6 seconds
2026-09-15 21:44:25.712 [warning] No ptyHost heartbeat after 6 seconds
2026-09-15 22:41:58.918 [warning] No ptyHost heartbeat after 6 seconds
2026-09-15 22:42:44.830 [warning] No ptyHost heartbeat after 6 seconds
2026-09-15 22:43:06.835 [warning] No ptyHost heartbeat after 6 seconds
2026-09-15 22:46:10.099 [warning] No ptyHost heartbeat after 6 seconds
2026-09-15 22:47:32.552 [warning] No ptyHost heartbeat after 6 seconds
2026-09-15 22:52:42.070 [warning] No ptyHost heartbeat after 6 seconds
2026-09-15 22:53:57.050 [warning] No ptyHost heartbeat after 6 seconds
2026-09-15 22:54:14.390 [warning] No ptyHost heartbeat after 6 seconds
2026-09-15 22:59:01.174 [warning] No ptyHost heartbeat after 6 seconds
2026-09-15 23:01:31.994 [warning] No ptyHost heartbeat after 6 seconds
2026-09-15 23:02:00.097 [warning] No ptyHost heartbeat after 6 seconds
2026-09-15 23:06:18.004 [warning] No ptyHost heartbeat after 6 seconds
2026-09-15 23:08:01.413 [warning] No ptyHost heartbeat after 6 seconds
2026-09-15 23:16:58.658 [warning] No ptyHost heartbeat after 6 seconds
2026-09-15 23:17:32.055 [warning] No ptyHost heartbeat after 6 seconds
2026-09-15 23:23:04.790 [warning] No ptyHost heartbeat after 6 seconds
2026-09-15 23:24:04.699 [warning] No ptyHost heartbeat after 6 seconds
2026-09-15 23:28:59.872 [warning] No ptyHost heartbeat after 6 seconds
2026-09-15 23:56:48.066 [warning] No ptyHost heartbeat after 6 seconds
2026-09-15 23:57:32.028 [warning] No ptyHost heartbeat after 6 seconds
2026-09-15 23:59:51.520 [warning] No ptyHost heartbeat after 6 seconds
2026-09-16 00:00:06.369 [warning] No ptyHost heartbeat after 6 seconds
2026-09-16 00:01:56.992 [error] CodeWindow: detected unresponsive
2026-09-16 00:02:32.079 [error] CodeWindow: recovered from unresponsive
2026-09-16 00:02:58.254 [error] CodeWindow: detected unresponsive
2026-09-16 00:02:59.128 [error] CodeWindow: recovered from unresponsive
2026-09-16 00:06:40.802 [warning] No ptyHost heartbeat after 6 seconds
2026-09-16 00:07:40.288 [warning] No ptyHost heartbeat after 6 seconds
2026-09-16 00:14:16.033 [error] CodeWindow: detected unresponsive
2026-09-16 00:14:28.657 [error] CodeWindow: recovered from unresponsive
2026-09-16 00:15:20.077 [warning] No ptyHost heartbeat after 6 seconds
2026-09-16 00:16:01.627 [error] CodeWindow: detected unresponsive
2026-09-16 00:16:14.078 [error] CodeWindow: recovered from unresponsive
2026-09-16 00:19:30.690 [warning] No ptyHost heartbeat after 6 seconds
2026-09-16 00:26:02.309 [warning] No ptyHost heartbeat after 6 seconds
2026-09-16 00:36:17.444 [warning] No ptyHost heartbeat after 6 seconds
2026-09-16 00:41:24.072 [warning] No ptyHost heartbeat after 6 seconds
2026-09-16 00:43:33.396 [warning] No ptyHost heartbeat after 6 seconds
2026-09-16 00:46:08.570 [warning] No ptyHost heartbeat after 6 seconds
2026-09-16 00:51:36.275 [warning] No ptyHost heartbeat after 6 seconds
2026-09-16 00:52:16.565 [warning] No ptyHost heartbeat after 6 seconds
2026-09-16 00:53:47.701 [warning] No ptyHost heartbeat after 6 seconds
2026-09-16 00:56:14.572 [warning] No ptyHost heartbeat after 6 seconds
2026-09-16 01:00:19.039 [warning] No ptyHost heartbeat after 6 seconds
2026-09-16 01:10:11.636 [warning] No ptyHost heartbeat after 6 seconds
2026-09-16 01:10:33.703 [warning] No ptyHost heartbeat after 6 seconds
2026-09-16 01:14:19.127 [warning] No ptyHost heartbeat after 6 seconds
2026-09-16 01:16:24.704 [warning] No ptyHost heartbeat after 6 seconds
2026-09-16 01:16:37.333 [warning] No ptyHost heartbeat after 6 seconds
2026-09-16 01:16:48.517 [warning] No ptyHost heartbeat after 6 seconds
2026-09-16 01:17:34.878 [warning] No ptyHost heartbeat after 6 seconds
2026-09-16 01:18:19.765 [warning] No ptyHost heartbeat after 6 seconds
2026-09-16 01:18:34.656 [warning] No ptyHost heartbeat after 6 seconds
2026-09-16 01:20:54.139 [warning] No ptyHost heartbeat after 6 seconds
2026-09-16 01:21:44.538 [warning] No ptyHost heartbeat after 6 seconds
2026-09-16 01:22:12.868 [warning] No ptyHost heartbeat after 6 seconds
2026-09-16 01:22:26.854 [warning] No ptyHost heartbeat after 6 seconds
2026-09-16 01:22:32.165 [error] No ptyHost heartbeat after 12 seconds
2026-09-16 01:22:51.649 [error] CodeWindow: detected unresponsive
2026-09-16 01:23:55.638 [error] [uncaught exception in main]: UnresponsiveSampleError: UnresponsiveSampleError: from window with ID 1 belonging to process with pid 5062
2026-09-16 01:23:56.322 [error] 
    at vscode-file://vscode-app/usr/share/code/resources/app/out/vs/workbench/workbench.desktop.main.js:1141:10738
2026-09-16 01:23:56.685 [error] [uncaught exception in main]: UnresponsiveSampleError: UnresponsiveSampleError: from window with ID 1 belonging to process with pid 5062
2026-09-16 01:23:56.685 [error] 
    at vscode-file://vscode-app/usr/share/code/resources/app/out/vs/workbench/workbench.desktop.main.js:434:80513
2026-09-16 01:23:56.686 [error] [uncaught exception in main]: UnresponsiveSampleError: UnresponsiveSampleError: from window with ID 1 belonging to process with pid 5062
2026-09-16 01:23:56.686 [error] 
    at MessagePort.ve (vscode-file://vscode-app/usr/share/code/resources/app/out/vs/workbench/workbench.desktop.main.js:431:15541)
2026-09-16 01:23:56.687 [error] [uncaught exception in main]: UnresponsiveSampleError: UnresponsiveSampleError: from window with ID 1 belonging to process with pid 5062
2026-09-16 01:23:56.687 [error] 
    at Ct.onTimeout (vscode-file://vscode-app/usr/share/code/resources/app/out/vs/workbench/workbench.desktop.main.js:434:81648)
2026-09-16 01:23:56.687 [error] [uncaught exception in main]: UnresponsiveSampleError: UnresponsiveSampleError: from window with ID 1 belonging to process with pid 5062
2026-09-16 01:23:56.688 [error] 
    at HTMLBodyElement.<anonymous> (vscode-file://vscode-app/usr/share/code/resources/app/out/vs/workbench/workbench.desktop.main.js:439:19258)
2026-09-16 01:23:56.688 [error] [uncaught exception in main]: UnresponsiveSampleError: UnresponsiveSampleError: from window with ID 1 belonging to process with pid 5062
2026-09-16 01:23:56.688 [error] 
    at MessagePort.<anonymous> (vscode-file://vscode-app/usr/share/code/resources/app/out/vs/workbench/workbench.desktop.main.js:5662:16869)
2026-09-16 01:23:56.689 [error] [uncaught exception in main]: UnresponsiveSampleError: UnresponsiveSampleError: from window with ID 1 belonging to process with pid 5062
2026-09-16 01:23:56.689 [error] 
    at vscode-file://vscode-app/usr/share/code/resources/app/out/vs/workbench/workbench.desktop.main.js:434:81003
2026-09-16 01:23:56.728 [error] [uncaught exception in main]: UnresponsiveSampleError: UnresponsiveSampleError: from window with ID 1 belonging to process with pid 5062
2026-09-16 01:23:56.728 [error] 
    at HTMLDivElement.<anonymous> (vscode-file://vscode-app/usr/share/code/resources/app/out/vs/workbench/workbench.desktop.main.js:513:20153)
2026-09-16 01:23:56.729 [error] [uncaught exception in main]: UnresponsiveSampleError: UnresponsiveSampleError: from window with ID 1 belonging to process with pid 5062
2026-09-16 01:23:56.729 [error] 
    at HTMLDivElement.a (vscode-file://vscode-app/usr/share/code/resources/app/out/vs/workbench/workbench.desktop.main.js:513:53403)
2026-09-16 01:23:56.729 [error] [uncaught exception in main]: UnresponsiveSampleError: UnresponsiveSampleError: from window with ID 1 belonging to process with pid 5062
2026-09-16 01:23:56.729 [error] 
    at vscode-file://vscode-app/usr/share/code/resources/app/out/vs/workbench/workbench.desktop.main.js:431:13205
2026-09-16 01:23:56.730 [error] [uncaught exception in main]: UnresponsiveSampleError: UnresponsiveSampleError: from window with ID 1 belonging to process with pid 5062
2026-09-16 01:23:56.730 [error] 
    at vscode-file://vscode-app/usr/share/code/resources/app/out/vs/workbench/workbench.desktop.main.js:439:17634
2026-09-16 01:23:56.730 [error] [uncaught exception in main]: UnresponsiveSampleError: UnresponsiveSampleError: from window with ID 1 belonging to process with pid 5062
2026-09-16 01:23:56.731 [error] 
    at vscode-file://vscode-app/usr/share/code/resources/app/out/vs/workbench/workbench.desktop.main.js:439:4381
2026-09-16 01:23:56.731 [error] [uncaught exception in main]: UnresponsiveSampleError: UnresponsiveSampleError: from window with ID 1 belonging to process with pid 5062
2026-09-16 01:23:56.732 [error] 
    at vscode-file://vscode-app/usr/share/code/resources/app/out/vs/workbench/workbench.desktop.main.js:439:3579
2026-09-16 01:23:56.732 [error] [uncaught exception in main]: UnresponsiveSampleError: UnresponsiveSampleError: from window with ID 1 belonging to process with pid 5062
2026-09-16 01:23:56.733 [error] 
    at HTMLDivElement.<anonymous> (vscode-file://vscode-app/usr/share/code/resources/app/out/vs/workbench/workbench.desktop.main.js:508:55681)
2026-09-16 01:23:56.733 [error] [uncaught exception in main]: UnresponsiveSampleError: UnresponsiveSampleError: from window with ID 1 belonging to process with pid 5062
2026-09-16 01:23:56.733 [error] 
    at HTMLDivElement.<anonymous> (vscode-file://vscode-app/usr/share/code/resources/app/out/vs/workbench/workbench.desktop.main.js:2066:125233)
2026-09-16 01:23:56.733 [error] [uncaught exception in main]: UnresponsiveSampleError: UnresponsiveSampleError: from window with ID 1 belonging to process with pid 5062
2026-09-16 01:23:56.733 [error] 
    at Nt (vscode-file://vscode-app/usr/share/code/resources/app/out/vs/workbench/workbench.desktop.main.js:431:12519)
2026-09-16 01:23:56.734 [error] [uncaught exception in main]: UnresponsiveSampleError: UnresponsiveSampleError: from window with ID 1 belonging to process with pid 5062
2026-09-16 01:23:56.734 [error] 
    at HTMLDivElement.<anonymous> (vscode-file://vscode-app/usr/share/code/resources/app/out/vs/workbench/workbench.desktop.main.js:2066:125170)
2026-09-16 01:23:56.734 [error] [uncaught exception in main]: UnresponsiveSampleError: UnresponsiveSampleError: from window with ID 1 belonging to process with pid 5062
2026-09-16 01:23:56.734 [error] 
    at HTMLDivElement.<anonymous> (vscode-file://vscode-app/usr/share/code/resources/app/out/vs/workbench/workbench.desktop.main.js:513:20229)
2026-09-16 01:23:56.735 [error] [uncaught exception in main]: UnresponsiveSampleError: UnresponsiveSampleError: from window with ID 1 belonging to process with pid 5062
2026-09-16 01:23:56.735 [error] 
    at vscode-file://vscode-app/usr/share/code/resources/app/out/vs/workbench/workbench.desktop.main.js:434:74469
2026-09-16 01:23:56.736 [error] [uncaught exception in main]: UnresponsiveSampleError: UnresponsiveSampleError: from window with ID 1 belonging to process with pid 5062
2026-09-16 01:23:56.736 [error] 
    at vscode-file://vscode-app/usr/share/code/resources/app/out/vs/workbench/workbench.desktop.main.js:434:76132
2026-09-16 01:23:56.736 [error] [uncaught exception in main]: UnresponsiveSampleError: UnresponsiveSampleError: from window with ID 1 belonging to process with pid 5062
2026-09-16 01:23:56.736 [error] 
    at bPe.markDidDomLayout (vscode-file://vscode-app/usr/share/code/resources/app/out/vs/workbench/workbench.desktop.main.js:519:87510)
    at ive.readHorizontalRanges (vscode-file://vscode-app/usr/share/code/resources/app/out/vs/workbench/workbench.desktop.main.js:511:6636)
    at VRi._actualReadPixelOffset (vscode-file://vscode-app/usr/share/code/resources/app/out/vs/workbench/workbench.desktop.main.js:512:16763)
    at VRi._readPixelOffset (vscode-file://vscode-app/usr/share/code/resources/app/out/vs/workbench/workbench.desktop.main.js:512:16285)
    at VRi.getVisibleRangesForRange (vscode-file://vscode-app/usr/share/code/resources/app/out/vs/workbench/workbench.desktop.main.js:512:15486)
    at s.getVisibleRangesForRange (vscode-file://vscode-app/usr/share/code/resources/app/out/vs/workbench/workbench.desktop.main.js:512:12098)
    at s._visibleRangesForLineRange (vscode-file://vscode-app/usr/share/code/resources/app/out/vs/workbench/workbench.desktop.main.js:519:97137)
    at s.visibleRangeForPosition (vscode-file://vscode-app/usr/share/code/resources/app/out/vs/workbench/workbench.desktop.main.js:519:97430)
    at x0t.visibleRangeForPosition (vscode-file://vscode-app/usr/share/code/resources/app/out/vs/workbench/workbench.desktop.main.js:511:3996)
    at AWt.prepareRender (vscode-file://vscode-app/usr/share/code/resources/app/out/vs/workbench/workbench.desktop.main.js:519:79031)
    at dWt.prepareRender (vscode-file://vscode-app/usr/share/code/resources/app/out/vs/workbench/workbench.desktop.main.js:519:31985)
    at Object.prepareRender (vscode-file://vscode-app/usr/share/code/resources/app/out/vs/workbench/workbench.desktop.main.js:671:22802)
    at Object.prepareRender (vscode-file://vscode-app/usr/share/code/resources/app/out/vs/workbench/workbench.desktop.main.js:671:21259)
    at vscode-file://vscode-app/usr/share/code/resources/app/out/vs/workbench/workbench.desktop.main.js:671:27050
    at poe (vscode-file://vscode-app/usr/share/code/resources/app/out/vs/workbench/workbench.desktop.main.js:671:25975)
    at s._onRenderScheduled (vscode-file://vscode-app/usr/share/code/resources/app/out/vs/workbench/workbench.desktop.main.js:671:27040)
    at Zit.e [as _runner] (vscode-file://vscode-app/usr/share/code/resources/app/out/vs/workbench/workbench.desktop.main.js:671:26596)
    at Zit.execute (vscode-file://vscode-app/usr/share/code/resources/app/out/vs/workbench/workbench.desktop.main.js:439:3975)
    at i (vscode-file://vscode-app/usr/share/code/resources/app/out/vs/workbench/workbench.desktop.main.js:439:4220)
    at vscode-file://vscode-app/usr/share/code/resources/app/out/vs/workbench/workbench.desktop.main.js:439:4385
2026-09-16 01:23:56.767 [error] [uncaught exception in main]: UnresponsiveSampleError: UnresponsiveSampleError: from window with ID 1 belonging to process with pid 5062
2026-09-16 01:23:56.768 [error] 
    at vscode-file://vscode-app/usr/share/code/resources/app/out/vs/workbench/workbench.desktop.main.js:712:41849
2026-09-16 01:23:56.768 [error] [uncaught exception in main]: UnresponsiveSampleError: UnresponsiveSampleError: from window with ID 1 belonging to process with pid 5062
2026-09-16 01:23:56.768 [error] 
    at Promise.catch (<anonymous>)
    at W7._refreshChatControlData (vscode-file://vscode-app/usr/share/code/resources/app/out/vs/workbench/workbench.desktop.main.js:1034:11014)
    at vscode-file://vscode-app/usr/share/code/resources/app/out/vs/workbench/workbench.desktop.main.js:1034:11116
2026-09-16 01:23:56.769 [error] [uncaught exception in main]: UnresponsiveSampleError: UnresponsiveSampleError: from window with ID 1 belonging to process with pid 5062
2026-09-16 01:23:56.769 [error] 
    at vscode-file://vscode-app/usr/share/code/resources/app/out/vs/workbench/workbench.desktop.main.js:434:80693
2026-09-16 01:23:56.769 [error] [uncaught exception in main]: UnresponsiveSampleError: UnresponsiveSampleError: from window with ID 1 belonging to process with pid 5062
2026-09-16 01:23:56.770 [error] 
    at get count (vscode-file://vscode-app/usr/share/code/resources/app/out/vs/workbench/workbench.desktop.main.js:945:30277)
    at KOi.probeDynamicHeights (vscode-file://vscode-app/usr/share/code/resources/app/out/vs/workbench/workbench.desktop.main.js:945:39525)
    at KOi.renderState (vscode-file://vscode-app/usr/share/code/resources/app/out/vs/workbench/workbench.desktop.main.js:945:38952)
    at KOi.rerender (vscode-file://vscode-app/usr/share/code/resources/app/out/vs/workbench/workbench.desktop.main.js:945:39015)
    at iLe.value (vscode-file://vscode-app/usr/share/code/resources/app/out/vs/workbench/workbench.desktop.main.js:945:32164)
    at D._deliver (vscode-file://vscode-app/usr/share/code/resources/app/out/vs/workbench/workbench.desktop.main.js:433:3642)
    at D.fire (vscode-file://vscode-app/usr/share/code/resources/app/out/vs/workbench/workbench.desktop.main.js:433:3961)
    at iLe.value (vscode-file://vscode-app/usr/share/code/resources/app/out/vs/workbench/workbench.desktop.main.js:431:11603)
    at D._deliver (vscode-file://vscode-app/usr/share/code/resources/app/out/vs/workbench/workbench.desktop.main.js:433:3642)
    at D._deliverQueue (vscode-file://vscode-app/usr/share/code/resources/app/out/vs/workbench/workbench.desktop.main.js:433:3731)
    at D.fire (vscode-file://vscode-app/usr/share/code/resources/app/out/vs/workbench/workbench.desktop.main.js:433:4066)
    at v1t.spliceSimple (vscode-file://vscode-app/usr/share/code/resources/app/out/vs/workbench/workbench.desktop.main.js:945:4340)
    at v1t.splice (vscode-file://vscode-app/usr/share/code/resources/app/out/vs/workbench/workbench.desktop.main.js:945:2414)
    at Tj._setChildren (vscode-file://vscode-app/usr/share/code/resources/app/out/vs/workbench/workbench.desktop.main.js:946:7429)
    at Tj.setChildren (vscode-file://vscode-app/usr/share/code/resources/app/out/vs/workbench/workbench.desktop.main.js:946:6849)
    at YOi._setChildren (vscode-file://vscode-app/usr/share/code/resources/app/out/vs/workbench/workbench.desktop.main.js:946:13203)
    at YOi.setChildren (vscode-file://vscode-app/usr/share/code/resources/app/out/vs/workbench/workbench.desktop.main.js:946:12091)
    at C1t.setChildren (vscode-file://vscode-app/usr/share/code/resources/app/out/vs/workbench/workbench.desktop.main.js:946:16713)
    at MNe.setChildren (vscode-file://vscode-app/usr/share/code/resources/app/out/vs/workbench/workbench.desktop.main.js:946:21372)
    at IC.render (vscode-file://vscode-app/usr/share/code/resources/app/out/vs/workbench/workbench.desktop.main.js:946:41612)
    at IC.render (vscode-file://vscode-app/usr/share/code/resources/app/out/vs/workbench/workbench.desktop.main.js:946:46142)
    at IC.refreshAndRenderNode (vscode-file://vscode-app/usr/share/code/resources/app/out/vs/workbench/workbench.desktop.main.js:946:38214)
    at async IC._updateChildren (vscode-file://vscode-app/usr/share/code/resources/app/out/vs/workbench/workbench.desktop.main.js:946:34367)
    at async IC.updateChildren (vscode-file://vscode-app/usr/share/code/resources/app/out/vs/workbench/workbench.desktop.main.js:946:33863)
    at async hhe.refresh (vscode-file://vscode-app/usr/share/code/resources/app/out/vs/workbench/workbench.desktop.main.js:4311:83368)
    at async Ct.runner (vscode-file://vscode-app/usr/share/code/resources/app/out/vs/workbench/workbench.desktop.main.js:4311:79214)
2026-09-16 01:23:56.770 [error] [uncaught exception in main]: UnresponsiveSampleError: UnresponsiveSampleError: from window with ID 1 belonging to process with pid 5062
2026-09-16 01:23:56.771 [error] 
    at s.wrap (vscode-file://vscode-app/usr/share/code/resources/app/out/vs/workbench/workbench.desktop.main.js:434:96947)
    at MessagePort.<anonymous> (vscode-file://vscode-app/usr/share/code/resources/app/out/vs/workbench/workbench.desktop.main.js:5662:16891)
2026-09-16 01:23:56.771 [error] [uncaught exception in main]: UnresponsiveSampleError: UnresponsiveSampleError: from window with ID 1 belonging to process with pid 5062
2026-09-16 01:23:56.772 [error] 
    at Promise.<anonymous> (<anonymous>)
2026-09-16 01:23:56.772 [error] [uncaught exception in main]: UnresponsiveSampleError: UnresponsiveSampleError: from window with ID 1 belonging to process with pid 5062
2026-09-16 01:23:56.772 [error] 
    at vscode-file://vscode-app/usr/share/code/resources/app/out/vs/workbench/workbench.desktop.main.js:1371:39914
2026-09-16 01:23:56.773 [error] [uncaught exception in main]: UnresponsiveSampleError: UnresponsiveSampleError: from window with ID 1 belonging to process with pid 5062
2026-09-16 01:23:56.773 [error] 
    at HTMLBodyElement.<anonymous> (vscode-file://vscode-app/usr/share/code/resources/app/out/vs/workbench/workbench.desktop.main.js:439:19173)
2026-09-16 01:23:56.773 [error] [uncaught exception in main]: UnresponsiveSampleError: UnresponsiveSampleError: from window with ID 1 belonging to process with pid 5062
2026-09-16 01:23:56.773 [error] 
    at i (vscode-file://vscode-app/usr/share/code/resources/app/out/vs/workbench/workbench.desktop.main.js:2065:179840)
2026-09-16 01:23:56.774 [error] [uncaught exception in main]: UnresponsiveSampleError: UnresponsiveSampleError: from window with ID 1 belonging to process with pid 5062
2026-09-16 01:23:56.774 [error] 
    at D1e.layout (vscode-file://vscode-app/usr/share/code/resources/app/out/vs/workbench/workbench.desktop.main.js:2066:108941)
    at D1e.render (vscode-file://vscode-app/usr/share/code/resources/app/out/vs/workbench/workbench.desktop.main.js:2066:108391)
    at AQi.render (vscode-file://vscode-app/usr/share/code/resources/app/out/vs/workbench/workbench.desktop.main.js:2066:126820)
    at s.show (vscode-file://vscode-app/usr/share/code/resources/app/out/vs/workbench/workbench.desktop.main.js:893:2350)
    at Uvt._showHover (vscode-file://vscode-app/usr/share/code/resources/app/out/vs/workbench/workbench.desktop.main.js:2066:122435)
    at Uvt.showInstantHover (vscode-file://vscode-app/usr/share/code/resources/app/out/vs/workbench/workbench.desktop.main.js:2066:117806)
    at Fg.showHover (vscode-file://vscode-app/usr/share/code/resources/app/out/vs/workbench/workbench.desktop.main.js:937:149231)
    at Tei.show (vscode-file://vscode-app/usr/share/code/resources/app/out/vs/workbench/workbench.desktop.main.js:2066:116633)
    at Tei.update (vscode-file://vscode-app/usr/share/code/resources/app/out/vs/workbench/workbench.desktop.main.js:2066:116191)
    at vscode-file://vscode-app/usr/share/code/resources/app/out/vs/workbench/workbench.desktop.main.js:2066:124984
    at vscode-file://vscode-app/usr/share/code/resources/app/out/vs/workbench/workbench.desktop.main.js:434:80717
2026-09-16 01:23:56.774 [error] [uncaught exception in main]: UnresponsiveSampleError: UnresponsiveSampleError: from window with ID 1 belonging to process with pid 5062
2026-09-16 01:23:56.775 [error] 
    at Ct.schedule (vscode-file://vscode-app/usr/share/code/resources/app/out/vs/workbench/workbench.desktop.main.js:434:81391)
    at s.infinite (vscode-file://vscode-app/usr/share/code/resources/app/out/vs/workbench/workbench.desktop.main.js:1153:60994)
    at aBe.doShowWhile (vscode-file://vscode-app/usr/share/code/resources/app/out/vs/workbench/workbench.desktop.main.js:1153:65374)
    at aBe.showWhile (vscode-file://vscode-app/usr/share/code/resources/app/out/vs/workbench/workbench.desktop.main.js:1153:65133)
    at r (vscode-file://vscode-app/usr/share/code/resources/app/out/vs/workbench/workbench.desktop.main.js:1960:21863)
    at Nft.withCompositeProgress (vscode-file://vscode-app/usr/share/code/resources/app/out/vs/workbench/workbench.desktop.main.js:1960:21922)
    at Nft.withPaneCompositeProgress (vscode-file://vscode-app/usr/share/code/resources/app/out/vs/workbench/workbench.desktop.main.js:1960:20938)
    at Nft.withProgress (vscode-file://vscode-app/usr/share/code/resources/app/out/vs/workbench/workbench.desktop.main.js:1960:16997)
    at T2e.getChildren (vscode-file://vscode-app/usr/share/code/resources/app/out/vs/workbench/workbench.desktop.main.js:2924:49071)
    at IC.doGetChildren (vscode-file://vscode-app/usr/share/code/resources/app/out/vs/workbench/workbench.desktop.main.js:946:39483)
    at IC.doRefreshNode (vscode-file://vscode-app/usr/share/code/resources/app/out/vs/workbench/workbench.desktop.main.js:946:39013)
    at vscode-file://vscode-app/usr/share/code/resources/app/out/vs/workbench/workbench.desktop.main.js:946:38626
    at lr (vscode-file://vscode-app/usr/share/code/resources/app/out/vs/workbench/workbench.desktop.main.js:434:71918)
    at IC.doRefreshSubTree (vscode-file://vscode-app/usr/share/code/resources/app/out/vs/workbench/workbench.desktop.main.js:946:38596)
    at vscode-file://vscode-app/usr/share/code/resources/app/out/vs/workbench/workbench.desktop.main.js:946:38689
    at Array.map (<anonymous>)
    at vscode-file://vscode-app/usr/share/code/resources/app/out/vs/workbench/workbench.desktop.main.js:946:38677
2026-09-16 01:23:56.775 [error] [uncaught exception in main]: UnresponsiveSampleError: UnresponsiveSampleError: from window with ID 1 belonging to process with pid 5062
2026-09-16 01:23:56.775 [error] 
    at dF.onTimeout (vscode-file://vscode-app/usr/share/code/resources/app/out/vs/workbench/workbench.desktop.main.js:434:81648)
2026-09-16 01:23:56.776 [error] [uncaught exception in main]: UnresponsiveSampleError: UnresponsiveSampleError: from window with ID 1 belonging to process with pid 5062
2026-09-16 01:23:56.776 [error] 
    at HTMLDivElement.<anonymous> (vscode-file://vscode-app/usr/share/code/resources/app/out/vs/workbench/workbench.desktop.main.js:671:112)
2026-09-16 01:23:56.776 [error] [uncaught exception in main]: UnresponsiveSampleError: UnresponsiveSampleError: from window with ID 1 belonging to process with pid 5062
2026-09-16 01:23:56.776 [error] 
    at vscode-file://vscode-app/usr/share/code/resources/app/out/vs/workbench/workbench.desktop.main.js:433:5578
2026-09-16 01:23:56.777 [error] [uncaught exception in main]: UnresponsiveSampleError: UnresponsiveSampleError: from window with ID 1 belonging to process with pid 5062
2026-09-16 01:23:56.777 [error] 
    at Ro (vscode-file://vscode-app/usr/share/code/resources/app/out/vs/workbench/workbench.desktop.main.js:442:16157)
    at vscode-file://vscode-app/usr/share/code/resources/app/out/vs/workbench/workbench.desktop.main.js:442:16316
    at Array.forEach (<anonymous>)
    at Ro (vscode-file://vscode-app/usr/share/code/resources/app/out/vs/workbench/workbench.desktop.main.js:442:16271)
    at vscode-file://vscode-app/usr/share/code/resources/app/out/vs/workbench/workbench.desktop.main.js:442:16316
    at Array.forEach (<anonymous>)
    at Ro (vscode-file://vscode-app/usr/share/code/resources/app/out/vs/workbench/workbench.desktop.main.js:442:16271)
    at vscode-file://vscode-app/usr/share/code/resources/app/out/vs/workbench/workbench.desktop.main.js:442:16316
    at Array.forEach (<anonymous>)
    at Ro (vscode-file://vscode-app/usr/share/code/resources/app/out/vs/workbench/workbench.desktop.main.js:442:16271)
    at s.merge (vscode-file://vscode-app/usr/share/code/resources/app/out/vs/workbench/workbench.desktop.main.js:5604:14073)
    at $Lt.getConsolidatedConfigurationModel (vscode-file://vscode-app/usr/share/code/resources/app/out/vs/workbench/workbench.desktop.main.js:5604:30453)
    at $Lt.getValue (vscode-file://vscode-app/usr/share/code/resources/app/out/vs/workbench/workbench.desktop.main.js:5604:24879)
    at $Lt.getValue (vscode-file://vscode-app/usr/share/code/resources/app/out/vs/workbench/workbench.desktop.main.js:5606:1644)
    at Gwi.getValue (vscode-file://vscode-app/usr/share/code/resources/app/out/vs/workbench/workbench.desktop.main.js:5606:42376)
    at Zle.fetchChildren (vscode-file://vscode-app/usr/share/code/resources/app/out/vs/workbench/workbench.desktop.main.js:2871:4104)
    at T2e.getChildren (vscode-file://vscode-app/usr/share/code/resources/app/out/vs/workbench/workbench.desktop.main.js:2924:48591)
    at IC.doGetChildren (vscode-file://vscode-app/usr/share/code/resources/app/out/vs/workbench/workbench.desktop.main.js:946:39483)
    at IC.doRefreshNode (vscode-file://vscode-app/usr/share/code/resources/app/out/vs/workbench/workbench.desktop.main.js:946:39013)
    at vscode-file://vscode-app/usr/share/code/resources/app/out/vs/workbench/workbench.desktop.main.js:946:38626
    at lr (vscode-file://vscode-app/usr/share/code/resources/app/out/vs/workbench/workbench.desktop.main.js:434:71918)
    at IC.doRefreshSubTree (vscode-file://vscode-app/usr/share/code/resources/app/out/vs/workbench/workbench.desktop.main.js:946:38596)
    at vscode-file://vscode-app/usr/share/code/resources/app/out/vs/workbench/workbench.desktop.main.js:946:38689
    at Array.map (<anonymous>)
    at vscode-file://vscode-app/usr/share/code/resources/app/out/vs/workbench/workbench.desktop.main.js:946:38677
2026-09-16 01:23:56.777 [error] [uncaught exception in main]: UnresponsiveSampleError: UnresponsiveSampleError: from window with ID 1 belonging to process with pid 5062
2026-09-16 01:23:56.777 [error] 
    at get count (vscode-file://vscode-app/usr/share/code/resources/app/out/vs/workbench/workbench.desktop.main.js:945:30277)
    at KOi.probeDynamicHeights (vscode-file://vscode-app/usr/share/code/resources/app/out/vs/workbench/workbench.desktop.main.js:945:39525)
    at KOi.renderState (vscode-file://vscode-app/usr/share/code/resources/app/out/vs/workbench/workbench.desktop.main.js:945:38952)
    at KOi.setState (vscode-file://vscode-app/usr/share/code/resources/app/out/vs/workbench/workbench.desktop.main.js:945:38071)
    at S1t.update (vscode-file://vscode-app/usr/share/code/resources/app/out/vs/workbench/workbench.desktop.main.js:945:32681)
    at iLe.value (vscode-file://vscode-app/usr/share/code/resources/app/out/vs/workbench/workbench.desktop.main.js:945:31604)
    at D._deliver (vscode-file://vscode-app/usr/share/code/resources/app/out/vs/workbench/workbench.desktop.main.js:433:3642)
    at D.fire (vscode-file://vscode-app/usr/share/code/resources/app/out/vs/workbench/workbench.desktop.main.js:433:3961)
    at iLe.value (vscode-file://vscode-app/usr/share/code/resources/app/out/vs/workbench/workbench.desktop.main.js:431:11810)
    at D._deliver (vscode-file://vscode-app/usr/share/code/resources/app/out/vs/workbench/workbench.desktop.main.js:433:3642)
    at D.fire (vscode-file://vscode-app/usr/share/code/resources/app/out/vs/workbench/workbench.desktop.main.js:433:3961)
    at AA.splice (vscode-file://vscode-app/usr/share/code/resources/app/out/vs/workbench/workbench.desktop.main.js:715:16197)
    at vscode-file://vscode-app/usr/share/code/resources/app/out/vs/workbench/workbench.desktop.main.js:713:125
    at Array.forEach (<anonymous>)
    at $Bt.splice (vscode-file://vscode-app/usr/share/code/resources/app/out/vs/workbench/workbench.desktop.main.js:713:112)
    at vscode-file://vscode-app/usr/share/code/resources/app/out/vs/workbench/workbench.desktop.main.js:758:9026
    at pH.bufferEvents (vscode-file://vscode-app/usr/share/code/resources/app/out/vs/workbench/workbench.desktop.main.js:433:7493)
    at $Oi.splice (vscode-file://vscode-app/usr/share/code/resources/app/out/vs/workbench/workbench.desktop.main.js:758:8993)
    at $Oi.splice (vscode-file://vscode-app/usr/share/code/resources/app/out/vs/workbench/workbench.desktop.main.js:945:51540)
    at iLe.value (vscode-file://vscode-app/usr/share/code/resources/app/out/vs/workbench/workbench.desktop.main.js:946:4559)
    at D._deliver (vscode-file://vscode-app/usr/share/code/resources/app/out/vs/workbench/workbench.desktop.main.js:433:3642)
    at D.fire (vscode-file://vscode-app/usr/share/code/resources/app/out/vs/workbench/workbench.desktop.main.js:433:3961)
    at iLe.value (vscode-file://vscode-app/usr/share/code/resources/app/out/vs/workbench/workbench.desktop.main.js:431:11603)
    at D._deliver (vscode-file://vscode-app/usr/share/code/resources/app/out/vs/workbench/workbench.desktop.main.js:433:3642)
    at D._deliverQueue (vscode-file://vscode-app/usr/share/code/resources/app/out/vs/workbench/workbench.desktop.main.js:433:3731)
    at D.fire (vscode-file://vscode-app/usr/share/code/resources/app/out/vs/workbench/workbench.desktop.main.js:433:4066)
    at v1t.spliceSimple (vscode-file://vscode-app/usr/share/code/resources/app/out/vs/workbench/workbench.desktop.main.js:945:4340)
    at v1t.splice (vscode-file://vscode-app/usr/share/code/resources/app/out/vs/workbench/workbench.desktop.main.js:945:2414)
    at Tj._setChildren (vscode-file://vscode-app/usr/share/code/resources/app/out/vs/workbench/workbench.desktop.main.js:946:7429)
    at Tj.setChildren (vscode-file://vscode-app/usr/share/code/resources/app/out/vs/workbench/workbench.desktop.main.js:946:6849)
    at YOi._setChildren (vscode-file://vscode-app/usr/share/code/resources/app/out/vs/workbench/workbench.desktop.main.js:946:13203)
    at YOi.setChildren (vscode-file://vscode-app/usr/share/code/resources/app/out/vs/workbench/workbench.desktop.main.js:946:12091)
    at C1t.setChildren (vscode-file://vscode-app/usr/share/code/resources/app/out/vs/workbench/workbench.desktop.main.js:946:16713)
    at MNe.setChildren (vscode-file://vscode-app/usr/share/code/resources/app/out/vs/workbench/workbench.desktop.main.js:946:21372)
    at IC.render (vscode-file://vscode-app/usr/share/code/resources/app/out/vs/workbench/workbench.desktop.main.js:946:41612)
    at IC.render (vscode-file://vscode-app/usr/share/code/resources/app/out/vs/workbench/workbench.desktop.main.js:946:46142)
    at IC.refreshAndRenderNode (vscode-file://vscode-app/usr/share/code/resources/app/out/vs/workbench/workbench.desktop.main.js:946:38214)
    at async IC._updateChildren (vscode-file://vscode-app/usr/share/code/resources/app/out/vs/workbench/workbench.desktop.main.js:946:34367)
    at async IC.updateChildren (vscode-file://vscode-app/usr/share/code/resources/app/out/vs/workbench/workbench.desktop.main.js:946:33863)
    at async hhe.refresh (vscode-file://vscode-app/usr/share/code/resources/app/out/vs/workbench/workbench.desktop.main.js:4311:83368)
    at async Ct.runner (vscode-file://vscode-app/usr/share/code/resources/app/out/vs/workbench/workbench.desktop.main.js:4311:79214)
2026-09-16 01:23:56.825 [error] [uncaught exception in main]: UnresponsiveSampleError: UnresponsiveSampleError: from window with ID 1 belonging to process with pid 5062
2026-09-16 01:23:56.825 [error] 
    at L2e.compare (vscode-file://vscode-app/usr/share/code/resources/app/out/vs/workbench/workbench.desktop.main.js:2924:69686)
    at Array.sort (<anonymous>)
    at IC.processChildren (vscode-file://vscode-app/usr/share/code/resources/app/out/vs/workbench/workbench.desktop.main.js:946:42144)
    at IC.processChildren (vscode-file://vscode-app/usr/share/code/resources/app/out/vs/workbench/workbench.desktop.main.js:946:46781)
    at vscode-file://vscode-app/usr/share/code/resources/app/out/vs/workbench/workbench.desktop.main.js:946:39564
2026-09-16 01:23:56.826 [error] [uncaught exception in main]: UnresponsiveSampleError: UnresponsiveSampleError: from window with ID 1 belonging to process with pid 5062
2026-09-16 01:23:56.826 [error] 
    at n.onmessage (vscode-file://vscode-app/usr/share/code/resources/app/out/vs/workbench/workbench.desktop.main.js:1126:15027)
2026-09-16 01:23:56.827 [error] [uncaught exception in main]: UnresponsiveSampleError: UnresponsiveSampleError: from window with ID 1 belonging to process with pid 5062
2026-09-16 01:23:56.827 [error] 
    at vscode-file://vscode-app/usr/share/code/resources/app/out/vs/workbench/workbench.desktop.main.js:937:317286
2026-09-16 01:23:56.827 [error] [uncaught exception in main]: UnresponsiveSampleError: UnresponsiveSampleError: from window with ID 1 belonging to process with pid 5062
2026-09-16 01:23:56.827 [error] 
    at vscode-file://vscode-app/usr/share/code/resources/app/out/vs/workbench/workbench.desktop.main.js:439:18355
2026-09-16 01:23:57.815 [error] CodeWindow unresponsive samples:
<808> 
    at vscode-file://vscode-app/usr/share/code/resources/app/out/vs/workbench/workbench.desktop.main.js:1141:10738
<236> 
    at vscode-file://vscode-app/usr/share/code/resources/app/out/vs/workbench/workbench.desktop.main.js:434:80513
<196> 
    at MessagePort.ve (vscode-file://vscode-app/usr/share/code/resources/app/out/vs/workbench/workbench.desktop.main.js:431:15541)
<168> 
    at Ct.onTimeout (vscode-file://vscode-app/usr/share/code/resources/app/out/vs/workbench/workbench.desktop.main.js:434:81648)
<141> 
    at HTMLBodyElement.<anonymous> (vscode-file://vscode-app/usr/share/code/resources/app/out/vs/workbench/workbench.desktop.main.js:439:19258)
<108> 
    at MessagePort.<anonymous> (vscode-file://vscode-app/usr/share/code/resources/app/out/vs/workbench/workbench.desktop.main.js:5662:16869)
<100> 
    at vscode-file://vscode-app/usr/share/code/resources/app/out/vs/workbench/workbench.desktop.main.js:434:81003
<62> 
    at HTMLDivElement.<anonymous> (vscode-file://vscode-app/usr/share/code/resources/app/out/vs/workbench/workbench.desktop.main.js:513:20153)
<45> 
    at HTMLDivElement.a (vscode-file://vscode-app/usr/share/code/resources/app/out/vs/workbench/workbench.desktop.main.js:513:53403)
<34> 
    at vscode-file://vscode-app/usr/share/code/resources/app/out/vs/workbench/workbench.desktop.main.js:431:13205
<26> 
    at vscode-file://vscode-app/usr/share/code/resources/app/out/vs/workbench/workbench.desktop.main.js:439:17634
<26> 
    at vscode-file://vscode-app/usr/share/code/resources/app/out/vs/workbench/workbench.desktop.main.js:439:4381
<25> 
    at vscode-file://vscode-app/usr/share/code/resources/app/out/vs/workbench/workbench.desktop.main.js:439:3579
<23> 
    at HTMLDivElement.<anonymous> (vscode-file://vscode-app/usr/share/code/resources/app/out/vs/workbench/workbench.desktop.main.js:508:55681)
<19> 
    at HTMLDivElement.<anonymous> (vscode-file://vscode-app/usr/share/code/resources/app/out/vs/workbench/workbench.desktop.main.js:2066:125233)
<12> 
    at Nt (vscode-file://vscode-app/usr/share/code/resources/app/out/vs/workbench/workbench.desktop.main.js:431:12519)
<9> 
    at HTMLDivElement.<anonymous> (vscode-file://vscode-app/usr/share/code/resources/app/out/vs/workbench/workbench.desktop.main.js:2066:125170)
<9> 
    at HTMLDivElement.<anonymous> (vscode-file://vscode-app/usr/share/code/resources/app/out/vs/workbench/workbench.desktop.main.js:513:20229)
<9> 
    at vscode-file://vscode-app/usr/share/code/resources/app/out/vs/workbench/workbench.desktop.main.js:434:74469
<9> 
    at vscode-file://vscode-app/usr/share/code/resources/app/out/vs/workbench/workbench.desktop.main.js:434:76132
<9> 
    at bPe.markDidDomLayout (vscode-file://vscode-app/usr/share/code/resources/app/out/vs/workbench/workbench.desktop.main.js:519:87510)
    at ive.readHorizontalRanges (vscode-file://vscode-app/usr/share/code/resources/app/out/vs/workbench/workbench.desktop.main.js:511:6636)
    at VRi._actualReadPixelOffset (vscode-file://vscode-app/usr/share/code/resources/app/out/vs/workbench/workbench.desktop.main.js:512:16763)
    at VRi._readPixelOffset (vscode-file://vscode-app/usr/share/code/resources/app/out/vs/workbench/workbench.desktop.main.js:512:16285)
    at VRi.getVisibleRangesForRange (vscode-file://vscode-app/usr/share/code/resources/app/out/vs/workbench/workbench.desktop.main.js:512:15486)
    at s.getVisibleRangesForRange (vscode-file://vscode-app/usr/share/code/resources/app/out/vs/workbench/workbench.desktop.main.js:512:12098)
    at s._visibleRangesForLineRange (vscode-file://vscode-app/usr/share/code/resources/app/out/vs/workbench/workbench.desktop.main.js:519:97137)
    at s.visibleRangeForPosition (vscode-file://vscode-app/usr/share/code/resources/app/out/vs/workbench/workbench.desktop.main.js:519:97430)
    at x0t.visibleRangeForPosition (vscode-file://vscode-app/usr/share/code/resources/app/out/vs/workbench/workbench.desktop.main.js:511:3996)
    at AWt.prepareRender (vscode-file://vscode-app/usr/share/code/resources/app/out/vs/workbench/workbench.desktop.main.js:519:79031)
    at dWt.prepareRender (vscode-file://vscode-app/usr/share/code/resources/app/out/vs/workbench/workbench.desktop.main.js:519:31985)
    at Object.prepareRender (vscode-file://vscode-app/usr/share/code/resources/app/out/vs/workbench/workbench.desktop.main.js:671:22802)
    at Object.prepareRender (vscode-file://vscode-app/usr/share/code/resources/app/out/vs/workbench/workbench.desktop.main.js:671:21259)
    at vscode-file://vscode-app/usr/share/code/resources/app/out/vs/workbench/workbench.desktop.main.js:671:27050
    at poe (vscode-file://vscode-app/usr/share/code/resources/app/out/vs/workbench/workbench.desktop.main.js:671:25975)
    at s._onRenderScheduled (vscode-file://vscode-app/usr/share/code/resources/app/out/vs/workbench/workbench.desktop.main.js:671:27040)
    at Zit.e [as _runner] (vscode-file://vscode-app/usr/share/code/resources/app/out/vs/workbench/workbench.desktop.main.js:671:26596)
    at Zit.execute (vscode-file://vscode-app/usr/share/code/resources/app/out/vs/workbench/workbench.desktop.main.js:439:3975)
    at i (vscode-file://vscode-app/usr/share/code/resources/app/out/vs/workbench/workbench.desktop.main.js:439:4220)
    at vscode-file://vscode-app/usr/share/code/resources/app/out/vs/workbench/workbench.desktop.main.js:439:4385
<8> 
    at vscode-file://vscode-app/usr/share/code/resources/app/out/vs/workbench/workbench.desktop.main.js:712:41849
<8> 
    at Promise.catch (<anonymous>)
    at W7._refreshChatControlData (vscode-file://vscode-app/usr/share/code/resources/app/out/vs/workbench/workbench.desktop.main.js:1034:11014)
    at vscode-file://vscode-app/usr/share/code/resources/app/out/vs/workbench/workbench.desktop.main.js:1034:11116
<8> 
    at vscode-file://vscode-app/usr/share/code/resources/app/out/vs/workbench/workbench.desktop.main.js:434:80693
<7> 
    at get count (vscode-file://vscode-app/usr/share/code/resources/app/out/vs/workbench/workbench.desktop.main.js:945:30277)
    at KOi.probeDynamicHeights (vscode-file://vscode-app/usr/share/code/resources/app/out/vs/workbench/workbench.desktop.main.js:945:39525)
    at KOi.renderState (vscode-file://vscode-app/usr/share/code/resources/app/out/vs/workbench/workbench.desktop.main.js:945:38952)
    at KOi.rerender (vscode-file://vscode-app/usr/share/code/resources/app/out/vs/workbench/workbench.desktop.main.js:945:39015)
    at iLe.value (vscode-file://vscode-app/usr/share/code/resources/app/out/vs/workbench/workbench.desktop.main.js:945:32164)
    at D._deliver (vscode-file://vscode-app/usr/share/code/resources/app/out/vs/workbench/workbench.desktop.main.js:433:3642)
    at D.fire (vscode-file://vscode-app/usr/share/code/resources/app/out/vs/workbench/workbench.desktop.main.js:433:3961)
    at iLe.value (vscode-file://vscode-app/usr/share/code/resources/app/out/vs/workbench/workbench.desktop.main.js:431:11603)
    at D._deliver (vscode-file://vscode-app/usr/share/code/resources/app/out/vs/workbench/workbench.desktop.main.js:433:3642)
    at D._deliverQueue (vscode-file://vscode-app/usr/share/code/resources/app/out/vs/workbench/workbench.desktop.main.js:433:3731)
    at D.fire (vscode-file://vscode-app/usr/share/code/resources/app/out/vs/workbench/workbench.desktop.main.js:433:4066)
    at v1t.spliceSimple (vscode-file://vscode-app/usr/share/code/resources/app/out/vs/workbench/workbench.desktop.main.js:945:4340)
    at v1t.splice (vscode-file://vscode-app/usr/share/code/resources/app/out/vs/workbench/workbench.desktop.main.js:945:2414)
    at Tj._setChildren (vscode-file://vscode-app/usr/share/code/resources/app/out/vs/workbench/workbench.desktop.main.js:946:7429)
    at Tj.setChildren (vscode-file://vscode-app/usr/share/code/resources/app/out/vs/workbench/workbench.desktop.main.js:946:6849)
    at YOi._setChildren (vscode-file://vscode-app/usr/share/code/resources/app/out/vs/workbench/workbench.desktop.main.js:946:13203)
    at YOi.setChildren (vscode-file://vscode-app/usr/share/code/resources/app/out/vs/workbench/workbench.desktop.main.js:946:12091)
    at C1t.setChildren (vscode-file://vscode-app/usr/share/code/resources/app/out/vs/workbench/workbench.desktop.main.js:946:16713)
    at MNe.setChildren (vscode-file://vscode-app/usr/share/code/resources/app/out/vs/workbench/workbench.desktop.main.js:946:21372)
    at IC.render (vscode-file://vscode-app/usr/share/code/resources/app/out/vs/workbench/workbench.desktop.main.js:946:41612)
    at IC.render (vscode-file://vscode-app/usr/share/code/resources/app/out/vs/workbench/workbench.desktop.main.js:946:46142)
    at IC.refreshAndRenderNode (vscode-file://vscode-app/usr/share/code/resources/app/out/vs/workbench/workbench.desktop.main.js:946:38214)
    at async IC._updateChildren (vscode-file://vscode-app/usr/share/code/resources/app/out/vs/workbench/workbench.desktop.main.js:946:34367)
    at async IC.updateChildren (vscode-file://vscode-app/usr/share/code/resources/app/out/vs/workbench/workbench.desktop.main.js:946:33863)
    at async hhe.refresh (vscode-file://vscode-app/usr/share/code/resources/app/out/vs/workbench/workbench.desktop.main.js:4311:83368)
    at async Ct.runner (vscode-file://vscode-app/usr/share/code/resources/app/out/vs/workbench/workbench.desktop.main.js:4311:79214)
<7> 
    at s.wrap (vscode-file://vscode-app/usr/share/code/resources/app/out/vs/workbench/workbench.desktop.main.js:434:96947)
    at MessagePort.<anonymous> (vscode-file://vscode-app/usr/share/code/resources/app/out/vs/workbench/workbench.desktop.main.js:5662:16891)
<6> 
    at Promise.<anonymous> (<anonymous>)
<6> 
    at vscode-file://vscode-app/usr/share/code/resources/app/out/vs/workbench/workbench.desktop.main.js:1371:39914
<5> 
    at HTMLBodyElement.<anonymous> (vscode-file://vscode-app/usr/share/code/resources/app/out/vs/workbench/workbench.desktop.main.js:439:19173)
<5> 
    at i (vscode-file://vscode-app/usr/share/code/resources/app/out/vs/workbench/workbench.desktop.main.js:2065:179840)
<5> 
    at D1e.layout (vscode-file://vscode-app/usr/share/code/resources/app/out/vs/workbench/workbench.desktop.main.js:2066:108941)
    at D1e.render (vscode-file://vscode-app/usr/share/code/resources/app/out/vs/workbench/workbench.desktop.main.js:2066:108391)
    at AQi.render (vscode-file://vscode-app/usr/share/code/resources/app/out/vs/workbench/workbench.desktop.main.js:2066:126820)
    at s.show (vscode-file://vscode-app/usr/share/code/resources/app/out/vs/workbench/workbench.desktop.main.js:893:2350)
    at Uvt._showHover (vscode-file://vscode-app/usr/share/code/resources/app/out/vs/workbench/workbench.desktop.main.js:2066:122435)
    at Uvt.showInstantHover (vscode-file://vscode-app/usr/share/code/resources/app/out/vs/workbench/workbench.desktop.main.js:2066:117806)
    at Fg.showHover (vscode-file://vscode-app/usr/share/code/resources/app/out/vs/workbench/workbench.desktop.main.js:937:149231)
    at Tei.show (vscode-file://vscode-app/usr/share/code/resources/app/out/vs/workbench/workbench.desktop.main.js:2066:116633)
    at Tei.update (vscode-file://vscode-app/usr/share/code/resources/app/out/vs/workbench/workbench.desktop.main.js:2066:116191)
    at vscode-file://vscode-app/usr/share/code/resources/app/out/vs/workbench/workbench.desktop.main.js:2066:124984
    at vscode-file://vscode-app/usr/share/code/resources/app/out/vs/workbench/workbench.desktop.main.js:434:80717
<5> 
    at Ct.schedule (vscode-file://vscode-app/usr/share/code/resources/app/out/vs/workbench/workbench.desktop.main.js:434:81391)
    at s.infinite (vscode-file://vscode-app/usr/share/code/resources/app/out/vs/workbench/workbench.desktop.main.js:1153:60994)
    at aBe.doShowWhile (vscode-file://vscode-app/usr/share/code/resources/app/out/vs/workbench/workbench.desktop.main.js:1153:65374)
    at aBe.showWhile (vscode-file://vscode-app/usr/share/code/resources/app/out/vs/workbench/workbench.desktop.main.js:1153:65133)
    at r (vscode-file://vscode-app/usr/share/code/resources/app/out/vs/workbench/workbench.desktop.main.js:1960:21863)
    at Nft.withCompositeProgress (vscode-file://vscode-app/usr/share/code/resources/app/out/vs/workbench/workbench.desktop.main.js:1960:21922)
    at Nft.withPaneCompositeProgress (vscode-file://vscode-app/usr/share/code/resources/app/out/vs/workbench/workbench.desktop.main.js:1960:20938)
    at Nft.withProgress (vscode-file://vscode-app/usr/share/code/resources/app/out/vs/workbench/workbench.desktop.main.js:1960:16997)
    at T2e.getChildren (vscode-file://vscode-app/usr/share/code/resources/app/out/vs/workbench/workbench.desktop.main.js:2924:49071)
    at IC.doGetChildren (vscode-file://vscode-app/usr/share/code/resources/app/out/vs/workbench/workbench.desktop.main.js:946:39483)
    at IC.doRefreshNode (vscode-file://vscode-app/usr/share/code/resources/app/out/vs/workbench/workbench.desktop.main.js:946:39013)
    at vscode-file://vscode-app/usr/share/code/resources/app/out/vs/workbench/workbench.desktop.main.js:946:38626
    at lr (vscode-file://vscode-app/usr/share/code/resources/app/out/vs/workbench/workbench.desktop.main.js:434:71918)
    at IC.doRefreshSubTree (vscode-file://vscode-app/usr/share/code/resources/app/out/vs/workbench/workbench.desktop.main.js:946:38596)
    at vscode-file://vscode-app/usr/share/code/resources/app/out/vs/workbench/workbench.desktop.main.js:946:38689
    at Array.map (<anonymous>)
    at vscode-file://vscode-app/usr/share/code/resources/app/out/vs/workbench/workbench.desktop.main.js:946:38677
<5> 
    at dF.onTimeout (vscode-file://vscode-app/usr/share/code/resources/app/out/vs/workbench/workbench.desktop.main.js:434:81648)
<5> 
    at HTMLDivElement.<anonymous> (vscode-file://vscode-app/usr/share/code/resources/app/out/vs/workbench/workbench.desktop.main.js:671:112)
<4> 
    at vscode-file://vscode-app/usr/share/code/resources/app/out/vs/workbench/workbench.desktop.main.js:433:5578
<4> 
    at Ro (vscode-file://vscode-app/usr/share/code/resources/app/out/vs/workbench/workbench.desktop.main.js:442:16157)
    at vscode-file://vscode-app/usr/share/code/resources/app/out/vs/workbench/workbench.desktop.main.js:442:16316
    at Array.forEach (<anonymous>)
    at Ro (vscode-file://vscode-app/usr/share/code/resources/app/out/vs/workbench/workbench.desktop.main.js:442:16271)
    at vscode-file://vscode-app/usr/share/code/resources/app/out/vs/workbench/workbench.desktop.main.js:442:16316
    at Array.forEach (<anonymous>)
    at Ro (vscode-file://vscode-app/usr/share/code/resources/app/out/vs/workbench/workbench.desktop.main.js:442:16271)
    at vscode-file://vscode-app/usr/share/code/resources/app/out/vs/workbench/workbench.desktop.main.js:442:16316
    at Array.forEach (<anonymous>)
    at Ro (vscode-file://vscode-app/usr/share/code/resources/app/out/vs/workbench/workbench.desktop.main.js:442:16271)
    at s.merge (vscode-file://vscode-app/usr/share/code/resources/app/out/vs/workbench/workbench.desktop.main.js:5604:14073)
    at $Lt.getConsolidatedConfigurationModel (vscode-file://vscode-app/usr/share/code/resources/app/out/vs/workbench/workbench.desktop.main.js:5604:30453)
    at $Lt.getValue (vscode-file://vscode-app/usr/share/code/resources/app/out/vs/workbench/workbench.desktop.main.js:5604:24879)
    at $Lt.getValue (vscode-file://vscode-app/usr/share/code/resources/app/out/vs/workbench/workbench.desktop.main.js:5606:1644)
    at Gwi.getValue (vscode-file://vscode-app/usr/share/code/resources/app/out/vs/workbench/workbench.desktop.main.js:5606:42376)
    at Zle.fetchChildren (vscode-file://vscode-app/usr/share/code/resources/app/out/vs/workbench/workbench.desktop.main.js:2871:4104)
    at T2e.getChildren (vscode-file://vscode-app/usr/share/code/resources/app/out/vs/workbench/workbench.desktop.main.js:2924:48591)
    at IC.doGetChildren (vscode-file://vscode-app/usr/share/code/resources/app/out/vs/workbench/workbench.desktop.main.js:946:39483)
    at IC.doRefreshNode (vscode-file://vscode-app/usr/share/code/resources/app/out/vs/workbench/workbench.desktop.main.js:946:39013)
    at vscode-file://vscode-app/usr/share/code/resources/app/out/vs/workbench/workbench.desktop.main.js:946:38626
    at lr (vscode-file://vscode-app/usr/share/code/resources/app/out/vs/workbench/workbench.desktop.main.js:434:71918)
    at IC.doRefreshSubTree (vscode-file://vscode-app/usr/share/code/resources/app/out/vs/workbench/workbench.desktop.main.js:946:38596)
    at vscode-file://vscode-app/usr/share/code/resources/app/out/vs/workbench/workbench.desktop.main.js:946:38689
    at Array.map (<anonymous>)
    at vscode-file://vscode-app/usr/share/code/resources/app/out/vs/workbench/workbench.desktop.main.js:946:38677
<4> 
    at get count (vscode-file://vscode-app/usr/share/code/resources/app/out/vs/workbench/workbench.desktop.main.js:945:30277)
    at KOi.probeDynamicHeights (vscode-file://vscode-app/usr/share/code/resources/app/out/vs/workbench/workbench.desktop.main.js:945:39525)
    at KOi.renderState (vscode-file://vscode-app/usr/share/code/resources/app/out/vs/workbench/workbench.desktop.main.js:945:38952)
    at KOi.setState (vscode-file://vscode-app/usr/share/code/resources/app/out/vs/workbench/workbench.desktop.main.js:945:38071)
    at S1t.update (vscode-file://vscode-app/usr/share/code/resources/app/out/vs/workbench/workbench.desktop.main.js:945:32681)
    at iLe.value (vscode-file://vscode-app/usr/share/code/resources/app/out/vs/workbench/workbench.desktop.main.js:945:31604)
    at D._deliver (vscode-file://vscode-app/usr/share/code/resources/app/out/vs/workbench/workbench.desktop.main.js:433:3642)
    at D.fire (vscode-file://vscode-app/usr/share/code/resources/app/out/vs/workbench/workbench.desktop.main.js:433:3961)
    at iLe.value (vscode-file://vscode-app/usr/share/code/resources/app/out/vs/workbench/workbench.desktop.main.js:431:11810)
    at D._deliver (vscode-file://vscode-app/usr/share/code/resources/app/out/vs/workbench/workbench.desktop.main.js:433:3642)
    at D.fire (vscode-file://vscode-app/usr/share/code/resources/app/out/vs/workbench/workbench.desktop.main.js:433:3961)
    at AA.splice (vscode-file://vscode-app/usr/share/code/resources/app/out/vs/workbench/workbench.desktop.main.js:715:16197)
    at vscode-file://vscode-app/usr/share/code/resources/app/out/vs/workbench/workbench.desktop.main.js:713:125
    at Array.forEach (<anonymous>)
    at $Bt.splice (vscode-file://vscode-app/usr/share/code/resources/app/out/vs/workbench/workbench.desktop.main.js:713:112)
    at vscode-file://vscode-app/usr/share/code/resources/app/out/vs/workbench/workbench.desktop.main.js:758:9026
    at pH.bufferEvents (vscode-file://vscode-app/usr/share/code/resources/app/out/vs/workbench/workbench.desktop.main.js:433:7493)
    at $Oi.splice (vscode-file://vscode-app/usr/share/code/resources/app/out/vs/workbench/workbench.desktop.main.js:758:8993)
    at $Oi.splice (vscode-file://vscode-app/usr/share/code/resources/app/out/vs/workbench/workbench.desktop.main.js:945:51540)
    at iLe.value (vscode-file://vscode-app/usr/share/code/resources/app/out/vs/workbench/workbench.desktop.main.js:946:4559)
    at D._deliver (vscode-file://vscode-app/usr/share/code/resources/app/out/vs/workbench/workbench.desktop.main.js:433:3642)
    at D.fire (vscode-file://vscode-app/usr/share/code/resources/app/out/vs/workbench/workbench.desktop.main.js:433:3961)
    at iLe.value (vscode-file://vscode-app/usr/share/code/resources/app/out/vs/workbench/workbench.desktop.main.js:431:11603)
    at D._deliver (vscode-file://vscode-app/usr/share/code/resources/app/out/vs/workbench/workbench.desktop.main.js:433:3642)
    at D._deliverQueue (vscode-file://vscode-app/usr/share/code/resources/app/out/vs/workbench/workbench.desktop.main.js:433:3731)
    at D.fire (vscode-file://vscode-app/usr/share/code/resources/app/out/vs/workbench/workbench.desktop.main.js:433:4066)
    at v1t.spliceSimple (vscode-file://vscode-app/usr/share/code/resources/app/out/vs/workbench/workbench.desktop.main.js:945:4340)
    at v1t.splice (vscode-file://vscode-app/usr/share/code/resources/app/out/vs/workbench/workbench.desktop.main.js:945:2414)
    at Tj._setChildren (vscode-file://vscode-app/usr/share/code/resources/app/out/vs/workbench/workbench.desktop.main.js:946:7429)
    at Tj.setChildren (vscode-file://vscode-app/usr/share/code/resources/app/out/vs/workbench/workbench.desktop.main.js:946:6849)
    at YOi._setChildren (vscode-file://vscode-app/usr/share/code/resources/app/out/vs/workbench/workbench.desktop.main.js:946:13203)
    at YOi.setChildren (vscode-file://vscode-app/usr/share/code/resources/app/out/vs/workbench/workbench.desktop.main.js:946:12091)
    at C1t.setChildren (vscode-file://vscode-app/usr/share/code/resources/app/out/vs/workbench/workbench.desktop.main.js:946:16713)
    at MNe.setChildren (vscode-file://vscode-app/usr/share/code/resources/app/out/vs/workbench/workbench.desktop.main.js:946:21372)
    at IC.render (vscode-file://vscode-app/usr/share/code/resources/app/out/vs/workbench/workbench.desktop.main.js:946:41612)
    at IC.render (vscode-file://vscode-app/usr/share/code/resources/app/out/vs/workbench/workbench.desktop.main.js:946:46142)
    at IC.refreshAndRenderNode (vscode-file://vscode-app/usr/share/code/resources/app/out/vs/workbench/workbench.desktop.main.js:946:38214)
    at async IC._updateChildren (vscode-file://vscode-app/usr/share/code/resources/app/out/vs/workbench/workbench.desktop.main.js:946:34367)
    at async IC.updateChildren (vscode-file://vscode-app/usr/share/code/resources/app/out/vs/workbench/workbench.desktop.main.js:946:33863)
    at async hhe.refresh (vscode-file://vscode-app/usr/share/code/resources/app/out/vs/workbench/workbench.desktop.main.js:4311:83368)
    at async Ct.runner (vscode-file://vscode-app/usr/share/code/resources/app/out/vs/workbench/workbench.desktop.main.js:4311:79214)
<4> 
    at L2e.compare (vscode-file://vscode-app/usr/share/code/resources/app/out/vs/workbench/workbench.desktop.main.js:2924:69686)
    at Array.sort (<anonymous>)
    at IC.processChildren (vscode-file://vscode-app/usr/share/code/resources/app/out/vs/workbench/workbench.desktop.main.js:946:42144)
    at IC.processChildren (vscode-file://vscode-app/usr/share/code/resources/app/out/vs/workbench/workbench.desktop.main.js:946:46781)
    at vscode-file://vscode-app/usr/share/code/resources/app/out/vs/workbench/workbench.desktop.main.js:946:39564
<4> 
    at n.onmessage (vscode-file://vscode-app/usr/share/code/resources/app/out/vs/workbench/workbench.desktop.main.js:1126:15027)
<4> 
    at vscode-file://vscode-app/usr/share/code/resources/app/out/vs/workbench/workbench.desktop.main.js:937:317286
<4> 
    at vscode-file://vscode-app/usr/share/code/resources/app/out/vs/workbench/workbench.desktop.main.js:439:18355
<3> 
    at D._deliverQueue (vscode-file://vscode-app/usr/share/code/resources/app/out/vs/workbench/workbench.desktop.main.js:433:3710)
    at D.fire (vscode-file://vscode-app/usr/share/code/resources/app/out/vs/workbench/workbench.desktop.main.js:433:4066)
    at iLe.value (vscode-file://vscode-app/usr/share/code/resources/app/out/vs/workbench/workbench.desktop.main.js:5606:86318)
    at D._deliver (vscode-file://vscode-app/usr/share/code/resources/app/out/vs/workbench/workbench.desktop.main.js:433:3642)
    at D._deliverQueue (vscode-file://vscode-app/usr/share/code/resources/app/out/vs/workbench/workbench.desktop.main.js:433:3731)
    at D.fire (vscode-file://vscode-app/usr/share/code/resources/app/out/vs/workbench/workbench.desktop.main.js:433:4066)
    at vscode-file://vscode-app/usr/share/code/resources/app/out/vs/workbench/workbench.desktop.main.js:5606:115404
    at nCi.onFileChanges (vscode-file://vscode-app/usr/share/code/resources/app/out/vs/workbench/workbench.desktop.main.js:5606:118822)
    at iLe.value (vscode-file://vscode-app/usr/share/code/resources/app/out/vs/workbench/workbench.desktop.main.js:5606:104171)
    at D._deliver (vscode-file://vscode-app/usr/share/code/resources/app/out/vs/workbench/workbench.desktop.main.js:433:3642)
    at D.fire (vscode-file://vscode-app/usr/share/code/resources/app/out/vs/workbench/workbench.desktop.main.js:433:3961)
    at D._deliver (vscode-file://vscode-app/usr/share/code/resources/app/out/vs/workbench/workbench.desktop.main.js:433:3642)
    at D.fire (vscode-file://vscode-app/usr/share/code/resources/app/out/vs/workbench/workbench.desktop.main.js:433:3961)
    at l (vscode-file://vscode-app/usr/share/code/resources/app/out/vs/workbench/workbench.desktop.main.js:1141:658)
    at _8t.onResponse (vscode-file://vscode-app/usr/share/code/resources/app/out/vs/workbench/workbench.desktop.main.js:1141:1894)
    at _8t.onBuffer (vscode-file://vscode-app/usr/share/code/resources/app/out/vs/workbench/workbench.desktop.main.js:1141:1749)
    at iLe.value (vscode-file://vscode-app/usr/share/code/resources/app/out/vs/workbench/workbench.desktop.main.js:1140:1635)
    at D._deliver (vscode-file://vscode-app/usr/share/code/resources/app/out/vs/workbench/workbench.desktop.main.js:433:3642)
    at D._deliverQueue (vscode-file://vscode-app/usr/share/code/resources/app/out/vs/workbench/workbench.desktop.main.js:433:3731)
    at D.fire (vscode-file://vscode-app/usr/share/code/resources/app/out/vs/workbench/workbench.desktop.main.js:433:4066)
    at iLe.value (vscode-file://vscode-app/usr/share/code/resources/app/out/vs/workbench/workbench.desktop.main.js:431:11810)
    at D._deliver (vscode-file://vscode-app/usr/share/code/resources/app/out/vs/workbench/workbench.desktop.main.js:433:3642)
    at D.fire (vscode-file://vscode-app/usr/share/code/resources/app/out/vs/workbench/workbench.desktop.main.js:433:3961)
    at MessagePort.ve (vscode-file://vscode-app/usr/share/code/resources/app/out/vs/workbench/workbench.desktop.main.js:431:15553)
<3> 
    at Promise.then (<anonymous>)
    at s._receiveRequest (vscode-file://vscode-app/usr/share/code/resources/app/out/vs/workbench/workbench.desktop.main.js:5647:50597)
    at s._receiveOneMessage (vscode-file://vscode-app/usr/share/code/resources/app/out/vs/workbench/workbench.desktop.main.js:5647:49262)
    at iLe.value (vscode-file://vscode-app/usr/share/code/resources/app/out/vs/workbench/workbench.desktop.main.js:5647:47334)
    at D._deliver (vscode-file://vscode-app/usr/share/code/resources/app/out/vs/workbench/workbench.desktop.main.js:433:3642)
    at D.fire (vscode-file://vscode-app/usr/share/code/resources/app/out/vs/workbench/workbench.desktop.main.js:433:3961)
    at _Y.fire (vscode-file://vscode-app/usr/share/code/resources/app/out/vs/workbench/workbench.desktop.main.js:1141:9866)
    at MessagePort.<anonymous> (vscode-file://vscode-app/usr/share/code/resources/app/out/vs/workbench/workbench.desktop.main.js:5662:16883)
<3> 
    at IntersectionObserver.threshold (vscode-file://vscode-app/usr/share/code/resources/app/out/vs/workbench/workbench.desktop.main.js:2066:121607)
<3> 
    at HTMLDivElement.<anonymous> (vscode-file://vscode-app/usr/share/code/resources/app/out/vs/workbench/workbench.desktop.main.js:670:7649)
<3> 
    at vscode-file://vscode-app/usr/share/code/resources/app/out/vs/workbench/workbench.desktop.main.js:937:106269
<3> 
    at Array Iterator.next (<anonymous>)
    at Object.prepareRenderText (vscode-file://vscode-app/usr/share/code/resources/app/out/vs/workbench/workbench.desktop.main.js:671:22378)
    at Object.prepareRenderText (vscode-file://vscode-app/usr/share/code/resources/app/out/vs/workbench/workbench.desktop.main.js:671:21049)
    at vscode-file://vscode-app/usr/share/code/resources/app/out/vs/workbench/workbench.desktop.main.js:671:26828
    at poe (vscode-file://vscode-app/usr/share/code/resources/app/out/vs/workbench/workbench.desktop.main.js:671:25975)
    at s._onRenderScheduled (vscode-file://vscode-app/usr/share/code/resources/app/out/vs/workbench/workbench.desktop.main.js:671:26818)
    at Zit.e [as _runner] (vscode-file://vscode-app/usr/share/code/resources/app/out/vs/workbench/workbench.desktop.main.js:671:26596)
    at Zit.execute (vscode-file://vscode-app/usr/share/code/resources/app/out/vs/workbench/workbench.desktop.main.js:439:3975)
    at i (vscode-file://vscode-app/usr/share/code/resources/app/out/vs/workbench/workbench.desktop.main.js:439:4220)
    at vscode-file://vscode-app/usr/share/code/resources/app/out/vs/workbench/workbench.desktop.main.js:439:4385
<3> 
    at HTMLDivElement.i (vscode-file://vscode-app/usr/share/code/resources/app/out/vs/workbench/workbench.desktop.main.js:513:41553)
<3> 
    at aEi (vscode-file://vscode-app/usr/share/code/resources/app/out/vs/workbench/workbench.desktop.main.js:820:19547)
    at o.sanitize (vscode-file://vscode-app/usr/share/code/resources/app/out/vs/workbench/workbench.desktop.main.js:820:26010)
    at e (vscode-file://vscode-app/usr/share/code/resources/app/out/vs/workbench/workbench.desktop.main.js:821:3478)
    at oPo (vscode-file://vscode-app/usr/share/code/resources/app/out/vs/workbench/workbench.desktop.main.js:821:3504)
    at rPo (vscode-file://vscode-app/usr/share/code/resources/app/out/vs/workbench/workbench.desktop.main.js:821:3334)
    at MF (vscode-file://vscode-app/usr/share/code/resources/app/out/vs/workbench/workbench.desktop.main.js:821:4640)
    at em (vscode-file://vscode-app/usr/share/code/resources/app/out/vs/workbench/workbench.desktop.main.js:822:473)
    at tst.render (vscode-file://vscode-app/usr/share/code/resources/app/out/vs/workbench/workbench.desktop.main.js:937:211226)
    at xNo (vscode-file://vscode-app/usr/share/code/resources/app/out/vs/workbench/workbench.desktop.main.js:941:20164)
    at bOi._renderMarkdownHover (vscode-file://vscode-app/usr/share/code/resources/app/out/vs/workbench/workbench.desktop.main.js:941:17213)
    at bOi._renderHoverPart (vscode-file://vscode-app/usr/share/code/resources/app/out/vs/workbench/workbench.desktop.main.js:941:16764)
    at vscode-file://vscode-app/usr/share/code/resources/app/out/vs/workbench/workbench.desktop.main.js:941:16668
    at Array.map (<anonymous>)
    at bOi._renderHoverParts (vscode-file://vscode-app/usr/share/code/resources/app/out/vs/workbench/workbench.desktop.main.js:941:16649)
    at new bOi (vscode-file://vscode-app/usr/share/code/resources/app/out/vs/workbench/workbench.desktop.main.js:941:16387)
    at xj.renderHoverParts (vscode-file://vscode-app/usr/share/code/resources/app/out/vs/workbench/workbench.desktop.main.js:941:15148)
    at Ebe._renderHoverPartsForParticipant (vscode-file://vscode-app/usr/share/code/resources/app/out/vs/workbench/workbench.desktop.main.js:948:49651)
    at Ebe._renderParts (vscode-file://vscode-app/usr/share/code/resources/app/out/vs/workbench/workbench.desktop.main.js:948:49210)
    at new Ebe (vscode-file://vscode-app/usr/share/code/resources/app/out/vs/workbench/workbench.desktop.main.js:948:48528)
    at new Sne (vscode-file://vscode-app/usr/share/code/resources/app/out/vs/workbench/workbench.desktop.main.js:948:46146)
    at VNe._showHover (vscode-file://vscode-app/usr/share/code/resources/app/out/vs/workbench/workbench.desktop.main.js:951:5512)
    at VNe._setCurrentResult (vscode-file://vscode-app/usr/share/code/resources/app/out/vs/workbench/workbench.desktop.main.js:951:4936)
    at VNe._withResult (vscode-file://vscode-app/usr/share/code/resources/app/out/vs/workbench/workbench.desktop.main.js:951:5291)
    at iLe.value (vscode-file://vscode-app/usr/share/code/resources/app/out/vs/workbench/workbench.desktop.main.js:951:3292)
    at D._deliver (vscode-file://vscode-app/usr/share/code/resources/app/out/vs/workbench/workbench.desktop.main.js:433:3642)
    at D.fire (vscode-file://vscode-app/usr/share/code/resources/app/out/vs/workbench/workbench.desktop.main.js:433:3961)
    at fNe._fireResult (vscode-file://vscode-app/usr/share/code/resources/app/out/vs/workbench/workbench.desktop.main.js:937:393941)
    at fNe._setState (vscode-file://vscode-app/usr/share/code/resources/app/out/vs/workbench/workbench.desktop.main.js:937:393123)
    at fNe._triggerSyncComputation (vscode-file://vscode-app/usr/share/code/resources/app/out/vs/workbench/workbench.desktop.main.js:937:393724)
    at vscode-file://vscode-app/usr/share/code/resources/app/out/vs/workbench/workbench.desktop.main.js:937:392526
    at Ct.runner (vscode-file://vscode-app/usr/share/code/resources/app/out/vs/workbench/workbench.desktop.main.js:937:394784)
    at Ct.doRun (vscode-file://vscode-app/usr/share/code/resources/app/out/vs/workbench/workbench.desktop.main.js:434:81723)
    at Ct.onTimeout (vscode-file://vscode-app/usr/share/code/resources/app/out/vs/workbench/workbench.desktop.main.js:434:81694)
<2> 
    at vscode-file://vscode-app/usr/share/code/resources/app/out/vs/workbench/workbench.desktop.main.js:5612:54403
    at PRn (vscode-file://vscode-app/usr/share/code/resources/app/out/vs/workbench/workbench.desktop.main.js:5612:53244)
    at async uMt.logAndRequest (vscode-file://vscode-app/usr/share/code/resources/app/out/vs/workbench/workbench.desktop.main.js:1026:11061)
    at async rit.doFetchAlerts (vscode-file://vscode-app/usr/share/code/resources/app/out/vs/workbench/workbench.desktop.main.js:6101:3724)
    at async rit.fetchAlerts (vscode-file://vscode-app/usr/share/code/resources/app/out/vs/workbench/workbench.desktop.main.js:6101:3632)
<2> 
    at HTMLDivElement.<anonymous> (vscode-file://vscode-app/usr/share/code/resources/app/out/vs/workbench/workbench.desktop.main.js:513:25069)
<2> 
    at HTMLLIElement.<anonymous> (vscode-file://vscode-app/usr/share/code/resources/app/out/vs/workbench/workbench.desktop.main.js:934:17628)
<2> 
    at vscode-file://vscode-app/usr/share/code/resources/app/out/vs/workbench/workbench.desktop.main.js:2297:3846
<2> 
    at Array Iterator.next (<anonymous>)
    at Ui (vscode-file://vscode-app/usr/share/code/resources/app/out/vs/workbench/workbench.desktop.main.js:439:15147)
    at s.hide (vscode-file://vscode-app/usr/share/code/resources/app/out/vs/workbench/workbench.desktop.main.js:1153:61869)
    at aBe.showWhile (vscode-file://vscode-app/usr/share/code/resources/app/out/vs/workbench/workbench.desktop.main.js:1153:65312)
<2> 
    at Set.has (<anonymous>)
    at s._renderIndentGuides (vscode-file://vscode-app/usr/share/code/resources/app/out/vs/workbench/workbench.desktop.main.js:945:19522)
    at s.renderTreeElement (vscode-file://vscode-app/usr/share/code/resources/app/out/vs/workbench/workbench.desktop.main.js:945:19171)
    at s.renderElement (vscode-file://vscode-app/usr/share/code/resources/app/out/vs/workbench/workbench.desktop.main.js:945:17572)
    at QPi.renderElement (vscode-file://vscode-app/usr/share/code/resources/app/out/vs/workbench/workbench.desktop.main.js:758:2164)
    at AA.insertItemInDOM (vscode-file://vscode-app/usr/share/code/resources/app/out/vs/workbench/workbench.desktop.main.js:715:22981)
    at AA._splice (vscode-file://vscode-app/usr/share/code/resources/app/out/vs/workbench/workbench.desktop.main.js:715:17878)
    at AA.splice (vscode-file://vscode-app/usr/share/code/resources/app/out/vs/workbench/workbench.desktop.main.js:715:16126)
    at vscode-file://vscode-app/usr/share/code/resources/app/out/vs/workbench/workbench.desktop.main.js:713:125
    at Array.forEach (<anonymous>)
    at $Bt.splice (vscode-file://vscode-app/usr/share/code/resources/app/out/vs/workbench/workbench.desktop.main.js:713:112)
    at vscode-file://vscode-app/usr/share/code/resources/app/out/vs/workbench/workbench.desktop.main.js:758:9026
    at pH.bufferEvents (vscode-file://vscode-app/usr/share/code/resources/app/out/vs/workbench/workbench.desktop.main.js:433:7493)
    at $Oi.splice (vscode-file://vscode-app/usr/share/code/resources/app/out/vs/workbench/workbench.desktop.main.js:758:8993)
    at $Oi.splice (vscode-file://vscode-app/usr/share/code/resources/app/out/vs/workbench/workbench.desktop.main.js:945:51540)
    at iLe.value (vscode-file://vscode-app/usr/share/code/resources/app/out/vs/workbench/workbench.desktop.main.js:946:4559)
    at D._deliver (vscode-file://vscode-app/usr/share/code/resources/app/out/vs/workbench/workbench.desktop.main.js:433:3642)
    at D.fire (vscode-file://vscode-app/usr/share/code/resources/app/out/vs/workbench/workbench.desktop.main.js:433:3961)
    at iLe.value (vscode-file://vscode-app/usr/share/code/resources/app/out/vs/workbench/workbench.desktop.main.js:431:11603)
    at D._deliver (vscode-file://vscode-app/usr/share/code/resources/app/out/vs/workbench/workbench.desktop.main.js:433:3642)
    at D._deliverQueue (vscode-file://vscode-app/usr/share/code/resources/app/out/vs/workbench/workbench.desktop.main.js:433:3731)
    at D.fire (vscode-file://vscode-app/usr/share/code/resources/app/out/vs/workbench/workbench.desktop.main.js:433:4066)
    at v1t.spliceSimple (vscode-file://vscode-app/usr/share/code/resources/app/out/vs/workbench/workbench.desktop.main.js:945:4340)
    at v1t.splice (vscode-file://vscode-app/usr/share/code/resources/app/out/vs/workbench/workbench.desktop.main.js:945:2414)
    at Tj._setChildren (vscode-file://vscode-app/usr/share/code/resources/app/out/vs/workbench/workbench.desktop.main.js:946:7429)
    at Tj.setChildren (vscode-file://vscode-app/usr/share/code/resources/app/out/vs/workbench/workbench.desktop.main.js:946:6849)
    at YOi._setChildren (vscode-file://vscode-app/usr/share/code/resources/app/out/vs/workbench/workbench.desktop.main.js:946:13203)
    at YOi.setChildren (vscode-file://vscode-app/usr/share/code/resources/app/out/vs/workbench/workbench.desktop.main.js:946:12091)
    at C1t.setChildren (vscode-file://vscode-app/usr/share/code/resources/app/out/vs/workbench/workbench.desktop.main.js:946:16713)
    at MNe.setChildren (vscode-file://vscode-app/usr/share/code/resources/app/out/vs/workbench/workbench.desktop.main.js:946:21372)
    at IC.render (vscode-file://vscode-app/usr/share/code/resources/app/out/vs/workbench/workbench.desktop.main.js:946:41612)
    at IC.render (vscode-file://vscode-app/usr/share/code/resources/app/out/vs/workbench/workbench.desktop.main.js:946:46142)
    at IC.refreshAndRenderNode (vscode-file://vscode-app/usr/share/code/resources/app/out/vs/workbench/workbench.desktop.main.js:946:38214)
    at async IC._updateChildren (vscode-file://vscode-app/usr/share/code/resources/app/out/vs/workbench/workbench.desktop.main.js:946:34367)
    at async IC.updateChildren (vscode-file://vscode-app/usr/share/code/resources/app/out/vs/workbench/workbench.desktop.main.js:946:33863)
    at async hhe.refresh (vscode-file://vscode-app/usr/share/code/resources/app/out/vs/workbench/workbench.desktop.main.js:4311:83368)
    at async Ct.runner (vscode-file://vscode-app/usr/share/code/resources/app/out/vs/workbench/workbench.desktop.main.js:4311:79214)
<2> 
    at Array Iterator.next (<anonymous>)
    at dOt.info (vscode-file://vscode-app/usr/share/code/resources/app/out/vs/workbench/workbench.desktop.main.js:442:4890)
    at iCi.info (vscode-file://vscode-app/usr/share/code/resources/app/out/vs/workbench/workbench.desktop.main.js:5606:113288)
    at iLe.value (vscode-file://vscode-app/usr/share/code/resources/app/out/vs/workbench/workbench.desktop.main.js:5654:794)
    at D._deliver (vscode-file://vscode-app/usr/share/code/resources/app/out/vs/workbench/workbench.desktop.main.js:433:3642)
    at D.fire (vscode-file://vscode-app/usr/share/code/resources/app/out/vs/workbench/workbench.desktop.main.js:433:3961)
    at iLe.value (vscode-file://vscode-app/usr/share/code/resources/app/out/vs/workbench/workbench.desktop.main.js:5647:62049)
    at D._deliver (vscode-file://vscode-app/usr/share/code/resources/app/out/vs/workbench/workbench.desktop.main.js:433:3642)
    at D.fire (vscode-file://vscode-app/usr/share/code/resources/app/out/vs/workbench/workbench.desktop.main.js:433:3961)
    at s._setResponsiveState (vscode-file://vscode-app/usr/share/code/resources/app/out/vs/workbench/workbench.desktop.main.js:5647:48361)
    at s._checkUnresponsive (vscode-file://vscode-app/usr/share/code/resources/app/out/vs/workbench/workbench.desktop.main.js:5647:48190)
    at Ct.runner (vscode-file://vscode-app/usr/share/code/resources/app/out/vs/workbench/workbench.desktop.main.js:5647:47259)
    at Ct.doRun (vscode-file://vscode-app/usr/share/code/resources/app/out/vs/workbench/workbench.desktop.main.js:434:81723)
    at Ct.onTimeout (vscode-file://vscode-app/usr/share/code/resources/app/out/vs/workbench/workbench.desktop.main.js:434:81694)
<2> 
    at vscode-file://vscode-app/usr/share/code/resources/app/out/vs/workbench/workbench.desktop.main.js:946:40118
    at Array.map (<anonymous>)
    at IC.setChildren (vscode-file://vscode-app/usr/share/code/resources/app/out/vs/workbench/workbench.desktop.main.js:946:40114)
    at IC.doRefreshNode (vscode-file://vscode-app/usr/share/code/resources/app/out/vs/workbench/workbench.desktop.main.js:946:39210)
    at async vscode-file://vscode-app/usr/share/code/resources/app/out/vs/workbench/workbench.desktop.main.js:946:38615
<2> 
    at vscode-file://vscode-app/usr/share/code/resources/app/out/vs/workbench/workbench.desktop.main.js:1960:21321
<2> 
    at get workspaceValue (vscode-file://vscode-app/usr/share/code/resources/app/out/vs/workbench/workbench.desktop.main.js:5604:23517)
    at tP.getAllUserAssociationsForSetting (vscode-file://vscode-app/usr/share/code/resources/app/out/vs/workbench/workbench.desktop.main.js:1979:58774)
    at tP.getAllUserAssociations (vscode-file://vscode-app/usr/share/code/resources/app/out/vs/workbench/workbench.desktop.main.js:1979:58590)
    at tP.cacheEditors (vscode-file://vscode-app/usr/share/code/resources/app/out/vs/workbench/workbench.desktop.main.js:1979:69870)
    at iLe.value (vscode-file://vscode-app/usr/share/code/resources/app/out/vs/workbench/workbench.desktop.main.js:1979:52004)
    at D._deliver (vscode-file://vscode-app/usr/share/code/resources/app/out/vs/workbench/workbench.desktop.main.js:433:3642)
    at D._deliverQueue (vscode-file://vscode-app/usr/share/code/resources/app/out/vs/workbench/workbench.desktop.main.js:433:3731)
    at D.fire (vscode-file://vscode-app/usr/share/code/resources/app/out/vs/workbench/workbench.desktop.main.js:433:4066)
    at $wi.flush (vscode-file://vscode-app/usr/share/code/resources/app/out/vs/workbench/workbench.desktop.main.js:937:109190)
    at vscode-file://vscode-app/usr/share/code/resources/app/out/vs/workbench/workbench.desktop.main.js:937:106307
<2> 
    at vscode-file://vscode-app/usr/share/code/resources/app/out/vs/workbench/workbench.desktop.main.js:1953:1083
    at Array.reduceRight (<anonymous>)
    at s._appendForMany (vscode-file://vscode-app/usr/share/code/resources/app/out/vs/workbench/workbench.desktop.main.js:1953:1071)
    at s.appendCSSRules (vscode-file://vscode-app/usr/share/code/resources/app/out/vs/workbench/workbench.desktop.main.js:1953:748)
    at n8i.asDecoration (vscode-file://vscode-app/usr/share/code/resources/app/out/vs/workbench/workbench.desktop.main.js:1960:523)
    at Pft.getDecoration (vscode-file://vscode-app/usr/share/code/resources/app/out/vs/workbench/workbench.desktop.main.js:1960:2599)
    at Nht.render (vscode-file://vscode-app/usr/share/code/resources/app/out/vs/workbench/workbench.desktop.main.js:1153:34998)
    at Nht.setResource (vscode-file://vscode-app/usr/share/code/resources/app/out/vs/workbench/workbench.desktop.main.js:1153:32882)
    at Object.setResource (vscode-file://vscode-app/usr/share/code/resources/app/out/vs/workbench/workbench.desktop.main.js:1153:28208)
    at $J.renderStat (vscode-file://vscode-app/usr/share/code/resources/app/out/vs/workbench/workbench.desktop.main.js:2924:62688)
    at $J.renderElement (vscode-file://vscode-app/usr/share/code/resources/app/out/vs/workbench/workbench.desktop.main.js:2924:60818)
    at dFi.renderElement (vscode-file://vscode-app/usr/share/code/resources/app/out/vs/workbench/workbench.desktop.main.js:946:43641)
    at k1t.renderElement (vscode-file://vscode-app/usr/share/code/resources/app/out/vs/workbench/workbench.desktop.main.js:946:19052)
    at s.renderElement (vscode-file://vscode-app/usr/share/code/resources/app/out/vs/workbench/workbench.desktop.main.js:945:17609)
    at KOi.createElement (vscode-file://vscode-app/usr/share/code/resources/app/out/vs/workbench/workbench.desktop.main.js:945:41187)
    at KOi.renderState (vscode-file://vscode-app/usr/share/code/resources/app/out/vs/workbench/workbench.desktop.main.js:945:38745)
    at KOi.rerender (vscode-file://vscode-app/usr/share/code/resources/app/out/vs/workbench/workbench.desktop.main.js:945:39015)
    at iLe.value (vscode-file://vscode-app/usr/share/code/resources/app/out/vs/workbench/workbench.desktop.main.js:945:32164)
    at D._deliver (vscode-file://vscode-app/usr/share/code/resources/app/out/vs/workbench/workbench.desktop.main.js:433:3642)
    at D.fire (vscode-file://vscode-app/usr/share/code/resources/app/out/vs/workbench/workbench.desktop.main.js:433:3961)
    at iLe.value (vscode-file://vscode-app/usr/share/code/resources/app/out/vs/workbench/workbench.desktop.main.js:431:11603)
    at D._deliver (vscode-file://vscode-app/usr/share/code/resources/app/out/vs/workbench/workbench.desktop.main.js:433:3642)
    at D._deliverQueue (vscode-file://vscode-app/usr/share/code/resources/app/out/vs/workbench/workbench.desktop.main.js:433:3731)
    at D.fire (vscode-file://vscode-app/usr/share/code/resources/app/out/vs/workbench/workbench.desktop.main.js:433:4066)
    at v1t.spliceSimple (vscode-file://vscode-app/usr/share/code/resources/app/out/vs/workbench/workbench.desktop.main.js:945:4340)
    at v1t.splice (vscode-file://vscode-app/usr/share/code/resources/app/out/vs/workbench/workbench.desktop.main.js:945:2414)
    at Tj._setChildren (vscode-file://vscode-app/usr/share/code/resources/app/out/vs/workbench/workbench.desktop.main.js:946:7429)
    at Tj.setChildren (vscode-file://vscode-app/usr/share/code/resources/app/out/vs/workbench/workbench.desktop.main.js:946:6849)
    at YOi._setChildren (vscode-file://vscode-app/usr/share/code/resources/app/out/vs/workbench/workbench.desktop.main.js:946:13203)
    at YOi.setChildren (vscode-file://vscode-app/usr/share/code/resources/app/out/vs/workbench/workbench.desktop.main.js:946:12091)
    at C1t.setChildren (vscode-file://vscode-app/usr/share/code/resources/app/out/vs/workbench/workbench.desktop.main.js:946:16713)
    at MNe.setChildren (vscode-file://vscode-app/usr/share/code/resources/app/out/vs/workbench/workbench.desktop.main.js:946:21372)
    at IC.render (vscode-file://vscode-app/usr/share/code/resources/app/out/vs/workbench/workbench.desktop.main.js:946:41612)
    at IC.render (vscode-file://vscode-app/usr/share/code/resources/app/out/vs/workbench/workbench.desktop.main.js:946:46142)
    at IC.refreshAndRenderNode (vscode-file://vscode-app/usr/share/code/resources/app/out/vs/workbench/workbench.desktop.main.js:946:38214)
    at async IC._updateChildren (vscode-file://vscode-app/usr/share/code/resources/app/out/vs/workbench/workbench.desktop.main.js:946:34367)
    at async IC.updateChildren (vscode-file://vscode-app/usr/share/code/resources/app/out/vs/workbench/workbench.desktop.main.js:946:33863)
    at async hhe.refresh (vscode-file://vscode-app/usr/share/code/resources/app/out/vs/workbench/workbench.desktop.main.js:4311:83368)
    at async Ct.runner (vscode-file://vscode-app/usr/share/code/resources/app/out/vs/workbench/workbench.desktop.main.js:4311:79214)
<2> 
    at vscode-file://vscode-app/usr/share/code/resources/app/out/vs/workbench/workbench.desktop.main.js:513:38301
    at HTMLDivElement.<anonymous> (vscode-file://vscode-app/usr/share/code/resources/app/out/vs/workbench/workbench.desktop.main.js:513:20156)
<2> 
    at le.None [as onCancellationRequested] (vscode-file://vscode-app/usr/share/code/resources/app/out/vs/workbench/workbench.desktop.main.js:431:10980)
    at PRn (vscode-file://vscode-app/usr/share/code/resources/app/out/vs/workbench/workbench.desktop.main.js:5612:52862)
    at vscode-file://vscode-app/usr/share/code/resources/app/out/vs/workbench/workbench.desktop.main.js:5612:54395
    at uMt.logAndRequest (vscode-file://vscode-app/usr/share/code/resources/app/out/vs/workbench/workbench.desktop.main.js:1026:11067)
    at uMt.request (vscode-file://vscode-app/usr/share/code/resources/app/out/vs/workbench/workbench.desktop.main.js:5612:54375)
    at W7._fetchChatControlData (vscode-file://vscode-app/usr/share/code/resources/app/out/vs/workbench/workbench.desktop.main.js:1034:11296)
    at W7._refreshChatControlData (vscode-file://vscode-app/usr/share/code/resources/app/out/vs/workbench/workbench.desktop.main.js:1034:10985)
    at vscode-file://vscode-app/usr/share/code/resources/app/out/vs/workbench/workbench.desktop.main.js:1034:11116
<2> 
    at bPe.markDidDomLayout (vscode-file://vscode-app/usr/share/code/resources/app/out/vs/workbench/workbench.desktop.main.js:519:87510)
    at ive.readHorizontalRanges (vscode-file://vscode-app/usr/share/code/resources/app/out/vs/workbench/workbench.desktop.main.js:511:6636)
    at VRi._actualReadPixelOffset (vscode-file://vscode-app/usr/share/code/resources/app/out/vs/workbench/workbench.desktop.main.js:512:16763)
    at VRi._readPixelOffset (vscode-file://vscode-app/usr/share/code/resources/app/out/vs/workbench/workbench.desktop.main.js:512:16285)
    at VRi.getVisibleRangesForRange (vscode-file://vscode-app/usr/share/code/resources/app/out/vs/workbench/workbench.desktop.main.js:512:15486)
    at s.getVisibleRangesForRange (vscode-file://vscode-app/usr/share/code/resources/app/out/vs/workbench/workbench.desktop.main.js:512:12098)
    at s._visibleRangesForLineRange (vscode-file://vscode-app/usr/share/code/resources/app/out/vs/workbench/workbench.desktop.main.js:519:97137)
    at s.visibleRangeForPosition (vscode-file://vscode-app/usr/share/code/resources/app/out/vs/workbench/workbench.desktop.main.js:519:97430)
    at x0t.visibleRangeForPosition (vscode-file://vscode-app/usr/share/code/resources/app/out/vs/workbench/workbench.desktop.main.js:511:3996)
    at MPe.prepareRender (vscode-file://vscode-app/usr/share/code/resources/app/out/vs/workbench/workbench.desktop.main.js:670:3198)
    at bve.prepareRender (vscode-file://vscode-app/usr/share/code/resources/app/out/vs/workbench/workbench.desktop.main.js:671:2623)
    at Object.prepareRender (vscode-file://vscode-app/usr/share/code/resources/app/out/vs/workbench/workbench.desktop.main.js:671:22802)
    at Object.prepareRender (vscode-file://vscode-app/usr/share/code/resources/app/out/vs/workbench/workbench.desktop.main.js:671:21259)
    at vscode-file://vscode-app/usr/share/code/resources/app/out/vs/workbench/workbench.desktop.main.js:671:27050
    at poe (vscode-file://vscode-app/usr/share/code/resources/app/out/vs/workbench/workbench.desktop.main.js:671:25975)
    at s._onRenderScheduled (vscode-file://vscode-app/usr/share/code/resources/app/out/vs/workbench/workbench.desktop.main.js:671:27040)
    at Zit.e [as _runner] (vscode-file://vscode-app/usr/share/code/resources/app/out/vs/workbench/workbench.desktop.main.js:671:26596)
    at Zit.execute (vscode-file://vscode-app/usr/share/code/resources/app/out/vs/workbench/workbench.desktop.main.js:439:3975)
    at i (vscode-file://vscode-app/usr/share/code/resources/app/out/vs/workbench/workbench.desktop.main.js:439:4220)
    at vscode-file://vscode-app/usr/share/code/resources/app/out/vs/workbench/workbench.desktop.main.js:439:4385
<2> 
    at HTMLSpanElement.<anonymous> (vscode-file://vscode-app/usr/share/code/resources/app/out/vs/workbench/workbench.desktop.main.js:5563:115694)
<2> 
    at HTMLDivElement.<anonymous> (vscode-file://vscode-app/usr/share/code/resources/app/out/vs/workbench/workbench.desktop.main.js:439:20731)
<2> 
    at Map.get (<anonymous>)
    at sUi.getSourceLabel (vscode-file://vscode-app/usr/share/code/resources/app/out/vs/workbench/workbench.desktop.main.js:1023:92359)
    at bQ.toTimelineItem (vscode-file://vscode-app/usr/share/code/resources/app/out/vs/workbench/workbench.desktop.main.js:5567:6)
    at bQ.provideTimeline (vscode-file://vscode-app/usr/share/code/resources/app/out/vs/workbench/workbench.desktop.main.js:5565:201015)
    at async r (vscode-file://vscode-app/usr/share/code/resources/app/out/vs/workbench/workbench.desktop.main.js:1960:16139)
<2> 
    at _Pe.refreshFocusState (vscode-file://vscode-app/usr/share/code/resources/app/out/vs/workbench/workbench.desktop.main.js:668:10333)
    at _Pe.focus (vscode-file://vscode-app/usr/share/code/resources/app/out/vs/workbench/workbench.desktop.main.js:668:10296)
    at bve.focus (vscode-file://vscode-app/usr/share/code/resources/app/out/vs/workbench/workbench.desktop.main.js:671:3807)
    at PPe.focus (vscode-file://vscode-app/usr/share/code/resources/app/out/vs/workbench/workbench.desktop.main.js:671:24440)
    at Object.focusTextArea (vscode-file://vscode-app/usr/share/code/resources/app/out/vs/workbench/workbench.desktop.main.js:671:17956)
    at m (vscode-file://vscode-app/usr/share/code/resources/app/out/vs/workbench/workbench.desktop.main.js:513:56241)
    at uLi._onMouseDown (vscode-file://vscode-app/usr/share/code/resources/app/out/vs/workbench/workbench.desktop.main.js:513:56274)
    at vscode-file://vscode-app/usr/share/code/resources/app/out/vs/workbench/workbench.desktop.main.js:513:53227
    at HTMLDivElement.<anonymous> (vscode-file://vscode-app/usr/share/code/resources/app/out/vs/workbench/workbench.desktop.main.js:509:26777)
<2> 
    at vscode-file://vscode-app/usr/share/code/resources/app/out/vs/workbench/workbench.desktop.main.js:5646:3627
<2> 
    at vscode-file://vscode-app/usr/share/code/resources/app/out/vs/workbench/workbench.desktop.main.js:2297:3805
    at e.HTMLElement.focus (vscode-file://vscode-app/usr/share/code/resources/app/out/vs/workbench/workbench.desktop.main.js:1487:132745)
    at _Pe.focus (vscode-file://vscode-app/usr/share/code/resources/app/out/vs/workbench/workbench.desktop.main.js:668:10283)
    at bve.focus (vscode-file://vscode-app/usr/share/code/resources/app/out/vs/workbench/workbench.desktop.main.js:671:3807)
    at PPe.focus (vscode-file://vscode-app/usr/share/code/resources/app/out/vs/workbench/workbench.desktop.main.js:671:24440)
    at Object.focusTextArea (vscode-file://vscode-app/usr/share/code/resources/app/out/vs/workbench/workbench.desktop.main.js:671:17956)
    at m (vscode-file://vscode-app/usr/share/code/resources/app/out/vs/workbench/workbench.desktop.main.js:513:56241)
    at uLi._onMouseDown (vscode-file://vscode-app/usr/share/code/resources/app/out/vs/workbench/workbench.desktop.main.js:513:56274)
    at vscode-file://vscode-app/usr/share/code/resources/app/out/vs/workbench/workbench.desktop.main.js:513:53227
    at HTMLDivElement.<anonymous> (vscode-file://vscode-app/usr/share/code/resources/app/out/vs/workbench/workbench.desktop.main.js:509:26777)
<2> 
    at s.setDomNode (vscode-file://vscode-app/usr/share/code/resources/app/out/vs/workbench/workbench.desktop.main.js:512:8184)
    at s._finishRenderingNewLines (vscode-file://vscode-app/usr/share/code/resources/app/out/vs/workbench/workbench.desktop.main.js:519:29531)
    at s._finishRendering (vscode-file://vscode-app/usr/share/code/resources/app/out/vs/workbench/workbench.desktop.main.js:519:30137)
    at s.render (vscode-file://vscode-app/usr/share/code/resources/app/out/vs/workbench/workbench.desktop.main.js:519:28601)
    at cPe.renderLines (vscode-file://vscode-app/usr/share/code/resources/app/out/vs/workbench/workbench.desktop.main.js:519:27203)
    at s.renderText (vscode-file://vscode-app/usr/share/code/resources/app/out/vs/workbench/workbench.desktop.main.js:519:98805)
    at Object.renderText (vscode-file://vscode-app/usr/share/code/resources/app/out/vs/workbench/workbench.desktop.main.js:671:22511)
    at Object.renderText (vscode-file://vscode-app/usr/share/code/resources/app/out/vs/workbench/workbench.desktop.main.js:671:21174)
    at vscode-file://vscode-app/usr/share/code/resources/app/out/vs/workbench/workbench.desktop.main.js:671:26949
    at poe (vscode-file://vscode-app/usr/share/code/resources/app/out/vs/workbench/workbench.desktop.main.js:671:25975)
    at s._onRenderScheduled (vscode-file://vscode-app/usr/share/code/resources/app/out/vs/workbench/workbench.desktop.main.js:671:26939)
    at Zit.e [as _runner] (vscode-file://vscode-app/usr/share/code/resources/app/out/vs/workbench/workbench.desktop.main.js:671:26596)
    at Zit.execute (vscode-file://vscode-app/usr/share/code/resources/app/out/vs/workbench/workbench.desktop.main.js:439:3975)
    at i (vscode-file://vscode-app/usr/share/code/resources/app/out/vs/workbench/workbench.desktop.main.js:439:4220)
    at vscode-file://vscode-app/usr/share/code/resources/app/out/vs/workbench/workbench.desktop.main.js:439:4385
<2> 
    at RegExp.exec (<anonymous>)
    at d1n (vscode-file://vscode-app/usr/share/code/resources/app/out/vs/workbench/workbench.desktop.main.js:952:64962)
    at Tbe.compute (vscode-file://vscode-app/usr/share/code/resources/app/out/vs/workbench/workbench.desktop.main.js:952:63356)
    at vscode-file://vscode-app/usr/share/code/resources/app/out/vs/workbench/workbench.desktop.main.js:952:78014
    at lr (vscode-file://vscode-app/usr/share/code/resources/app/out/vs/workbench/workbench.desktop.main.js:434:71918)
    at vscode-file://vscode-app/usr/share/code/resources/app/out/vs/workbench/workbench.desktop.main.js:952:78006
    at vscode-file://vscode-app/usr/share/code/resources/app/out/vs/workbench/workbench.desktop.main.js:434:75071
<2> 
    at vscode-file://vscode-app/usr/share/code/resources/app/out/vs/workbench/workbench.desktop.main.js:1010:71670
    at Array.map (<anonymous>)
    at iSe._updateHighlighter (vscode-file://vscode-app/usr/share/code/resources/app/out/vs/workbench/workbench.desktop.main.js:1010:71666)
    at iLe.value (vscode-file://vscode-app/usr/share/code/resources/app/out/vs/workbench/workbench.desktop.main.js:1010:70619)
    at D._deliver (vscode-file://vscode-app/usr/share/code/resources/app/out/vs/workbench/workbench.desktop.main.js:433:3642)
    at D._deliverQueue (vscode-file://vscode-app/usr/share/code/resources/app/out/vs/workbench/workbench.desktop.main.js:433:3731)
    at D.fire (vscode-file://vscode-app/usr/share/code/resources/app/out/vs/workbench/workbench.desktop.main.js:433:4066)
    at Qs.setModel (vscode-file://vscode-app/usr/share/code/resources/app/out/vs/workbench/workbench.desktop.main.js:712:705)
    at Fee.setInput (vscode-file://vscode-app/usr/share/code/resources/app/out/vs/workbench/workbench.desktop.main.js:4311:92321)
    at async bUe.doSetInput (vscode-file://vscode-app/usr/share/code/resources/app/out/vs/workbench/workbench.desktop.main.js:1374:36391)
    at async bUe.doOpenEditor (vscode-file://vscode-app/usr/share/code/resources/app/out/vs/workbench/workbench.desktop.main.js:1374:34177)
    at async bUe.openEditor (vscode-file://vscode-app/usr/share/code/resources/app/out/vs/workbench/workbench.desktop.main.js:1374:33125)
    at async vscode-file://vscode-app/usr/share/code/resources/app/out/vs/workbench/workbench.desktop.main.js:1487:76407
    at async iLe.value (vscode-file://vscode-app/usr/share/code/resources/app/out/vs/workbench/workbench.desktop.main.js:2924:88034)
<2> 
    at Object.s [as createFromDOMInfo] (vscode-file://vscode-app/usr/share/code/resources/app/out/vs/workbench/workbench.desktop.main.js:512:18245)
    at s._actualDoHitTestWithCaretRangeFromPoint (vscode-file://vscode-app/usr/share/code/resources/app/out/vs/workbench/workbench.desktop.main.js:513:10535)
    at s._doHitTestWithCaretRangeFromPoint (vscode-file://vscode-app/usr/share/code/resources/app/out/vs/workbench/workbench.desktop.main.js:513:9840)
    at s.doHitTest (vscode-file://vscode-app/usr/share/code/resources/app/out/vs/workbench/workbench.desktop.main.js:513:11979)
    at Lo.executor (vscode-file://vscode-app/usr/share/code/resources/app/out/vs/workbench/workbench.desktop.main.js:512:23829)
    at get value (vscode-file://vscode-app/usr/share/code/resources/app/out/vs/workbench/workbench.desktop.main.js:433:45419)
    at s._hitTestViewLines (vscode-file://vscode-app/usr/share/code/resources/app/out/vs/workbench/workbench.desktop.main.js:513:6910)
    at s._createMouseTarget (vscode-file://vscode-app/usr/share/code/resources/app/out/vs/workbench/workbench.desktop.main.js:513:2613)
    at s.createMouseTarget (vscode-file://vscode-app/usr/share/code/resources/app/out/vs/workbench/workbench.desktop.main.js:513:1828)
    at uLi._createMouseTarget (vscode-file://vscode-app/usr/share/code/resources/app/out/vs/workbench/workbench.desktop.main.js:513:55089)
    at uLi._onMouseMove (vscode-file://vscode-app/usr/share/code/resources/app/out/vs/workbench/workbench.desktop.main.js:513:55583)
    at vscode-file://vscode-app/usr/share/code/resources/app/out/vs/workbench/workbench.desktop.main.js:513:52570
    at HTMLDivElement.<anonymous> (vscode-file://vscode-app/usr/share/code/resources/app/out/vs/workbench/workbench.desktop.main.js:509:26995)
<2> 
    at Al._isContentWidgetResizing (vscode-file://vscode-app/usr/share/code/resources/app/out/vs/workbench/workbench.desktop.main.js:951:14539)
    at Al._shouldKeepHoverWidgetVisible (vscode-file://vscode-app/usr/share/code/resources/app/out/vs/workbench/workbench.desktop.main.js:951:11549)
    at Al._onEditorMouseLeave (vscode-file://vscode-app/usr/share/code/resources/app/out/vs/workbench/workbench.desktop.main.js:951:11947)
    at iLe.value (vscode-file://vscode-app/usr/share/code/resources/app/out/vs/workbench/workbench.desktop.main.js:951:10701)
    at hy._deliver (vscode-file://vscode-app/usr/share/code/resources/app/out/vs/workbench/workbench.desktop.main.js:433:3642)
    at hy._deliverQueue (vscode-file://vscode-app/usr/share/code/resources/app/out/vs/workbench/workbench.desktop.main.js:433:3731)
    at hy.fire (vscode-file://vscode-app/usr/share/code/resources/app/out/vs/workbench/workbench.desktop.main.js:433:4066)
    at hy.fire (vscode-file://vscode-app/usr/share/code/resources/app/out/vs/workbench/workbench.desktop.main.js:712:26339)
    at i.onMouseLeave (vscode-file://vscode-app/usr/share/code/resources/app/out/vs/workbench/workbench.desktop.main.js:712:23463)
    at s.emitMouseLeave (vscode-file://vscode-app/usr/share/code/resources/app/out/vs/workbench/workbench.desktop.main.js:519:34707)
    at s.emitMouseLeave (vscode-file://vscode-app/usr/share/code/resources/app/out/vs/workbench/workbench.desktop.main.js:519:22958)
    at uLi._onMouseLeave (vscode-file://vscode-app/usr/share/code/resources/app/out/vs/workbench/workbench.desktop.main.js:513:55782)
    at vscode-file://vscode-app/usr/share/code/resources/app/out/vs/workbench/workbench.desktop.main.js:513:52956
    at HTMLDivElement.<anonymous> (vscode-file://vscode-app/usr/share/code/resources/app/out/vs/workbench/workbench.desktop.main.js:509:26929)
<2> 
    at qH (vscode-file://vscode-app/usr/share/code/resources/app/out/vs/workbench/workbench.desktop.main.js:513:64045)
    at VFn (vscode-file://vscode-app/usr/share/code/resources/app/out/vs/workbench/workbench.desktop.main.js:516:26130)
    at sve (vscode-file://vscode-app/usr/share/code/resources/app/out/vs/workbench/workbench.desktop.main.js:516:26438)
    at Object.toExternalVSDataTransfer (vscode-file://vscode-app/usr/share/code/resources/app/out/vs/workbench/workbench.desktop.main.js:518:875)
    at $p.handlePaste (vscode-file://vscode-app/usr/share/code/resources/app/out/vs/workbench/workbench.desktop.main.js:937:295428)
    at iLe.value (vscode-file://vscode-app/usr/share/code/resources/app/out/vs/workbench/workbench.desktop.main.js:937:293232)
    at hy._deliver (vscode-file://vscode-app/usr/share/code/resources/app/out/vs/workbench/workbench.desktop.main.js:433:3642)
    at hy.fire (vscode-file://vscode-app/usr/share/code/resources/app/out/vs/workbench/workbench.desktop.main.js:433:3961)
    at hy.fire (vscode-file://vscode-app/usr/share/code/resources/app/out/vs/workbench/workbench.desktop.main.js:712:26339)
    at iLe.value (vscode-file://vscode-app/usr/share/code/resources/app/out/vs/workbench/workbench.desktop.main.js:712:22153)
    at D._deliver (vscode-file://vscode-app/usr/share/code/resources/app/out/vs/workbench/workbench.desktop.main.js:433:3642)
    at D.fire (vscode-file://vscode-app/usr/share/code/resources/app/out/vs/workbench/workbench.desktop.main.js:433:3961)
    at iLe.value (vscode-file://vscode-app/usr/share/code/resources/app/out/vs/workbench/workbench.desktop.main.js:671:17111)
    at D._deliver (vscode-file://vscode-app/usr/share/code/resources/app/out/vs/workbench/workbench.desktop.main.js:433:3642)
    at D.fire (vscode-file://vscode-app/usr/share/code/resources/app/out/vs/workbench/workbench.desktop.main.js:433:3961)
    at HTMLDivElement.<anonymous> (vscode-file://vscode-app/usr/share/code/resources/app/out/vs/workbench/workbench.desktop.main.js:671:199)
<1> 
    at HTMLDivElement.i (vscode-file://vscode-app/usr/share/code/resources/app/out/vs/workbench/workbench.desktop.main.js:513:63277)
<1> 
    at Math.round (<anonymous>)
    at s.updateFocus (vscode-file://vscode-app/usr/share/code/resources/app/out/vs/workbench/workbench.desktop.main.js:1494:37672)
    at HTMLUListElement.<anonymous> (vscode-file://vscode-app/usr/share/code/resources/app/out/vs/workbench/workbench.desktop.main.js:1494:35136)
<1> 
    at mS.setRight (vscode-file://vscode-app/usr/share/code/resources/app/out/vs/workbench/workbench.desktop.main.js:508:28220)
    at W0t._renderDomNode (vscode-file://vscode-app/usr/share/code/resources/app/out/vs/workbench/workbench.desktop.main.js:513:34133)
    at W0t.render (vscode-file://vscode-app/usr/share/code/resources/app/out/vs/workbench/workbench.desktop.main.js:513:26048)
    at W0t._onElementScrollSize (vscode-file://vscode-app/usr/share/code/resources/app/out/vs/workbench/workbench.desktop.main.js:513:25611)
    at W0t.onDidScroll (vscode-file://vscode-app/usr/share/code/resources/app/out/vs/workbench/workbench.desktop.main.js:513:34214)
    at GH._onDidScroll (vscode-file://vscode-app/usr/share/code/resources/app/out/vs/workbench/workbench.desktop.main.js:513:43490)
    at iLe.value (vscode-file://vscode-app/usr/share/code/resources/app/out/vs/workbench/workbench.desktop.main.js:513:36751)
    at D._deliver (vscode-file://vscode-app/usr/share/code/resources/app/out/vs/workbench/workbench.desktop.main.js:433:3642)
    at D.fire (vscode-file://vscode-app/usr/share/code/resources/app/out/vs/workbench/workbench.desktop.main.js:433:3961)
    at FL._setState (vscode-file://vscode-app/usr/share/code/resources/app/out/vs/workbench/workbench.desktop.main.js:442:23014)
    at FL.setScrollDimensions (vscode-file://vscode-app/usr/share/code/resources/app/out/vs/workbench/workbench.desktop.main.js:442:21020)
    at GH.setScrollDimensions (vscode-file://vscode-app/usr/share/code/resources/app/out/vs/workbench/workbench.desktop.main.js:513:39363)
    at Zit._runner (vscode-file://vscode-app/usr/share/code/resources/app/out/vs/workbench/workbench.desktop.main.js:715:18474)
    at Zit.execute (vscode-file://vscode-app/usr/share/code/resources/app/out/vs/workbench/workbench.desktop.main.js:439:3975)
    at i (vscode-file://vscode-app/usr/share/code/resources/app/out/vs/workbench/workbench.desktop.main.js:439:4220)
    at vscode-file://vscode-app/usr/share/code/resources/app/out/vs/workbench/workbench.desktop.main.js:439:4385
<1> 
    at get hasNests (vscode-file://vscode-app/usr/share/code/resources/app/out/vs/workbench/workbench.desktop.main.js:2871:2001)
    at $J.renderStat (vscode-file://vscode-app/usr/share/code/resources/app/out/vs/workbench/workbench.desktop.main.js:2924:62513)
    at $J.renderElement (vscode-file://vscode-app/usr/share/code/resources/app/out/vs/workbench/workbench.desktop.main.js:2924:60818)
    at dFi.renderElement (vscode-file://vscode-app/usr/share/code/resources/app/out/vs/workbench/workbench.desktop.main.js:946:43641)
    at k1t.renderElement (vscode-file://vscode-app/usr/share/code/resources/app/out/vs/workbench/workbench.desktop.main.js:946:19052)
    at s.renderElement (vscode-file://vscode-app/usr/share/code/resources/app/out/vs/workbench/workbench.desktop.main.js:945:17609)
    at QPi.renderElement (vscode-file://vscode-app/usr/share/code/resources/app/out/vs/workbench/workbench.desktop.main.js:758:2164)
    at AA.insertItemInDOM (vscode-file://vscode-app/usr/share/code/resources/app/out/vs/workbench/workbench.desktop.main.js:715:22981)
    at AA._splice (vscode-file://vscode-app/usr/share/code/resources/app/out/vs/workbench/workbench.desktop.main.js:715:17878)
    at AA.splice (vscode-file://vscode-app/usr/share/code/resources/app/out/vs/workbench/workbench.desktop.main.js:715:16126)
    at vscode-file://vscode-app/usr/share/code/resources/app/out/vs/workbench/workbench.desktop.main.js:713:125
    at Array.forEach (<anonymous>)
    at $Bt.splice (vscode-file://vscode-app/usr/share/code/resources/app/out/vs/workbench/workbench.desktop.main.js:713:112)
    at vscode-file://vscode-app/usr/share/code/resources/app/out/vs/workbench/workbench.desktop.main.js:758:9026
    at pH.bufferEvents (vscode-file://vscode-app/usr/share/code/resources/app/out/vs/workbench/workbench.desktop.main.js:433:7493)
    at $Oi.splice (vscode-file://vscode-app/usr/share/code/resources/app/out/vs/workbench/workbench.desktop.main.js:758:8993)
    at $Oi.splice (vscode-file://vscode-app/usr/share/code/resources/app/out/vs/workbench/workbench.desktop.main.js:945:51540)
    at iLe.value (vscode-file://vscode-app/usr/share/code/resources/app/out/vs/workbench/workbench.desktop.main.js:946:4559)
    at D._deliver (vscode-file://vscode-app/usr/share/code/resources/app/out/vs/workbench/workbench.desktop.main.js:433:3642)
    at D.fire (vscode-file://vscode-app/usr/share/code/resources/app/out/vs/workbench/workbench.desktop.main.js:433:3961)
    at iLe.value (vscode-file://vscode-app/usr/share/code/resources/app/out/vs/workbench/workbench.desktop.main.js:431:11603)
    at D._deliver (vscode-file://vscode-app/usr/share/code/resources/app/out/vs/workbench/workbench.desktop.main.js:433:3642)
    at D._deliverQueue (vscode-file://vscode-app/usr/share/code/resources/app/out/vs/workbench/workbench.desktop.main.js:433:3731)
    at D.fire (vscode-file://vscode-app/usr/share/code/resources/app/out/vs/workbench/workbench.desktop.main.js:433:4066)
    at v1t.spliceSimple (vscode-file://vscode-app/usr/share/code/resources/app/out/vs/workbench/workbench.desktop.main.js:945:4340)
    at v1t.splice (vscode-file://vscode-app/usr/share/code/resources/app/out/vs/workbench/workbench.desktop.main.js:945:2414)
    at Tj._setChildren (vscode-file://vscode-app/usr/share/code/resources/app/out/vs/workbench/workbench.desktop.main.js:946:7429)
    at Tj.setChildren (vscode-file://vscode-app/usr/share/code/resources/app/out/vs/workbench/workbench.desktop.main.js:946:6849)
    at YOi._setChildren (vscode-file://vscode-app/usr/share/code/resources/app/out/vs/workbench/workbench.desktop.main.js:946:13203)
    at YOi.setChildren (vscode-file://vscode-app/usr/share/code/resources/app/out/vs/workbench/workbench.desktop.main.js:946:12543)
    at C1t.setChildren (vscode-file://vscode-app/usr/share/code/resources/app/out/vs/workbench/workbench.desktop.main.js:946:16713)
    at MNe.setChildren (vscode-file://vscode-app/usr/share/code/resources/app/out/vs/workbench/workbench.desktop.main.js:946:21372)
    at IC.render (vscode-file://vscode-app/usr/share/code/resources/app/out/vs/workbench/workbench.desktop.main.js:946:41612)
    at IC.render (vscode-file://vscode-app/usr/share/code/resources/app/out/vs/workbench/workbench.desktop.main.js:946:46142)
    at IC.refreshAndRenderNode (vscode-file://vscode-app/usr/share/code/resources/app/out/vs/workbench/workbench.desktop.main.js:946:38214)
    at async IC._updateChildren (vscode-file://vscode-app/usr/share/code/resources/app/out/vs/workbench/workbench.desktop.main.js:946:34367)
    at async IC.updateChildren (vscode-file://vscode-app/usr/share/code/resources/app/out/vs/workbench/workbench.desktop.main.js:946:33863)
    at async vscode-file://vscode-app/usr/share/code/resources/app/out/vs/workbench/workbench.desktop.main.js:4311:84914
    at async Promise.all (index 0)
    at async hhe.onDidRunOperation (vscode-file://vscode-app/usr/share/code/resources/app/out/vs/workbench/workbench.desktop.main.js:4311:84738)
<1> 
    at C1t.getNodeLocation (vscode-file://vscode-app/usr/share/code/resources/app/out/vs/workbench/workbench.desktop.main.js:946:17090)
    at s._renderIndentGuides (vscode-file://vscode-app/usr/share/code/resources/app/out/vs/workbench/workbench.desktop.main.js:945:19347)
    at s.renderTreeElement (vscode-file://vscode-app/usr/share/code/resources/app/out/vs/workbench/workbench.desktop.main.js:945:19171)
    at s.renderElement (vscode-file://vscode-app/usr/share/code/resources/app/out/vs/workbench/workbench.desktop.main.js:945:17572)
    at KOi.createElement (vscode-file://vscode-app/usr/share/code/resources/app/out/vs/workbench/workbench.desktop.main.js:945:41187)
    at KOi.renderState (vscode-file://vscode-app/usr/share/code/resources/app/out/vs/workbench/workbench.desktop.main.js:945:38745)
    at KOi.setState (vscode-file://vscode-app/usr/share/code/resources/app/out/vs/workbench/workbench.desktop.main.js:945:38071)
    at S1t.update (vscode-file://vscode-app/usr/share/code/resources/app/out/vs/workbench/workbench.desktop.main.js:945:32681)
    at iLe.value (vscode-file://vscode-app/usr/share/code/resources/app/out/vs/workbench/workbench.desktop.main.js:945:31542)
    at D._deliver (vscode-file://vscode-app/usr/share/code/resources/app/out/vs/workbench/workbench.desktop.main.js:433:3642)
    at D._deliverQueue (vscode-file://vscode-app/usr/share/code/resources/app/out/vs/workbench/workbench.desktop.main.js:433:3731)
    at D.fire (vscode-file://vscode-app/usr/share/code/resources/app/out/vs/workbench/workbench.desktop.main.js:433:4066)
    at iLe.value (vscode-file://vscode-app/usr/share/code/resources/app/out/vs/workbench/workbench.desktop.main.js:513:36782)
    at D._deliver (vscode-file://vscode-app/usr/share/code/resources/app/out/vs/workbench/workbench.desktop.main.js:433:3642)
    at D.fire (vscode-file://vscode-app/usr/share/code/resources/app/out/vs/workbench/workbench.desktop.main.js:433:3961)
    at FL._setState (vscode-file://vscode-app/usr/share/code/resources/app/out/vs/workbench/workbench.desktop.main.js:442:23014)
    at FL.setScrollPositionNow (vscode-file://vscode-app/usr/share/code/resources/app/out/vs/workbench/workbench.desktop.main.js:442:21407)
    at FL.setScrollPositionSmooth (vscode-file://vscode-app/usr/share/code/resources/app/out/vs/workbench/workbench.desktop.main.js:442:21498)
    at GH._onMouseWheel (vscode-file://vscode-app/usr/share/code/resources/app/out/vs/workbench/workbench.desktop.main.js:513:43036)
    at HTMLDivElement.i (vscode-file://vscode-app/usr/share/code/resources/app/out/vs/workbench/workbench.desktop.main.js:513:41562)
<1> 
    at Xe (vscode-file://vscode-app/usr/share/code/resources/app/out/vs/workbench/workbench.desktop.main.js:439:2394)
    at CVe.updateActivity (vscode-file://vscode-app/usr/share/code/resources/app/out/vs/workbench/workbench.desktop.main.js:1240:7913)
    at iLe.value (vscode-file://vscode-app/usr/share/code/resources/app/out/vs/workbench/workbench.desktop.main.js:1240:5195)
    at D._deliver (vscode-file://vscode-app/usr/share/code/resources/app/out/vs/workbench/workbench.desktop.main.js:433:3642)
    at D.fire (vscode-file://vscode-app/usr/share/code/resources/app/out/vs/workbench/workbench.desktop.main.js:433:3961)
    at set activities (vscode-file://vscode-app/usr/share/code/resources/app/out/vs/workbench/workbench.desktop.main.js:1240:4524)
    at mce.updateActivity (vscode-file://vscode-app/usr/share/code/resources/app/out/vs/workbench/workbench.desktop.main.js:1494:7667)
    at iLe.value (vscode-file://vscode-app/usr/share/code/resources/app/out/vs/workbench/workbench.desktop.main.js:1494:7513)
    at D._deliver (vscode-file://vscode-app/usr/share/code/resources/app/out/vs/workbench/workbench.desktop.main.js:433:3642)
    at D._deliverQueue (vscode-file://vscode-app/usr/share/code/resources/app/out/vs/workbench/workbench.desktop.main.js:433:3731)
    at D.fire (vscode-file://vscode-app/usr/share/code/resources/app/out/vs/workbench/workbench.desktop.main.js:433:4066)
    at qft.showViewContainerActivity (vscode-file://vscode-app/usr/share/code/resources/app/out/vs/workbench/workbench.desktop.main.js:1982:8755)
    at vscode-file://vscode-app/usr/share/code/resources/app/out/vs/workbench/workbench.desktop.main.js:1960:21362
<1> 
    at Object.entries (<anonymous>)
    at Ro (vscode-file://vscode-app/usr/share/code/resources/app/out/vs/workbench/workbench.desktop.main.js:442:16260)
    at vscode-file://vscode-app/usr/share/code/resources/app/out/vs/workbench/workbench.desktop.main.js:442:16316
    at Array.forEach (<anonymous>)
    at Ro (vscode-file://vscode-app/usr/share/code/resources/app/out/vs/workbench/workbench.desktop.main.js:442:16271)
    at vscode-file://vscode-app/usr/share/code/resources/app/out/vs/workbench/workbench.desktop.main.js:442:16316
    at Array.forEach (<anonymous>)
    at Ro (vscode-file://vscode-app/usr/share/code/resources/app/out/vs/workbench/workbench.desktop.main.js:442:16271)
    at s.merge (vscode-file://vscode-app/usr/share/code/resources/app/out/vs/workbench/workbench.desktop.main.js:5604:14073)
    at $Lt.getConsolidatedConfigurationModel (vscode-file://vscode-app/usr/share/code/resources/app/out/vs/workbench/workbench.desktop.main.js:5604:30453)
    at $Lt.getValue (vscode-file://vscode-app/usr/share/code/resources/app/out/vs/workbench/workbench.desktop.main.js:5604:24879)
    at $Lt.getValue (vscode-file://vscode-app/usr/share/code/resources/app/out/vs/workbench/workbench.desktop.main.js:5606:1644)
    at Gwi.getValue (vscode-file://vscode-app/usr/share/code/resources/app/out/vs/workbench/workbench.desktop.main.js:5606:42376)
    at Zle.fetchChildren (vscode-file://vscode-app/usr/share/code/resources/app/out/vs/workbench/workbench.desktop.main.js:2871:4104)
    at T2e.getChildren (vscode-file://vscode-app/usr/share/code/resources/app/out/vs/workbench/workbench.desktop.main.js:2924:48591)
    at IC.doGetChildren (vscode-file://vscode-app/usr/share/code/resources/app/out/vs/workbench/workbench.desktop.main.js:946:39483)
    at IC.doRefreshNode (vscode-file://vscode-app/usr/share/code/resources/app/out/vs/workbench/workbench.desktop.main.js:946:39013)
    at vscode-file://vscode-app/usr/share/code/resources/app/out/vs/workbench/workbench.desktop.main.js:946:38626
    at lr (vscode-file://vscode-app/usr/share/code/resources/app/out/vs/workbench/workbench.desktop.main.js:434:71918)
    at IC.doRefreshSubTree (vscode-file://vscode-app/usr/share/code/resources/app/out/vs/workbench/workbench.desktop.main.js:946:38596)
    at IC.refreshNode (vscode-file://vscode-app/usr/share/code/resources/app/out/vs/workbench/workbench.desktop.main.js:946:38536)
    at IC.refreshAndRenderNode (vscode-file://vscode-app/usr/share/code/resources/app/out/vs/workbench/workbench.desktop.main.js:946:38160)
    at IC._updateChildren (vscode-file://vscode-app/usr/share/code/resources/app/out/vs/workbench/workbench.desktop.main.js:946:34378)
    at IC.updateChildren (vscode-file://vscode-app/usr/share/code/resources/app/out/vs/workbench/workbench.desktop.main.js:946:33874)
    at NU.refresh (vscode-file://vscode-app/usr/share/code/resources/app/out/vs/workbench/workbench.desktop.main.js:2924:91714)
    at vscode-file://vscode-app/usr/share/code/resources/app/out/vs/workbench/workbench.desktop.main.js:4311:84931
    at Array.map (<anonymous>)
    at hhe.onDidRunOperation (vscode-file://vscode-app/usr/share/code/resources/app/out/vs/workbench/workbench.desktop.main.js:4311:84758)
    at iLe.value (vscode-file://vscode-app/usr/share/code/resources/app/out/vs/workbench/workbench.desktop.main.js:4311:78817)
    at D._deliver (vscode-file://vscode-app/usr/share/code/resources/app/out/vs/workbench/workbench.desktop.main.js:433:3642)
    at D._deliverQueue (vscode-file://vscode-app/usr/share/code/resources/app/out/vs/workbench/workbench.desktop.main.js:433:3731)
    at D.fire (vscode-file://vscode-app/usr/share/code/resources/app/out/vs/workbench/workbench.desktop.main.js:433:4066)
    at qme.del (vscode-file://vscode-app/usr/share/code/resources/app/out/vs/workbench/workbench.desktop.main.js:5606:99175)
    at async Out.delete (vscode-file://vscode-app/usr/share/code/resources/app/out/vs/workbench/workbench.desktop.main.js:1100:6019)
    at async TTe.perform (vscode-file://vscode-app/usr/share/code/resources/app/out/vs/workbench/workbench.desktop.main.js:4313:11747)
    at async B6e.apply (vscode-file://vscode-app/usr/share/code/resources/app/out/vs/workbench/workbench.desktop.main.js:4313:13637)
    at async V_t._performFileEdits (vscode-file://vscode-app/usr/share/code/resources/app/out/vs/workbench/workbench.desktop.main.js:4313:20988)
    at async V_t.perform (vscode-file://vscode-app/usr/share/code/resources/app/out/vs/workbench/workbench.desktop.main.js:4313:20426)
    at async U_t.apply (vscode-file://vscode-app/usr/share/code/resources/app/out/vs/workbench/workbench.desktop.main.js:4313:23021)
    at async vscode-file://vscode-app/usr/share/code/resources/app/out/vs/workbench/workbench.desktop.main.js:4311:81218
    at async r (vscode-file://vscode-app/usr/share/code/resources/app/out/vs/workbench/workbench.desktop.main.js:1960:16139)
<1> 
    at SetIterator.next (<anonymous>)
    at tt (vscode-file://vscode-app/usr/share/code/resources/app/out/vs/workbench/workbench.desktop.main.js:431:729)
    at s.clear (vscode-file://vscode-app/usr/share/code/resources/app/out/vs/workbench/workbench.desktop.main.js:431:1634)
    at s.dispose (vscode-file://vscode-app/usr/share/code/resources/app/out/vs/workbench/workbench.desktop.main.js:431:1544)
    at Object.dispose (vscode-file://vscode-app/usr/share/code/resources/app/out/vs/workbench/workbench.desktop.main.js:2066:125998)
    at tt (vscode-file://vscode-app/usr/share/code/resources/app/out/vs/workbench/workbench.desktop.main.js:431:747)
    at s.clear (vscode-file://vscode-app/usr/share/code/resources/app/out/vs/workbench/workbench.desktop.main.js:431:1634)
    at s.dispose (vscode-file://vscode-app/usr/share/code/resources/app/out/vs/workbench/workbench.desktop.main.js:431:1544)
    at JTt.dispose (vscode-file://vscode-app/usr/share/code/resources/app/out/vs/workbench/workbench.desktop.main.js:431:2429)
    at JTt.dispose (vscode-file://vscode-app/usr/share/code/resources/app/out/vs/workbench/workbench.desktop.main.js:934:18962)
    at tt (vscode-file://vscode-app/usr/share/code/resources/app/out/vs/workbench/workbench.desktop.main.js:431:747)
    at Co.clear (vscode-file://vscode-app/usr/share/code/resources/app/out/vs/workbench/workbench.desktop.main.js:934:28562)
    at Sc.clear (vscode-file://vscode-app/usr/share/code/resources/app/out/vs/workbench/workbench.desktop.main.js:937:82833)
    at Sc.setActions (vscode-file://vscode-app/usr/share/code/resources/app/out/vs/workbench/workbench.desktop.main.js:937:76957)
    at Sc.setActions (vscode-file://vscode-app/usr/share/code/resources/app/out/vs/workbench/workbench.desktop.main.js:937:145409)
    at W7e.setActions (vscode-file://vscode-app/usr/share/code/resources/app/out/vs/workbench/workbench.desktop.main.js:1159:3311)
    at W7e.updateActions (vscode-file://vscode-app/usr/share/code/resources/app/out/vs/workbench/workbench.desktop.main.js:1159:3647)
    at iLe.value (vscode-file://vscode-app/usr/share/code/resources/app/out/vs/workbench/workbench.desktop.main.js:1154:3184)
    at D._deliver (vscode-file://vscode-app/usr/share/code/resources/app/out/vs/workbench/workbench.desktop.main.js:433:3642)
    at D.fire (vscode-file://vscode-app/usr/share/code/resources/app/out/vs/workbench/workbench.desktop.main.js:433:3961)
    at iLe.value (vscode-file://vscode-app/usr/share/code/resources/app/out/vs/workbench/workbench.desktop.main.js:1153:71229)
    at sLe._deliver (vscode-file://vscode-app/usr/share/code/resources/app/out/vs/workbench/workbench.desktop.main.js:433:3642)
    at sLe.fire (vscode-file://vscode-app/usr/share/code/resources/app/out/vs/workbench/workbench.desktop.main.js:433:3961)
    at sLe.resume (vscode-file://vscode-app/usr/share/code/resources/app/out/vs/workbench/workbench.desktop.main.js:433:5251)
    at vscode-file://vscode-app/usr/share/code/resources/app/out/vs/workbench/workbench.desktop.main.js:433:5608
<1> 
    at HTMLAnchorElement.<anonymous> (vscode-file://vscode-app/usr/share/code/resources/app/out/vs/workbench/workbench.desktop.main.js:1931:29636)
<1> 
    at Object.entries (<anonymous>)
    at Ro (vscode-file://vscode-app/usr/share/code/resources/app/out/vs/workbench/workbench.desktop.main.js:442:16260)
    at vscode-file://vscode-app/usr/share/code/resources/app/out/vs/workbench/workbench.desktop.main.js:442:16316
    at Array.forEach (<anonymous>)
    at Ro (vscode-file://vscode-app/usr/share/code/resources/app/out/vs/workbench/workbench.desktop.main.js:442:16271)
    at vscode-file://vscode-app/usr/share/code/resources/app/out/vs/workbench/workbench.desktop.main.js:442:16316
    at Array.forEach (<anonymous>)
    at Ro (vscode-file://vscode-app/usr/share/code/resources/app/out/vs/workbench/workbench.desktop.main.js:442:16271)
    at s.merge (vscode-file://vscode-app/usr/share/code/resources/app/out/vs/workbench/workbench.desktop.main.js:5604:14073)
    at $Lt.getConsolidatedConfigurationModel (vscode-file://vscode-app/usr/share/code/resources/app/out/vs/workbench/workbench.desktop.main.js:5604:30453)
    at $Lt.getValue (vscode-file://vscode-app/usr/share/code/resources/app/out/vs/workbench/workbench.desktop.main.js:5604:24879)
    at $Lt.getValue (vscode-file://vscode-app/usr/share/code/resources/app/out/vs/workbench/workbench.desktop.main.js:5606:1644)
    at Gwi.getValue (vscode-file://vscode-app/usr/share/code/resources/app/out/vs/workbench/workbench.desktop.main.js:5606:42376)
    at Zle.fetchChildren (vscode-file://vscode-app/usr/share/code/resources/app/out/vs/workbench/workbench.desktop.main.js:2871:4104)
    at T2e.getChildren (vscode-file://vscode-app/usr/share/code/resources/app/out/vs/workbench/workbench.desktop.main.js:2924:48591)
    at IC.doGetChildren (vscode-file://vscode-app/usr/share/code/resources/app/out/vs/workbench/workbench.desktop.main.js:946:39483)
    at IC.doRefreshNode (vscode-file://vscode-app/usr/share/code/resources/app/out/vs/workbench/workbench.desktop.main.js:946:39013)
    at vscode-file://vscode-app/usr/share/code/resources/app/out/vs/workbench/workbench.desktop.main.js:946:38626
    at lr (vscode-file://vscode-app/usr/share/code/resources/app/out/vs/workbench/workbench.desktop.main.js:434:71918)
    at IC.doRefreshSubTree (vscode-file://vscode-app/usr/share/code/resources/app/out/vs/workbench/workbench.desktop.main.js:946:38596)
    at vscode-file://vscode-app/usr/share/code/resources/app/out/vs/workbench/workbench.desktop.main.js:946:38689
    at Array.map (<anonymous>)
    at vscode-file://vscode-app/usr/share/code/resources/app/out/vs/workbench/workbench.desktop.main.js:946:38677
<1> 
    at CVe.getActivities (vscode-file://vscode-app/usr/share/code/resources/app/out/vs/workbench/workbench.desktop.main.js:1240:7661)
    at CVe.updateStyles (vscode-file://vscode-app/usr/share/code/resources/app/out/vs/workbench/workbench.desktop.main.js:1240:6049)
    at CVe.updateActivity (vscode-file://vscode-app/usr/share/code/resources/app/out/vs/workbench/workbench.desktop.main.js:1240:8778)
    at iLe.value (vscode-file://vscode-app/usr/share/code/resources/app/out/vs/workbench/workbench.desktop.main.js:1240:5195)
    at D._deliver (vscode-file://vscode-app/usr/share/code/resources/app/out/vs/workbench/workbench.desktop.main.js:433:3642)
    at D.fire (vscode-file://vscode-app/usr/share/code/resources/app/out/vs/workbench/workbench.desktop.main.js:433:3961)
    at set activities (vscode-file://vscode-app/usr/share/code/resources/app/out/vs/workbench/workbench.desktop.main.js:1240:4524)
    at mce.updateActivity (vscode-file://vscode-app/usr/share/code/resources/app/out/vs/workbench/workbench.desktop.main.js:1494:7667)
    at iLe.value (vscode-file://vscode-app/usr/share/code/resources/app/out/vs/workbench/workbench.desktop.main.js:1494:7513)
    at D._deliver (vscode-file://vscode-app/usr/share/code/resources/app/out/vs/workbench/workbench.desktop.main.js:433:3642)
    at D._deliverQueue (vscode-file://vscode-app/usr/share/code/resources/app/out/vs/workbench/workbench.desktop.main.js:433:3731)
    at D.fire (vscode-file://vscode-app/usr/share/code/resources/app/out/vs/workbench/workbench.desktop.main.js:433:4066)
    at qft.showViewContainerActivity (vscode-file://vscode-app/usr/share/code/resources/app/out/vs/workbench/workbench.desktop.main.js:1982:8755)
    at vscode-file://vscode-app/usr/share/code/resources/app/out/vs/workbench/workbench.desktop.main.js:1960:21362
<1> 
    at vscode-file://vscode-app/usr/share/code/resources/app/out/vs/workbench/workbench.desktop.main.js:946:16389
    at Array.map (<anonymous>)
    at vscode-file://vscode-app/usr/share/code/resources/app/out/vs/workbench/workbench.desktop.main.js:946:16385
    at iLe.value (vscode-file://vscode-app/usr/share/code/resources/app/out/vs/workbench/workbench.desktop.main.js:431:11611)
    at D._deliver (vscode-file://vscode-app/usr/share/code/resources/app/out/vs/workbench/workbench.desktop.main.js:433:3642)
    at D._deliverQueue (vscode-file://vscode-app/usr/share/code/resources/app/out/vs/workbench/workbench.desktop.main.js:433:3731)
    at D.fire (vscode-file://vscode-app/usr/share/code/resources/app/out/vs/workbench/workbench.desktop.main.js:433:4066)
    at v1t.spliceSimple (vscode-file://vscode-app/usr/share/code/resources/app/out/vs/workbench/workbench.desktop.main.js:945:4340)
    at v1t.splice (vscode-file://vscode-app/usr/share/code/resources/app/out/vs/workbench/workbench.desktop.main.js:945:2414)
    at Tj._setChildren (vscode-file://vscode-app/usr/share/code/resources/app/out/vs/workbench/workbench.desktop.main.js:946:7429)
    at Tj.setChildren (vscode-file://vscode-app/usr/share/code/resources/app/out/vs/workbench/workbench.desktop.main.js:946:6849)
    at YOi._setChildren (vscode-file://vscode-app/usr/share/code/resources/app/out/vs/workbench/workbench.desktop.main.js:946:13203)
    at YOi.setChildren (vscode-file://vscode-app/usr/share/code/resources/app/out/vs/workbench/workbench.desktop.main.js:946:12091)
    at C1t.setChildren (vscode-file://vscode-app/usr/share/code/resources/app/out/vs/workbench/workbench.desktop.main.js:946:16713)
    at MNe.setChildren (vscode-file://vscode-app/usr/share/code/resources/app/out/vs/workbench/workbench.desktop.main.js:946:21372)
    at IC.render (vscode-file://vscode-app/usr/share/code/resources/app/out/vs/workbench/workbench.desktop.main.js:946:41612)
    at IC.render (vscode-file://vscode-app/usr/share/code/resources/app/out/vs/workbench/workbench.desktop.main.js:946:46142)
    at IC.refreshAndRenderNode (vscode-file://vscode-app/usr/share/code/resources/app/out/vs/workbench/workbench.desktop.main.js:946:38214)
    at async IC._updateChildren (vscode-file://vscode-app/usr/share/code/resources/app/out/vs/workbench/workbench.desktop.main.js:946:34367)
    at async IC.updateChildren (vscode-file://vscode-app/usr/share/code/resources/app/out/vs/workbench/workbench.desktop.main.js:946:33863)
    at async hhe.refresh (vscode-file://vscode-app/usr/share/code/resources/app/out/vs/workbench/workbench.desktop.main.js:4311:83368)
    at async Ct.runner (vscode-file://vscode-app/usr/share/code/resources/app/out/vs/workbench/workbench.desktop.main.js:4311:79214)
<1> 
    at tt (vscode-file://vscode-app/usr/share/code/resources/app/out/vs/workbench/workbench.desktop.main.js:431:721)
    at s.clear (vscode-file://vscode-app/usr/share/code/resources/app/out/vs/workbench/workbench.desktop.main.js:431:1634)
    at iLe.value (vscode-file://vscode-app/usr/share/code/resources/app/out/vs/workbench/workbench.desktop.main.js:1890:25798)
    at sLe._deliver (vscode-file://vscode-app/usr/share/code/resources/app/out/vs/workbench/workbench.desktop.main.js:433:3642)
    at sLe.fire (vscode-file://vscode-app/usr/share/code/resources/app/out/vs/workbench/workbench.desktop.main.js:433:3961)
    at sLe.resume (vscode-file://vscode-app/usr/share/code/resources/app/out/vs/workbench/workbench.desktop.main.js:433:5251)
    at vscode-file://vscode-app/usr/share/code/resources/app/out/vs/workbench/workbench.desktop.main.js:433:5608
<1> 
    at HTMLDivElement.<anonymous> (vscode-file://vscode-app/usr/share/code/resources/app/out/vs/workbench/workbench.desktop.main.js:937:47428)
<1> 
    at Set.add (<anonymous>)
    at Mq.add (vscode-file://vscode-app/usr/share/code/resources/app/out/vs/workbench/workbench.desktop.main.js:412:16265)
    at s._renderIndentGuides (vscode-file://vscode-app/usr/share/code/resources/app/out/vs/workbench/workbench.desktop.main.js:945:19689)
    at s.renderTreeElement (vscode-file://vscode-app/usr/share/code/resources/app/out/vs/workbench/workbench.desktop.main.js:945:19171)
    at s.renderElement (vscode-file://vscode-app/usr/share/code/resources/app/out/vs/workbench/workbench.desktop.main.js:945:17572)
    at QPi.renderElement (vscode-file://vscode-app/usr/share/code/resources/app/out/vs/workbench/workbench.desktop.main.js:758:2164)
    at AA.insertItemInDOM (vscode-file://vscode-app/usr/share/code/resources/app/out/vs/workbench/workbench.desktop.main.js:715:22981)
    at AA._splice (vscode-file://vscode-app/usr/share/code/resources/app/out/vs/workbench/workbench.desktop.main.js:715:17878)
    at AA.splice (vscode-file://vscode-app/usr/share/code/resources/app/out/vs/workbench/workbench.desktop.main.js:715:16126)
    at vscode-file://vscode-app/usr/share/code/resources/app/out/vs/workbench/workbench.desktop.main.js:713:125
    at Array.forEach (<anonymous>)
    at $Bt.splice (vscode-file://vscode-app/usr/share/code/resources/app/out/vs/workbench/workbench.desktop.main.js:713:112)
    at vscode-file://vscode-app/usr/share/code/resources/app/out/vs/workbench/workbench.desktop.main.js:758:9026
    at pH.bufferEvents (vscode-file://vscode-app/usr/share/code/resources/app/out/vs/workbench/workbench.desktop.main.js:433:7493)
    at $Oi.splice (vscode-file://vscode-app/usr/share/code/resources/app/out/vs/workbench/workbench.desktop.main.js:758:8993)
    at $Oi.splice (vscode-file://vscode-app/usr/share/code/resources/app/out/vs/workbench/workbench.desktop.main.js:945:51540)
    at iLe.value (vscode-file://vscode-app/usr/share/code/resources/app/out/vs/workbench/workbench.desktop.main.js:946:4559)
    at D._deliver (vscode-file://vscode-app/usr/share/code/resources/app/out/vs/workbench/workbench.desktop.main.js:433:3642)
    at D.fire (vscode-file://vscode-app/usr/share/code/resources/app/out/vs/workbench/workbench.desktop.main.js:433:3961)
    at iLe.value (vscode-file://vscode-app/usr/share/code/resources/app/out/vs/workbench/workbench.desktop.main.js:431:11603)
    at D._deliver (vscode-file://vscode-app/usr/share/code/resources/app/out/vs/workbench/workbench.desktop.main.js:433:3642)
    at D._deliverQueue (vscode-file://vscode-app/usr/share/code/resources/app/out/vs/workbench/workbench.desktop.main.js:433:3731)
    at D.fire (vscode-file://vscode-app/usr/share/code/resources/app/out/vs/workbench/workbench.desktop.main.js:433:4066)
    at v1t.spliceSimple (vscode-file://vscode-app/usr/share/code/resources/app/out/vs/workbench/workbench.desktop.main.js:945:4340)
    at v1t.splice (vscode-file://vscode-app/usr/share/code/resources/app/out/vs/workbench/workbench.desktop.main.js:945:2414)
    at Tj._setChildren (vscode-file://vscode-app/usr/share/code/resources/app/out/vs/workbench/workbench.desktop.main.js:946:7429)
    at Tj.setChildren (vscode-file://vscode-app/usr/share/code/resources/app/out/vs/workbench/workbench.desktop.main.js:946:6849)
    at YOi._setChildren (vscode-file://vscode-app/usr/share/code/resources/app/out/vs/workbench/workbench.desktop.main.js:946:13203)
    at YOi.setChildren (vscode-file://vscode-app/usr/share/code/resources/app/out/vs/workbench/workbench.desktop.main.js:946:12091)
    at C1t.setChildren (vscode-file://vscode-app/usr/share/code/resources/app/out/vs/workbench/workbench.desktop.main.js:946:16713)
    at MNe.setChildren (vscode-file://vscode-app/usr/share/code/resources/app/out/vs/workbench/workbench.desktop.main.js:946:21372)
    at IC.render (vscode-file://vscode-app/usr/share/code/resources/app/out/vs/workbench/workbench.desktop.main.js:946:41612)
    at IC.render (vscode-file://vscode-app/usr/share/code/resources/app/out/vs/workbench/workbench.desktop.main.js:946:46142)
    at IC.refreshAndRenderNode (vscode-file://vscode-app/usr/share/code/resources/app/out/vs/workbench/workbench.desktop.main.js:946:38214)
    at async IC._updateChildren (vscode-file://vscode-app/usr/share/code/resources/app/out/vs/workbench/workbench.desktop.main.js:946:34367)
    at async IC.updateChildren (vscode-file://vscode-app/usr/share/code/resources/app/out/vs/workbench/workbench.desktop.main.js:946:33863)
    at async hhe.refresh (vscode-file://vscode-app/usr/share/code/resources/app/out/vs/workbench/workbench.desktop.main.js:4311:83368)
    at async Ct.runner (vscode-file://vscode-app/usr/share/code/resources/app/out/vs/workbench/workbench.desktop.main.js:4311:79214)
<1> 
    at String.replace (<anonymous>)
    at zxo (vscode-file://vscode-app/usr/share/code/resources/app/out/vs/workbench/workbench.desktop.main.js:439:14658)
    at E (vscode-file://vscode-app/usr/share/code/resources/app/out/vs/workbench/workbench.desktop.main.js:439:14875)
    at s.renderTemplate (vscode-file://vscode-app/usr/share/code/resources/app/out/vs/workbench/workbench.desktop.main.js:945:17176)
    at KOi.createElement (vscode-file://vscode-app/usr/share/code/resources/app/out/vs/workbench/workbench.desktop.main.js:945:41167)
    at KOi.renderState (vscode-file://vscode-app/usr/share/code/resources/app/out/vs/workbench/workbench.desktop.main.js:945:38745)
    at KOi.setState (vscode-file://vscode-app/usr/share/code/resources/app/out/vs/workbench/workbench.desktop.main.js:945:38071)
    at S1t.update (vscode-file://vscode-app/usr/share/code/resources/app/out/vs/workbench/workbench.desktop.main.js:945:32681)
    at iLe.value (vscode-file://vscode-app/usr/share/code/resources/app/out/vs/workbench/workbench.desktop.main.js:945:31604)
    at D._deliver (vscode-file://vscode-app/usr/share/code/resources/app/out/vs/workbench/workbench.desktop.main.js:433:3642)
    at D.fire (vscode-file://vscode-app/usr/share/code/resources/app/out/vs/workbench/workbench.desktop.main.js:433:3961)
    at iLe.value (vscode-file://vscode-app/usr/share/code/resources/app/out/vs/workbench/workbench.desktop.main.js:431:11810)
    at D._deliver (vscode-file://vscode-app/usr/share/code/resources/app/out/vs/workbench/workbench.desktop.main.js:433:3642)
    at D.fire (vscode-file://vscode-app/usr/share/code/resources/app/out/vs/workbench/workbench.desktop.main.js:433:3961)
    at AA.splice (vscode-file://vscode-app/usr/share/code/resources/app/out/vs/workbench/workbench.desktop.main.js:715:16197)
    at vscode-file://vscode-app/usr/share/code/resources/app/out/vs/workbench/workbench.desktop.main.js:713:125
    at Array.forEach (<anonymous>)
    at $Bt.splice (vscode-file://vscode-app/usr/share/code/resources/app/out/vs/workbench/workbench.desktop.main.js:713:112)
    at vscode-file://vscode-app/usr/share/code/resources/app/out/vs/workbench/workbench.desktop.main.js:758:9026
    at pH.bufferEvents (vscode-file://vscode-app/usr/share/code/resources/app/out/vs/workbench/workbench.desktop.main.js:433:7493)
    at $Oi.splice (vscode-file://vscode-app/usr/share/code/resources/app/out/vs/workbench/workbench.desktop.main.js:758:8993)
    at $Oi.splice (vscode-file://vscode-app/usr/share/code/resources/app/out/vs/workbench/workbench.desktop.main.js:945:51540)
    at iLe.value (vscode-file://vscode-app/usr/share/code/resources/app/out/vs/workbench/workbench.desktop.main.js:946:4559)
    at D._deliver (vscode-file://vscode-app/usr/share/code/resources/app/out/vs/workbench/workbench.desktop.main.js:433:3642)
    at D.fire (vscode-file://vscode-app/usr/share/code/resources/app/out/vs/workbench/workbench.desktop.main.js:433:3961)
    at iLe.value (vscode-file://vscode-app/usr/share/code/resources/app/out/vs/workbench/workbench.desktop.main.js:431:11603)
    at D._deliver (vscode-file://vscode-app/usr/share/code/resources/app/out/vs/workbench/workbench.desktop.main.js:433:3642)
    at D._deliverQueue (vscode-file://vscode-app/usr/share/code/resources/app/out/vs/workbench/workbench.desktop.main.js:433:3731)
    at D.fire (vscode-file://vscode-app/usr/share/code/resources/app/out/vs/workbench/workbench.desktop.main.js:433:4066)
    at v1t.spliceSimple (vscode-file://vscode-app/usr/share/code/resources/app/out/vs/workbench/workbench.desktop.main.js:945:4340)
    at v1t.splice (vscode-file://vscode-app/usr/share/code/resources/app/out/vs/workbench/workbench.desktop.main.js:945:2414)
    at Tj._setChildren (vscode-file://vscode-app/usr/share/code/resources/app/out/vs/workbench/workbench.desktop.main.js:946:7429)
    at Tj.setChildren (vscode-file://vscode-app/usr/share/code/resources/app/out/vs/workbench/workbench.desktop.main.js:946:6849)
    at YOi._setChildren (vscode-file://vscode-app/usr/share/code/resources/app/out/vs/workbench/workbench.desktop.main.js:946:13203)
    at YOi.setChildren (vscode-file://vscode-app/usr/share/code/resources/app/out/vs/workbench/workbench.desktop.main.js:946:12091)
    at C1t.setChildren (vscode-file://vscode-app/usr/share/code/resources/app/out/vs/workbench/workbench.desktop.main.js:946:16713)
    at MNe.setChildren (vscode-file://vscode-app/usr/share/code/resources/app/out/vs/workbench/workbench.desktop.main.js:946:21372)
    at IC.render (vscode-file://vscode-app/usr/share/code/resources/app/out/vs/workbench/workbench.desktop.main.js:946:41612)
    at IC.render (vscode-file://vscode-app/usr/share/code/resources/app/out/vs/workbench/workbench.desktop.main.js:946:46142)
    at IC.refreshAndRenderNode (vscode-file://vscode-app/usr/share/code/resources/app/out/vs/workbench/workbench.desktop.main.js:946:38214)
    at async IC._updateChildren (vscode-file://vscode-app/usr/share/code/resources/app/out/vs/workbench/workbench.desktop.main.js:946:34367)
    at async IC.updateChildren (vscode-file://vscode-app/usr/share/code/resources/app/out/vs/workbench/workbench.desktop.main.js:946:33863)
    at async hhe.refresh (vscode-file://vscode-app/usr/share/code/resources/app/out/vs/workbench/workbench.desktop.main.js:4311:83368)
    at async Ct.runner (vscode-file://vscode-app/usr/share/code/resources/app/out/vs/workbench/workbench.desktop.main.js:4311:79214)
<1> 
    at MNe.getFocus (vscode-file://vscode-app/usr/share/code/resources/app/out/vs/workbench/workbench.desktop.main.js:946:2359)
    at IC.getFocus (vscode-file://vscode-app/usr/share/code/resources/app/out/vs/workbench/workbench.desktop.main.js:946:37364)
    at l (vscode-file://vscode-app/usr/share/code/resources/app/out/vs/workbench/workbench.desktop.main.js:946:68201)
    at iLe.value (vscode-file://vscode-app/usr/share/code/resources/app/out/vs/workbench/workbench.desktop.main.js:431:11960)
    at D._deliver (vscode-file://vscode-app/usr/share/code/resources/app/out/vs/workbench/workbench.desktop.main.js:433:3642)
    at D._deliverQueue (vscode-file://vscode-app/usr/share/code/resources/app/out/vs/workbench/workbench.desktop.main.js:433:3731)
    at D.fire (vscode-file://vscode-app/usr/share/code/resources/app/out/vs/workbench/workbench.desktop.main.js:433:4066)
    at D._deliver (vscode-file://vscode-app/usr/share/code/resources/app/out/vs/workbench/workbench.desktop.main.js:433:3642)
    at D.fire (vscode-file://vscode-app/usr/share/code/resources/app/out/vs/workbench/workbench.desktop.main.js:433:3961)
    at iLe.value (vscode-file://vscode-app/usr/share/code/resources/app/out/vs/workbench/workbench.desktop.main.js:431:11603)
    at D._deliver (vscode-file://vscode-app/usr/share/code/resources/app/out/vs/workbench/workbench.desktop.main.js:433:3642)
    at D._deliverQueue (vscode-file://vscode-app/usr/share/code/resources/app/out/vs/workbench/workbench.desktop.main.js:433:3731)
    at D.fire (vscode-file://vscode-app/usr/share/code/resources/app/out/vs/workbench/workbench.desktop.main.js:433:4066)
    at v1t.spliceSimple (vscode-file://vscode-app/usr/share/code/resources/app/out/vs/workbench/workbench.desktop.main.js:945:4404)
    at v1t.splice (vscode-file://vscode-app/usr/share/code/resources/app/out/vs/workbench/workbench.desktop.main.js:945:2414)
    at Tj._setChildren (vscode-file://vscode-app/usr/share/code/resources/app/out/vs/workbench/workbench.desktop.main.js:946:7429)
    at Tj.setChildren (vscode-file://vscode-app/usr/share/code/resources/app/out/vs/workbench/workbench.desktop.main.js:946:6849)
    at YOi._setChildren (vscode-file://vscode-app/usr/share/code/resources/app/out/vs/workbench/workbench.desktop.main.js:946:13203)
    at YOi.setChildren (vscode-file://vscode-app/usr/share/code/resources/app/out/vs/workbench/workbench.desktop.main.js:946:12091)
    at C1t.setChildren (vscode-file://vscode-app/usr/share/code/resources/app/out/vs/workbench/workbench.desktop.main.js:946:16713)
    at MNe.setChildren (vscode-file://vscode-app/usr/share/code/resources/app/out/vs/workbench/workbench.desktop.main.js:946:21372)
    at IC.render (vscode-file://vscode-app/usr/share/code/resources/app/out/vs/workbench/workbench.desktop.main.js:946:41612)
    at IC.render (vscode-file://vscode-app/usr/share/code/resources/app/out/vs/workbench/workbench.desktop.main.js:946:46142)
    at IC.refreshAndRenderNode (vscode-file://vscode-app/usr/share/code/resources/app/out/vs/workbench/workbench.desktop.main.js:946:38214)
    at async IC._updateChildren (vscode-file://vscode-app/usr/share/code/resources/app/out/vs/workbench/workbench.desktop.main.js:946:34367)
    at async IC.updateChildren (vscode-file://vscode-app/usr/share/code/resources/app/out/vs/workbench/workbench.desktop.main.js:946:33863)
    at async hhe.refresh (vscode-file://vscode-app/usr/share/code/resources/app/out/vs/workbench/workbench.desktop.main.js:4311:83368)
    at async Ct.runner (vscode-file://vscode-app/usr/share/code/resources/app/out/vs/workbench/workbench.desktop.main.js:4311:79214)
<1> 
    at Zle.findByPath (vscode-file://vscode-app/usr/share/code/resources/app/out/vs/workbench/workbench.desktop.main.js:2871:6516)
    at Zle.findByPath (vscode-file://vscode-app/usr/share/code/resources/app/out/vs/workbench/workbench.desktop.main.js:2871:6769)
    at Zle.find (vscode-file://vscode-app/usr/share/code/resources/app/out/vs/workbench/workbench.desktop.main.js:2871:6443)
    at hni.findClosest (vscode-file://vscode-app/usr/share/code/resources/app/out/vs/workbench/workbench.desktop.main.js:2871:1323)
    at vscode-file://vscode-app/usr/share/code/resources/app/out/vs/workbench/workbench.desktop.main.js:4311:79151
    at Array.forEach (<anonymous>)
    at Ct.runner (vscode-file://vscode-app/usr/share/code/resources/app/out/vs/workbench/workbench.desktop.main.js:4311:79091)
    at Ct.doRun (vscode-file://vscode-app/usr/share/code/resources/app/out/vs/workbench/workbench.desktop.main.js:434:81723)
    at Ct.onTimeout (vscode-file://vscode-app/usr/share/code/resources/app/out/vs/workbench/workbench.desktop.main.js:434:81694)
<1> 
    at CVe.updateStyles (vscode-file://vscode-app/usr/share/code/resources/app/out/vs/workbench/workbench.desktop.main.js:1240:5298)
    at CVe.updateActivity (vscode-file://vscode-app/usr/share/code/resources/app/out/vs/workbench/workbench.desktop.main.js:1240:8778)
    at iLe.value (vscode-file://vscode-app/usr/share/code/resources/app/out/vs/workbench/workbench.desktop.main.js:1240:5195)
    at D._deliver (vscode-file://vscode-app/usr/share/code/resources/app/out/vs/workbench/workbench.desktop.main.js:433:3642)
    at D.fire (vscode-file://vscode-app/usr/share/code/resources/app/out/vs/workbench/workbench.desktop.main.js:433:3961)
    at set activities (vscode-file://vscode-app/usr/share/code/resources/app/out/vs/workbench/workbench.desktop.main.js:1240:4524)
    at mce.updateActivity (vscode-file://vscode-app/usr/share/code/resources/app/out/vs/workbench/workbench.desktop.main.js:1494:7667)
    at iLe.value (vscode-file://vscode-app/usr/share/code/resources/app/out/vs/workbench/workbench.desktop.main.js:1494:7513)
    at D._deliver (vscode-file://vscode-app/usr/share/code/resources/app/out/vs/workbench/workbench.desktop.main.js:433:3642)
    at D._deliverQueue (vscode-file://vscode-app/usr/share/code/resources/app/out/vs/workbench/workbench.desktop.main.js:433:3731)
    at D.fire (vscode-file://vscode-app/usr/share/code/resources/app/out/vs/workbench/workbench.desktop.main.js:433:4066)
    at qft.showViewContainerActivity (vscode-file://vscode-app/usr/share/code/resources/app/out/vs/workbench/workbench.desktop.main.js:1982:8755)
    at vscode-file://vscode-app/usr/share/code/resources/app/out/vs/workbench/workbench.desktop.main.js:1960:21362
<1> 
    at Array.push (<anonymous>)
    at lht (vscode-file://vscode-app/usr/share/code/resources/app/out/vs/workbench/workbench.desktop.main.js:1139:5198)
    at L2i.onRawMessage (vscode-file://vscode-app/usr/share/code/resources/app/out/vs/workbench/workbench.desktop.main.js:1139:6153)
    at iLe.value (vscode-file://vscode-app/usr/share/code/resources/app/out/vs/workbench/workbench.desktop.main.js:1139:5532)
    at D._deliver (vscode-file://vscode-app/usr/share/code/resources/app/out/vs/workbench/workbench.desktop.main.js:433:3642)
    at D._deliverQueue (vscode-file://vscode-app/usr/share/code/resources/app/out/vs/workbench/workbench.desktop.main.js:433:3731)
    at D.fire (vscode-file://vscode-app/usr/share/code/resources/app/out/vs/workbench/workbench.desktop.main.js:433:4066)
    at iLe.value (vscode-file://vscode-app/usr/share/code/resources/app/out/vs/workbench/workbench.desktop.main.js:431:11810)
    at D._deliver (vscode-file://vscode-app/usr/share/code/resources/app/out/vs/workbench/workbench.desktop.main.js:433:3642)
    at D.fire (vscode-file://vscode-app/usr/share/code/resources/app/out/vs/workbench/workbench.desktop.main.js:433:3961)
    at MessagePort.ve (vscode-file://vscode-app/usr/share/code/resources/app/out/vs/workbench/workbench.desktop.main.js:431:15553)
<1> 
    at ZRi._ignorePathCasing (vscode-file://vscode-app/usr/share/code/resources/app/out/vs/workbench/workbench.desktop.main.js:516:10411)
    at ZRi.reset (vscode-file://vscode-app/usr/share/code/resources/app/out/vs/workbench/workbench.desktop.main.js:516:1880)
    at s._findSuperstrOrElement (vscode-file://vscode-app/usr/share/code/resources/app/out/vs/workbench/workbench.desktop.main.js:516:7469)
    at s.findSuperstr (vscode-file://vscode-app/usr/share/code/resources/app/out/vs/workbench/workbench.desktop.main.js:516:7395)
    at s.doContains (vscode-file://vscode-app/usr/share/code/resources/app/out/vs/workbench/workbench.desktop.main.js:516:11504)
    at s.affects (vscode-file://vscode-app/usr/share/code/resources/app/out/vs/workbench/workbench.desktop.main.js:516:11102)
    at vscode-file://vscode-app/usr/share/code/resources/app/out/vs/workbench/workbench.desktop.main.js:1037:20909
    at Array.some (<anonymous>)
    at iLe.value (vscode-file://vscode-app/usr/share/code/resources/app/out/vs/workbench/workbench.desktop.main.js:1037:20899)
    at D._deliver (vscode-file://vscode-app/usr/share/code/resources/app/out/vs/workbench/workbench.desktop.main.js:433:3642)
    at D._deliverQueue (vscode-file://vscode-app/usr/share/code/resources/app/out/vs/workbench/workbench.desktop.main.js:433:3731)
    at D.fire (vscode-file://vscode-app/usr/share/code/resources/app/out/vs/workbench/workbench.desktop.main.js:433:4066)
    at iLe.value (vscode-file://vscode-app/usr/share/code/resources/app/out/vs/workbench/workbench.desktop.main.js:5606:86318)
    at D._deliver (vscode-file://vscode-app/usr/share/code/resources/app/out/vs/workbench/workbench.desktop.main.js:433:3642)
    at D._deliverQueue (vscode-file://vscode-app/usr/share/code/resources/app/out/vs/workbench/workbench.desktop.main.js:433:3731)
    at D.fire (vscode-file://vscode-app/usr/share/code/resources/app/out/vs/workbench/workbench.desktop.main.js:433:4066)
    at vscode-file://vscode-app/usr/share/code/resources/app/out/vs/workbench/workbench.desktop.main.js:5606:115404
    at nCi.onFileChanges (vscode-file://vscode-app/usr/share/code/resources/app/out/vs/workbench/workbench.desktop.main.js:5606:118822)
    at iLe.value (vscode-file://vscode-app/usr/share/code/resources/app/out/vs/workbench/workbench.desktop.main.js:5606:104171)
    at D._deliver (vscode-file://vscode-app/usr/share/code/resources/app/out/vs/workbench/workbench.desktop.main.js:433:3642)
    at D.fire (vscode-file://vscode-app/usr/share/code/resources/app/out/vs/workbench/workbench.desktop.main.js:433:3961)
    at D._deliver (vscode-file://vscode-app/usr/share/code/resources/app/out/vs/workbench/workbench.desktop.main.js:433:3642)
    at D.fire (vscode-file://vscode-app/usr/share/code/resources/app/out/vs/workbench/workbench.desktop.main.js:433:3961)
    at l (vscode-file://vscode-app/usr/share/code/resources/app/out/vs/workbench/workbench.desktop.main.js:1141:658)
    at _8t.onResponse (vscode-file://vscode-app/usr/share/code/resources/app/out/vs/workbench/workbench.desktop.main.js:1141:1894)
    at _8t.onBuffer (vscode-file://vscode-app/usr/share/code/resources/app/out/vs/workbench/workbench.desktop.main.js:1141:1749)
    at iLe.value (vscode-file://vscode-app/usr/share/code/resources/app/out/vs/workbench/workbench.desktop.main.js:1140:1635)
    at D._deliver (vscode-file://vscode-app/usr/share/code/resources/app/out/vs/workbench/workbench.desktop.main.js:433:3642)
    at D._deliverQueue (vscode-file://vscode-app/usr/share/code/resources/app/out/vs/workbench/workbench.desktop.main.js:433:3731)
    at D.fire (vscode-file://vscode-app/usr/share/code/resources/app/out/vs/workbench/workbench.desktop.main.js:433:4066)
    at iLe.value (vscode-file://vscode-app/usr/share/code/resources/app/out/vs/workbench/workbench.desktop.main.js:431:11810)
    at D._deliver (vscode-file://vscode-app/usr/share/code/resources/app/out/vs/workbench/workbench.desktop.main.js:433:3642)
    at D.fire (vscode-file://vscode-app/usr/share/code/resources/app/out/vs/workbench/workbench.desktop.main.js:433:3961)
    at MessagePort.ve (vscode-file://vscode-app/usr/share/code/resources/app/out/vs/workbench/workbench.desktop.main.js:431:15553)
<1> 
    at OAn (vscode-file://vscode-app/usr/share/code/resources/app/out/vs/workbench/workbench.desktop.main.js:434:57453)
    at new s (vscode-file://vscode-app/usr/share/code/resources/app/out/vs/workbench/workbench.desktop.main.js:434:58425)
    at new tie (vscode-file://vscode-app/usr/share/code/resources/app/out/vs/workbench/workbench.desktop.main.js:434:60174)
    at tie.with (vscode-file://vscode-app/usr/share/code/resources/app/out/vs/workbench/workbench.desktop.main.js:434:58861)
    at sCi.toUserDataResource (vscode-file://vscode-app/usr/share/code/resources/app/out/vs/workbench/workbench.desktop.main.js:5606:122494)
    at sCi.handleFileChanges (vscode-file://vscode-app/usr/share/code/resources/app/out/vs/workbench/workbench.desktop.main.js:5606:122195)
    at iLe.value (vscode-file://vscode-app/usr/share/code/resources/app/out/vs/workbench/workbench.desktop.main.js:5606:120067)
    at D._deliver (vscode-file://vscode-app/usr/share/code/resources/app/out/vs/workbench/workbench.desktop.main.js:433:3642)
    at D._deliverQueue (vscode-file://vscode-app/usr/share/code/resources/app/out/vs/workbench/workbench.desktop.main.js:433:3731)
    at D.fire (vscode-file://vscode-app/usr/share/code/resources/app/out/vs/workbench/workbench.desktop.main.js:433:4066)
    at vscode-file://vscode-app/usr/share/code/resources/app/out/vs/workbench/workbench.desktop.main.js:5606:115404
    at nCi.onFileChanges (vscode-file://vscode-app/usr/share/code/resources/app/out/vs/workbench/workbench.desktop.main.js:5606:118822)
    at iLe.value (vscode-file://vscode-app/usr/share/code/resources/app/out/vs/workbench/workbench.desktop.main.js:5606:104171)
    at D._deliver (vscode-file://vscode-app/usr/share/code/resources/app/out/vs/workbench/workbench.desktop.main.js:433:3642)
    at D.fire (vscode-file://vscode-app/usr/share/code/resources/app/out/vs/workbench/workbench.desktop.main.js:433:3961)
    at D._deliver (vscode-file://vscode-app/usr/share/code/resources/app/out/vs/workbench/workbench.desktop.main.js:433:3642)
    at D.fire (vscode-file://vscode-app/usr/share/code/resources/app/out/vs/workbench/workbench.desktop.main.js:433:3961)
    at l (vscode-file://vscode-app/usr/share/code/resources/app/out/vs/workbench/workbench.desktop.main.js:1141:658)
    at _8t.onResponse (vscode-file://vscode-app/usr/share/code/resources/app/out/vs/workbench/workbench.desktop.main.js:1141:1894)
    at _8t.onBuffer (vscode-file://vscode-app/usr/share/code/resources/app/out/vs/workbench/workbench.desktop.main.js:1141:1749)
    at iLe.value (vscode-file://vscode-app/usr/share/code/resources/app/out/vs/workbench/workbench.desktop.main.js:1140:1635)
    at D._deliver (vscode-file://vscode-app/usr/share/code/resources/app/out/vs/workbench/workbench.desktop.main.js:433:3642)
    at D._deliverQueue (vscode-file://vscode-app/usr/share/code/resources/app/out/vs/workbench/workbench.desktop.main.js:433:3731)
    at D.fire (vscode-file://vscode-app/usr/share/code/resources/app/out/vs/workbench/workbench.desktop.main.js:433:4066)
    at iLe.value (vscode-file://vscode-app/usr/share/code/resources/app/out/vs/workbench/workbench.desktop.main.js:431:11810)
    at D._deliver (vscode-file://vscode-app/usr/share/code/resources/app/out/vs/workbench/workbench.desktop.main.js:433:3642)
    at D.fire (vscode-file://vscode-app/usr/share/code/resources/app/out/vs/workbench/workbench.desktop.main.js:433:3961)
    at MessagePort.ve (vscode-file://vscode-app/usr/share/code/resources/app/out/vs/workbench/workbench.desktop.main.js:431:15553)
<1> 
    at R2e.isIgnored (vscode-file://vscode-app/usr/share/code/resources/app/out/vs/workbench/workbench.desktop.main.js:2924:69380)
    at R2e.isVisible (vscode-file://vscode-app/usr/share/code/resources/app/out/vs/workbench/workbench.desktop.main.js:2924:69028)
    at R2e.filter (vscode-file://vscode-app/usr/share/code/resources/app/out/vs/workbench/workbench.desktop.main.js:2924:68738)
    at NU.isItemVisible (vscode-file://vscode-app/usr/share/code/resources/app/out/vs/workbench/workbench.desktop.main.js:2924:84159)
    at Xyn (vscode-file://vscode-app/usr/share/code/resources/app/out/vs/workbench/workbench.desktop.main.js:4311:86088)
    at vscode-file://vscode-app/usr/share/code/resources/app/out/vs/workbench/workbench.desktop.main.js:4311:79065
    at Array.forEach (<anonymous>)
    at Ct.runner (vscode-file://vscode-app/usr/share/code/resources/app/out/vs/workbench/workbench.desktop.main.js:4311:79035)
    at Ct.doRun (vscode-file://vscode-app/usr/share/code/resources/app/out/vs/workbench/workbench.desktop.main.js:434:81723)
    at Ct.onTimeout (vscode-file://vscode-app/usr/share/code/resources/app/out/vs/workbench/workbench.desktop.main.js:434:81694)
<1> 
    at s.wrap (vscode-file://vscode-app/usr/share/code/resources/app/out/vs/workbench/workbench.desktop.main.js:434:96947)
    at vscode-file://vscode-app/usr/share/code/resources/app/out/vs/workbench/workbench.desktop.main.js:5603:110120
    at MessagePort.ve (vscode-file://vscode-app/usr/share/code/resources/app/out/vs/workbench/workbench.desktop.main.js:431:15558)
<1> 
    at $Oi.getElementID (vscode-file://vscode-app/usr/share/code/resources/app/out/vs/workbench/workbench.desktop.main.js:758:14077)
    at KOi.createElement (vscode-file://vscode-app/usr/share/code/resources/app/out/vs/workbench/workbench.desktop.main.js:945:40833)
    at KOi.renderState (vscode-file://vscode-app/usr/share/code/resources/app/out/vs/workbench/workbench.desktop.main.js:945:38745)
    at KOi.rerender (vscode-file://vscode-app/usr/share/code/resources/app/out/vs/workbench/workbench.desktop.main.js:945:39015)
    at iLe.value (vscode-file://vscode-app/usr/share/code/resources/app/out/vs/workbench/workbench.desktop.main.js:945:32164)
    at D._deliver (vscode-file://vscode-app/usr/share/code/resources/app/out/vs/workbench/workbench.desktop.main.js:433:3642)
    at D.fire (vscode-file://vscode-app/usr/share/code/resources/app/out/vs/workbench/workbench.desktop.main.js:433:3961)
    at iLe.value (vscode-file://vscode-app/usr/share/code/resources/app/out/vs/workbench/workbench.desktop.main.js:431:11603)
    at D._deliver (vscode-file://vscode-app/usr/share/code/resources/app/out/vs/workbench/workbench.desktop.main.js:433:3642)
    at D._deliverQueue (vscode-file://vscode-app/usr/share/code/resources/app/out/vs/workbench/workbench.desktop.main.js:433:3731)
    at D.fire (vscode-file://vscode-app/usr/share/code/resources/app/out/vs/workbench/workbench.desktop.main.js:433:4066)
    at v1t.spliceSimple (vscode-file://vscode-app/usr/share/code/resources/app/out/vs/workbench/workbench.desktop.main.js:945:4340)
    at v1t.splice (vscode-file://vscode-app/usr/share/code/resources/app/out/vs/workbench/workbench.desktop.main.js:945:2414)
    at Tj._setChildren (vscode-file://vscode-app/usr/share/code/resources/app/out/vs/workbench/workbench.desktop.main.js:946:7429)
    at Tj.setChildren (vscode-file://vscode-app/usr/share/code/resources/app/out/vs/workbench/workbench.desktop.main.js:946:6849)
    at YOi._setChildren (vscode-file://vscode-app/usr/share/code/resources/app/out/vs/workbench/workbench.desktop.main.js:946:13203)
    at YOi.setChildren (vscode-file://vscode-app/usr/share/code/resources/app/out/vs/workbench/workbench.desktop.main.js:946:12091)
    at C1t.setChildren (vscode-file://vscode-app/usr/share/code/resources/app/out/vs/workbench/workbench.desktop.main.js:946:16713)
    at MNe.setChildren (vscode-file://vscode-app/usr/share/code/resources/app/out/vs/workbench/workbench.desktop.main.js:946:21372)
    at IC.render (vscode-file://vscode-app/usr/share/code/resources/app/out/vs/workbench/workbench.desktop.main.js:946:41612)
    at IC.render (vscode-file://vscode-app/usr/share/code/resources/app/out/vs/workbench/workbench.desktop.main.js:946:46142)
    at IC.refreshAndRenderNode (vscode-file://vscode-app/usr/share/code/resources/app/out/vs/workbench/workbench.desktop.main.js:946:38214)
    at async IC._updateChildren (vscode-file://vscode-app/usr/share/code/resources/app/out/vs/workbench/workbench.desktop.main.js:946:34367)
    at async IC.updateChildren (vscode-file://vscode-app/usr/share/code/resources/app/out/vs/workbench/workbench.desktop.main.js:946:33863)
    at async hhe.refresh (vscode-file://vscode-app/usr/share/code/resources/app/out/vs/workbench/workbench.desktop.main.js:4311:83368)
    at async Ct.runner (vscode-file://vscode-app/usr/share/code/resources/app/out/vs/workbench/workbench.desktop.main.js:4311:79214)
<1> 
    at String.toString (<anonymous>)
    at a (vscode-file://vscode-app/usr/share/code/resources/app/out/vs/workbench/workbench.desktop.main.js:946:7342)
    at _ (vscode-file://vscode-app/usr/share/code/resources/app/out/vs/workbench/workbench.desktop.main.js:945:4156)
    at Array.forEach (<anonymous>)
    at _ (vscode-file://vscode-app/usr/share/code/resources/app/out/vs/workbench/workbench.desktop.main.js:945:4172)
    at Array.forEach (<anonymous>)
    at _ (vscode-file://vscode-app/usr/share/code/resources/app/out/vs/workbench/workbench.desktop.main.js:945:4172)
    at Array.forEach (<anonymous>)
    at _ (vscode-file://vscode-app/usr/share/code/resources/app/out/vs/workbench/workbench.desktop.main.js:945:4172)
    at Array.forEach (<anonymous>)
    at _ (vscode-file://vscode-app/usr/share/code/resources/app/out/vs/workbench/workbench.desktop.main.js:945:4172)
    at Array.forEach (<anonymous>)
    at v1t.spliceSimple (vscode-file://vscode-app/usr/share/code/resources/app/out/vs/workbench/workbench.desktop.main.js:945:4186)
    at v1t.splice (vscode-file://vscode-app/usr/share/code/resources/app/out/vs/workbench/workbench.desktop.main.js:945:2414)
    at Tj._setChildren (vscode-file://vscode-app/usr/share/code/resources/app/out/vs/workbench/workbench.desktop.main.js:946:7429)
    at Tj.setChildren (vscode-file://vscode-app/usr/share/code/resources/app/out/vs/workbench/workbench.desktop.main.js:946:6849)
    at YOi._setChildren (vscode-file://vscode-app/usr/share/code/resources/app/out/vs/workbench/workbench.desktop.main.js:946:13203)
    at YOi.setChildren (vscode-file://vscode-app/usr/share/code/resources/app/out/vs/workbench/workbench.desktop.main.js:946:12091)
    at C1t.setChildren (vscode-file://vscode-app/usr/share/code/resources/app/out/vs/workbench/workbench.desktop.main.js:946:16713)
    at MNe.setChildren (vscode-file://vscode-app/usr/share/code/resources/app/out/vs/workbench/workbench.desktop.main.js:946:21372)
    at IC.render (vscode-file://vscode-app/usr/share/code/resources/app/out/vs/workbench/workbench.desktop.main.js:946:41612)
    at IC.render (vscode-file://vscode-app/usr/share/code/resources/app/out/vs/workbench/workbench.desktop.main.js:946:46142)
    at IC.refreshAndRenderNode (vscode-file://vscode-app/usr/share/code/resources/app/out/vs/workbench/workbench.desktop.main.js:946:38214)
    at async IC._updateChildren (vscode-file://vscode-app/usr/share/code/resources/app/out/vs/workbench/workbench.desktop.main.js:946:34367)
    at async IC.updateChildren (vscode-file://vscode-app/usr/share/code/resources/app/out/vs/workbench/workbench.desktop.main.js:946:33863)
    at async hhe.refresh (vscode-file://vscode-app/usr/share/code/resources/app/out/vs/workbench/workbench.desktop.main.js:4311:83368)
    at async Ct.runner (vscode-file://vscode-app/usr/share/code/resources/app/out/vs/workbench/workbench.desktop.main.js:4311:79214)
<1> 
    at F$r (vscode-file://vscode-app/usr/share/code/resources/app/out/vs/workbench/workbench.desktop.main.js:5612:53879)
    at PRn (vscode-file://vscode-app/usr/share/code/resources/app/out/vs/workbench/workbench.desktop.main.js:5612:53158)
    at async uMt.logAndRequest (vscode-file://vscode-app/usr/share/code/resources/app/out/vs/workbench/workbench.desktop.main.js:1026:11061)
    at async W7._fetchChatControlData (vscode-file://vscode-app/usr/share/code/resources/app/out/vs/workbench/workbench.desktop.main.js:1034:11269)
<1> 
    at String.replace (<anonymous>)
    at zxo (vscode-file://vscode-app/usr/share/code/resources/app/out/vs/workbench/workbench.desktop.main.js:439:14658)
    at E (vscode-file://vscode-app/usr/share/code/resources/app/out/vs/workbench/workbench.desktop.main.js:439:14875)
    at s._renderIndentGuides (vscode-file://vscode-app/usr/share/code/resources/app/out/vs/workbench/workbench.desktop.main.js:945:19446)
    at s.renderTreeElement (vscode-file://vscode-app/usr/share/code/resources/app/out/vs/workbench/workbench.desktop.main.js:945:19171)
    at s.renderElement (vscode-file://vscode-app/usr/share/code/resources/app/out/vs/workbench/workbench.desktop.main.js:945:17572)
    at QPi.renderElement (vscode-file://vscode-app/usr/share/code/resources/app/out/vs/workbench/workbench.desktop.main.js:758:2164)
    at AA.insertItemInDOM (vscode-file://vscode-app/usr/share/code/resources/app/out/vs/workbench/workbench.desktop.main.js:715:22981)
    at AA._splice (vscode-file://vscode-app/usr/share/code/resources/app/out/vs/workbench/workbench.desktop.main.js:715:17878)
    at AA.splice (vscode-file://vscode-app/usr/share/code/resources/app/out/vs/workbench/workbench.desktop.main.js:715:16126)
    at vscode-file://vscode-app/usr/share/code/resources/app/out/vs/workbench/workbench.desktop.main.js:713:125
    at Array.forEach (<anonymous>)
    at $Bt.splice (vscode-file://vscode-app/usr/share/code/resources/app/out/vs/workbench/workbench.desktop.main.js:713:112)
    at vscode-file://vscode-app/usr/share/code/resources/app/out/vs/workbench/workbench.desktop.main.js:758:9026
    at pH.bufferEvents (vscode-file://vscode-app/usr/share/code/resources/app/out/vs/workbench/workbench.desktop.main.js:433:7493)
    at $Oi.splice (vscode-file://vscode-app/usr/share/code/resources/app/out/vs/workbench/workbench.desktop.main.js:758:8993)
    at $Oi.splice (vscode-file://vscode-app/usr/share/code/resources/app/out/vs/workbench/workbench.desktop.main.js:945:51540)
    at iLe.value (vscode-file://vscode-app/usr/share/code/resources/app/out/vs/workbench/workbench.desktop.main.js:946:4559)
    at D._deliver (vscode-file://vscode-app/usr/share/code/resources/app/out/vs/workbench/workbench.desktop.main.js:433:3642)
    at D.fire (vscode-file://vscode-app/usr/share/code/resources/app/out/vs/workbench/workbench.desktop.main.js:433:3961)
    at iLe.value (vscode-file://vscode-app/usr/share/code/resources/app/out/vs/workbench/workbench.desktop.main.js:431:11603)
    at D._deliver (vscode-file://vscode-app/usr/share/code/resources/app/out/vs/workbench/workbench.desktop.main.js:433:3642)
    at D._deliverQueue (vscode-file://vscode-app/usr/share/code/resources/app/out/vs/workbench/workbench.desktop.main.js:433:3731)
    at D.fire (vscode-file://vscode-app/usr/share/code/resources/app/out/vs/workbench/workbench.desktop.main.js:433:4066)
    at v1t.spliceSimple (vscode-file://vscode-app/usr/share/code/resources/app/out/vs/workbench/workbench.desktop.main.js:945:4340)
    at v1t.splice (vscode-file://vscode-app/usr/share/code/resources/app/out/vs/workbench/workbench.desktop.main.js:945:2414)
    at Tj._setChildren (vscode-file://vscode-app/usr/share/code/resources/app/out/vs/workbench/workbench.desktop.main.js:946:7429)
    at Tj.setChildren (vscode-file://vscode-app/usr/share/code/resources/app/out/vs/workbench/workbench.desktop.main.js:946:6849)
    at YOi._setChildren (vscode-file://vscode-app/usr/share/code/resources/app/out/vs/workbench/workbench.desktop.main.js:946:13203)
    at YOi.setChildren (vscode-file://vscode-app/usr/share/code/resources/app/out/vs/workbench/workbench.desktop.main.js:946:12091)
    at C1t.setChildren (vscode-file://vscode-app/usr/share/code/resources/app/out/vs/workbench/workbench.desktop.main.js:946:16713)
    at MNe.setChildren (vscode-file://vscode-app/usr/share/code/resources/app/out/vs/workbench/workbench.desktop.main.js:946:21372)
    at IC.render (vscode-file://vscode-app/usr/share/code/resources/app/out/vs/workbench/workbench.desktop.main.js:946:41612)
    at IC.render (vscode-file://vscode-app/usr/share/code/resources/app/out/vs/workbench/workbench.desktop.main.js:946:46142)
    at IC.refreshAndRenderNode (vscode-file://vscode-app/usr/share/code/resources/app/out/vs/workbench/workbench.desktop.main.js:946:38214)
    at async IC._updateChildren (vscode-file://vscode-app/usr/share/code/resources/app/out/vs/workbench/workbench.desktop.main.js:946:34367)
    at async IC.updateChildren (vscode-file://vscode-app/usr/share/code/resources/app/out/vs/workbench/workbench.desktop.main.js:946:33863)
    at async hhe.refresh (vscode-file://vscode-app/usr/share/code/resources/app/out/vs/workbench/workbench.desktop.main.js:4311:83368)
    at async Ct.runner (vscode-file://vscode-app/usr/share/code/resources/app/out/vs/workbench/workbench.desktop.main.js:4311:79214)
<1> 
    at get collapsible (vscode-file://vscode-app/usr/share/code/resources/app/out/vs/workbench/workbench.desktop.main.js:946:15201)
    at s.renderTreeElement (vscode-file://vscode-app/usr/share/code/resources/app/out/vs/workbench/workbench.desktop.main.js:945:18474)
    at s.renderElement (vscode-file://vscode-app/usr/share/code/resources/app/out/vs/workbench/workbench.desktop.main.js:945:17572)
    at QPi.renderElement (vscode-file://vscode-app/usr/share/code/resources/app/out/vs/workbench/workbench.desktop.main.js:758:2164)
    at AA.insertItemInDOM (vscode-file://vscode-app/usr/share/code/resources/app/out/vs/workbench/workbench.desktop.main.js:715:22981)
    at AA._splice (vscode-file://vscode-app/usr/share/code/resources/app/out/vs/workbench/workbench.desktop.main.js:715:17878)
    at AA.splice (vscode-file://vscode-app/usr/share/code/resources/app/out/vs/workbench/workbench.desktop.main.js:715:16126)
    at vscode-file://vscode-app/usr/share/code/resources/app/out/vs/workbench/workbench.desktop.main.js:713:125
    at Array.forEach (<anonymous>)
    at $Bt.splice (vscode-file://vscode-app/usr/share/code/resources/app/out/vs/workbench/workbench.desktop.main.js:713:112)
    at vscode-file://vscode-app/usr/share/code/resources/app/out/vs/workbench/workbench.desktop.main.js:758:9026
    at pH.bufferEvents (vscode-file://vscode-app/usr/share/code/resources/app/out/vs/workbench/workbench.desktop.main.js:433:7493)
    at $Oi.splice (vscode-file://vscode-app/usr/share/code/resources/app/out/vs/workbench/workbench.desktop.main.js:758:8993)
    at $Oi.splice (vscode-file://vscode-app/usr/share/code/resources/app/out/vs/workbench/workbench.desktop.main.js:945:51540)
    at iLe.value (vscode-file://vscode-app/usr/share/code/resources/app/out/vs/workbench/workbench.desktop.main.js:946:4559)
    at D._deliver (vscode-file://vscode-app/usr/share/code/resources/app/out/vs/workbench/workbench.desktop.main.js:433:3642)
    at D.fire (vscode-file://vscode-app/usr/share/code/resources/app/out/vs/workbench/workbench.desktop.main.js:433:3961)
    at iLe.value (vscode-file://vscode-app/usr/share/code/resources/app/out/vs/workbench/workbench.desktop.main.js:431:11603)
    at D._deliver (vscode-file://vscode-app/usr/share/code/resources/app/out/vs/workbench/workbench.desktop.main.js:433:3642)
    at D._deliverQueue (vscode-file://vscode-app/usr/share/code/resources/app/out/vs/workbench/workbench.desktop.main.js:433:3731)
    at D.fire (vscode-file://vscode-app/usr/share/code/resources/app/out/vs/workbench/workbench.desktop.main.js:433:4066)
    at v1t.spliceSimple (vscode-file://vscode-app/usr/share/code/resources/app/out/vs/workbench/workbench.desktop.main.js:945:4340)
    at v1t.splice (vscode-file://vscode-app/usr/share/code/resources/app/out/vs/workbench/workbench.desktop.main.js:945:2414)
    at Tj._setChildren (vscode-file://vscode-app/usr/share/code/resources/app/out/vs/workbench/workbench.desktop.main.js:946:7429)
    at Tj.setChildren (vscode-file://vscode-app/usr/share/code/resources/app/out/vs/workbench/workbench.desktop.main.js:946:6849)
    at YOi._setChildren (vscode-file://vscode-app/usr/share/code/resources/app/out/vs/workbench/workbench.desktop.main.js:946:13203)
    at YOi.setChildren (vscode-file://vscode-app/usr/share/code/resources/app/out/vs/workbench/workbench.desktop.main.js:946:12091)
    at C1t.setChildren (vscode-file://vscode-app/usr/share/code/resources/app/out/vs/workbench/workbench.desktop.main.js:946:16713)
    at MNe.setChildren (vscode-file://vscode-app/usr/share/code/resources/app/out/vs/workbench/workbench.desktop.main.js:946:21372)
    at IC.render (vscode-file://vscode-app/usr/share/code/resources/app/out/vs/workbench/workbench.desktop.main.js:946:41612)
    at IC.render (vscode-file://vscode-app/usr/share/code/resources/app/out/vs/workbench/workbench.desktop.main.js:946:46142)
    at IC.refreshAndRenderNode (vscode-file://vscode-app/usr/share/code/resources/app/out/vs/workbench/workbench.desktop.main.js:946:38214)
    at async IC._updateChildren (vscode-file://vscode-app/usr/share/code/resources/app/out/vs/workbench/workbench.desktop.main.js:946:34367)
    at async IC.updateChildren (vscode-file://vscode-app/usr/share/code/resources/app/out/vs/workbench/workbench.desktop.main.js:946:33863)
    at async hhe.refresh (vscode-file://vscode-app/usr/share/code/resources/app/out/vs/workbench/workbench.desktop.main.js:4311:83368)
    at async Ct.runner (vscode-file://vscode-app/usr/share/code/resources/app/out/vs/workbench/workbench.desktop.main.js:4311:79214)
<1> 
    at Mq.add (vscode-file://vscode-app/usr/share/code/resources/app/out/vs/workbench/workbench.desktop.main.js:412:16202)
    at s._renderIndentGuides (vscode-file://vscode-app/usr/share/code/resources/app/out/vs/workbench/workbench.desktop.main.js:945:19689)
    at s.renderTreeElement (vscode-file://vscode-app/usr/share/code/resources/app/out/vs/workbench/workbench.desktop.main.js:945:19171)
    at s.renderElement (vscode-file://vscode-app/usr/share/code/resources/app/out/vs/workbench/workbench.desktop.main.js:945:17572)
    at QPi.renderElement (vscode-file://vscode-app/usr/share/code/resources/app/out/vs/workbench/workbench.desktop.main.js:758:2164)
    at AA.insertItemInDOM (vscode-file://vscode-app/usr/share/code/resources/app/out/vs/workbench/workbench.desktop.main.js:715:22981)
    at AA._splice (vscode-file://vscode-app/usr/share/code/resources/app/out/vs/workbench/workbench.desktop.main.js:715:17878)
    at AA.splice (vscode-file://vscode-app/usr/share/code/resources/app/out/vs/workbench/workbench.desktop.main.js:715:16126)
    at vscode-file://vscode-app/usr/share/code/resources/app/out/vs/workbench/workbench.desktop.main.js:713:125
    at Array.forEach (<anonymous>)
    at $Bt.splice (vscode-file://vscode-app/usr/share/code/resources/app/out/vs/workbench/workbench.desktop.main.js:713:112)
    at vscode-file://vscode-app/usr/share/code/resources/app/out/vs/workbench/workbench.desktop.main.js:758:9026
    at pH.bufferEvents (vscode-file://vscode-app/usr/share/code/resources/app/out/vs/workbench/workbench.desktop.main.js:433:7493)
    at $Oi.splice (vscode-file://vscode-app/usr/share/code/resources/app/out/vs/workbench/workbench.desktop.main.js:758:8993)
    at $Oi.splice (vscode-file://vscode-app/usr/share/code/resources/app/out/vs/workbench/workbench.desktop.main.js:945:51540)
    at iLe.value (vscode-file://vscode-app/usr/share/code/resources/app/out/vs/workbench/workbench.desktop.main.js:946:4559)
    at D._deliver (vscode-file://vscode-app/usr/share/code/resources/app/out/vs/workbench/workbench.desktop.main.js:433:3642)
    at D.fire (vscode-file://vscode-app/usr/share/code/resources/app/out/vs/workbench/workbench.desktop.main.js:433:3961)
    at iLe.value (vscode-file://vscode-app/usr/share/code/resources/app/out/vs/workbench/workbench.desktop.main.js:431:11603)
    at D._deliver (vscode-file://vscode-app/usr/share/code/resources/app/out/vs/workbench/workbench.desktop.main.js:433:3642)
    at D._deliverQueue (vscode-file://vscode-app/usr/share/code/resources/app/out/vs/workbench/workbench.desktop.main.js:433:3731)
    at D.fire (vscode-file://vscode-app/usr/share/code/resources/app/out/vs/workbench/workbench.desktop.main.js:433:4066)
    at v1t.spliceSimple (vscode-file://vscode-app/usr/share/code/resources/app/out/vs/workbench/workbench.desktop.main.js:945:4340)
    at v1t.splice (vscode-file://vscode-app/usr/share/code/resources/app/out/vs/workbench/workbench.desktop.main.js:945:2414)
    at Tj._setChildren (vscode-file://vscode-app/usr/share/code/resources/app/out/vs/workbench/workbench.desktop.main.js:946:7429)
    at Tj.setChildren (vscode-file://vscode-app/usr/share/code/resources/app/out/vs/workbench/workbench.desktop.main.js:946:6849)
    at YOi._setChildren (vscode-file://vscode-app/usr/share/code/resources/app/out/vs/workbench/workbench.desktop.main.js:946:13203)
    at YOi.setChildren (vscode-file://vscode-app/usr/share/code/resources/app/out/vs/workbench/workbench.desktop.main.js:946:12091)
    at C1t.setChildren (vscode-file://vscode-app/usr/share/code/resources/app/out/vs/workbench/workbench.desktop.main.js:946:16713)
    at MNe.setChildren (vscode-file://vscode-app/usr/share/code/resources/app/out/vs/workbench/workbench.desktop.main.js:946:21372)
    at IC.render (vscode-file://vscode-app/usr/share/code/resources/app/out/vs/workbench/workbench.desktop.main.js:946:41612)
    at IC.render (vscode-file://vscode-app/usr/share/code/resources/app/out/vs/workbench/workbench.desktop.main.js:946:46142)
    at IC.refreshAndRenderNode (vscode-file://vscode-app/usr/share/code/resources/app/out/vs/workbench/workbench.desktop.main.js:946:38214)
    at async IC._updateChildren (vscode-file://vscode-app/usr/share/code/resources/app/out/vs/workbench/workbench.desktop.main.js:946:34367)
    at async IC.updateChildren (vscode-file://vscode-app/usr/share/code/resources/app/out/vs/workbench/workbench.desktop.main.js:946:33863)
    at async hhe.refresh (vscode-file://vscode-app/usr/share/code/resources/app/out/vs/workbench/workbench.desktop.main.js:4311:83368)
    at async Ct.runner (vscode-file://vscode-app/usr/share/code/resources/app/out/vs/workbench/workbench.desktop.main.js:4311:79214)
<1> 
    at s.off (vscode-file://vscode-app/usr/share/code/resources/app/out/vs/workbench/workbench.desktop.main.js:1153:60307)
    at s.doDone (vscode-file://vscode-app/usr/share/code/resources/app/out/vs/workbench/workbench.desktop.main.js:1153:60729)
    at s.stop (vscode-file://vscode-app/usr/share/code/resources/app/out/vs/workbench/workbench.desktop.main.js:1153:60566)
    at aBe.showWhile (vscode-file://vscode-app/usr/share/code/resources/app/out/vs/workbench/workbench.desktop.main.js:1153:65305)
<1> 
    at new s (vscode-file://vscode-app/usr/share/code/resources/app/out/vs/workbench/workbench.desktop.main.js:1953:92)
    at n8i.asDecoration (vscode-file://vscode-app/usr/share/code/resources/app/out/vs/workbench/workbench.desktop.main.js:1960:458)
    at Pft.getDecoration (vscode-file://vscode-app/usr/share/code/resources/app/out/vs/workbench/workbench.desktop.main.js:1960:2599)
    at Nht.render (vscode-file://vscode-app/usr/share/code/resources/app/out/vs/workbench/workbench.desktop.main.js:1153:34998)
    at Nht.setResource (vscode-file://vscode-app/usr/share/code/resources/app/out/vs/workbench/workbench.desktop.main.js:1153:32882)
    at Object.setResource (vscode-file://vscode-app/usr/share/code/resources/app/out/vs/workbench/workbench.desktop.main.js:1153:28208)
    at $J.renderStat (vscode-file://vscode-app/usr/share/code/resources/app/out/vs/workbench/workbench.desktop.main.js:2924:62688)
    at $J.renderElement (vscode-file://vscode-app/usr/share/code/resources/app/out/vs/workbench/workbench.desktop.main.js:2924:60818)
    at dFi.renderElement (vscode-file://vscode-app/usr/share/code/resources/app/out/vs/workbench/workbench.desktop.main.js:946:43641)
    at k1t.renderElement (vscode-file://vscode-app/usr/share/code/resources/app/out/vs/workbench/workbench.desktop.main.js:946:19052)
    at s.renderElement (vscode-file://vscode-app/usr/share/code/resources/app/out/vs/workbench/workbench.desktop.main.js:945:17609)
    at KOi.createElement (vscode-file://vscode-app/usr/share/code/resources/app/out/vs/workbench/workbench.desktop.main.js:945:41187)
    at KOi.renderState (vscode-file://vscode-app/usr/share/code/resources/app/out/vs/workbench/workbench.desktop.main.js:945:38745)
    at KOi.rerender (vscode-file://vscode-app/usr/share/code/resources/app/out/vs/workbench/workbench.desktop.main.js:945:39015)
    at iLe.value (vscode-file://vscode-app/usr/share/code/resources/app/out/vs/workbench/workbench.desktop.main.js:945:32164)
    at D._deliver (vscode-file://vscode-app/usr/share/code/resources/app/out/vs/workbench/workbench.desktop.main.js:433:3642)
    at D.fire (vscode-file://vscode-app/usr/share/code/resources/app/out/vs/workbench/workbench.desktop.main.js:433:3961)
    at iLe.value (vscode-file://vscode-app/usr/share/code/resources/app/out/vs/workbench/workbench.desktop.main.js:431:11603)
    at D._deliver (vscode-file://vscode-app/usr/share/code/resources/app/out/vs/workbench/workbench.desktop.main.js:433:3642)
    at D._deliverQueue (vscode-file://vscode-app/usr/share/code/resources/app/out/vs/workbench/workbench.desktop.main.js:433:3731)
    at D.fire (vscode-file://vscode-app/usr/share/code/resources/app/out/vs/workbench/workbench.desktop.main.js:433:4066)
    at v1t.spliceSimple (vscode-file://vscode-app/usr/share/code/resources/app/out/vs/workbench/workbench.desktop.main.js:945:4340)
    at v1t.splice (vscode-file://vscode-app/usr/share/code/resources/app/out/vs/workbench/workbench.desktop.main.js:945:2414)
    at Tj._setChildren (vscode-file://vscode-app/usr/share/code/resources/app/out/vs/workbench/workbench.desktop.main.js:946:7429)
    at Tj.setChildren (vscode-file://vscode-app/usr/share/code/resources/app/out/vs/workbench/workbench.desktop.main.js:946:6849)
    at YOi._setChildren (vscode-file://vscode-app/usr/share/code/resources/app/out/vs/workbench/workbench.desktop.main.js:946:13203)
    at YOi.setChildren (vscode-file://vscode-app/usr/share/code/resources/app/out/vs/workbench/workbench.desktop.main.js:946:12091)
    at C1t.setChildren (vscode-file://vscode-app/usr/share/code/resources/app/out/vs/workbench/workbench.desktop.main.js:946:16713)
    at MNe.setChildren (vscode-file://vscode-app/usr/share/code/resources/app/out/vs/workbench/workbench.desktop.main.js:946:21372)
    at IC.render (vscode-file://vscode-app/usr/share/code/resources/app/out/vs/workbench/workbench.desktop.main.js:946:41612)
    at IC.render (vscode-file://vscode-app/usr/share/code/resources/app/out/vs/workbench/workbench.desktop.main.js:946:46142)
    at IC.refreshAndRenderNode (vscode-file://vscode-app/usr/share/code/resources/app/out/vs/workbench/workbench.desktop.main.js:946:38214)
    at async IC._updateChildren (vscode-file://vscode-app/usr/share/code/resources/app/out/vs/workbench/workbench.desktop.main.js:946:34367)
    at async IC.updateChildren (vscode-file://vscode-app/usr/share/code/resources/app/out/vs/workbench/workbench.desktop.main.js:946:33863)
    at async hhe.refresh (vscode-file://vscode-app/usr/share/code/resources/app/out/vs/workbench/workbench.desktop.main.js:4311:83368)
    at async Ct.runner (vscode-file://vscode-app/usr/share/code/resources/app/out/vs/workbench/workbench.desktop.main.js:4311:79214)
<1> 
    at Object.entries (<anonymous>)
    at Ro (vscode-file://vscode-app/usr/share/code/resources/app/out/vs/workbench/workbench.desktop.main.js:442:16260)
    at vscode-file://vscode-app/usr/share/code/resources/app/out/vs/workbench/workbench.desktop.main.js:442:16316
    at Array.forEach (<anonymous>)
    at Ro (vscode-file://vscode-app/usr/share/code/resources/app/out/vs/workbench/workbench.desktop.main.js:442:16271)
    at s.merge (vscode-file://vscode-app/usr/share/code/resources/app/out/vs/workbench/workbench.desktop.main.js:5604:14093)
    at $Lt.getConsolidatedConfigurationModel (vscode-file://vscode-app/usr/share/code/resources/app/out/vs/workbench/workbench.desktop.main.js:5604:30453)
    at $Lt.getValue (vscode-file://vscode-app/usr/share/code/resources/app/out/vs/workbench/workbench.desktop.main.js:5604:24879)
    at $Lt.getValue (vscode-file://vscode-app/usr/share/code/resources/app/out/vs/workbench/workbench.desktop.main.js:5606:1644)
    at Gwi.getValue (vscode-file://vscode-app/usr/share/code/resources/app/out/vs/workbench/workbench.desktop.main.js:5606:42376)
    at Zle.fetchChildren (vscode-file://vscode-app/usr/share/code/resources/app/out/vs/workbench/workbench.desktop.main.js:2871:4104)
    at T2e.getChildren (vscode-file://vscode-app/usr/share/code/resources/app/out/vs/workbench/workbench.desktop.main.js:2924:48591)
    at IC.doGetChildren (vscode-file://vscode-app/usr/share/code/resources/app/out/vs/workbench/workbench.desktop.main.js:946:39483)
    at IC.doRefreshNode (vscode-file://vscode-app/usr/share/code/resources/app/out/vs/workbench/workbench.desktop.main.js:946:39013)
    at vscode-file://vscode-app/usr/share/code/resources/app/out/vs/workbench/workbench.desktop.main.js:946:38626
    at lr (vscode-file://vscode-app/usr/share/code/resources/app/out/vs/workbench/workbench.desktop.main.js:434:71918)
    at IC.doRefreshSubTree (vscode-file://vscode-app/usr/share/code/resources/app/out/vs/workbench/workbench.desktop.main.js:946:38596)
    at vscode-file://vscode-app/usr/share/code/resources/app/out/vs/workbench/workbench.desktop.main.js:946:38689
    at Array.map (<anonymous>)
    at vscode-file://vscode-app/usr/share/code/resources/app/out/vs/workbench/workbench.desktop.main.js:946:38677
<1> 
    at Object.FFn (vscode-file://vscode-app/usr/share/code/resources/app/out/vs/workbench/workbench.desktop.main.js:515:165)
    at JSON.stringify (<anonymous>)
    at z6 (vscode-file://vscode-app/usr/share/code/resources/app/out/vs/workbench/workbench.desktop.main.js:515:84)
    at s.set (vscode-file://vscode-app/usr/share/code/resources/app/out/vs/workbench/workbench.desktop.main.js:937:87765)
    at vscode-file://vscode-app/usr/share/code/resources/app/out/vs/workbench/workbench.desktop.main.js:937:107631
    at $wi.withPausedEmitters (vscode-file://vscode-app/usr/share/code/resources/app/out/vs/workbench/workbench.desktop.main.js:937:107846)
    at $wi.store (vscode-file://vscode-app/usr/share/code/resources/app/out/vs/workbench/workbench.desktop.main.js:937:107559)
    at tWe.save (vscode-file://vscode-app/usr/share/code/resources/app/out/vs/workbench/workbench.desktop.main.js:1085:2647)
    at s.saveMemento (vscode-file://vscode-app/usr/share/code/resources/app/out/vs/workbench/workbench.desktop.main.js:1085:1479)
    at iLe.value (vscode-file://vscode-app/usr/share/code/resources/app/out/vs/workbench/workbench.desktop.main.js:1100:41911)
    at D._deliver (vscode-file://vscode-app/usr/share/code/resources/app/out/vs/workbench/workbench.desktop.main.js:433:3642)
    at D._deliverQueue (vscode-file://vscode-app/usr/share/code/resources/app/out/vs/workbench/workbench.desktop.main.js:433:3731)
    at D.fire (vscode-file://vscode-app/usr/share/code/resources/app/out/vs/workbench/workbench.desktop.main.js:433:4066)
    at $wi.flush (vscode-file://vscode-app/usr/share/code/resources/app/out/vs/workbench/workbench.desktop.main.js:937:109190)
    at vscode-file://vscode-app/usr/share/code/resources/app/out/vs/workbench/workbench.desktop.main.js:937:106307
<1> 
    at vscode-file://vscode-app/usr/share/code/resources/app/out/vs/workbench/workbench.desktop.main.js:5640:42050
    at iLe.value (vscode-file://vscode-app/usr/share/code/resources/app/out/vs/workbench/workbench.desktop.main.js:431:11611)
    at D._deliver (vscode-file://vscode-app/usr/share/code/resources/app/out/vs/workbench/workbench.desktop.main.js:433:3642)
    at D.fire (vscode-file://vscode-app/usr/share/code/resources/app/out/vs/workbench/workbench.desktop.main.js:433:3961)
    at D._deliver (vscode-file://vscode-app/usr/share/code/resources/app/out/vs/workbench/workbench.desktop.main.js:433:3642)
    at D.fire (vscode-file://vscode-app/usr/share/code/resources/app/out/vs/workbench/workbench.desktop.main.js:433:3961)
    at l (vscode-file://vscode-app/usr/share/code/resources/app/out/vs/workbench/workbench.desktop.main.js:1141:658)
    at _8t.onResponse (vscode-file://vscode-app/usr/share/code/resources/app/out/vs/workbench/workbench.desktop.main.js:1141:1894)
    at _8t.onBuffer (vscode-file://vscode-app/usr/share/code/resources/app/out/vs/workbench/workbench.desktop.main.js:1141:1749)
    at iLe.value (vscode-file://vscode-app/usr/share/code/resources/app/out/vs/workbench/workbench.desktop.main.js:1140:1635)
    at D._deliver (vscode-file://vscode-app/usr/share/code/resources/app/out/vs/workbench/workbench.desktop.main.js:433:3642)
    at D._deliverQueue (vscode-file://vscode-app/usr/share/code/resources/app/out/vs/workbench/workbench.desktop.main.js:433:3731)
    at D.fire (vscode-file://vscode-app/usr/share/code/resources/app/out/vs/workbench/workbench.desktop.main.js:433:4066)
    at iLe.value (vscode-file://vscode-app/usr/share/code/resources/app/out/vs/workbench/workbench.desktop.main.js:431:11810)
    at D._deliver (vscode-file://vscode-app/usr/share/code/resources/app/out/vs/workbench/workbench.desktop.main.js:433:3642)
    at D.fire (vscode-file://vscode-app/usr/share/code/resources/app/out/vs/workbench/workbench.desktop.main.js:433:3961)
    at MessagePort.ve (vscode-file://vscode-app/usr/share/code/resources/app/out/vs/workbench/workbench.desktop.main.js:431:15553)
<1> 
    at Array.filter (<anonymous>)
    at v4e.saveState (vscode-file://vscode-app/usr/share/code/resources/app/out/vs/workbench/workbench.desktop.main.js:3371:7869)
    at iLe.value (vscode-file://vscode-app/usr/share/code/resources/app/out/vs/workbench/workbench.desktop.main.js:3371:6221)
    at D._deliver (vscode-file://vscode-app/usr/share/code/resources/app/out/vs/workbench/workbench.desktop.main.js:433:3642)
    at D._deliverQueue (vscode-file://vscode-app/usr/share/code/resources/app/out/vs/workbench/workbench.desktop.main.js:433:3731)
    at D.fire (vscode-file://vscode-app/usr/share/code/resources/app/out/vs/workbench/workbench.desktop.main.js:433:4066)
    at $wi.flush (vscode-file://vscode-app/usr/share/code/resources/app/out/vs/workbench/workbench.desktop.main.js:937:109190)
    at vscode-file://vscode-app/usr/share/code/resources/app/out/vs/workbench/workbench.desktop.main.js:937:106307
<1> 
    at roe.reset (vscode-file://vscode-app/usr/share/code/resources/app/out/vs/workbench/workbench.desktop.main.js:516:914)
    at ZRi.reset (vscode-file://vscode-app/usr/share/code/resources/app/out/vs/workbench/workbench.desktop.main.js:516:1921)
    at s._getNode (vscode-file://vscode-app/usr/share/code/resources/app/out/vs/workbench/workbench.desktop.main.js:516:5397)
    at s.get (vscode-file://vscode-app/usr/share/code/resources/app/out/vs/workbench/workbench.desktop.main.js:516:5348)
    at s.doContains (vscode-file://vscode-app/usr/share/code/resources/app/out/vs/workbench/workbench.desktop.main.js:516:11346)
    at s.affects (vscode-file://vscode-app/usr/share/code/resources/app/out/vs/workbench/workbench.desktop.main.js:516:11102)
    at vscode-file://vscode-app/usr/share/code/resources/app/out/vs/workbench/workbench.desktop.main.js:1037:20909
    at Array.some (<anonymous>)
    at iLe.value (vscode-file://vscode-app/usr/share/code/resources/app/out/vs/workbench/workbench.desktop.main.js:1037:20899)
    at D._deliver (vscode-file://vscode-app/usr/share/code/resources/app/out/vs/workbench/workbench.desktop.main.js:433:3642)
    at D._deliverQueue (vscode-file://vscode-app/usr/share/code/resources/app/out/vs/workbench/workbench.desktop.main.js:433:3731)
    at D.fire (vscode-file://vscode-app/usr/share/code/resources/app/out/vs/workbench/workbench.desktop.main.js:433:4066)
    at iLe.value (vscode-file://vscode-app/usr/share/code/resources/app/out/vs/workbench/workbench.desktop.main.js:5606:86318)
    at D._deliver (vscode-file://vscode-app/usr/share/code/resources/app/out/vs/workbench/workbench.desktop.main.js:433:3642)
    at D._deliverQueue (vscode-file://vscode-app/usr/share/code/resources/app/out/vs/workbench/workbench.desktop.main.js:433:3731)
    at D.fire (vscode-file://vscode-app/usr/share/code/resources/app/out/vs/workbench/workbench.desktop.main.js:433:4066)
    at vscode-file://vscode-app/usr/share/code/resources/app/out/vs/workbench/workbench.desktop.main.js:5606:115404
    at nCi.onFileChanges (vscode-file://vscode-app/usr/share/code/resources/app/out/vs/workbench/workbench.desktop.main.js:5606:118822)
    at iLe.value (vscode-file://vscode-app/usr/share/code/resources/app/out/vs/workbench/workbench.desktop.main.js:5606:104171)
    at D._deliver (vscode-file://vscode-app/usr/share/code/resources/app/out/vs/workbench/workbench.desktop.main.js:433:3642)
    at D.fire (vscode-file://vscode-app/usr/share/code/resources/app/out/vs/workbench/workbench.desktop.main.js:433:3961)
    at D._deliver (vscode-file://vscode-app/usr/share/code/resources/app/out/vs/workbench/workbench.desktop.main.js:433:3642)
    at D.fire (vscode-file://vscode-app/usr/share/code/resources/app/out/vs/workbench/workbench.desktop.main.js:433:3961)
    at l (vscode-file://vscode-app/usr/share/code/resources/app/out/vs/workbench/workbench.desktop.main.js:1141:658)
    at _8t.onResponse (vscode-file://vscode-app/usr/share/code/resources/app/out/vs/workbench/workbench.desktop.main.js:1141:1894)
    at _8t.onBuffer (vscode-file://vscode-app/usr/share/code/resources/app/out/vs/workbench/workbench.desktop.main.js:1141:1749)
    at iLe.value (vscode-file://vscode-app/usr/share/code/resources/app/out/vs/workbench/workbench.desktop.main.js:1140:1635)
    at D._deliver (vscode-file://vscode-app/usr/share/code/resources/app/out/vs/workbench/workbench.desktop.main.js:433:3642)
    at D._deliverQueue (vscode-file://vscode-app/usr/share/code/resources/app/out/vs/workbench/workbench.desktop.main.js:433:3731)
    at D.fire (vscode-file://vscode-app/usr/share/code/resources/app/out/vs/workbench/workbench.desktop.main.js:433:4066)
    at iLe.value (vscode-file://vscode-app/usr/share/code/resources/app/out/vs/workbench/workbench.desktop.main.js:431:11810)
    at D._deliver (vscode-file://vscode-app/usr/share/code/resources/app/out/vs/workbench/workbench.desktop.main.js:433:3642)
    at D.fire (vscode-file://vscode-app/usr/share/code/resources/app/out/vs/workbench/workbench.desktop.main.js:433:3961)
    at MessagePort.ve (vscode-file://vscode-app/usr/share/code/resources/app/out/vs/workbench/workbench.desktop.main.js:431:15553)
<1> 
    at JAt (vscode-file://vscode-app/usr/share/code/resources/app/out/vs/workbench/workbench.desktop.main.js:433:33514)
    at Object.resolve (vscode-file://vscode-app/usr/share/code/resources/app/out/vs/workbench/workbench.desktop.main.js:433:41036)
    at relative (vscode-file://vscode-app/usr/share/code/resources/app/out/vs/workbench/workbench.desktop.main.js:433:41586)
    at R2e.isVisible (vscode-file://vscode-app/usr/share/code/resources/app/out/vs/workbench/workbench.desktop.main.js:2924:68944)
    at R2e.filter (vscode-file://vscode-app/usr/share/code/resources/app/out/vs/workbench/workbench.desktop.main.js:2924:68738)
    at NU.isItemVisible (vscode-file://vscode-app/usr/share/code/resources/app/out/vs/workbench/workbench.desktop.main.js:2924:84159)
    at Xyn (vscode-file://vscode-app/usr/share/code/resources/app/out/vs/workbench/workbench.desktop.main.js:4311:86088)
    at Xyn (vscode-file://vscode-app/usr/share/code/resources/app/out/vs/workbench/workbench.desktop.main.js:4311:86185)
    at vscode-file://vscode-app/usr/share/code/resources/app/out/vs/workbench/workbench.desktop.main.js:4311:79065
    at Array.forEach (<anonymous>)
    at Ct.runner (vscode-file://vscode-app/usr/share/code/resources/app/out/vs/workbench/workbench.desktop.main.js:4311:79035)
    at Ct.doRun (vscode-file://vscode-app/usr/share/code/resources/app/out/vs/workbench/workbench.desktop.main.js:434:81723)
    at Ct.onTimeout (vscode-file://vscode-app/usr/share/code/resources/app/out/vs/workbench/workbench.desktop.main.js:434:81694)
<1> 
    at vscode-file://vscode-app/usr/share/code/resources/app/out/vs/workbench/workbench.desktop.main.js:5612:53934
    at F$r (vscode-file://vscode-app/usr/share/code/resources/app/out/vs/workbench/workbench.desktop.main.js:5612:53926)
    at PRn (vscode-file://vscode-app/usr/share/code/resources/app/out/vs/workbench/workbench.desktop.main.js:5612:53158)
    at async uMt.logAndRequest (vscode-file://vscode-app/usr/share/code/resources/app/out/vs/workbench/workbench.desktop.main.js:1026:11061)
    at async W7._fetchChatControlData (vscode-file://vscode-app/usr/share/code/resources/app/out/vs/workbench/workbench.desktop.main.js:1034:11269)
<1> 
    at Map.get (<anonymous>)
    at Wf (vscode-file://vscode-app/usr/share/code/resources/app/out/vs/workbench/workbench.desktop.main.js:508:54616)
    at s._appendForMany (vscode-file://vscode-app/usr/share/code/resources/app/out/vs/workbench/workbench.desktop.main.js:1953:1125)
    at s.appendCSSRules (vscode-file://vscode-app/usr/share/code/resources/app/out/vs/workbench/workbench.desktop.main.js:1953:748)
    at n8i.asDecoration (vscode-file://vscode-app/usr/share/code/resources/app/out/vs/workbench/workbench.desktop.main.js:1960:523)
    at Pft.getDecoration (vscode-file://vscode-app/usr/share/code/resources/app/out/vs/workbench/workbench.desktop.main.js:1960:2599)
    at Nht.render (vscode-file://vscode-app/usr/share/code/resources/app/out/vs/workbench/workbench.desktop.main.js:1153:34998)
    at Nht.setResource (vscode-file://vscode-app/usr/share/code/resources/app/out/vs/workbench/workbench.desktop.main.js:1153:32882)
    at Object.setResource (vscode-file://vscode-app/usr/share/code/resources/app/out/vs/workbench/workbench.desktop.main.js:1153:28208)
    at $J.renderStat (vscode-file://vscode-app/usr/share/code/resources/app/out/vs/workbench/workbench.desktop.main.js:2924:62688)
    at $J.renderElement (vscode-file://vscode-app/usr/share/code/resources/app/out/vs/workbench/workbench.desktop.main.js:2924:60818)
    at dFi.renderElement (vscode-file://vscode-app/usr/share/code/resources/app/out/vs/workbench/workbench.desktop.main.js:946:43641)
    at k1t.renderElement (vscode-file://vscode-app/usr/share/code/resources/app/out/vs/workbench/workbench.desktop.main.js:946:19052)
    at s.renderElement (vscode-file://vscode-app/usr/share/code/resources/app/out/vs/workbench/workbench.desktop.main.js:945:17609)
    at KOi.createElement (vscode-file://vscode-app/usr/share/code/resources/app/out/vs/workbench/workbench.desktop.main.js:945:41187)
    at KOi.renderState (vscode-file://vscode-app/usr/share/code/resources/app/out/vs/workbench/workbench.desktop.main.js:945:38745)
    at KOi.rerender (vscode-file://vscode-app/usr/share/code/resources/app/out/vs/workbench/workbench.desktop.main.js:945:39015)
    at iLe.value (vscode-file://vscode-app/usr/share/code/resources/app/out/vs/workbench/workbench.desktop.main.js:945:32164)
    at D._deliver (vscode-file://vscode-app/usr/share/code/resources/app/out/vs/workbench/workbench.desktop.main.js:433:3642)
    at D.fire (vscode-file://vscode-app/usr/share/code/resources/app/out/vs/workbench/workbench.desktop.main.js:433:3961)
    at iLe.value (vscode-file://vscode-app/usr/share/code/resources/app/out/vs/workbench/workbench.desktop.main.js:431:11603)
    at D._deliver (vscode-file://vscode-app/usr/share/code/resources/app/out/vs/workbench/workbench.desktop.main.js:433:3642)
    at D._deliverQueue (vscode-file://vscode-app/usr/share/code/resources/app/out/vs/workbench/workbench.desktop.main.js:433:3731)
    at D.fire (vscode-file://vscode-app/usr/share/code/resources/app/out/vs/workbench/workbench.desktop.main.js:433:4066)
    at v1t.spliceSimple (vscode-file://vscode-app/usr/share/code/resources/app/out/vs/workbench/workbench.desktop.main.js:945:4340)
    at v1t.splice (vscode-file://vscode-app/usr/share/code/resources/app/out/vs/workbench/workbench.desktop.main.js:945:2414)
    at Tj._setChildren (vscode-file://vscode-app/usr/share/code/resources/app/out/vs/workbench/workbench.desktop.main.js:946:7429)
    at Tj.setChildren (vscode-file://vscode-app/usr/share/code/resources/app/out/vs/workbench/workbench.desktop.main.js:946:6849)
    at YOi._setChildren (vscode-file://vscode-app/usr/share/code/resources/app/out/vs/workbench/workbench.desktop.main.js:946:13203)
    at YOi.setChildren (vscode-file://vscode-app/usr/share/code/resources/app/out/vs/workbench/workbench.desktop.main.js:946:12091)
    at C1t.setChildren (vscode-file://vscode-app/usr/share/code/resources/app/out/vs/workbench/workbench.desktop.main.js:946:16713)
    at MNe.setChildren (vscode-file://vscode-app/usr/share/code/resources/app/out/vs/workbench/workbench.desktop.main.js:946:21372)
    at IC.render (vscode-file://vscode-app/usr/share/code/resources/app/out/vs/workbench/workbench.desktop.main.js:946:41612)
    at IC.render (vscode-file://vscode-app/usr/share/code/resources/app/out/vs/workbench/workbench.desktop.main.js:946:46142)
    at IC.refreshAndRenderNode (vscode-file://vscode-app/usr/share/code/resources/app/out/vs/workbench/workbench.desktop.main.js:946:38214)
    at async IC._updateChildren (vscode-file://vscode-app/usr/share/code/resources/app/out/vs/workbench/workbench.desktop.main.js:946:34367)
    at async IC.updateChildren (vscode-file://vscode-app/usr/share/code/resources/app/out/vs/workbench/workbench.desktop.main.js:946:33863)
    at async hhe.refresh (vscode-file://vscode-app/usr/share/code/resources/app/out/vs/workbench/workbench.desktop.main.js:4311:83368)
    at async Ct.runner (vscode-file://vscode-app/usr/share/code/resources/app/out/vs/workbench/workbench.desktop.main.js:4311:79214)
<1> 
    at JAt (vscode-file://vscode-app/usr/share/code/resources/app/out/vs/workbench/workbench.desktop.main.js:433:33514)
    at Object.normalize (vscode-file://vscode-app/usr/share/code/resources/app/out/vs/workbench/workbench.desktop.main.js:433:41202)
    at Object.join (vscode-file://vscode-app/usr/share/code/resources/app/out/vs/workbench/workbench.desktop.main.js:433:41492)
    at s.joinPath (vscode-file://vscode-app/usr/share/code/resources/app/out/vs/workbench/workbench.desktop.main.js:434:59518)
    at l6.joinPath (vscode-file://vscode-app/usr/share/code/resources/app/out/vs/workbench/workbench.desktop.main.js:434:68769)
    at Yve.toResource (vscode-file://vscode-app/usr/share/code/resources/app/out/vs/workbench/workbench.desktop.main.js:937:92343)
    at vscode-file://vscode-app/usr/share/code/resources/app/out/vs/workbench/workbench.desktop.main.js:2065:6604
    at Array.some (<anonymous>)
    at iLe.value (vscode-file://vscode-app/usr/share/code/resources/app/out/vs/workbench/workbench.desktop.main.js:2065:6584)
    at D._deliver (vscode-file://vscode-app/usr/share/code/resources/app/out/vs/workbench/workbench.desktop.main.js:433:3642)
    at D._deliverQueue (vscode-file://vscode-app/usr/share/code/resources/app/out/vs/workbench/workbench.desktop.main.js:433:3731)
    at D.fire (vscode-file://vscode-app/usr/share/code/resources/app/out/vs/workbench/workbench.desktop.main.js:433:4066)
    at iLe.value (vscode-file://vscode-app/usr/share/code/resources/app/out/vs/workbench/workbench.desktop.main.js:5606:86318)
    at D._deliver (vscode-file://vscode-app/usr/share/code/resources/app/out/vs/workbench/workbench.desktop.main.js:433:3642)
    at D._deliverQueue (vscode-file://vscode-app/usr/share/code/resources/app/out/vs/workbench/workbench.desktop.main.js:433:3731)
    at D.fire (vscode-file://vscode-app/usr/share/code/resources/app/out/vs/workbench/workbench.desktop.main.js:433:4066)
    at vscode-file://vscode-app/usr/share/code/resources/app/out/vs/workbench/workbench.desktop.main.js:5606:115404
    at nCi.onFileChanges (vscode-file://vscode-app/usr/share/code/resources/app/out/vs/workbench/workbench.desktop.main.js:5606:118822)
    at iLe.value (vscode-file://vscode-app/usr/share/code/resources/app/out/vs/workbench/workbench.desktop.main.js:5606:104171)
    at D._deliver (vscode-file://vscode-app/usr/share/code/resources/app/out/vs/workbench/workbench.desktop.main.js:433:3642)
    at D.fire (vscode-file://vscode-app/usr/share/code/resources/app/out/vs/workbench/workbench.desktop.main.js:433:3961)
    at D._deliver (vscode-file://vscode-app/usr/share/code/resources/app/out/vs/workbench/workbench.desktop.main.js:433:3642)
    at D.fire (vscode-file://vscode-app/usr/share/code/resources/app/out/vs/workbench/workbench.desktop.main.js:433:3961)
    at l (vscode-file://vscode-app/usr/share/code/resources/app/out/vs/workbench/workbench.desktop.main.js:1141:658)
    at _8t.onResponse (vscode-file://vscode-app/usr/share/code/resources/app/out/vs/workbench/workbench.desktop.main.js:1141:1894)
    at _8t.onBuffer (vscode-file://vscode-app/usr/share/code/resources/app/out/vs/workbench/workbench.desktop.main.js:1141:1749)
    at iLe.value (vscode-file://vscode-app/usr/share/code/resources/app/out/vs/workbench/workbench.desktop.main.js:1140:1635)
    at D._deliver (vscode-file://vscode-app/usr/share/code/resources/app/out/vs/workbench/workbench.desktop.main.js:433:3642)
    at D._deliverQueue (vscode-file://vscode-app/usr/share/code/resources/app/out/vs/workbench/workbench.desktop.main.js:433:3731)
    at D.fire (vscode-file://vscode-app/usr/share/code/resources/app/out/vs/workbench/workbench.desktop.main.js:433:4066)
    at iLe.value (vscode-file://vscode-app/usr/share/code/resources/app/out/vs/workbench/workbench.desktop.main.js:431:11810)
    at D._deliver (vscode-file://vscode-app/usr/share/code/resources/app/out/vs/workbench/workbench.desktop.main.js:433:3642)
    at D.fire (vscode-file://vscode-app/usr/share/code/resources/app/out/vs/workbench/workbench.desktop.main.js:433:3961)
    at MessagePort.ve (vscode-file://vscode-app/usr/share/code/resources/app/out/vs/workbench/workbench.desktop.main.js:431:15553)
<1> 
    at String.replace (<anonymous>)
    at uAt (vscode-file://vscode-app/usr/share/code/resources/app/out/vs/workbench/workbench.desktop.main.js:407:948)
    at d (vscode-file://vscode-app/usr/share/code/resources/app/out/vs/workbench/workbench.desktop.main.js:407:1208)
    at CVe.computeTitle (vscode-file://vscode-app/usr/share/code/resources/app/out/vs/workbench/workbench.desktop.main.js:1240:9637)
    at CVe.updateTitle (vscode-file://vscode-app/usr/share/code/resources/app/out/vs/workbench/workbench.desktop.main.js:1240:9386)
    at CVe.updateActivity (vscode-file://vscode-app/usr/share/code/resources/app/out/vs/workbench/workbench.desktop.main.js:1240:8759)
    at iLe.value (vscode-file://vscode-app/usr/share/code/resources/app/out/vs/workbench/workbench.desktop.main.js:1240:5195)
    at D._deliver (vscode-file://vscode-app/usr/share/code/resources/app/out/vs/workbench/workbench.desktop.main.js:433:3642)
    at D.fire (vscode-file://vscode-app/usr/share/code/resources/app/out/vs/workbench/workbench.desktop.main.js:433:3961)
    at set activities (vscode-file://vscode-app/usr/share/code/resources/app/out/vs/workbench/workbench.desktop.main.js:1240:4524)
    at mce.updateActivity (vscode-file://vscode-app/usr/share/code/resources/app/out/vs/workbench/workbench.desktop.main.js:1494:7667)
    at iLe.value (vscode-file://vscode-app/usr/share/code/resources/app/out/vs/workbench/workbench.desktop.main.js:1494:7513)
    at D._deliver (vscode-file://vscode-app/usr/share/code/resources/app/out/vs/workbench/workbench.desktop.main.js:433:3642)
    at D._deliverQueue (vscode-file://vscode-app/usr/share/code/resources/app/out/vs/workbench/workbench.desktop.main.js:433:3731)
    at D.fire (vscode-file://vscode-app/usr/share/code/resources/app/out/vs/workbench/workbench.desktop.main.js:433:4066)
    at qft.showViewContainerActivity (vscode-file://vscode-app/usr/share/code/resources/app/out/vs/workbench/workbench.desktop.main.js:1982:8755)
    at vscode-file://vscode-app/usr/share/code/resources/app/out/vs/workbench/workbench.desktop.main.js:1960:21362
<1> 
    at vscode-file://vscode-app/usr/share/code/resources/app/out/vs/workbench/workbench.desktop.main.js:1953:1083
    at Array.reduceRight (<anonymous>)
    at s._appendForMany (vscode-file://vscode-app/usr/share/code/resources/app/out/vs/workbench/workbench.desktop.main.js:1953:1071)
    at s.appendCSSRules (vscode-file://vscode-app/usr/share/code/resources/app/out/vs/workbench/workbench.desktop.main.js:1953:748)
    at n8i.asDecoration (vscode-file://vscode-app/usr/share/code/resources/app/out/vs/workbench/workbench.desktop.main.js:1960:523)
    at Pft.getDecoration (vscode-file://vscode-app/usr/share/code/resources/app/out/vs/workbench/workbench.desktop.main.js:1960:2599)
    at Nht.render (vscode-file://vscode-app/usr/share/code/resources/app/out/vs/workbench/workbench.desktop.main.js:1153:34998)
    at Nht.setResource (vscode-file://vscode-app/usr/share/code/resources/app/out/vs/workbench/workbench.desktop.main.js:1153:32882)
    at Object.setResource (vscode-file://vscode-app/usr/share/code/resources/app/out/vs/workbench/workbench.desktop.main.js:1153:28208)
    at $J.renderStat (vscode-file://vscode-app/usr/share/code/resources/app/out/vs/workbench/workbench.desktop.main.js:2924:62688)
    at $J.renderElement (vscode-file://vscode-app/usr/share/code/resources/app/out/vs/workbench/workbench.desktop.main.js:2924:60818)
    at dFi.renderElement (vscode-file://vscode-app/usr/share/code/resources/app/out/vs/workbench/workbench.desktop.main.js:946:43641)
    at k1t.renderElement (vscode-file://vscode-app/usr/share/code/resources/app/out/vs/workbench/workbench.desktop.main.js:946:19052)
    at s.renderElement (vscode-file://vscode-app/usr/share/code/resources/app/out/vs/workbench/workbench.desktop.main.js:945:17609)
    at KOi.createElement (vscode-file://vscode-app/usr/share/code/resources/app/out/vs/workbench/workbench.desktop.main.js:945:41187)
    at KOi.renderState (vscode-file://vscode-app/usr/share/code/resources/app/out/vs/workbench/workbench.desktop.main.js:945:38745)
    at KOi.setState (vscode-file://vscode-app/usr/share/code/resources/app/out/vs/workbench/workbench.desktop.main.js:945:38071)
    at S1t.update (vscode-file://vscode-app/usr/share/code/resources/app/out/vs/workbench/workbench.desktop.main.js:945:32681)
    at iLe.value (vscode-file://vscode-app/usr/share/code/resources/app/out/vs/workbench/workbench.desktop.main.js:945:31604)
    at D._deliver (vscode-file://vscode-app/usr/share/code/resources/app/out/vs/workbench/workbench.desktop.main.js:433:3642)
    at D.fire (vscode-file://vscode-app/usr/share/code/resources/app/out/vs/workbench/workbench.desktop.main.js:433:3961)
    at iLe.value (vscode-file://vscode-app/usr/share/code/resources/app/out/vs/workbench/workbench.desktop.main.js:431:11810)
    at D._deliver (vscode-file://vscode-app/usr/share/code/resources/app/out/vs/workbench/workbench.desktop.main.js:433:3642)
    at D.fire (vscode-file://vscode-app/usr/share/code/resources/app/out/vs/workbench/workbench.desktop.main.js:433:3961)
    at AA.splice (vscode-file://vscode-app/usr/share/code/resources/app/out/vs/workbench/workbench.desktop.main.js:715:16197)
    at vscode-file://vscode-app/usr/share/code/resources/app/out/vs/workbench/workbench.desktop.main.js:713:125
    at Array.forEach (<anonymous>)
    at $Bt.splice (vscode-file://vscode-app/usr/share/code/resources/app/out/vs/workbench/workbench.desktop.main.js:713:112)
    at vscode-file://vscode-app/usr/share/code/resources/app/out/vs/workbench/workbench.desktop.main.js:758:9026
    at pH.bufferEvents (vscode-file://vscode-app/usr/share/code/resources/app/out/vs/workbench/workbench.desktop.main.js:433:7493)
    at $Oi.splice (vscode-file://vscode-app/usr/share/code/resources/app/out/vs/workbench/workbench.desktop.main.js:758:8993)
    at $Oi.splice (vscode-file://vscode-app/usr/share/code/resources/app/out/vs/workbench/workbench.desktop.main.js:945:51540)
    at iLe.value (vscode-file://vscode-app/usr/share/code/resources/app/out/vs/workbench/workbench.desktop.main.js:946:4559)
    at D._deliver (vscode-file://vscode-app/usr/share/code/resources/app/out/vs/workbench/workbench.desktop.main.js:433:3642)
    at D.fire (vscode-file://vscode-app/usr/share/code/resources/app/out/vs/workbench/workbench.desktop.main.js:433:3961)
    at iLe.value (vscode-file://vscode-app/usr/share/code/resources/app/out/vs/workbench/workbench.desktop.main.js:431:11603)
    at D._deliver (vscode-file://vscode-app/usr/share/code/resources/app/out/vs/workbench/workbench.desktop.main.js:433:3642)
    at D._deliverQueue (vscode-file://vscode-app/usr/share/code/resources/app/out/vs/workbench/workbench.desktop.main.js:433:3731)
    at D.fire (vscode-file://vscode-app/usr/share/code/resources/app/out/vs/workbench/workbench.desktop.main.js:433:4066)
    at v1t.spliceSimple (vscode-file://vscode-app/usr/share/code/resources/app/out/vs/workbench/workbench.desktop.main.js:945:4340)
    at v1t.splice (vscode-file://vscode-app/usr/share/code/resources/app/out/vs/workbench/workbench.desktop.main.js:945:2414)
    at Tj._setChildren (vscode-file://vscode-app/usr/share/code/resources/app/out/vs/workbench/workbench.desktop.main.js:946:7429)
    at Tj.setChildren (vscode-file://vscode-app/usr/share/code/resources/app/out/vs/workbench/workbench.desktop.main.js:946:6849)
    at YOi._setChildren (vscode-file://vscode-app/usr/share/code/resources/app/out/vs/workbench/workbench.desktop.main.js:946:13203)
    at YOi.setChildren (vscode-file://vscode-app/usr/share/code/resources/app/out/vs/workbench/workbench.desktop.main.js:946:12091)
    at C1t.setChildren (vscode-file://vscode-app/usr/share/code/resources/app/out/vs/workbench/workbench.desktop.main.js:946:16713)
    at MNe.setChildren (vscode-file://vscode-app/usr/share/code/resources/app/out/vs/workbench/workbench.desktop.main.js:946:21372)
    at IC.render (vscode-file://vscode-app/usr/share/code/resources/app/out/vs/workbench/workbench.desktop.main.js:946:41612)
    at IC.render (vscode-file://vscode-app/usr/share/code/resources/app/out/vs/workbench/workbench.desktop.main.js:946:46142)
    at IC.refreshAndRenderNode (vscode-file://vscode-app/usr/share/code/resources/app/out/vs/workbench/workbench.desktop.main.js:946:38214)
    at async IC._updateChildren (vscode-file://vscode-app/usr/share/code/resources/app/out/vs/workbench/workbench.desktop.main.js:946:34367)
    at async IC.updateChildren (vscode-file://vscode-app/usr/share/code/resources/app/out/vs/workbench/workbench.desktop.main.js:946:33863)
    at async hhe.refresh (vscode-file://vscode-app/usr/share/code/resources/app/out/vs/workbench/workbench.desktop.main.js:4311:83368)
    at async Ct.runner (vscode-file://vscode-app/usr/share/code/resources/app/out/vs/workbench/workbench.desktop.main.js:4311:79214)
<1> 
    at Object.getId (vscode-file://vscode-app/usr/share/code/resources/app/out/vs/workbench/workbench.desktop.main.js:2924:79149)
    at IC.getDataNode (vscode-file://vscode-app/usr/share/code/resources/app/out/vs/workbench/workbench.desktop.main.js:946:37987)
    at IC.updateWidth (vscode-file://vscode-app/usr/share/code/resources/app/out/vs/workbench/workbench.desktop.main.js:946:34860)
    at $J.i [as updateWidth] (vscode-file://vscode-app/usr/share/code/resources/app/out/vs/workbench/workbench.desktop.main.js:2924:85529)
    at Zit._runner (vscode-file://vscode-app/usr/share/code/resources/app/out/vs/workbench/workbench.desktop.main.js:2924:60140)
    at Zit.execute (vscode-file://vscode-app/usr/share/code/resources/app/out/vs/workbench/workbench.desktop.main.js:439:3975)
    at i (vscode-file://vscode-app/usr/share/code/resources/app/out/vs/workbench/workbench.desktop.main.js:439:4220)
    at vscode-file://vscode-app/usr/share/code/resources/app/out/vs/workbench/workbench.desktop.main.js:439:4385
<1> 
    at s._dfsEntries (vscode-file://vscode-app/usr/share/code/resources/app/out/vs/workbench/workbench.desktop.main.js:516:7912)
    at s._dfsEntries (vscode-file://vscode-app/usr/share/code/resources/app/out/vs/workbench/workbench.desktop.main.js:516:8057)
    at s._dfsEntries (vscode-file://vscode-app/usr/share/code/resources/app/out/vs/workbench/workbench.desktop.main.js:516:8057)
    at s._dfsEntries (vscode-file://vscode-app/usr/share/code/resources/app/out/vs/workbench/workbench.desktop.main.js:516:8057)
    at s._dfsEntries (vscode-file://vscode-app/usr/share/code/resources/app/out/vs/workbench/workbench.desktop.main.js:516:7935)
    at s._dfsEntries (vscode-file://vscode-app/usr/share/code/resources/app/out/vs/workbench/workbench.desktop.main.js:516:8022)
    at s._dfsEntries (vscode-file://vscode-app/usr/share/code/resources/app/out/vs/workbench/workbench.desktop.main.js:516:8057)
    at s._dfsEntries (vscode-file://vscode-app/usr/share/code/resources/app/out/vs/workbench/workbench.desktop.main.js:516:8057)
    at s._dfsEntries (vscode-file://vscode-app/usr/share/code/resources/app/out/vs/workbench/workbench.desktop.main.js:516:7935)
    at s._dfsEntries (vscode-file://vscode-app/usr/share/code/resources/app/out/vs/workbench/workbench.desktop.main.js:516:7935)
    at s._entries (vscode-file://vscode-app/usr/share/code/resources/app/out/vs/workbench/workbench.desktop.main.js:516:7863)
    at s._findSuperstrOrElement (vscode-file://vscode-app/usr/share/code/resources/app/out/vs/workbench/workbench.desktop.main.js:516:7621)
    at s.findSuperstr (vscode-file://vscode-app/usr/share/code/resources/app/out/vs/workbench/workbench.desktop.main.js:516:7395)
    at Pft.getDecoration (vscode-file://vscode-app/usr/share/code/resources/app/out/vs/workbench/workbench.desktop.main.js:1960:2435)
    at Nht.render (vscode-file://vscode-app/usr/share/code/resources/app/out/vs/workbench/workbench.desktop.main.js:1153:34998)
    at Nht.setResource (vscode-file://vscode-app/usr/share/code/resources/app/out/vs/workbench/workbench.desktop.main.js:1153:32882)
    at Object.setResource (vscode-file://vscode-app/usr/share/code/resources/app/out/vs/workbench/workbench.desktop.main.js:1153:28208)
    at $J.renderStat (vscode-file://vscode-app/usr/share/code/resources/app/out/vs/workbench/workbench.desktop.main.js:2924:62688)
    at $J.renderElement (vscode-file://vscode-app/usr/share/code/resources/app/out/vs/workbench/workbench.desktop.main.js:2924:60818)
    at dFi.renderElement (vscode-file://vscode-app/usr/share/code/resources/app/out/vs/workbench/workbench.desktop.main.js:946:43641)
    at k1t.renderElement (vscode-file://vscode-app/usr/share/code/resources/app/out/vs/workbench/workbench.desktop.main.js:946:19052)
    at s.renderElement (vscode-file://vscode-app/usr/share/code/resources/app/out/vs/workbench/workbench.desktop.main.js:945:17609)
    at KOi.createElement (vscode-file://vscode-app/usr/share/code/resources/app/out/vs/workbench/workbench.desktop.main.js:945:41187)
    at KOi.renderState (vscode-file://vscode-app/usr/share/code/resources/app/out/vs/workbench/workbench.desktop.main.js:945:38745)
    at KOi.rerender (vscode-file://vscode-app/usr/share/code/resources/app/out/vs/workbench/workbench.desktop.main.js:945:39015)
    at iLe.value (vscode-file://vscode-app/usr/share/code/resources/app/out/vs/workbench/workbench.desktop.main.js:945:32164)
    at D._deliver (vscode-file://vscode-app/usr/share/code/resources/app/out/vs/workbench/workbench.desktop.main.js:433:3642)
    at D.fire (vscode-file://vscode-app/usr/share/code/resources/app/out/vs/workbench/workbench.desktop.main.js:433:3961)
    at iLe.value (vscode-file://vscode-app/usr/share/code/resources/app/out/vs/workbench/workbench.desktop.main.js:431:11603)
    at D._deliver (vscode-file://vscode-app/usr/share/code/resources/app/out/vs/workbench/workbench.desktop.main.js:433:3642)
    at D._deliverQueue (vscode-file://vscode-app/usr/share/code/resources/app/out/vs/workbench/workbench.desktop.main.js:433:3731)
    at D.fire (vscode-file://vscode-app/usr/share/code/resources/app/out/vs/workbench/workbench.desktop.main.js:433:4066)
    at v1t.spliceSimple (vscode-file://vscode-app/usr/share/code/resources/app/out/vs/workbench/workbench.desktop.main.js:945:4340)
    at v1t.splice (vscode-file://vscode-app/usr/share/code/resources/app/out/vs/workbench/workbench.desktop.main.js:945:2414)
    at Tj._setChildren (vscode-file://vscode-app/usr/share/code/resources/app/out/vs/workbench/workbench.desktop.main.js:946:7429)
    at Tj.setChildren (vscode-file://vscode-app/usr/share/code/resources/app/out/vs/workbench/workbench.desktop.main.js:946:6849)
    at YOi._setChildren (vscode-file://vscode-app/usr/share/code/resources/app/out/vs/workbench/workbench.desktop.main.js:946:13203)
    at YOi.setChildren (vscode-file://vscode-app/usr/share/code/resources/app/out/vs/workbench/workbench.desktop.main.js:946:12091)
    at C1t.setChildren (vscode-file://vscode-app/usr/share/code/resources/app/out/vs/workbench/workbench.desktop.main.js:946:16713)
    at MNe.setChildren (vscode-file://vscode-app/usr/share/code/resources/app/out/vs/workbench/workbench.desktop.main.js:946:21372)
    at IC.render (vscode-file://vscode-app/usr/share/code/resources/app/out/vs/workbench/workbench.desktop.main.js:946:41612)
    at IC.render (vscode-file://vscode-app/usr/share/code/resources/app/out/vs/workbench/workbench.desktop.main.js:946:46142)
    at IC.refreshAndRenderNode (vscode-file://vscode-app/usr/share/code/resources/app/out/vs/workbench/workbench.desktop.main.js:946:38214)
    at async IC._updateChildren (vscode-file://vscode-app/usr/share/code/resources/app/out/vs/workbench/workbench.desktop.main.js:946:34367)
    at async IC.updateChildren (vscode-file://vscode-app/usr/share/code/resources/app/out/vs/workbench/workbench.desktop.main.js:946:33863)
    at async hhe.refresh (vscode-file://vscode-app/usr/share/code/resources/app/out/vs/workbench/workbench.desktop.main.js:4311:83368)
    at async Ct.runner (vscode-file://vscode-app/usr/share/code/resources/app/out/vs/workbench/workbench.desktop.main.js:4311:79214)
<1> 
    at Map.set (<anonymous>)
    at Uvt.setupManagedHover (vscode-file://vscode-app/usr/share/code/resources/app/out/vs/workbench/workbench.desktop.main.js:2066:126046)
    at Nht.setupHover (vscode-file://vscode-app/usr/share/code/resources/app/out/vs/workbench/workbench.desktop.main.js:947:3063)
    at Nht.setLabel (vscode-file://vscode-app/usr/share/code/resources/app/out/vs/workbench/workbench.desktop.main.js:947:2093)
    at Nht.render (vscode-file://vscode-app/usr/share/code/resources/app/out/vs/workbench/workbench.desktop.main.js:1153:35780)
    at Nht.setResource (vscode-file://vscode-app/usr/share/code/resources/app/out/vs/workbench/workbench.desktop.main.js:1153:32882)
    at Object.setResource (vscode-file://vscode-app/usr/share/code/resources/app/out/vs/workbench/workbench.desktop.main.js:1153:28208)
    at $J.renderStat (vscode-file://vscode-app/usr/share/code/resources/app/out/vs/workbench/workbench.desktop.main.js:2924:62688)
    at $J.renderElement (vscode-file://vscode-app/usr/share/code/resources/app/out/vs/workbench/workbench.desktop.main.js:2924:60818)
    at dFi.renderElement (vscode-file://vscode-app/usr/share/code/resources/app/out/vs/workbench/workbench.desktop.main.js:946:43641)
    at k1t.renderElement (vscode-file://vscode-app/usr/share/code/resources/app/out/vs/workbench/workbench.desktop.main.js:946:19052)
    at s.renderElement (vscode-file://vscode-app/usr/share/code/resources/app/out/vs/workbench/workbench.desktop.main.js:945:17609)
    at KOi.createElement (vscode-file://vscode-app/usr/share/code/resources/app/out/vs/workbench/workbench.desktop.main.js:945:41187)
    at KOi.renderState (vscode-file://vscode-app/usr/share/code/resources/app/out/vs/workbench/workbench.desktop.main.js:945:38745)
    at KOi.rerender (vscode-file://vscode-app/usr/share/code/resources/app/out/vs/workbench/workbench.desktop.main.js:945:39015)
    at iLe.value (vscode-file://vscode-app/usr/share/code/resources/app/out/vs/workbench/workbench.desktop.main.js:945:32164)
    at D._deliver (vscode-file://vscode-app/usr/share/code/resources/app/out/vs/workbench/workbench.desktop.main.js:433:3642)
    at D.fire (vscode-file://vscode-app/usr/share/code/resources/app/out/vs/workbench/workbench.desktop.main.js:433:3961)
    at iLe.value (vscode-file://vscode-app/usr/share/code/resources/app/out/vs/workbench/workbench.desktop.main.js:431:11603)
    at D._deliver (vscode-file://vscode-app/usr/share/code/resources/app/out/vs/workbench/workbench.desktop.main.js:433:3642)
    at D._deliverQueue (vscode-file://vscode-app/usr/share/code/resources/app/out/vs/workbench/workbench.desktop.main.js:433:3731)
    at D.fire (vscode-file://vscode-app/usr/share/code/resources/app/out/vs/workbench/workbench.desktop.main.js:433:4066)
    at v1t.spliceSimple (vscode-file://vscode-app/usr/share/code/resources/app/out/vs/workbench/workbench.desktop.main.js:945:4340)
    at v1t.splice (vscode-file://vscode-app/usr/share/code/resources/app/out/vs/workbench/workbench.desktop.main.js:945:2414)
    at Tj._setChildren (vscode-file://vscode-app/usr/share/code/resources/app/out/vs/workbench/workbench.desktop.main.js:946:7429)
    at Tj.setChildren (vscode-file://vscode-app/usr/share/code/resources/app/out/vs/workbench/workbench.desktop.main.js:946:6849)
    at YOi._setChildren (vscode-file://vscode-app/usr/share/code/resources/app/out/vs/workbench/workbench.desktop.main.js:946:13203)
    at YOi.setChildren (vscode-file://vscode-app/usr/share/code/resources/app/out/vs/workbench/workbench.desktop.main.js:946:12091)
    at C1t.setChildren (vscode-file://vscode-app/usr/share/code/resources/app/out/vs/workbench/workbench.desktop.main.js:946:16713)
    at MNe.setChildren (vscode-file://vscode-app/usr/share/code/resources/app/out/vs/workbench/workbench.desktop.main.js:946:21372)
    at IC.render (vscode-file://vscode-app/usr/share/code/resources/app/out/vs/workbench/workbench.desktop.main.js:946:41612)
    at IC.render (vscode-file://vscode-app/usr/share/code/resources/app/out/vs/workbench/workbench.desktop.main.js:946:46142)
    at IC.refreshAndRenderNode (vscode-file://vscode-app/usr/share/code/resources/app/out/vs/workbench/workbench.desktop.main.js:946:38214)
    at async IC._updateChildren (vscode-file://vscode-app/usr/share/code/resources/app/out/vs/workbench/workbench.desktop.main.js:946:34367)
    at async IC.updateChildren (vscode-file://vscode-app/usr/share/code/resources/app/out/vs/workbench/workbench.desktop.main.js:946:33863)
    at async hhe.refresh (vscode-file://vscode-app/usr/share/code/resources/app/out/vs/workbench/workbench.desktop.main.js:4311:83368)
    at async Ct.runner (vscode-file://vscode-app/usr/share/code/resources/app/out/vs/workbench/workbench.desktop.main.js:4311:79214)
<1> 
    at LNe.hasDynamicHeight (vscode-file://vscode-app/usr/share/code/resources/app/out/vs/workbench/workbench.desktop.main.js:945:14501)
    at KOi.probeDynamicHeights (vscode-file://vscode-app/usr/share/code/resources/app/out/vs/workbench/workbench.desktop.main.js:945:39618)
    at KOi.renderState (vscode-file://vscode-app/usr/share/code/resources/app/out/vs/workbench/workbench.desktop.main.js:945:38952)
    at KOi.rerender (vscode-file://vscode-app/usr/share/code/resources/app/out/vs/workbench/workbench.desktop.main.js:945:39015)
    at iLe.value (vscode-file://vscode-app/usr/share/code/resources/app/out/vs/workbench/workbench.desktop.main.js:945:32164)
    at D._deliver (vscode-file://vscode-app/usr/share/code/resources/app/out/vs/workbench/workbench.desktop.main.js:433:3642)
    at D.fire (vscode-file://vscode-app/usr/share/code/resources/app/out/vs/workbench/workbench.desktop.main.js:433:3961)
    at iLe.value (vscode-file://vscode-app/usr/share/code/resources/app/out/vs/workbench/workbench.desktop.main.js:431:11603)
    at D._deliver (vscode-file://vscode-app/usr/share/code/resources/app/out/vs/workbench/workbench.desktop.main.js:433:3642)
    at D._deliverQueue (vscode-file://vscode-app/usr/share/code/resources/app/out/vs/workbench/workbench.desktop.main.js:433:3731)
    at D.fire (vscode-file://vscode-app/usr/share/code/resources/app/out/vs/workbench/workbench.desktop.main.js:433:4066)
    at v1t.spliceSimple (vscode-file://vscode-app/usr/share/code/resources/app/out/vs/workbench/workbench.desktop.main.js:945:4340)
    at v1t.splice (vscode-file://vscode-app/usr/share/code/resources/app/out/vs/workbench/workbench.desktop.main.js:945:2414)
    at Tj._setChildren (vscode-file://vscode-app/usr/share/code/resources/app/out/vs/workbench/workbench.desktop.main.js:946:7429)
    at Tj.setChildren (vscode-file://vscode-app/usr/share/code/resources/app/out/vs/workbench/workbench.desktop.main.js:946:6849)
    at YOi._setChildren (vscode-file://vscode-app/usr/share/code/resources/app/out/vs/workbench/workbench.desktop.main.js:946:13203)
    at YOi.setChildren (vscode-file://vscode-app/usr/share/code/resources/app/out/vs/workbench/workbench.desktop.main.js:946:12091)
    at C1t.setChildren (vscode-file://vscode-app/usr/share/code/resources/app/out/vs/workbench/workbench.desktop.main.js:946:16713)
    at MNe.setChildren (vscode-file://vscode-app/usr/share/code/resources/app/out/vs/workbench/workbench.desktop.main.js:946:21372)
    at IC.render (vscode-file://vscode-app/usr/share/code/resources/app/out/vs/workbench/workbench.desktop.main.js:946:41612)
    at IC.render (vscode-file://vscode-app/usr/share/code/resources/app/out/vs/workbench/workbench.desktop.main.js:946:46142)
    at IC.refreshAndRenderNode (vscode-file://vscode-app/usr/share/code/resources/app/out/vs/workbench/workbench.desktop.main.js:946:38214)
    at async IC._updateChildren (vscode-file://vscode-app/usr/share/code/resources/app/out/vs/workbench/workbench.desktop.main.js:946:34367)
    at async IC.updateChildren (vscode-file://vscode-app/usr/share/code/resources/app/out/vs/workbench/workbench.desktop.main.js:946:33863)
    at async hhe.refresh (vscode-file://vscode-app/usr/share/code/resources/app/out/vs/workbench/workbench.desktop.main.js:4311:83368)
    at async Ct.runner (vscode-file://vscode-app/usr/share/code/resources/app/out/vs/workbench/workbench.desktop.main.js:4311:79214)
<1> 
    at _8t.onResponse (vscode-file://vscode-app/usr/share/code/resources/app/out/vs/workbench/workbench.desktop.main.js:1141:1799)
    at _8t.onBuffer (vscode-file://vscode-app/usr/share/code/resources/app/out/vs/workbench/workbench.desktop.main.js:1141:1749)
    at iLe.value (vscode-file://vscode-app/usr/share/code/resources/app/out/vs/workbench/workbench.desktop.main.js:1140:1635)
    at D._deliver (vscode-file://vscode-app/usr/share/code/resources/app/out/vs/workbench/workbench.desktop.main.js:433:3642)
    at D._deliverQueue (vscode-file://vscode-app/usr/share/code/resources/app/out/vs/workbench/workbench.desktop.main.js:433:3731)
    at D.fire (vscode-file://vscode-app/usr/share/code/resources/app/out/vs/workbench/workbench.desktop.main.js:433:4066)
    at iLe.value (vscode-file://vscode-app/usr/share/code/resources/app/out/vs/workbench/workbench.desktop.main.js:431:11810)
    at D._deliver (vscode-file://vscode-app/usr/share/code/resources/app/out/vs/workbench/workbench.desktop.main.js:433:3642)
    at D.fire (vscode-file://vscode-app/usr/share/code/resources/app/out/vs/workbench/workbench.desktop.main.js:433:3961)
    at MessagePort.ve (vscode-file://vscode-app/usr/share/code/resources/app/out/vs/workbench/workbench.desktop.main.js:431:15553)
<1> 
    at Xe (vscode-file://vscode-app/usr/share/code/resources/app/out/vs/workbench/workbench.desktop.main.js:439:2394)
    at s._renderIndentGuides (vscode-file://vscode-app/usr/share/code/resources/app/out/vs/workbench/workbench.desktop.main.js:945:19224)
    at s.renderTreeElement (vscode-file://vscode-app/usr/share/code/resources/app/out/vs/workbench/workbench.desktop.main.js:945:19171)
    at s.renderElement (vscode-file://vscode-app/usr/share/code/resources/app/out/vs/workbench/workbench.desktop.main.js:945:17572)
    at QPi.renderElement (vscode-file://vscode-app/usr/share/code/resources/app/out/vs/workbench/workbench.desktop.main.js:758:2164)
    at AA.insertItemInDOM (vscode-file://vscode-app/usr/share/code/resources/app/out/vs/workbench/workbench.desktop.main.js:715:22981)
    at AA._splice (vscode-file://vscode-app/usr/share/code/resources/app/out/vs/workbench/workbench.desktop.main.js:715:17878)
    at AA.splice (vscode-file://vscode-app/usr/share/code/resources/app/out/vs/workbench/workbench.desktop.main.js:715:16126)
    at vscode-file://vscode-app/usr/share/code/resources/app/out/vs/workbench/workbench.desktop.main.js:713:125
    at Array.forEach (<anonymous>)
    at $Bt.splice (vscode-file://vscode-app/usr/share/code/resources/app/out/vs/workbench/workbench.desktop.main.js:713:112)
    at vscode-file://vscode-app/usr/share/code/resources/app/out/vs/workbench/workbench.desktop.main.js:758:9026
    at pH.bufferEvents (vscode-file://vscode-app/usr/share/code/resources/app/out/vs/workbench/workbench.desktop.main.js:433:7493)
    at $Oi.splice (vscode-file://vscode-app/usr/share/code/resources/app/out/vs/workbench/workbench.desktop.main.js:758:8993)
    at $Oi.splice (vscode-file://vscode-app/usr/share/code/resources/app/out/vs/workbench/workbench.desktop.main.js:945:51540)
    at iLe.value (vscode-file://vscode-app/usr/share/code/resources/app/out/vs/workbench/workbench.desktop.main.js:946:4559)
    at D._deliver (vscode-file://vscode-app/usr/share/code/resources/app/out/vs/workbench/workbench.desktop.main.js:433:3642)
    at D.fire (vscode-file://vscode-app/usr/share/code/resources/app/out/vs/workbench/workbench.desktop.main.js:433:3961)
    at iLe.value (vscode-file://vscode-app/usr/share/code/resources/app/out/vs/workbench/workbench.desktop.main.js:431:11603)
    at D._deliver (vscode-file://vscode-app/usr/share/code/resources/app/out/vs/workbench/workbench.desktop.main.js:433:3642)
    at D._deliverQueue (vscode-file://vscode-app/usr/share/code/resources/app/out/vs/workbench/workbench.desktop.main.js:433:3731)
    at D.fire (vscode-file://vscode-app/usr/share/code/resources/app/out/vs/workbench/workbench.desktop.main.js:433:4066)
    at v1t.spliceSimple (vscode-file://vscode-app/usr/share/code/resources/app/out/vs/workbench/workbench.desktop.main.js:945:4340)
    at v1t.splice (vscode-file://vscode-app/usr/share/code/resources/app/out/vs/workbench/workbench.desktop.main.js:945:2414)
    at Tj._setChildren (vscode-file://vscode-app/usr/share/code/resources/app/out/vs/workbench/workbench.desktop.main.js:946:7429)
    at Tj.setChildren (vscode-file://vscode-app/usr/share/code/resources/app/out/vs/workbench/workbench.desktop.main.js:946:6849)
    at YOi._setChildren (vscode-file://vscode-app/usr/share/code/resources/app/out/vs/workbench/workbench.desktop.main.js:946:13203)
    at YOi.setChildren (vscode-file://vscode-app/usr/share/code/resources/app/out/vs/workbench/workbench.desktop.main.js:946:12091)
    at C1t.setChildren (vscode-file://vscode-app/usr/share/code/resources/app/out/vs/workbench/workbench.desktop.main.js:946:16713)
    at MNe.setChildren (vscode-file://vscode-app/usr/share/code/resources/app/out/vs/workbench/workbench.desktop.main.js:946:21372)
    at IC.render (vscode-file://vscode-app/usr/share/code/resources/app/out/vs/workbench/workbench.desktop.main.js:946:41612)
    at IC.render (vscode-file://vscode-app/usr/share/code/resources/app/out/vs/workbench/workbench.desktop.main.js:946:46142)
    at IC.refreshAndRenderNode (vscode-file://vscode-app/usr/share/code/resources/app/out/vs/workbench/workbench.desktop.main.js:946:38214)
    at async IC._updateChildren (vscode-file://vscode-app/usr/share/code/resources/app/out/vs/workbench/workbench.desktop.main.js:946:34367)
    at async IC.updateChildren (vscode-file://vscode-app/usr/share/code/resources/app/out/vs/workbench/workbench.desktop.main.js:946:33863)
    at async hhe.refresh (vscode-file://vscode-app/usr/share/code/resources/app/out/vs/workbench/workbench.desktop.main.js:4311:83368)
    at async Ct.runner (vscode-file://vscode-app/usr/share/code/resources/app/out/vs/workbench/workbench.desktop.main.js:4311:79214)
<1> 
    at String.replace (<anonymous>)
    at evt.formatUri (vscode-file://vscode-app/usr/share/code/resources/app/out/vs/workbench/workbench.desktop.main.js:2018:26935)
    at evt.doGetUriLabel (vscode-file://vscode-app/usr/share/code/resources/app/out/vs/workbench/workbench.desktop.main.js:2018:24211)
    at evt.getUriLabel (vscode-file://vscode-app/usr/share/code/resources/app/out/vs/workbench/workbench.desktop.main.js:2018:23140)
    at Nht.hasPathLabelChanged (vscode-file://vscode-app/usr/share/code/resources/app/out/vs/workbench/workbench.desktop.main.js:1153:33201)
    at Nht.setResource (vscode-file://vscode-app/usr/share/code/resources/app/out/vs/workbench/workbench.desktop.main.js:1153:32701)
    at Object.setResource (vscode-file://vscode-app/usr/share/code/resources/app/out/vs/workbench/workbench.desktop.main.js:1153:28208)
    at $J.renderStat (vscode-file://vscode-app/usr/share/code/resources/app/out/vs/workbench/workbench.desktop.main.js:2924:62688)
    at $J.renderElement (vscode-file://vscode-app/usr/share/code/resources/app/out/vs/workbench/workbench.desktop.main.js:2924:60818)
    at dFi.renderElement (vscode-file://vscode-app/usr/share/code/resources/app/out/vs/workbench/workbench.desktop.main.js:946:43641)
    at k1t.renderElement (vscode-file://vscode-app/usr/share/code/resources/app/out/vs/workbench/workbench.desktop.main.js:946:19052)
    at s.renderElement (vscode-file://vscode-app/usr/share/code/resources/app/out/vs/workbench/workbench.desktop.main.js:945:17609)
    at QPi.renderElement (vscode-file://vscode-app/usr/share/code/resources/app/out/vs/workbench/workbench.desktop.main.js:758:2164)
    at AA.insertItemInDOM (vscode-file://vscode-app/usr/share/code/resources/app/out/vs/workbench/workbench.desktop.main.js:715:22981)
    at AA._splice (vscode-file://vscode-app/usr/share/code/resources/app/out/vs/workbench/workbench.desktop.main.js:715:17878)
    at AA.splice (vscode-file://vscode-app/usr/share/code/resources/app/out/vs/workbench/workbench.desktop.main.js:715:16126)
    at vscode-file://vscode-app/usr/share/code/resources/app/out/vs/workbench/workbench.desktop.main.js:713:125
    at Array.forEach (<anonymous>)
    at $Bt.splice (vscode-file://vscode-app/usr/share/code/resources/app/out/vs/workbench/workbench.desktop.main.js:713:112)
    at vscode-file://vscode-app/usr/share/code/resources/app/out/vs/workbench/workbench.desktop.main.js:758:9026
    at pH.bufferEvents (vscode-file://vscode-app/usr/share/code/resources/app/out/vs/workbench/workbench.desktop.main.js:433:7493)
    at $Oi.splice (vscode-file://vscode-app/usr/share/code/resources/app/out/vs/workbench/workbench.desktop.main.js:758:8993)
    at $Oi.splice (vscode-file://vscode-app/usr/share/code/resources/app/out/vs/workbench/workbench.desktop.main.js:945:51540)
    at iLe.value (vscode-file://vscode-app/usr/share/code/resources/app/out/vs/workbench/workbench.desktop.main.js:946:4559)
    at D._deliver (vscode-file://vscode-app/usr/share/code/resources/app/out/vs/workbench/workbench.desktop.main.js:433:3642)
    at D.fire (vscode-file://vscode-app/usr/share/code/resources/app/out/vs/workbench/workbench.desktop.main.js:433:3961)
    at iLe.value (vscode-file://vscode-app/usr/share/code/resources/app/out/vs/workbench/workbench.desktop.main.js:431:11603)
    at D._deliver (vscode-file://vscode-app/usr/share/code/resources/app/out/vs/workbench/workbench.desktop.main.js:433:3642)
    at D._deliverQueue (vscode-file://vscode-app/usr/share/code/resources/app/out/vs/workbench/workbench.desktop.main.js:433:3731)
    at D.fire (vscode-file://vscode-app/usr/share/code/resources/app/out/vs/workbench/workbench.desktop.main.js:433:4066)
    at v1t.spliceSimple (vscode-file://vscode-app/usr/share/code/resources/app/out/vs/workbench/workbench.desktop.main.js:945:4340)
    at v1t.splice (vscode-file://vscode-app/usr/share/code/resources/app/out/vs/workbench/workbench.desktop.main.js:945:2414)
    at Tj._setChildren (vscode-file://vscode-app/usr/share/code/resources/app/out/vs/workbench/workbench.desktop.main.js:946:7429)
    at Tj.setChildren (vscode-file://vscode-app/usr/share/code/resources/app/out/vs/workbench/workbench.desktop.main.js:946:6849)
    at YOi._setChildren (vscode-file://vscode-app/usr/share/code/resources/app/out/vs/workbench/workbench.desktop.main.js:946:13203)
    at YOi.setChildren (vscode-file://vscode-app/usr/share/code/resources/app/out/vs/workbench/workbench.desktop.main.js:946:12091)
    at C1t.setChildren (vscode-file://vscode-app/usr/share/code/resources/app/out/vs/workbench/workbench.desktop.main.js:946:16713)
    at MNe.setChildren (vscode-file://vscode-app/usr/share/code/resources/app/out/vs/workbench/workbench.desktop.main.js:946:21372)
    at IC.render (vscode-file://vscode-app/usr/share/code/resources/app/out/vs/workbench/workbench.desktop.main.js:946:41612)
    at IC.render (vscode-file://vscode-app/usr/share/code/resources/app/out/vs/workbench/workbench.desktop.main.js:946:46142)
    at IC.refreshAndRenderNode (vscode-file://vscode-app/usr/share/code/resources/app/out/vs/workbench/workbench.desktop.main.js:946:38214)
    at async IC._updateChildren (vscode-file://vscode-app/usr/share/code/resources/app/out/vs/workbench/workbench.desktop.main.js:946:34367)
    at async IC.updateChildren (vscode-file://vscode-app/usr/share/code/resources/app/out/vs/workbench/workbench.desktop.main.js:946:33863)
    at async hhe.refresh (vscode-file://vscode-app/usr/share/code/resources/app/out/vs/workbench/workbench.desktop.main.js:4311:83368)
    at async Ct.runner (vscode-file://vscode-app/usr/share/code/resources/app/out/vs/workbench/workbench.desktop.main.js:4311:79214)
<1> 
    at Xb (vscode-file://vscode-app/usr/share/code/resources/app/out/vs/workbench/workbench.desktop.main.js:1219:3214)
    at vscode-file://vscode-app/usr/share/code/resources/app/out/vs/workbench/workbench.desktop.main.js:2924:73853
    at s.invokeFunction (vscode-file://vscode-app/usr/share/code/resources/app/out/vs/workbench/workbench.desktop.main.js:2293:944)
    at tL.onDragStart (vscode-file://vscode-app/usr/share/code/resources/app/out/vs/workbench/workbench.desktop.main.js:2924:73835)
    at rFi.onDragStart (vscode-file://vscode-app/usr/share/code/resources/app/out/vs/workbench/workbench.desktop.main.js:946:23787)
    at NOi.onDragStart (vscode-file://vscode-app/usr/share/code/resources/app/out/vs/workbench/workbench.desktop.main.js:945:11376)
    at XPi.onDragStart (vscode-file://vscode-app/usr/share/code/resources/app/out/vs/workbench/workbench.desktop.main.js:758:3350)
    at AA.onDragStart (vscode-file://vscode-app/usr/share/code/resources/app/out/vs/workbench/workbench.desktop.main.js:715:28741)
    at HTMLDivElement.<anonymous> (vscode-file://vscode-app/usr/share/code/resources/app/out/vs/workbench/workbench.desktop.main.js:715:23202)
<1> 
    at E (vscode-file://vscode-app/usr/share/code/resources/app/out/vs/workbench/workbench.desktop.main.js:439:14857)
    at new D1e (vscode-file://vscode-app/usr/share/code/resources/app/out/vs/workbench/workbench.desktop.main.js:2066:105582)
    at s._createInstance (vscode-file://vscode-app/usr/share/code/resources/app/out/vs/workbench/workbench.desktop.main.js:2293:2000)
    at s.createInstance (vscode-file://vscode-app/usr/share/code/resources/app/out/vs/workbench/workbench.desktop.main.js:2293:1440)
    at Uvt._createHover (vscode-file://vscode-app/usr/share/code/resources/app/out/vs/workbench/workbench.desktop.main.js:2066:120214)
    at Uvt.showInstantHover (vscode-file://vscode-app/usr/share/code/resources/app/out/vs/workbench/workbench.desktop.main.js:2066:117771)
    at Fg.showHover (vscode-file://vscode-app/usr/share/code/resources/app/out/vs/workbench/workbench.desktop.main.js:937:149231)
    at Tei.show (vscode-file://vscode-app/usr/share/code/resources/app/out/vs/workbench/workbench.desktop.main.js:2066:116633)
    at Tei.update (vscode-file://vscode-app/usr/share/code/resources/app/out/vs/workbench/workbench.desktop.main.js:2066:116191)
    at vscode-file://vscode-app/usr/share/code/resources/app/out/vs/workbench/workbench.desktop.main.js:2066:124984
    at vscode-file://vscode-app/usr/share/code/resources/app/out/vs/workbench/workbench.desktop.main.js:434:80717
<1> 
    at HTMLLIElement.<anonymous> (vscode-file://vscode-app/usr/share/code/resources/app/out/vs/workbench/workbench.desktop.main.js:2066:119364)
<1> 
    at isNaN (<anonymous>)
    at Cn (vscode-file://vscode-app/usr/share/code/resources/app/out/vs/workbench/workbench.desktop.main.js:414:888)
    at new D1e (vscode-file://vscode-app/usr/share/code/resources/app/out/vs/workbench/workbench.desktop.main.js:2066:104244)
    at s._createInstance (vscode-file://vscode-app/usr/share/code/resources/app/out/vs/workbench/workbench.desktop.main.js:2293:2000)
    at s.createInstance (vscode-file://vscode-app/usr/share/code/resources/app/out/vs/workbench/workbench.desktop.main.js:2293:1440)
    at Uvt._createHover (vscode-file://vscode-app/usr/share/code/resources/app/out/vs/workbench/workbench.desktop.main.js:2066:120214)
    at Uvt.showDelayedHover (vscode-file://vscode-app/usr/share/code/resources/app/out/vs/workbench/workbench.desktop.main.js:2066:118460)
    at HTMLLIElement.<anonymous> (vscode-file://vscode-app/usr/share/code/resources/app/out/vs/workbench/workbench.desktop.main.js:2066:119373)
<1> 
    at _6i.affectsSome (vscode-file://vscode-app/usr/share/code/resources/app/out/vs/workbench/workbench.desktop.main.js:2262:72519)
    at vscode-file://vscode-app/usr/share/code/resources/app/out/vs/workbench/workbench.desktop.main.js:2065:84895
    at iLe.value (vscode-file://vscode-app/usr/share/code/resources/app/out/vs/workbench/workbench.desktop.main.js:431:11799)
    at Tg._deliver (vscode-file://vscode-app/usr/share/code/resources/app/out/vs/workbench/workbench.desktop.main.js:433:3642)
    at Tg._deliverQueue (vscode-file://vscode-app/usr/share/code/resources/app/out/vs/workbench/workbench.desktop.main.js:433:3731)
    at Tg.fire (vscode-file://vscode-app/usr/share/code/resources/app/out/vs/workbench/workbench.desktop.main.js:433:4066)
    at Tg.resume (vscode-file://vscode-app/usr/share/code/resources/app/out/vs/workbench/workbench.desktop.main.js:433:5251)
    at z1e.bufferChangeEvents (vscode-file://vscode-app/usr/share/code/resources/app/out/vs/workbench/workbench.desktop.main.js:2262:73215)
    at JV.updateContextKeys (vscode-file://vscode-app/usr/share/code/resources/app/out/vs/workbench/workbench.desktop.main.js:1979:80071)
    at iLe.value (vscode-file://vscode-app/usr/share/code/resources/app/out/vs/workbench/workbench.desktop.main.js:1979:77219)
    at D._deliver (vscode-file://vscode-app/usr/share/code/resources/app/out/vs/workbench/workbench.desktop.main.js:433:3642)
    at D.fire (vscode-file://vscode-app/usr/share/code/resources/app/out/vs/workbench/workbench.desktop.main.js:433:3961)
    at vscode-file://vscode-app/usr/share/code/resources/app/out/vs/workbench/workbench.desktop.main.js:1979:82134
    at iLe.value (vscode-file://vscode-app/usr/share/code/resources/app/out/vs/workbench/workbench.desktop.main.js:431:11960)
    at D._deliver (vscode-file://vscode-app/usr/share/code/resources/app/out/vs/workbench/workbench.desktop.main.js:433:3642)
    at D._deliverQueue (vscode-file://vscode-app/usr/share/code/resources/app/out/vs/workbench/workbench.desktop.main.js:433:3731)
    at D.fire (vscode-file://vscode-app/usr/share/code/resources/app/out/vs/workbench/workbench.desktop.main.js:433:4066)
    at CX.remove (vscode-file://vscode-app/usr/share/code/resources/app/out/vs/workbench/workbench.desktop.main.js:1982:4130)
    at zwe.remove (vscode-file://vscode-app/usr/share/code/resources/app/out/vs/workbench/workbench.desktop.main.js:1979:94239)
    at vscode-file://vscode-app/usr/share/code/resources/app/out/vs/workbench/workbench.desktop.main.js:1979:83215
    at JV.withEachEditorNavigationStack (vscode-file://vscode-app/usr/share/code/resources/app/out/vs/workbench/workbench.desktop.main.js:1979:83381)
    at JV.removeFromEditorNavigationStacks (vscode-file://vscode-app/usr/share/code/resources/app/out/vs/workbench/workbench.desktop.main.js:1979:83180)
    at JV.remove (vscode-file://vscode-app/usr/share/code/resources/app/out/vs/workbench/workbench.desktop.main.js:1979:79647)
    at JV.onDidFilesChange (vscode-file://vscode-app/usr/share/code/resources/app/out/vs/workbench/workbench.desktop.main.js:1979:79214)
    at iLe.value (vscode-file://vscode-app/usr/share/code/resources/app/out/vs/workbench/workbench.desktop.main.js:1979:76930)
    at D._deliver (vscode-file://vscode-app/usr/share/code/resources/app/out/vs/workbench/workbench.desktop.main.js:433:3642)
    at D._deliverQueue (vscode-file://vscode-app/usr/share/code/resources/app/out/vs/workbench/workbench.desktop.main.js:433:3731)
    at D.fire (vscode-file://vscode-app/usr/share/code/resources/app/out/vs/workbench/workbench.desktop.main.js:433:4066)
    at iLe.value (vscode-file://vscode-app/usr/share/code/resources/app/out/vs/workbench/workbench.desktop.main.js:5606:86318)
    at D._deliver (vscode-file://vscode-app/usr/share/code/resources/app/out/vs/workbench/workbench.desktop.main.js:433:3642)
    at D._deliverQueue (vscode-file://vscode-app/usr/share/code/resources/app/out/vs/workbench/workbench.desktop.main.js:433:3731)
    at D.fire (vscode-file://vscode-app/usr/share/code/resources/app/out/vs/workbench/workbench.desktop.main.js:433:4066)
    at vscode-file://vscode-app/usr/share/code/resources/app/out/vs/workbench/workbench.desktop.main.js:5606:115404
    at nCi.onFileChanges (vscode-file://vscode-app/usr/share/code/resources/app/out/vs/workbench/workbench.desktop.main.js:5606:118822)
    at iLe.value (vscode-file://vscode-app/usr/share/code/resources/app/out/vs/workbench/workbench.desktop.main.js:5606:104171)
    at D._deliver (vscode-file://vscode-app/usr/share/code/resources/app/out/vs/workbench/workbench.desktop.main.js:433:3642)
    at D.fire (vscode-file://vscode-app/usr/share/code/resources/app/out/vs/workbench/workbench.desktop.main.js:433:3961)
    at D._deliver (vscode-file://vscode-app/usr/share/code/resources/app/out/vs/workbench/workbench.desktop.main.js:433:3642)
    at D.fire (vscode-file://vscode-app/usr/share/code/resources/app/out/vs/workbench/workbench.desktop.main.js:433:3961)
    at l (vscode-file://vscode-app/usr/share/code/resources/app/out/vs/workbench/workbench.desktop.main.js:1141:658)
    at _8t.onResponse (vscode-file://vscode-app/usr/share/code/resources/app/out/vs/workbench/workbench.desktop.main.js:1141:1894)
    at _8t.onBuffer (vscode-file://vscode-app/usr/share/code/resources/app/out/vs/workbench/workbench.desktop.main.js:1141:1749)
    at iLe.value (vscode-file://vscode-app/usr/share/code/resources/app/out/vs/workbench/workbench.desktop.main.js:1140:1635)
    at D._deliver (vscode-file://vscode-app/usr/share/code/resources/app/out/vs/workbench/workbench.desktop.main.js:433:3642)
    at D._deliverQueue (vscode-file://vscode-app/usr/share/code/resources/app/out/vs/workbench/workbench.desktop.main.js:433:3731)
    at D.fire (vscode-file://vscode-app/usr/share/code/resources/app/out/vs/workbench/workbench.desktop.main.js:433:4066)
    at iLe.value (vscode-file://vscode-app/usr/share/code/resources/app/out/vs/workbench/workbench.desktop.main.js:431:11810)
    at D._deliver (vscode-file://vscode-app/usr/share/code/resources/app/out/vs/workbench/workbench.desktop.main.js:433:3642)
    at D.fire (vscode-file://vscode-app/usr/share/code/resources/app/out/vs/workbench/workbench.desktop.main.js:433:3961)
    at MessagePort.ve (vscode-file://vscode-app/usr/share/code/resources/app/out/vs/workbench/workbench.desktop.main.js:431:15553)
<1> 
    at Sc.dispose (vscode-file://vscode-app/usr/share/code/resources/app/out/vs/workbench/workbench.desktop.main.js:937:82848)
    at tt (vscode-file://vscode-app/usr/share/code/resources/app/out/vs/workbench/workbench.desktop.main.js:431:747)
    at s.clear (vscode-file://vscode-app/usr/share/code/resources/app/out/vs/workbench/workbench.desktop.main.js:431:1634)
    at s.dispose (vscode-file://vscode-app/usr/share/code/resources/app/out/vs/workbench/workbench.desktop.main.js:431:1544)
    at bRe.dispose (vscode-file://vscode-app/usr/share/code/resources/app/out/vs/workbench/workbench.desktop.main.js:431:2429)
    at bRe.dispose (vscode-file://vscode-app/usr/share/code/resources/app/out/vs/workbench/workbench.desktop.main.js:934:18962)
    at tt (vscode-file://vscode-app/usr/share/code/resources/app/out/vs/workbench/workbench.desktop.main.js:431:747)
    at Co.clear (vscode-file://vscode-app/usr/share/code/resources/app/out/vs/workbench/workbench.desktop.main.js:934:28562)
    at fr.clear (vscode-file://vscode-app/usr/share/code/resources/app/out/vs/workbench/workbench.desktop.main.js:937:82833)
    at fr.setActions (vscode-file://vscode-app/usr/share/code/resources/app/out/vs/workbench/workbench.desktop.main.js:937:76957)
    at fr.setActions (vscode-file://vscode-app/usr/share/code/resources/app/out/vs/workbench/workbench.desktop.main.js:937:145409)
    at fr._updateToolbar (vscode-file://vscode-app/usr/share/code/resources/app/out/vs/workbench/workbench.desktop.main.js:937:147936)
    at iLe.value (vscode-file://vscode-app/usr/share/code/resources/app/out/vs/workbench/workbench.desktop.main.js:937:147421)
    at sLe._deliver (vscode-file://vscode-app/usr/share/code/resources/app/out/vs/workbench/workbench.desktop.main.js:433:3642)
    at sLe.fire (vscode-file://vscode-app/usr/share/code/resources/app/out/vs/workbench/workbench.desktop.main.js:433:3961)
    at sLe.resume (vscode-file://vscode-app/usr/share/code/resources/app/out/vs/workbench/workbench.desktop.main.js:433:5251)
    at vscode-file://vscode-app/usr/share/code/resources/app/out/vs/workbench/workbench.desktop.main.js:433:5608
<1> 
    at Da.render (vscode-file://vscode-app/usr/share/code/resources/app/out/vs/workbench/workbench.desktop.main.js:5612:19284)
    at vscode-file://vscode-app/usr/share/code/resources/app/out/vs/workbench/workbench.desktop.main.js:934:27662
    at Array.forEach (<anonymous>)
    at Co.push (vscode-file://vscode-app/usr/share/code/resources/app/out/vs/workbench/workbench.desktop.main.js:934:27172)
    at vscode-file://vscode-app/usr/share/code/resources/app/out/vs/workbench/workbench.desktop.main.js:937:77317
    at Array.forEach (<anonymous>)
    at Sc.setActions (vscode-file://vscode-app/usr/share/code/resources/app/out/vs/workbench/workbench.desktop.main.js:937:77290)
    at Sc.setActions (vscode-file://vscode-app/usr/share/code/resources/app/out/vs/workbench/workbench.desktop.main.js:937:145409)
    at bRe.render (vscode-file://vscode-app/usr/share/code/resources/app/out/vs/workbench/workbench.desktop.main.js:5612:20063)
    at vscode-file://vscode-app/usr/share/code/resources/app/out/vs/workbench/workbench.desktop.main.js:934:27662
    at Array.forEach (<anonymous>)
    at Co.push (vscode-file://vscode-app/usr/share/code/resources/app/out/vs/workbench/workbench.desktop.main.js:934:27172)
    at vscode-file://vscode-app/usr/share/code/resources/app/out/vs/workbench/workbench.desktop.main.js:937:77317
    at Array.forEach (<anonymous>)
    at fr.setActions (vscode-file://vscode-app/usr/share/code/resources/app/out/vs/workbench/workbench.desktop.main.js:937:77290)
    at fr.setActions (vscode-file://vscode-app/usr/share/code/resources/app/out/vs/workbench/workbench.desktop.main.js:937:145409)
    at fr._updateToolbar (vscode-file://vscode-app/usr/share/code/resources/app/out/vs/workbench/workbench.desktop.main.js:937:147936)
    at iLe.value (vscode-file://vscode-app/usr/share/code/resources/app/out/vs/workbench/workbench.desktop.main.js:937:147421)
    at sLe._deliver (vscode-file://vscode-app/usr/share/code/resources/app/out/vs/workbench/workbench.desktop.main.js:433:3642)
    at sLe.fire (vscode-file://vscode-app/usr/share/code/resources/app/out/vs/workbench/workbench.desktop.main.js:433:3961)
    at sLe.resume (vscode-file://vscode-app/usr/share/code/resources/app/out/vs/workbench/workbench.desktop.main.js:433:5251)
    at vscode-file://vscode-app/usr/share/code/resources/app/out/vs/workbench/workbench.desktop.main.js:433:5608
<1> 
    at ZBt.getTemplateCache (vscode-file://vscode-app/usr/share/code/resources/app/out/vs/workbench/workbench.desktop.main.js:715:6358)
    at ZBt.releaseRow (vscode-file://vscode-app/usr/share/code/resources/app/out/vs/workbench/workbench.desktop.main.js:715:6255)
    at ZBt.release (vscode-file://vscode-app/usr/share/code/resources/app/out/vs/workbench/workbench.desktop.main.js:715:5853)
    at AA._splice (vscode-file://vscode-app/usr/share/code/resources/app/out/vs/workbench/workbench.desktop.main.js:715:17959)
    at AA.splice (vscode-file://vscode-app/usr/share/code/resources/app/out/vs/workbench/workbench.desktop.main.js:715:16126)
    at vscode-file://vscode-app/usr/share/code/resources/app/out/vs/workbench/workbench.desktop.main.js:713:125
    at Array.forEach (<anonymous>)
    at $Bt.splice (vscode-file://vscode-app/usr/share/code/resources/app/out/vs/workbench/workbench.desktop.main.js:713:112)
    at vscode-file://vscode-app/usr/share/code/resources/app/out/vs/workbench/workbench.desktop.main.js:758:9026
    at pH.bufferEvents (vscode-file://vscode-app/usr/share/code/resources/app/out/vs/workbench/workbench.desktop.main.js:433:7493)
    at $Oi.splice (vscode-file://vscode-app/usr/share/code/resources/app/out/vs/workbench/workbench.desktop.main.js:758:8993)
    at $Oi.splice (vscode-file://vscode-app/usr/share/code/resources/app/out/vs/workbench/workbench.desktop.main.js:945:51540)
    at iLe.value (vscode-file://vscode-app/usr/share/code/resources/app/out/vs/workbench/workbench.desktop.main.js:946:4559)
    at D._deliver (vscode-file://vscode-app/usr/share/code/resources/app/out/vs/workbench/workbench.desktop.main.js:433:3642)
    at D.fire (vscode-file://vscode-app/usr/share/code/resources/app/out/vs/workbench/workbench.desktop.main.js:433:3961)
    at iLe.value (vscode-file://vscode-app/usr/share/code/resources/app/out/vs/workbench/workbench.desktop.main.js:431:11603)
    at D._deliver (vscode-file://vscode-app/usr/share/code/resources/app/out/vs/workbench/workbench.desktop.main.js:433:3642)
    at D._deliverQueue (vscode-file://vscode-app/usr/share/code/resources/app/out/vs/workbench/workbench.desktop.main.js:433:3731)
    at D.fire (vscode-file://vscode-app/usr/share/code/resources/app/out/vs/workbench/workbench.desktop.main.js:433:4066)
    at v1t.spliceSimple (vscode-file://vscode-app/usr/share/code/resources/app/out/vs/workbench/workbench.desktop.main.js:945:4340)
    at v1t.splice (vscode-file://vscode-app/usr/share/code/resources/app/out/vs/workbench/workbench.desktop.main.js:945:2414)
    at Tj._setChildren (vscode-file://vscode-app/usr/share/code/resources/app/out/vs/workbench/workbench.desktop.main.js:946:7429)
    at Tj.setChildren (vscode-file://vscode-app/usr/share/code/resources/app/out/vs/workbench/workbench.desktop.main.js:946:6849)
    at YOi._setChildren (vscode-file://vscode-app/usr/share/code/resources/app/out/vs/workbench/workbench.desktop.main.js:946:13203)
    at YOi.setChildren (vscode-file://vscode-app/usr/share/code/resources/app/out/vs/workbench/workbench.desktop.main.js:946:12091)
    at C1t.setChildren (vscode-file://vscode-app/usr/share/code/resources/app/out/vs/workbench/workbench.desktop.main.js:946:16713)
    at MNe.setChildren (vscode-file://vscode-app/usr/share/code/resources/app/out/vs/workbench/workbench.desktop.main.js:946:21372)
    at IC.render (vscode-file://vscode-app/usr/share/code/resources/app/out/vs/workbench/workbench.desktop.main.js:946:41612)
    at IC.render (vscode-file://vscode-app/usr/share/code/resources/app/out/vs/workbench/workbench.desktop.main.js:946:46142)
    at IC.refreshAndRenderNode (vscode-file://vscode-app/usr/share/code/resources/app/out/vs/workbench/workbench.desktop.main.js:946:38214)
    at async IC._updateChildren (vscode-file://vscode-app/usr/share/code/resources/app/out/vs/workbench/workbench.desktop.main.js:946:34367)
    at async IC.updateChildren (vscode-file://vscode-app/usr/share/code/resources/app/out/vs/workbench/workbench.desktop.main.js:946:33863)
    at async hhe.refresh (vscode-file://vscode-app/usr/share/code/resources/app/out/vs/workbench/workbench.desktop.main.js:4311:83368)
    at async Ct.runner (vscode-file://vscode-app/usr/share/code/resources/app/out/vs/workbench/workbench.desktop.main.js:4311:79214)
<1> 
    at D._deliverQueue (vscode-file://vscode-app/usr/share/code/resources/app/out/vs/workbench/workbench.desktop.main.js:433:3710)
    at D.fire (vscode-file://vscode-app/usr/share/code/resources/app/out/vs/workbench/workbench.desktop.main.js:433:4066)
    at iLe.value (vscode-file://vscode-app/usr/share/code/resources/app/out/vs/workbench/workbench.desktop.main.js:513:36782)
    at D._deliver (vscode-file://vscode-app/usr/share/code/resources/app/out/vs/workbench/workbench.desktop.main.js:433:3642)
    at D.fire (vscode-file://vscode-app/usr/share/code/resources/app/out/vs/workbench/workbench.desktop.main.js:433:3961)
    at FL._setState (vscode-file://vscode-app/usr/share/code/resources/app/out/vs/workbench/workbench.desktop.main.js:442:23014)
    at FL.setScrollDimensions (vscode-file://vscode-app/usr/share/code/resources/app/out/vs/workbench/workbench.desktop.main.js:442:21020)
    at GH.setScrollDimensions (vscode-file://vscode-app/usr/share/code/resources/app/out/vs/workbench/workbench.desktop.main.js:513:39363)
    at Zit._runner (vscode-file://vscode-app/usr/share/code/resources/app/out/vs/workbench/workbench.desktop.main.js:715:18474)
    at Zit.execute (vscode-file://vscode-app/usr/share/code/resources/app/out/vs/workbench/workbench.desktop.main.js:439:3975)
    at i (vscode-file://vscode-app/usr/share/code/resources/app/out/vs/workbench/workbench.desktop.main.js:439:4220)
    at vscode-file://vscode-app/usr/share/code/resources/app/out/vs/workbench/workbench.desktop.main.js:439:4385
<1> 
    at Object.entries (<anonymous>)
    at Ro (vscode-file://vscode-app/usr/share/code/resources/app/out/vs/workbench/workbench.desktop.main.js:442:16260)
    at vscode-file://vscode-app/usr/share/code/resources/app/out/vs/workbench/workbench.desktop.main.js:442:16316
    at Array.forEach (<anonymous>)
    at Ro (vscode-file://vscode-app/usr/share/code/resources/app/out/vs/workbench/workbench.desktop.main.js:442:16271)
    at s.merge (vscode-file://vscode-app/usr/share/code/resources/app/out/vs/workbench/workbench.desktop.main.js:5604:14073)
    at $Lt.getConsolidatedConfigurationModel (vscode-file://vscode-app/usr/share/code/resources/app/out/vs/workbench/workbench.desktop.main.js:5604:30453)
    at $Lt.getValue (vscode-file://vscode-app/usr/share/code/resources/app/out/vs/workbench/workbench.desktop.main.js:5604:24879)
    at $Lt.getValue (vscode-file://vscode-app/usr/share/code/resources/app/out/vs/workbench/workbench.desktop.main.js:5606:1644)
    at Gwi.getValue (vscode-file://vscode-app/usr/share/code/resources/app/out/vs/workbench/workbench.desktop.main.js:5606:42376)
    at hhe.refresh (vscode-file://vscode-app/usr/share/code/resources/app/out/vs/workbench/workbench.desktop.main.js:4311:83472)
    at async Ct.runner (vscode-file://vscode-app/usr/share/code/resources/app/out/vs/workbench/workbench.desktop.main.js:4311:79214)
<1> 
    at vscode-file://vscode-app/usr/share/code/resources/app/node_modules.asar/@xterm/xterm/lib/xterm.js:1:98035
<1> 
    at vscode-file://vscode-app/usr/share/code/resources/app/out/vs/workbench/workbench.desktop.main.js:2297:3805
<1> 
    at YWn (vscode-file://vscode-app/usr/share/code/resources/app/out/vs/workbench/workbench.desktop.main.js:715:49319)
    at qOi.onViewPointer (vscode-file://vscode-app/usr/share/code/resources/app/out/vs/workbench/workbench.desktop.main.js:715:51460)
    at qOi.onViewPointer (vscode-file://vscode-app/usr/share/code/resources/app/out/vs/workbench/workbench.desktop.main.js:945:50556)
    at iLe.value (vscode-file://vscode-app/usr/share/code/resources/app/out/vs/workbench/workbench.desktop.main.js:431:11960)
    at D._deliver (vscode-file://vscode-app/usr/share/code/resources/app/out/vs/workbench/workbench.desktop.main.js:433:3642)
    at D.fire (vscode-file://vscode-app/usr/share/code/resources/app/out/vs/workbench/workbench.desktop.main.js:433:3961)
    at iLe.value (vscode-file://vscode-app/usr/share/code/resources/app/out/vs/workbench/workbench.desktop.main.js:431:11603)
    at D._deliver (vscode-file://vscode-app/usr/share/code/resources/app/out/vs/workbench/workbench.desktop.main.js:433:3642)
    at D.fire (vscode-file://vscode-app/usr/share/code/resources/app/out/vs/workbench/workbench.desktop.main.js:433:3961)
    at HTMLDivElement.i (vscode-file://vscode-app/usr/share/code/resources/app/out/vs/workbench/workbench.desktop.main.js:513:63293)
<1> 
    at get onWillRun (vscode-file://vscode-app/usr/share/code/resources/app/out/vs/workbench/workbench.desktop.main.js:934:25429)
    at $C.createTab (vscode-file://vscode-app/usr/share/code/resources/app/out/vs/workbench/workbench.desktop.main.js:1374:71500)
    at $C.handleOpenedEditors (vscode-file://vscode-app/usr/share/code/resources/app/out/vs/workbench/workbench.desktop.main.js:1374:66649)
    at $C.openEditor (vscode-file://vscode-app/usr/share/code/resources/app/out/vs/workbench/workbench.desktop.main.js:1374:66335)
    at xUe.openEditor (vscode-file://vscode-app/usr/share/code/resources/app/out/vs/workbench/workbench.desktop.main.js:1487:56533)
    at VS.doShowEditor (vscode-file://vscode-app/usr/share/code/resources/app/out/vs/workbench/workbench.desktop.main.js:1487:76744)
    at VS.doOpenEditor (vscode-file://vscode-app/usr/share/code/resources/app/out/vs/workbench/workbench.desktop.main.js:1487:76175)
    at VS.openEditor (vscode-file://vscode-app/usr/share/code/resources/app/out/vs/workbench/workbench.desktop.main.js:1487:75012)
    at Vwe.openEditor (vscode-file://vscode-app/usr/share/code/resources/app/out/vs/workbench/workbench.desktop.main.js:1979:45588)
    at async iLe.value (vscode-file://vscode-app/usr/share/code/resources/app/out/vs/workbench/workbench.desktop.main.js:2924:88034)
<1> 
    at iLe.value (vscode-file://vscode-app/usr/share/code/resources/app/out/vs/workbench/workbench.desktop.main.js:2297:2037)
    at D._deliver (vscode-file://vscode-app/usr/share/code/resources/app/out/vs/workbench/workbench.desktop.main.js:433:3642)
    at D._deliverQueue (vscode-file://vscode-app/usr/share/code/resources/app/out/vs/workbench/workbench.desktop.main.js:433:3731)
    at D.fire (vscode-file://vscode-app/usr/share/code/resources/app/out/vs/workbench/workbench.desktop.main.js:433:4066)
    at iLe.value (vscode-file://vscode-app/usr/share/code/resources/app/out/vs/workbench/workbench.desktop.main.js:710:14934)
    at D._deliver (vscode-file://vscode-app/usr/share/code/resources/app/out/vs/workbench/workbench.desktop.main.js:433:3642)
    at D.fire (vscode-file://vscode-app/usr/share/code/resources/app/out/vs/workbench/workbench.desktop.main.js:433:3961)
    at Kie._recomputeOptions (vscode-file://vscode-app/usr/share/code/resources/app/out/vs/workbench/workbench.desktop.main.js:508:46832)
    at Kie.updateOptions (vscode-file://vscode-app/usr/share/code/resources/app/out/vs/workbench/workbench.desktop.main.js:508:48354)
    at Qs.updateOptions (vscode-file://vscode-app/usr/share/code/resources/app/out/vs/workbench/workbench.desktop.main.js:710:17729)
    at Fee.updateEditorControlOptions (vscode-file://vscode-app/usr/share/code/resources/app/out/vs/workbench/workbench.desktop.main.js:1369:95466)
    at Fee.updateEditorConfiguration (vscode-file://vscode-app/usr/share/code/resources/app/out/vs/workbench/workbench.desktop.main.js:1100:60749)
    at Fee.setInput (vscode-file://vscode-app/usr/share/code/resources/app/out/vs/workbench/workbench.desktop.main.js:1100:59758)
    at async Fee.setInput (vscode-file://vscode-app/usr/share/code/resources/app/out/vs/workbench/workbench.desktop.main.js:4311:92139)
    at async bUe.doSetInput (vscode-file://vscode-app/usr/share/code/resources/app/out/vs/workbench/workbench.desktop.main.js:1374:36391)
    at async bUe.doOpenEditor (vscode-file://vscode-app/usr/share/code/resources/app/out/vs/workbench/workbench.desktop.main.js:1374:34177)
    at async bUe.openEditor (vscode-file://vscode-app/usr/share/code/resources/app/out/vs/workbench/workbench.desktop.main.js:1374:33125)
    at async vscode-file://vscode-app/usr/share/code/resources/app/out/vs/workbench/workbench.desktop.main.js:1487:76407
<1> 
    at VS.relayout (vscode-file://vscode-app/usr/share/code/resources/app/out/vs/workbench/workbench.desktop.main.js:1487:86809)
    at $C.doLayout (vscode-file://vscode-app/usr/share/code/resources/app/out/vs/workbench/workbench.desktop.main.js:1374:86699)
    at Zit._runner (vscode-file://vscode-app/usr/share/code/resources/app/out/vs/workbench/workbench.desktop.main.js:1374:86078)
    at Zit.execute (vscode-file://vscode-app/usr/share/code/resources/app/out/vs/workbench/workbench.desktop.main.js:439:3975)
    at i (vscode-file://vscode-app/usr/share/code/resources/app/out/vs/workbench/workbench.desktop.main.js:439:4220)
    at vscode-file://vscode-app/usr/share/code/resources/app/out/vs/workbench/workbench.desktop.main.js:439:4385
<1> 
    at $ft.getEOL (vscode-file://vscode-app/usr/share/code/resources/app/out/vs/workbench/workbench.desktop.main.js:1997:5005)
    at jft._getEOL (vscode-file://vscode-app/usr/share/code/resources/app/out/vs/workbench/workbench.desktop.main.js:2001:982)
    at jft.getCreationOptions (vscode-file://vscode-app/usr/share/code/resources/app/out/vs/workbench/workbench.desktop.main.js:2003:350)
    at jft._createModelData (vscode-file://vscode-app/usr/share/code/resources/app/out/vs/workbench/workbench.desktop.main.js:2003:2435)
    at jft.createModel (vscode-file://vscode-app/usr/share/code/resources/app/out/vs/workbench/workbench.desktop.main.js:2004:898)
    at XV.doCreateTextEditorModel (vscode-file://vscode-app/usr/share/code/resources/app/out/vs/workbench/workbench.desktop.main.js:1106:14333)
    at XV.createTextEditorModel (vscode-file://vscode-app/usr/share/code/resources/app/out/vs/workbench/workbench.desktop.main.js:1106:14159)
    at XV.doCreateTextModel (vscode-file://vscode-app/usr/share/code/resources/app/out/vs/workbench/workbench.desktop.main.js:1979:17962)
    at XV.resolveFromContent (vscode-file://vscode-app/usr/share/code/resources/app/out/vs/workbench/workbench.desktop.main.js:1979:17799)
    at XV.resolveFromFile (vscode-file://vscode-app/usr/share/code/resources/app/out/vs/workbench/workbench.desktop.main.js:1979:16901)
    at async XV.resolve (vscode-file://vscode-app/usr/share/code/resources/app/out/vs/workbench/workbench.desktop.main.js:1979:14774)
    at async EZe.doResolve (vscode-file://vscode-app/usr/share/code/resources/app/out/vs/workbench/workbench.desktop.main.js:5611:9016)
    at async Fw.doResolveAsText (vscode-file://vscode-app/usr/share/code/resources/app/out/vs/workbench/workbench.desktop.main.js:2874:20247)
    at async Fee.setInput (vscode-file://vscode-app/usr/share/code/resources/app/out/vs/workbench/workbench.desktop.main.js:4311:92179)
    at async bUe.doSetInput (vscode-file://vscode-app/usr/share/code/resources/app/out/vs/workbench/workbench.desktop.main.js:1374:36391)
    at async bUe.doOpenEditor (vscode-file://vscode-app/usr/share/code/resources/app/out/vs/workbench/workbench.desktop.main.js:1374:34177)
    at async bUe.openEditor (vscode-file://vscode-app/usr/share/code/resources/app/out/vs/workbench/workbench.desktop.main.js:1374:33125)
    at async vscode-file://vscode-app/usr/share/code/resources/app/out/vs/workbench/workbench.desktop.main.js:1487:76407
    at async iLe.value (vscode-file://vscode-app/usr/share/code/resources/app/out/vs/workbench/workbench.desktop.main.js:2924:88034)
<1> 
    at iLe.value (vscode-file://vscode-app/usr/share/code/resources/app/out/vs/workbench/workbench.desktop.main.js:1010:46494)
    at D._deliver (vscode-file://vscode-app/usr/share/code/resources/app/out/vs/workbench/workbench.desktop.main.js:433:3642)
    at D._deliverQueue (vscode-file://vscode-app/usr/share/code/resources/app/out/vs/workbench/workbench.desktop.main.js:433:3731)
    at D.fire (vscode-file://vscode-app/usr/share/code/resources/app/out/vs/workbench/workbench.desktop.main.js:433:4066)
    at jft.createModel (vscode-file://vscode-app/usr/share/code/resources/app/out/vs/workbench/workbench.desktop.main.js:2004:977)
    at XV.doCreateTextEditorModel (vscode-file://vscode-app/usr/share/code/resources/app/out/vs/workbench/workbench.desktop.main.js:1106:14333)
    at XV.createTextEditorModel (vscode-file://vscode-app/usr/share/code/resources/app/out/vs/workbench/workbench.desktop.main.js:1106:14159)
    at XV.doCreateTextModel (vscode-file://vscode-app/usr/share/code/resources/app/out/vs/workbench/workbench.desktop.main.js:1979:17962)
    at XV.resolveFromContent (vscode-file://vscode-app/usr/share/code/resources/app/out/vs/workbench/workbench.desktop.main.js:1979:17799)
    at XV.resolveFromFile (vscode-file://vscode-app/usr/share/code/resources/app/out/vs/workbench/workbench.desktop.main.js:1979:16901)
    at async XV.resolve (vscode-file://vscode-app/usr/share/code/resources/app/out/vs/workbench/workbench.desktop.main.js:1979:14774)
    at async EZe.doResolve (vscode-file://vscode-app/usr/share/code/resources/app/out/vs/workbench/workbench.desktop.main.js:5611:9016)
    at async Fw.doResolveAsText (vscode-file://vscode-app/usr/share/code/resources/app/out/vs/workbench/workbench.desktop.main.js:2874:20247)
    at async Fee.setInput (vscode-file://vscode-app/usr/share/code/resources/app/out/vs/workbench/workbench.desktop.main.js:4311:92179)
    at async bUe.doSetInput (vscode-file://vscode-app/usr/share/code/resources/app/out/vs/workbench/workbench.desktop.main.js:1374:36391)
    at async bUe.doOpenEditor (vscode-file://vscode-app/usr/share/code/resources/app/out/vs/workbench/workbench.desktop.main.js:1374:34177)
    at async bUe.openEditor (vscode-file://vscode-app/usr/share/code/resources/app/out/vs/workbench/workbench.desktop.main.js:1374:33125)
    at async vscode-file://vscode-app/usr/share/code/resources/app/out/vs/workbench/workbench.desktop.main.js:1487:76407
    at async iLe.value (vscode-file://vscode-app/usr/share/code/resources/app/out/vs/workbench/workbench.desktop.main.js:2924:88034)
<1> 
    at new SPi (vscode-file://vscode-app/usr/share/code/resources/app/out/vs/workbench/workbench.desktop.main.js:709:59458)
    at OBt.createCoordinatesConverter (vscode-file://vscode-app/usr/share/code/resources/app/out/vs/workbench/workbench.desktop.main.js:709:42866)
    at new VBt (vscode-file://vscode-app/usr/share/code/resources/app/out/vs/workbench/workbench.desktop.main.js:709:63738)
    at Qs._attachModel (vscode-file://vscode-app/usr/share/code/resources/app/out/vs/workbench/workbench.desktop.main.js:712:19372)
    at Qs.setModel (vscode-file://vscode-app/usr/share/code/resources/app/out/vs/workbench/workbench.desktop.main.js:712:530)
    at Fee.setInput (vscode-file://vscode-app/usr/share/code/resources/app/out/vs/workbench/workbench.desktop.main.js:4311:92321)
    at async bUe.doSetInput (vscode-file://vscode-app/usr/share/code/resources/app/out/vs/workbench/workbench.desktop.main.js:1374:36391)
    at async bUe.doOpenEditor (vscode-file://vscode-app/usr/share/code/resources/app/out/vs/workbench/workbench.desktop.main.js:1374:34177)
    at async bUe.openEditor (vscode-file://vscode-app/usr/share/code/resources/app/out/vs/workbench/workbench.desktop.main.js:1374:33125)
    at async vscode-file://vscode-app/usr/share/code/resources/app/out/vs/workbench/workbench.desktop.main.js:1487:76407
    at async iLe.value (vscode-file://vscode-app/usr/share/code/resources/app/out/vs/workbench/workbench.desktop.main.js:2924:88034)
<1> 
    at new jWt (vscode-file://vscode-app/usr/share/code/resources/app/out/vs/workbench/workbench.desktop.main.js:519:151335)
    at new PPe (vscode-file://vscode-app/usr/share/code/resources/app/out/vs/workbench/workbench.desktop.main.js:671:12884)
    at Qs._createView (vscode-file://vscode-app/usr/share/code/resources/app/out/vs/workbench/workbench.desktop.main.js:712:23744)
    at Qs._attachModel (vscode-file://vscode-app/usr/share/code/resources/app/out/vs/workbench/workbench.desktop.main.js:712:21483)
    at Qs.setModel (vscode-file://vscode-app/usr/share/code/resources/app/out/vs/workbench/workbench.desktop.main.js:712:530)
    at Fee.setInput (vscode-file://vscode-app/usr/share/code/resources/app/out/vs/workbench/workbench.desktop.main.js:4311:92321)
    at async bUe.doSetInput (vscode-file://vscode-app/usr/share/code/resources/app/out/vs/workbench/workbench.desktop.main.js:1374:36391)
    at async bUe.doOpenEditor (vscode-file://vscode-app/usr/share/code/resources/app/out/vs/workbench/workbench.desktop.main.js:1374:34177)
    at async bUe.openEditor (vscode-file://vscode-app/usr/share/code/resources/app/out/vs/workbench/workbench.desktop.main.js:1374:33125)
    at async vscode-file://vscode-app/usr/share/code/resources/app/out/vs/workbench/workbench.desktop.main.js:1487:76407
    at async iLe.value (vscode-file://vscode-app/usr/share/code/resources/app/out/vs/workbench/workbench.desktop.main.js:2924:88034)
<1> 
    at Sse.handleTextEditorAdded (vscode-file://vscode-app/usr/share/code/resources/app/out/vs/workbench/workbench.desktop.main.js:1100:33311)
    at Array.forEach (<anonymous>)
    at B5t._onDelta (vscode-file://vscode-app/usr/share/code/resources/app/out/vs/workbench/workbench.desktop.main.js:1106:5157)
    at Jut._onDidChangeState (vscode-file://vscode-app/usr/share/code/resources/app/out/vs/workbench/workbench.desktop.main.js:1106:4046)
    at Jut._updateState (vscode-file://vscode-app/usr/share/code/resources/app/out/vs/workbench/workbench.desktop.main.js:1106:3056)
    at iLe.value (vscode-file://vscode-app/usr/share/code/resources/app/out/vs/workbench/workbench.desktop.main.js:1106:1777)
    at D._deliver (vscode-file://vscode-app/usr/share/code/resources/app/out/vs/workbench/workbench.desktop.main.js:433:3642)
    at D._deliverQueue (vscode-file://vscode-app/usr/share/code/resources/app/out/vs/workbench/workbench.desktop.main.js:433:3731)
    at D.fire (vscode-file://vscode-app/usr/share/code/resources/app/out/vs/workbench/workbench.desktop.main.js:433:4066)
    at Qs.setModel (vscode-file://vscode-app/usr/share/code/resources/app/out/vs/workbench/workbench.desktop.main.js:712:705)
    at Fee.setInput (vscode-file://vscode-app/usr/share/code/resources/app/out/vs/workbench/workbench.desktop.main.js:4311:92321)
    at async bUe.doSetInput (vscode-file://vscode-app/usr/share/code/resources/app/out/vs/workbench/workbench.desktop.main.js:1374:36391)
    at async bUe.doOpenEditor (vscode-file://vscode-app/usr/share/code/resources/app/out/vs/workbench/workbench.desktop.main.js:1374:34177)
    at async bUe.openEditor (vscode-file://vscode-app/usr/share/code/resources/app/out/vs/workbench/workbench.desktop.main.js:1374:33125)
    at async vscode-file://vscode-app/usr/share/code/resources/app/out/vs/workbench/workbench.desktop.main.js:1487:76407
    at async iLe.value (vscode-file://vscode-app/usr/share/code/resources/app/out/vs/workbench/workbench.desktop.main.js:2924:88034)
<1> 
    at new lOe (vscode-file://vscode-app/usr/share/code/resources/app/out/vs/workbench/workbench.desktop.main.js:983:36072)
    at s._createInstance (vscode-file://vscode-app/usr/share/code/resources/app/out/vs/workbench/workbench.desktop.main.js:2293:2000)
    at s.createInstance (vscode-file://vscode-app/usr/share/code/resources/app/out/vs/workbench/workbench.desktop.main.js:2293:1440)
    at vscode-file://vscode-app/usr/share/code/resources/app/out/vs/workbench/workbench.desktop.main.js:997:2848
    at ry._computeFn (vscode-file://vscode-app/usr/share/code/resources/app/out/vs/workbench/workbench.desktop.main.js:435:17242)
    at ry._recompute (vscode-file://vscode-app/usr/share/code/resources/app/out/vs/workbench/workbench.desktop.main.js:435:13171)
    at ry.get (vscode-file://vscode-app/usr/share/code/resources/app/out/vs/workbench/workbench.desktop.main.js:435:12505)
    at ry.reportChanges (vscode-file://vscode-app/usr/share/code/resources/app/out/vs/workbench/workbench.desktop.main.js:435:497)
    at RNt.endUpdate (vscode-file://vscode-app/usr/share/code/resources/app/out/vs/workbench/workbench.desktop.main.js:435:22947)
    at ry.endUpdate (vscode-file://vscode-app/usr/share/code/resources/app/out/vs/workbench/workbench.desktop.main.js:435:14173)
    at SH.finish (vscode-file://vscode-app/usr/share/code/resources/app/out/vs/workbench/workbench.desktop.main.js:434:110883)
    at s._endUpdate (vscode-file://vscode-app/usr/share/code/resources/app/out/vs/workbench/workbench.desktop.main.js:937:32236)
    at iLe.value (vscode-file://vscode-app/usr/share/code/resources/app/out/vs/workbench/workbench.desktop.main.js:937:30774)
    at D._deliver (vscode-file://vscode-app/usr/share/code/resources/app/out/vs/workbench/workbench.desktop.main.js:433:3642)
    at D.fire (vscode-file://vscode-app/usr/share/code/resources/app/out/vs/workbench/workbench.desktop.main.js:433:3961)
    at Qs._endUpdate (vscode-file://vscode-app/usr/share/code/resources/app/out/vs/workbench/workbench.desktop.main.js:712:25309)
    at Qs.setModel (vscode-file://vscode-app/usr/share/code/resources/app/out/vs/workbench/workbench.desktop.main.js:712:831)
    at Fee.setInput (vscode-file://vscode-app/usr/share/code/resources/app/out/vs/workbench/workbench.desktop.main.js:4311:92321)
    at async bUe.doSetInput (vscode-file://vscode-app/usr/share/code/resources/app/out/vs/workbench/workbench.desktop.main.js:1374:36391)
    at async bUe.doOpenEditor (vscode-file://vscode-app/usr/share/code/resources/app/out/vs/workbench/workbench.desktop.main.js:1374:34177)
    at async bUe.openEditor (vscode-file://vscode-app/usr/share/code/resources/app/out/vs/workbench/workbench.desktop.main.js:1374:33125)
    at async vscode-file://vscode-app/usr/share/code/resources/app/out/vs/workbench/workbench.desktop.main.js:1487:76407
    at async iLe.value (vscode-file://vscode-app/usr/share/code/resources/app/out/vs/workbench/workbench.desktop.main.js:2924:88034)
<1> 
    at vscode-file://vscode-app/usr/share/code/resources/app/node_modules.asar.unpacked/vscode-oniguruma/release/onig.wasm:wasm-function[198]:0x24fe2
    at u._findNextMatchSync (vscode-file://vscode-app/usr/share/code/resources/app/node_modules.asar/vscode-oniguruma/release/main.js:1:3646)
    at u.findNextMatchSync (vscode-file://vscode-app/usr/share/code/resources/app/node_modules.asar/vscode-oniguruma/release/main.js:1:3451)
    at g.findNextMatchSync (vscode-file://vscode-app/usr/share/code/resources/app/node_modules.asar/vscode-textmate/release/main.js:1:51307)
    at vscode-file://vscode-app/usr/share/code/resources/app/node_modules.asar/vscode-textmate/release/main.js:1:22180
    at vscode-file://vscode-app/usr/share/code/resources/app/node_modules.asar/vscode-textmate/release/main.js:1:22624
    at k (vscode-file://vscode-app/usr/share/code/resources/app/node_modules.asar/vscode-textmate/release/main.js:1:23425)
    at Object.c [as _tokenizeString] (vscode-file://vscode-app/usr/share/code/resources/app/node_modules.asar/vscode-textmate/release/main.js:1:21819)
    at m._tokenize (vscode-file://vscode-app/usr/share/code/resources/app/node_modules.asar/vscode-textmate/release/main.js:1:7948)
    at m.tokenizeLine2 (vscode-file://vscode-app/usr/share/code/resources/app/node_modules.asar/vscode-textmate/release/main.js:1:6981)
    at Lei.tokenizeEncoded (vscode-file://vscode-app/usr/share/code/resources/app/out/vs/workbench/workbench.desktop.main.js:2066:139097)
    at Mei.tokenizeEncoded (vscode-file://vscode-app/usr/share/code/resources/app/out/vs/workbench/workbench.desktop.main.js:2066:140152)
    at Qnt (vscode-file://vscode-app/usr/share/code/resources/app/out/vs/workbench/workbench.desktop.main.js:696:27796)
    at ZHt.updateTokensUntilLine (vscode-file://vscode-app/usr/share/code/resources/app/out/vs/workbench/workbench.desktop.main.js:696:22359)
    at ZHt.tokenizeHeuristically (vscode-file://vscode-app/usr/share/code/resources/app/out/vs/workbench/workbench.desktop.main.js:696:23636)
    at nBt.refreshRange (vscode-file://vscode-app/usr/share/code/resources/app/out/vs/workbench/workbench.desktop.main.js:698:26674)
    at nBt.refreshRanges (vscode-file://vscode-app/usr/share/code/resources/app/out/vs/workbench/workbench.desktop.main.js:698:26419)
    at YHt._refreshTokens (vscode-file://vscode-app/usr/share/code/resources/app/out/vs/workbench/workbench.desktop.main.js:698:23140)
    at YHt.update (vscode-file://vscode-app/usr/share/code/resources/app/out/vs/workbench/workbench.desktop.main.js:694:3337)
    at YHt.handleStateChange (vscode-file://vscode-app/usr/share/code/resources/app/out/vs/workbench/workbench.desktop.main.js:694:3453)
    at iLe.value (vscode-file://vscode-app/usr/share/code/resources/app/out/vs/workbench/workbench.desktop.main.js:698:23206)
    at D._deliver (vscode-file://vscode-app/usr/share/code/resources/app/out/vs/workbench/workbench.desktop.main.js:433:3642)
    at D.fire (vscode-file://vscode-app/usr/share/code/resources/app/out/vs/workbench/workbench.desktop.main.js:433:3961)
    at UMi.handleStateChange (vscode-file://vscode-app/usr/share/code/resources/app/out/vs/workbench/workbench.desktop.main.js:694:2223)
    at UMi.setVisibleLines (vscode-file://vscode-app/usr/share/code/resources/app/out/vs/workbench/workbench.desktop.main.js:694:2980)
    at VBt.visibleLinesStabilized (vscode-file://vscode-app/usr/share/code/resources/app/out/vs/workbench/workbench.desktop.main.js:709:66490)
    at Qs.handleInitialized (vscode-file://vscode-app/usr/share/code/resources/app/out/vs/workbench/workbench.desktop.main.js:712:8312)
    at Fee.setInput (vscode-file://vscode-app/usr/share/code/resources/app/out/vs/workbench/workbench.desktop.main.js:4311:92563)
    at async bUe.doSetInput (vscode-file://vscode-app/usr/share/code/resources/app/out/vs/workbench/workbench.desktop.main.js:1374:36391)
    at async bUe.doOpenEditor (vscode-file://vscode-app/usr/share/code/resources/app/out/vs/workbench/workbench.desktop.main.js:1374:34177)
    at async bUe.openEditor (vscode-file://vscode-app/usr/share/code/resources/app/out/vs/workbench/workbench.desktop.main.js:1374:33125)
    at async vscode-file://vscode-app/usr/share/code/resources/app/out/vs/workbench/workbench.desktop.main.js:1487:76407
    at async iLe.value (vscode-file://vscode-app/usr/share/code/resources/app/out/vs/workbench/workbench.desktop.main.js:2924:88034)
<1> 
    at vscode-file://vscode-app/usr/share/code/resources/app/node_modules.asar.unpacked/vscode-oniguruma/release/onig.wasm:wasm-function[104]:0x17c9f
    at vscode-file://vscode-app/usr/share/code/resources/app/node_modules.asar.unpacked/vscode-oniguruma/release/onig.wasm:wasm-function[198]:0x25853
    at u._findNextMatchSync (vscode-file://vscode-app/usr/share/code/resources/app/node_modules.asar/vscode-oniguruma/release/main.js:1:3646)
    at u.findNextMatchSync (vscode-file://vscode-app/usr/share/code/resources/app/node_modules.asar/vscode-oniguruma/release/main.js:1:3451)
    at g.findNextMatchSync (vscode-file://vscode-app/usr/share/code/resources/app/node_modules.asar/vscode-textmate/release/main.js:1:51307)
    at vscode-file://vscode-app/usr/share/code/resources/app/node_modules.asar/vscode-textmate/release/main.js:1:22180
    at vscode-file://vscode-app/usr/share/code/resources/app/node_modules.asar/vscode-textmate/release/main.js:1:22624
    at k (vscode-file://vscode-app/usr/share/code/resources/app/node_modules.asar/vscode-textmate/release/main.js:1:23425)
    at Object.c [as _tokenizeString] (vscode-file://vscode-app/usr/share/code/resources/app/node_modules.asar/vscode-textmate/release/main.js:1:21819)
    at m._tokenize (vscode-file://vscode-app/usr/share/code/resources/app/node_modules.asar/vscode-textmate/release/main.js:1:7948)
    at m.tokenizeLine2 (vscode-file://vscode-app/usr/share/code/resources/app/node_modules.asar/vscode-textmate/release/main.js:1:6981)
    at Lei.tokenizeEncoded (vscode-file://vscode-app/usr/share/code/resources/app/out/vs/workbench/workbench.desktop.main.js:2066:139097)
    at Mei.tokenizeEncoded (vscode-file://vscode-app/usr/share/code/resources/app/out/vs/workbench/workbench.desktop.main.js:2066:140152)
    at Qnt (vscode-file://vscode-app/usr/share/code/resources/app/out/vs/workbench/workbench.desktop.main.js:696:27796)
    at ZHt.updateTokensUntilLine (vscode-file://vscode-app/usr/share/code/resources/app/out/vs/workbench/workbench.desktop.main.js:696:22359)
    at ZHt.tokenizeHeuristically (vscode-file://vscode-app/usr/share/code/resources/app/out/vs/workbench/workbench.desktop.main.js:696:23636)
    at nBt.refreshRange (vscode-file://vscode-app/usr/share/code/resources/app/out/vs/workbench/workbench.desktop.main.js:698:26674)
    at nBt.refreshRanges (vscode-file://vscode-app/usr/share/code/resources/app/out/vs/workbench/workbench.desktop.main.js:698:26419)
    at YHt._refreshTokens (vscode-file://vscode-app/usr/share/code/resources/app/out/vs/workbench/workbench.desktop.main.js:698:23140)
    at YHt.update (vscode-file://vscode-app/usr/share/code/resources/app/out/vs/workbench/workbench.desktop.main.js:694:3337)
    at YHt.handleStateChange (vscode-file://vscode-app/usr/share/code/resources/app/out/vs/workbench/workbench.desktop.main.js:694:3453)
    at iLe.value (vscode-file://vscode-app/usr/share/code/resources/app/out/vs/workbench/workbench.desktop.main.js:698:23206)
    at D._deliver (vscode-file://vscode-app/usr/share/code/resources/app/out/vs/workbench/workbench.desktop.main.js:433:3642)
    at D.fire (vscode-file://vscode-app/usr/share/code/resources/app/out/vs/workbench/workbench.desktop.main.js:433:3961)
    at UMi.handleStateChange (vscode-file://vscode-app/usr/share/code/resources/app/out/vs/workbench/workbench.desktop.main.js:694:2223)
    at UMi.setVisibleLines (vscode-file://vscode-app/usr/share/code/resources/app/out/vs/workbench/workbench.desktop.main.js:694:2980)
    at VBt.visibleLinesStabilized (vscode-file://vscode-app/usr/share/code/resources/app/out/vs/workbench/workbench.desktop.main.js:709:66490)
    at Qs.handleInitialized (vscode-file://vscode-app/usr/share/code/resources/app/out/vs/workbench/workbench.desktop.main.js:712:8312)
    at Fee.setInput (vscode-file://vscode-app/usr/share/code/resources/app/out/vs/workbench/workbench.desktop.main.js:4311:92563)
    at async bUe.doSetInput (vscode-file://vscode-app/usr/share/code/resources/app/out/vs/workbench/workbench.desktop.main.js:1374:36391)
    at async bUe.doOpenEditor (vscode-file://vscode-app/usr/share/code/resources/app/out/vs/workbench/workbench.desktop.main.js:1374:34177)
    at async bUe.openEditor (vscode-file://vscode-app/usr/share/code/resources/app/out/vs/workbench/workbench.desktop.main.js:1374:33125)
    at async vscode-file://vscode-app/usr/share/code/resources/app/out/vs/workbench/workbench.desktop.main.js:1487:76407
    at async iLe.value (vscode-file://vscode-app/usr/share/code/resources/app/out/vs/workbench/workbench.desktop.main.js:2924:88034)
<1> 
    at vscode-file://vscode-app/usr/share/code/resources/app/node_modules.asar.unpacked/vscode-oniguruma/release/onig.wasm:wasm-function[203]:0x25f60
    at vscode-file://vscode-app/usr/share/code/resources/app/node_modules.asar.unpacked/vscode-oniguruma/release/onig.wasm:wasm-function[198]:0x24e2c
    at u._findNextMatchSync (vscode-file://vscode-app/usr/share/code/resources/app/node_modules.asar/vscode-oniguruma/release/main.js:1:3646)
    at u.findNextMatchSync (vscode-file://vscode-app/usr/share/code/resources/app/node_modules.asar/vscode-oniguruma/release/main.js:1:3451)
    at g.findNextMatchSync (vscode-file://vscode-app/usr/share/code/resources/app/node_modules.asar/vscode-textmate/release/main.js:1:51307)
    at vscode-file://vscode-app/usr/share/code/resources/app/node_modules.asar/vscode-textmate/release/main.js:1:22180
    at vscode-file://vscode-app/usr/share/code/resources/app/node_modules.asar/vscode-textmate/release/main.js:1:22624
    at k (vscode-file://vscode-app/usr/share/code/resources/app/node_modules.asar/vscode-textmate/release/main.js:1:23425)
    at Object.c [as _tokenizeString] (vscode-file://vscode-app/usr/share/code/resources/app/node_modules.asar/vscode-textmate/release/main.js:1:21819)
    at m._tokenize (vscode-file://vscode-app/usr/share/code/resources/app/node_modules.asar/vscode-textmate/release/main.js:1:7948)
    at m.tokenizeLine2 (vscode-file://vscode-app/usr/share/code/resources/app/node_modules.asar/vscode-textmate/release/main.js:1:6981)
    at Lei.tokenizeEncoded (vscode-file://vscode-app/usr/share/code/resources/app/out/vs/workbench/workbench.desktop.main.js:2066:139097)
    at Mei.tokenizeEncoded (vscode-file://vscode-app/usr/share/code/resources/app/out/vs/workbench/workbench.desktop.main.js:2066:140152)
    at Qnt (vscode-file://vscode-app/usr/share/code/resources/app/out/vs/workbench/workbench.desktop.main.js:696:27796)
    at ZHt.updateTokensUntilLine (vscode-file://vscode-app/usr/share/code/resources/app/out/vs/workbench/workbench.desktop.main.js:696:22359)
    at ZHt.tokenizeHeuristically (vscode-file://vscode-app/usr/share/code/resources/app/out/vs/workbench/workbench.desktop.main.js:696:23636)
    at nBt.refreshRange (vscode-file://vscode-app/usr/share/code/resources/app/out/vs/workbench/workbench.desktop.main.js:698:26674)
    at nBt.refreshRanges (vscode-file://vscode-app/usr/share/code/resources/app/out/vs/workbench/workbench.desktop.main.js:698:26419)
    at YHt._refreshTokens (vscode-file://vscode-app/usr/share/code/resources/app/out/vs/workbench/workbench.desktop.main.js:698:23140)
    at YHt.update (vscode-file://vscode-app/usr/share/code/resources/app/out/vs/workbench/workbench.desktop.main.js:694:3337)
    at YHt.handleStateChange (vscode-file://vscode-app/usr/share/code/resources/app/out/vs/workbench/workbench.desktop.main.js:694:3453)
    at iLe.value (vscode-file://vscode-app/usr/share/code/resources/app/out/vs/workbench/workbench.desktop.main.js:698:23206)
    at D._deliver (vscode-file://vscode-app/usr/share/code/resources/app/out/vs/workbench/workbench.desktop.main.js:433:3642)
    at D.fire (vscode-file://vscode-app/usr/share/code/resources/app/out/vs/workbench/workbench.desktop.main.js:433:3961)
    at UMi.handleStateChange (vscode-file://vscode-app/usr/share/code/resources/app/out/vs/workbench/workbench.desktop.main.js:694:2223)
    at UMi.setVisibleLines (vscode-file://vscode-app/usr/share/code/resources/app/out/vs/workbench/workbench.desktop.main.js:694:2980)
    at VBt.visibleLinesStabilized (vscode-file://vscode-app/usr/share/code/resources/app/out/vs/workbench/workbench.desktop.main.js:709:66490)
    at Qs.handleInitialized (vscode-file://vscode-app/usr/share/code/resources/app/out/vs/workbench/workbench.desktop.main.js:712:8312)
    at Fee.setInput (vscode-file://vscode-app/usr/share/code/resources/app/out/vs/workbench/workbench.desktop.main.js:4311:92563)
    at async bUe.doSetInput (vscode-file://vscode-app/usr/share/code/resources/app/out/vs/workbench/workbench.desktop.main.js:1374:36391)
    at async bUe.doOpenEditor (vscode-file://vscode-app/usr/share/code/resources/app/out/vs/workbench/workbench.desktop.main.js:1374:34177)
    at async bUe.openEditor (vscode-file://vscode-app/usr/share/code/resources/app/out/vs/workbench/workbench.desktop.main.js:1374:33125)
    at async vscode-file://vscode-app/usr/share/code/resources/app/out/vs/workbench/workbench.desktop.main.js:1487:76407
    at async iLe.value (vscode-file://vscode-app/usr/share/code/resources/app/out/vs/workbench/workbench.desktop.main.js:2924:88034)
<1> 
    at vscode-file://vscode-app/usr/share/code/resources/app/node_modules.asar.unpacked/vscode-oniguruma/release/onig.wasm:wasm-function[198]:0x254f4
    at u._findNextMatchSync (vscode-file://vscode-app/usr/share/code/resources/app/node_modules.asar/vscode-oniguruma/release/main.js:1:3646)
    at u.findNextMatchSync (vscode-file://vscode-app/usr/share/code/resources/app/node_modules.asar/vscode-oniguruma/release/main.js:1:3451)
    at g.findNextMatchSync (vscode-file://vscode-app/usr/share/code/resources/app/node_modules.asar/vscode-textmate/release/main.js:1:51307)
    at vscode-file://vscode-app/usr/share/code/resources/app/node_modules.asar/vscode-textmate/release/main.js:1:22180
    at vscode-file://vscode-app/usr/share/code/resources/app/node_modules.asar/vscode-textmate/release/main.js:1:22624
    at k (vscode-file://vscode-app/usr/share/code/resources/app/node_modules.asar/vscode-textmate/release/main.js:1:23425)
    at Object.c [as _tokenizeString] (vscode-file://vscode-app/usr/share/code/resources/app/node_modules.asar/vscode-textmate/release/main.js:1:21819)
    at m._tokenize (vscode-file://vscode-app/usr/share/code/resources/app/node_modules.asar/vscode-textmate/release/main.js:1:7948)
    at m.tokenizeLine2 (vscode-file://vscode-app/usr/share/code/resources/app/node_modules.asar/vscode-textmate/release/main.js:1:6981)
    at Lei.tokenizeEncoded (vscode-file://vscode-app/usr/share/code/resources/app/out/vs/workbench/workbench.desktop.main.js:2066:139097)
    at Mei.tokenizeEncoded (vscode-file://vscode-app/usr/share/code/resources/app/out/vs/workbench/workbench.desktop.main.js:2066:140152)
    at Qnt (vscode-file://vscode-app/usr/share/code/resources/app/out/vs/workbench/workbench.desktop.main.js:696:27796)
    at ZHt.updateTokensUntilLine (vscode-file://vscode-app/usr/share/code/resources/app/out/vs/workbench/workbench.desktop.main.js:696:22359)
    at ZHt.tokenizeHeuristically (vscode-file://vscode-app/usr/share/code/resources/app/out/vs/workbench/workbench.desktop.main.js:696:23636)
    at nBt.refreshRange (vscode-file://vscode-app/usr/share/code/resources/app/out/vs/workbench/workbench.desktop.main.js:698:26674)
    at nBt.refreshRanges (vscode-file://vscode-app/usr/share/code/resources/app/out/vs/workbench/workbench.desktop.main.js:698:26419)
    at YHt._refreshTokens (vscode-file://vscode-app/usr/share/code/resources/app/out/vs/workbench/workbench.desktop.main.js:698:23140)
    at YHt.update (vscode-file://vscode-app/usr/share/code/resources/app/out/vs/workbench/workbench.desktop.main.js:694:3337)
    at YHt.handleStateChange (vscode-file://vscode-app/usr/share/code/resources/app/out/vs/workbench/workbench.desktop.main.js:694:3453)
    at iLe.value (vscode-file://vscode-app/usr/share/code/resources/app/out/vs/workbench/workbench.desktop.main.js:698:23206)
    at D._deliver (vscode-file://vscode-app/usr/share/code/resources/app/out/vs/workbench/workbench.desktop.main.js:433:3642)
    at D.fire (vscode-file://vscode-app/usr/share/code/resources/app/out/vs/workbench/workbench.desktop.main.js:433:3961)
    at UMi.handleStateChange (vscode-file://vscode-app/usr/share/code/resources/app/out/vs/workbench/workbench.desktop.main.js:694:2223)
    at UMi.setVisibleLines (vscode-file://vscode-app/usr/share/code/resources/app/out/vs/workbench/workbench.desktop.main.js:694:2980)
    at VBt.visibleLinesStabilized (vscode-file://vscode-app/usr/share/code/resources/app/out/vs/workbench/workbench.desktop.main.js:709:66490)
    at Qs.handleInitialized (vscode-file://vscode-app/usr/share/code/resources/app/out/vs/workbench/workbench.desktop.main.js:712:8312)
    at Fee.setInput (vscode-file://vscode-app/usr/share/code/resources/app/out/vs/workbench/workbench.desktop.main.js:4311:92563)
    at async bUe.doSetInput (vscode-file://vscode-app/usr/share/code/resources/app/out/vs/workbench/workbench.desktop.main.js:1374:36391)
    at async bUe.doOpenEditor (vscode-file://vscode-app/usr/share/code/resources/app/out/vs/workbench/workbench.desktop.main.js:1374:34177)
    at async bUe.openEditor (vscode-file://vscode-app/usr/share/code/resources/app/out/vs/workbench/workbench.desktop.main.js:1374:33125)
    at async vscode-file://vscode-app/usr/share/code/resources/app/out/vs/workbench/workbench.desktop.main.js:1487:76407
    at async iLe.value (vscode-file://vscode-app/usr/share/code/resources/app/out/vs/workbench/workbench.desktop.main.js:2924:88034)
<1> 
    at s.off (vscode-file://vscode-app/usr/share/code/resources/app/out/vs/workbench/workbench.desktop.main.js:1153:60307)
    at s.doDone (vscode-file://vscode-app/usr/share/code/resources/app/out/vs/workbench/workbench.desktop.main.js:1153:60729)
    at s.stop (vscode-file://vscode-app/usr/share/code/resources/app/out/vs/workbench/workbench.desktop.main.js:1153:60566)
    at Object.done (vscode-file://vscode-app/usr/share/code/resources/app/out/vs/workbench/workbench.desktop.main.js:1153:62562)
    at SEi._fn (vscode-file://vscode-app/usr/share/code/resources/app/out/vs/workbench/workbench.desktop.main.js:712:56194)
    at SEi.dispose (vscode-file://vscode-app/usr/share/code/resources/app/out/vs/workbench/workbench.desktop.main.js:431:1319)
    at tt (vscode-file://vscode-app/usr/share/code/resources/app/out/vs/workbench/workbench.desktop.main.js:431:747)
    at s.clear (vscode-file://vscode-app/usr/share/code/resources/app/out/vs/workbench/workbench.desktop.main.js:431:1634)
    at aAe.doStop (vscode-file://vscode-app/usr/share/code/resources/app/out/vs/workbench/workbench.desktop.main.js:712:56413)
    at Object.stop (vscode-file://vscode-app/usr/share/code/resources/app/out/vs/workbench/workbench.desktop.main.js:712:56244)
    at bUe.doSetInput (vscode-file://vscode-app/usr/share/code/resources/app/out/vs/workbench/workbench.desktop.main.js:1374:36537)
    at async bUe.doOpenEditor (vscode-file://vscode-app/usr/share/code/resources/app/out/vs/workbench/workbench.desktop.main.js:1374:34177)
    at async bUe.openEditor (vscode-file://vscode-app/usr/share/code/resources/app/out/vs/workbench/workbench.desktop.main.js:1374:33125)
    at async vscode-file://vscode-app/usr/share/code/resources/app/out/vs/workbench/workbench.desktop.main.js:1487:76407
    at async iLe.value (vscode-file://vscode-app/usr/share/code/resources/app/out/vs/workbench/workbench.desktop.main.js:2924:88034)
<1> 
    at vscode-file://vscode-app/usr/share/code/resources/app/out/vs/workbench/workbench.desktop.main.js:1126:15386
<1> 
    at A9e.someDebuggerInterestedInLanguage (vscode-file://vscode-app/usr/share/code/resources/app/out/vs/workbench/workbench.desktop.main.js:4380:11147)
    at iLe.i [as value] (vscode-file://vscode-app/usr/share/code/resources/app/out/vs/workbench/workbench.desktop.main.js:4364:2569)
    at D._deliver (vscode-file://vscode-app/usr/share/code/resources/app/out/vs/workbench/workbench.desktop.main.js:433:3642)
    at D._deliverQueue (vscode-file://vscode-app/usr/share/code/resources/app/out/vs/workbench/workbench.desktop.main.js:433:3731)
    at D.fire (vscode-file://vscode-app/usr/share/code/resources/app/out/vs/workbench/workbench.desktop.main.js:433:4066)
    at Vwe.doHandleActiveEditorChangeEvent (vscode-file://vscode-app/usr/share/code/resources/app/out/vs/workbench/workbench.desktop.main.js:1979:40118)
    at Vwe.handleActiveEditorChange (vscode-file://vscode-app/usr/share/code/resources/app/out/vs/workbench/workbench.desktop.main.js:1979:39929)
    at iLe.value (vscode-file://vscode-app/usr/share/code/resources/app/out/vs/workbench/workbench.desktop.main.js:1979:40290)
    at D._deliver (vscode-file://vscode-app/usr/share/code/resources/app/out/vs/workbench/workbench.desktop.main.js:433:3642)
    at D._deliverQueue (vscode-file://vscode-app/usr/share/code/resources/app/out/vs/workbench/workbench.desktop.main.js:433:3731)
    at D.fire (vscode-file://vscode-app/usr/share/code/resources/app/out/vs/workbench/workbench.desktop.main.js:433:4066)
    at vscode-file://vscode-app/usr/share/code/resources/app/out/vs/workbench/workbench.desktop.main.js:1487:76514
    at async iLe.value (vscode-file://vscode-app/usr/share/code/resources/app/out/vs/workbench/workbench.desktop.main.js:2924:88034)
<1> 
    at new s (vscode-file://vscode-app/usr/share/code/resources/app/out/vs/workbench/workbench.desktop.main.js:5647:18487)
    at nge.getModel (vscode-file://vscode-app/usr/share/code/resources/app/out/vs/workbench/workbench.desktop.main.js:5647:28693)
    at async nge.getEntries (vscode-file://vscode-app/usr/share/code/resources/app/out/vs/workbench/workbench.desktop.main.js:5647:27970)
    at async bQ.provideTimeline (vscode-file://vscode-app/usr/share/code/resources/app/out/vs/workbench/workbench.desktop.main.js:5565:200935)
    at async r (vscode-file://vscode-app/usr/share/code/resources/app/out/vs/workbench/workbench.desktop.main.js:1960:16139)
<1> 
    at new Xot (vscode-file://vscode-app/usr/share/code/resources/app/out/vs/workbench/workbench.desktop.main.js:508:25434)
    at Yot.withWorker (vscode-file://vscode-app/usr/share/code/resources/app/out/vs/workbench/workbench.desktop.main.js:508:25047)
    at Uie._workerWithResources (vscode-file://vscode-app/usr/share/code/resources/app/out/vs/workbench/workbench.desktop.main.js:508:22504)
    at Object.provideLinks (vscode-file://vscode-app/usr/share/code/resources/app/out/vs/workbench/workbench.desktop.main.js:508:19057)
    at vscode-file://vscode-app/usr/share/code/resources/app/out/vs/workbench/workbench.desktop.main.js:1009:23820
    at Array.map (<anonymous>)
    at KHi (vscode-file://vscode-app/usr/share/code/resources/app/out/vs/workbench/workbench.desktop.main.js:1009:23785)
    at vscode-file://vscode-app/usr/share/code/resources/app/out/vs/workbench/workbench.desktop.main.js:1009:26039
    at lr (vscode-file://vscode-app/usr/share/code/resources/app/out/vs/workbench/workbench.desktop.main.js:434:71918)
    at $_.computeLinksNow (vscode-file://vscode-app/usr/share/code/resources/app/out/vs/workbench/workbench.desktop.main.js:1009:26033)
    at Ct.runner (vscode-file://vscode-app/usr/share/code/resources/app/out/vs/workbench/workbench.desktop.main.js:1009:24654)
    at Ct.doRun (vscode-file://vscode-app/usr/share/code/resources/app/out/vs/workbench/workbench.desktop.main.js:434:81723)
    at Ct.onTimeout (vscode-file://vscode-app/usr/share/code/resources/app/out/vs/workbench/workbench.desktop.main.js:434:81694)
<1> 
    at CGi (vscode-file://vscode-app/usr/share/code/resources/app/out/vs/workbench/workbench.desktop.main.js:1126:13223)
    at s._createWorker (vscode-file://vscode-app/usr/share/code/resources/app/out/vs/workbench/workbench.desktop.main.js:1126:12606)
    at s.createWorkerClient (vscode-file://vscode-app/usr/share/code/resources/app/out/vs/workbench/workbench.desktop.main.js:1126:12452)
    at Xot._getOrCreateWorker (vscode-file://vscode-app/usr/share/code/resources/app/out/vs/workbench/workbench.desktop.main.js:508:25752)
    at Xot._getProxy (vscode-file://vscode-app/usr/share/code/resources/app/out/vs/workbench/workbench.desktop.main.js:508:25980)
    at Xot.workerWithSyncedResources (vscode-file://vscode-app/usr/share/code/resources/app/out/vs/workbench/workbench.desktop.main.js:508:26506)
    at Uie._workerWithResources (vscode-file://vscode-app/usr/share/code/resources/app/out/vs/workbench/workbench.desktop.main.js:508:22518)
    at async Object.provideLinks (vscode-file://vscode-app/usr/share/code/resources/app/out/vs/workbench/workbench.desktop.main.js:508:19046)
    at async vscode-file://vscode-app/usr/share/code/resources/app/out/vs/workbench/workbench.desktop.main.js:1009:23812
    at async Promise.all (index 1)
    at async KHi (vscode-file://vscode-app/usr/share/code/resources/app/out/vs/workbench/workbench.desktop.main.js:1009:23872)
<1> 
    at set headerVisible (vscode-file://vscode-app/usr/share/code/resources/app/out/vs/workbench/workbench.desktop.main.js:1154:3531)
    at vscode-file://vscode-app/usr/share/code/resources/app/out/vs/workbench/workbench.desktop.main.js:1221:25045
    at Array.forEach (<anonymous>)
    at i9e.updateViewHeaders (vscode-file://vscode-app/usr/share/code/resources/app/out/vs/workbench/workbench.desktop.main.js:1221:25013)
    at i9e.removePanes (vscode-file://vscode-app/usr/share/code/resources/app/out/vs/workbench/workbench.desktop.main.js:1221:23625)
    at i9e.onDidRemoveViewDescriptors (vscode-file://vscode-app/usr/share/code/resources/app/out/vs/workbench/workbench.desktop.main.js:1221:19945)
    at iLe.value (vscode-file://vscode-app/usr/share/code/resources/app/out/vs/workbench/workbench.desktop.main.js:1221:14713)
    at D._deliver (vscode-file://vscode-app/usr/share/code/resources/app/out/vs/workbench/workbench.desktop.main.js:433:3642)
    at D._deliverQueue (vscode-file://vscode-app/usr/share/code/resources/app/out/vs/workbench/workbench.desktop.main.js:433:3731)
    at D.fire (vscode-file://vscode-app/usr/share/code/resources/app/out/vs/workbench/workbench.desktop.main.js:433:4066)
    at I1e.broadCastRemovedVisibleViewDescriptors (vscode-file://vscode-app/usr/share/code/resources/app/out/vs/workbench/workbench.desktop.main.js:2065:92534)
    at I1e.onDidChangeContext (vscode-file://vscode-app/usr/share/code/resources/app/out/vs/workbench/workbench.desktop.main.js:2065:91742)
    at iLe.value (vscode-file://vscode-app/usr/share/code/resources/app/out/vs/workbench/workbench.desktop.main.js:2065:84935)
    at D._deliver (vscode-file://vscode-app/usr/share/code/resources/app/out/vs/workbench/workbench.desktop.main.js:433:3642)
    at D.fire (vscode-file://vscode-app/usr/share/code/resources/app/out/vs/workbench/workbench.desktop.main.js:433:3961)
    at iLe.value (vscode-file://vscode-app/usr/share/code/resources/app/out/vs/workbench/workbench.desktop.main.js:431:11810)
    at Tg._deliver (vscode-file://vscode-app/usr/share/code/resources/app/out/vs/workbench/workbench.desktop.main.js:433:3642)
    at Tg._deliverQueue (vscode-file://vscode-app/usr/share/code/resources/app/out/vs/workbench/workbench.desktop.main.js:433:3731)
    at Tg.fire (vscode-file://vscode-app/usr/share/code/resources/app/out/vs/workbench/workbench.desktop.main.js:433:4066)
    at Tg.fire (vscode-file://vscode-app/usr/share/code/resources/app/out/vs/workbench/workbench.desktop.main.js:433:5437)
    at z1e.setContext (vscode-file://vscode-app/usr/share/code/resources/app/out/vs/workbench/workbench.desktop.main.js:2262:73925)
    at E6i.set (vscode-file://vscode-app/usr/share/code/resources/app/out/vs/workbench/workbench.desktop.main.js:2262:71964)
    at SEi._fn (vscode-file://vscode-app/usr/share/code/resources/app/out/vs/workbench/workbench.desktop.main.js:4356:14245)
    at SEi.dispose (vscode-file://vscode-app/usr/share/code/resources/app/out/vs/workbench/workbench.desktop.main.js:431:1319)
    at tt (vscode-file://vscode-app/usr/share/code/resources/app/out/vs/workbench/workbench.desktop.main.js:431:747)
    at s.clear (vscode-file://vscode-app/usr/share/code/resources/app/out/vs/workbench/workbench.desktop.main.js:431:1634)
    at s.dispose (vscode-file://vscode-app/usr/share/code/resources/app/out/vs/workbench/workbench.desktop.main.js:431:1544)
    at bho.dispose (vscode-file://vscode-app/usr/share/code/resources/app/out/vs/workbench/workbench.desktop.main.js:4356:11244)
    at vQt.$unregisterSourceControl (vscode-file://vscode-app/usr/share/code/resources/app/out/vs/workbench/workbench.desktop.main.js:1150:12431)
<1> 
    at Set.add (<anonymous>)
    at iLe.value (vscode-file://vscode-app/usr/share/code/resources/app/out/vs/workbench/workbench.desktop.main.js:696:6452)
    at D._deliver (vscode-file://vscode-app/usr/share/code/resources/app/out/vs/workbench/workbench.desktop.main.js:433:3642)
    at D.fire (vscode-file://vscode-app/usr/share/code/resources/app/out/vs/workbench/workbench.desktop.main.js:433:3961)
    at iLe.value (vscode-file://vscode-app/usr/share/code/resources/app/out/vs/workbench/workbench.desktop.main.js:698:29280)
    at D._deliver (vscode-file://vscode-app/usr/share/code/resources/app/out/vs/workbench/workbench.desktop.main.js:433:3642)
    at D.fire (vscode-file://vscode-app/usr/share/code/resources/app/out/vs/workbench/workbench.desktop.main.js:433:3961)
    at nBt.setFontInfo (vscode-file://vscode-app/usr/share/code/resources/app/out/vs/workbench/workbench.desktop.main.js:698:26236)
    at Object.setFontInfo (vscode-file://vscode-app/usr/share/code/resources/app/out/vs/workbench/workbench.desktop.main.js:698:24097)
    at s.setTokensAndStates (vscode-file://vscode-app/usr/share/code/resources/app/out/vs/workbench/workbench.desktop.main.js:2066:144746)
    at Object.$setTokensAndStates (vscode-file://vscode-app/usr/share/code/resources/app/out/vs/workbench/workbench.desktop.main.js:2066:147788)
    at _Ft._handleMessage (vscode-file://vscode-app/usr/share/code/resources/app/out/vs/workbench/workbench.desktop.main.js:476:47268)
    at Object.handleMessage (vscode-file://vscode-app/usr/share/code/resources/app/out/vs/workbench/workbench.desktop.main.js:476:46604)
    at ADi._handleRequestMessage (vscode-file://vscode-app/usr/share/code/resources/app/out/vs/workbench/workbench.desktop.main.js:476:45315)
    at ADi._handleMessage (vscode-file://vscode-app/usr/share/code/resources/app/out/vs/workbench/workbench.desktop.main.js:476:44760)
    at ADi.handleMessage (vscode-file://vscode-app/usr/share/code/resources/app/out/vs/workbench/workbench.desktop.main.js:476:44371)
    at iLe.value (vscode-file://vscode-app/usr/share/code/resources/app/out/vs/workbench/workbench.desktop.main.js:476:46425)
    at D._deliver (vscode-file://vscode-app/usr/share/code/resources/app/out/vs/workbench/workbench.desktop.main.js:433:3642)
    at D.fire (vscode-file://vscode-app/usr/share/code/resources/app/out/vs/workbench/workbench.desktop.main.js:433:3961)
    at n.onmessage (vscode-file://vscode-app/usr/share/code/resources/app/out/vs/workbench/workbench.desktop.main.js:1126:15047)
<1> 
    at vscode-file://vscode-app/usr/share/code/resources/app/out/vs/workbench/workbench.desktop.main.js:715:7013
<1> 
    at Object.bindTo (vscode-file://vscode-app/usr/share/code/resources/app/out/vs/workbench/workbench.desktop.main.js:1487:4323)
    at new pce (vscode-file://vscode-app/usr/share/code/resources/app/out/vs/workbench/workbench.desktop.main.js:1487:33472)
    at s._createInstance (vscode-file://vscode-app/usr/share/code/resources/app/out/vs/workbench/workbench.desktop.main.js:2293:2000)
    at s.createInstance (vscode-file://vscode-app/usr/share/code/resources/app/out/vs/workbench/workbench.desktop.main.js:2293:1440)
    at new vX (vscode-file://vscode-app/usr/share/code/resources/app/out/vs/workbench/workbench.desktop.main.js:1487:51330)
    at s._createInstance (vscode-file://vscode-app/usr/share/code/resources/app/out/vs/workbench/workbench.desktop.main.js:2293:2000)
    at s.createInstance (vscode-file://vscode-app/usr/share/code/resources/app/out/vs/workbench/workbench.desktop.main.js:2293:1440)
    at xUe.createHeaderControl (vscode-file://vscode-app/usr/share/code/resources/app/out/vs/workbench/workbench.desktop.main.js:1487:56351)
    at new xUe (vscode-file://vscode-app/usr/share/code/resources/app/out/vs/workbench/workbench.desktop.main.js:1487:55874)
    at s._createInstance (vscode-file://vscode-app/usr/share/code/resources/app/out/vs/workbench/workbench.desktop.main.js:2293:2000)
    at s.createInstance (vscode-file://vscode-app/usr/share/code/resources/app/out/vs/workbench/workbench.desktop.main.js:2293:1440)
    at new VS (vscode-file://vscode-app/usr/share/code/resources/app/out/vs/workbench/workbench.desktop.main.js:1487:61341)
    at s._createInstance (vscode-file://vscode-app/usr/share/code/resources/app/out/vs/workbench/workbench.desktop.main.js:2293:2000)
    at s.createInstance (vscode-file://vscode-app/usr/share/code/resources/app/out/vs/workbench/workbench.desktop.main.js:2293:1440)
    at VS.createNew (vscode-file://vscode-app/usr/share/code/resources/app/out/vs/workbench/workbench.desktop.main.js:1487:61998)
    at _Ue.doCreateGroupView (vscode-file://vscode-app/usr/share/code/resources/app/out/vs/workbench/workbench.desktop.main.js:1487:113481)
    at _Ue.addGroup (vscode-file://vscode-app/usr/share/code/resources/app/out/vs/workbench/workbench.desktop.main.js:1487:112717)
    at UN.addGroup (vscode-file://vscode-app/usr/share/code/resources/app/out/vs/workbench/workbench.desktop.main.js:1487:181654)
    at i (vscode-file://vscode-app/usr/share/code/resources/app/out/vs/workbench/workbench.desktop.main.js:1487:91035)
    at vscode-file://vscode-app/usr/share/code/resources/app/out/vs/workbench/workbench.desktop.main.js:1487:92859
    at LV.handleDrop (vscode-file://vscode-app/usr/share/code/resources/app/out/vs/workbench/workbench.desktop.main.js:1219:2498)
<1> 
    at iLe.value (vscode-file://vscode-app/usr/share/code/resources/app/out/vs/workbench/workbench.desktop.main.js:1979:31675)
    at D._deliver (vscode-file://vscode-app/usr/share/code/resources/app/out/vs/workbench/workbench.desktop.main.js:433:3642)
    at D._deliverQueue (vscode-file://vscode-app/usr/share/code/resources/app/out/vs/workbench/workbench.desktop.main.js:433:3731)
    at D.fire (vscode-file://vscode-app/usr/share/code/resources/app/out/vs/workbench/workbench.desktop.main.js:433:4066)
    at iLe.value (vscode-file://vscode-app/usr/share/code/resources/app/out/vs/workbench/workbench.desktop.main.js:1487:174931)
    at Tg._deliver (vscode-file://vscode-app/usr/share/code/resources/app/out/vs/workbench/workbench.desktop.main.js:433:3642)
    at Tg._deliverQueue (vscode-file://vscode-app/usr/share/code/resources/app/out/vs/workbench/workbench.desktop.main.js:433:3731)
    at Tg.fire (vscode-file://vscode-app/usr/share/code/resources/app/out/vs/workbench/workbench.desktop.main.js:433:4066)
    at Tg.fire (vscode-file://vscode-app/usr/share/code/resources/app/out/vs/workbench/workbench.desktop.main.js:433:5437)
    at _Ue.addGroup (vscode-file://vscode-app/usr/share/code/resources/app/out/vs/workbench/workbench.desktop.main.js:1487:112865)
    at UN.addGroup (vscode-file://vscode-app/usr/share/code/resources/app/out/vs/workbench/workbench.desktop.main.js:1487:181654)
    at i (vscode-file://vscode-app/usr/share/code/resources/app/out/vs/workbench/workbench.desktop.main.js:1487:91035)
    at vscode-file://vscode-app/usr/share/code/resources/app/out/vs/workbench/workbench.desktop.main.js:1487:92859
    at LV.handleDrop (vscode-file://vscode-app/usr/share/code/resources/app/out/vs/workbench/workbench.desktop.main.js:1219:2498)
<1> 
    at rat.loadQueryState (vscode-file://vscode-app/usr/share/code/resources/app/out/vs/workbench/workbench.desktop.main.js:952:34026)
    at new Bb (vscode-file://vscode-app/usr/share/code/resources/app/out/vs/workbench/workbench.desktop.main.js:952:32474)
    at new rat (vscode-file://vscode-app/usr/share/code/resources/app/out/vs/workbench/workbench.desktop.main.js:952:37701)
    at s._createInstance (vscode-file://vscode-app/usr/share/code/resources/app/out/vs/workbench/workbench.desktop.main.js:2293:2000)
    at s.createInstance (vscode-file://vscode-app/usr/share/code/resources/app/out/vs/workbench/workbench.desktop.main.js:2293:1440)
    at RHt._instantiateById (vscode-file://vscode-app/usr/share/code/resources/app/out/vs/workbench/workbench.desktop.main.js:671:42534)
    at RHt._instantiateSome (vscode-file://vscode-app/usr/share/code/resources/app/out/vs/workbench/workbench.desktop.main.js:671:42152)
    at RHt.initialize (vscode-file://vscode-app/usr/share/code/resources/app/out/vs/workbench/workbench.desktop.main.js:671:41221)
    at new Qs (vscode-file://vscode-app/usr/share/code/resources/app/out/vs/workbench/workbench.desktop.main.js:710:15826)
    at s._createInstance (vscode-file://vscode-app/usr/share/code/resources/app/out/vs/workbench/workbench.desktop.main.js:2293:2000)
    at s.createInstance (vscode-file://vscode-app/usr/share/code/resources/app/out/vs/workbench/workbench.desktop.main.js:2293:1440)
    at Fee.createEditorControl (vscode-file://vscode-app/usr/share/code/resources/app/out/vs/workbench/workbench.desktop.main.js:1369:95302)
    at Fee.createEditorControl (vscode-file://vscode-app/usr/share/code/resources/app/out/vs/workbench/workbench.desktop.main.js:4311:94573)
    at Fee.createEditor (vscode-file://vscode-app/usr/share/code/resources/app/out/vs/workbench/workbench.desktop.main.js:1100:58693)
    at Fee.create (vscode-file://vscode-app/usr/share/code/resources/app/out/vs/workbench/workbench.desktop.main.js:1100:50914)
    at bUe.doCreateEditorPane (vscode-file://vscode-app/usr/share/code/resources/app/out/vs/workbench/workbench.desktop.main.js:1374:35386)
    at bUe.doShowEditorPane (vscode-file://vscode-app/usr/share/code/resources/app/out/vs/workbench/workbench.desktop.main.js:1374:34879)
    at bUe.doOpenEditor (vscode-file://vscode-app/usr/share/code/resources/app/out/vs/workbench/workbench.desktop.main.js:1374:34126)
    at bUe.openEditor (vscode-file://vscode-app/usr/share/code/resources/app/out/vs/workbench/workbench.desktop.main.js:1374:33136)
    at vscode-file://vscode-app/usr/share/code/resources/app/out/vs/workbench/workbench.desktop.main.js:1487:76429
    at VS.doShowEditor (vscode-file://vscode-app/usr/share/code/resources/app/out/vs/workbench/workbench.desktop.main.js:1487:76677)
    at VS.doOpenEditor (vscode-file://vscode-app/usr/share/code/resources/app/out/vs/workbench/workbench.desktop.main.js:1487:76175)
    at VS.openEditors (vscode-file://vscode-app/usr/share/code/resources/app/out/vs/workbench/workbench.desktop.main.js:1487:76895)
    at Vwe.openEditors (vscode-file://vscode-app/usr/share/code/resources/app/out/vs/workbench/workbench.desktop.main.js:1979:46392)
    at async LV.handleDrop (vscode-file://vscode-app/usr/share/code/resources/app/out/vs/workbench/workbench.desktop.main.js:1219:2501)
<1> 
    at new vKt (vscode-file://vscode-app/usr/share/code/resources/app/out/vs/workbench/workbench.desktop.main.js:990:70003)
    at new CC (vscode-file://vscode-app/usr/share/code/resources/app/out/vs/workbench/workbench.desktop.main.js:990:89283)
    at s._createInstance (vscode-file://vscode-app/usr/share/code/resources/app/out/vs/workbench/workbench.desktop.main.js:2293:2000)
    at s.createInstance (vscode-file://vscode-app/usr/share/code/resources/app/out/vs/workbench/workbench.desktop.main.js:2293:1440)
    at RHt._instantiateById (vscode-file://vscode-app/usr/share/code/resources/app/out/vs/workbench/workbench.desktop.main.js:671:42534)
    at RHt.get (vscode-file://vscode-app/usr/share/code/resources/app/out/vs/workbench/workbench.desktop.main.js:671:41748)
    at Qs.getContribution (vscode-file://vscode-app/usr/share/code/resources/app/out/vs/workbench/workbench.desktop.main.js:712:8488)
    at CC.get (vscode-file://vscode-app/usr/share/code/resources/app/out/vs/workbench/workbench.desktop.main.js:990:91010)
    at new One (vscode-file://vscode-app/usr/share/code/resources/app/out/vs/workbench/workbench.desktop.main.js:990:119714)
    at s._createInstance (vscode-file://vscode-app/usr/share/code/resources/app/out/vs/workbench/workbench.desktop.main.js:2293:2000)
    at s.createInstance (vscode-file://vscode-app/usr/share/code/resources/app/out/vs/workbench/workbench.desktop.main.js:2293:1440)
    at new BOe (vscode-file://vscode-app/usr/share/code/resources/app/out/vs/workbench/workbench.desktop.main.js:997:142)
    at s._createInstance (vscode-file://vscode-app/usr/share/code/resources/app/out/vs/workbench/workbench.desktop.main.js:2293:2000)
    at s.createInstance (vscode-file://vscode-app/usr/share/code/resources/app/out/vs/workbench/workbench.desktop.main.js:2293:1440)
    at ry._computeFn (vscode-file://vscode-app/usr/share/code/resources/app/out/vs/workbench/workbench.desktop.main.js:997:3150)
    at ry._recompute (vscode-file://vscode-app/usr/share/code/resources/app/out/vs/workbench/workbench.desktop.main.js:435:13171)
    at ry.get (vscode-file://vscode-app/usr/share/code/resources/app/out/vs/workbench/workbench.desktop.main.js:435:12505)
    at ry.reportChanges (vscode-file://vscode-app/usr/share/code/resources/app/out/vs/workbench/workbench.desktop.main.js:435:497)
    at RNt.endUpdate (vscode-file://vscode-app/usr/share/code/resources/app/out/vs/workbench/workbench.desktop.main.js:435:22947)
    at mF (vscode-file://vscode-app/usr/share/code/resources/app/out/vs/workbench/workbench.desktop.main.js:435:22667)
    at ry.recomputeInitiallyAndOnChange (vscode-file://vscode-app/usr/share/code/resources/app/out/vs/workbench/workbench.desktop.main.js:435:1092)
    at new Dd (vscode-file://vscode-app/usr/share/code/resources/app/out/vs/workbench/workbench.desktop.main.js:997:4133)
    at s._createInstance (vscode-file://vscode-app/usr/share/code/resources/app/out/vs/workbench/workbench.desktop.main.js:2293:2000)
    at s.createInstance (vscode-file://vscode-app/usr/share/code/resources/app/out/vs/workbench/workbench.desktop.main.js:2293:1440)
    at RHt._instantiateById (vscode-file://vscode-app/usr/share/code/resources/app/out/vs/workbench/workbench.desktop.main.js:671:42534)
    at RHt.get (vscode-file://vscode-app/usr/share/code/resources/app/out/vs/workbench/workbench.desktop.main.js:671:41748)
    at Qs.getContribution (vscode-file://vscode-app/usr/share/code/resources/app/out/vs/workbench/workbench.desktop.main.js:712:8488)
    at Dd.get (vscode-file://vscode-app/usr/share/code/resources/app/out/vs/workbench/workbench.desktop.main.js:997:10643)
    at ry._computeFn (vscode-file://vscode-app/usr/share/code/resources/app/out/vs/workbench/workbench.desktop.main.js:5581:13914)
    at ry._recompute (vscode-file://vscode-app/usr/share/code/resources/app/out/vs/workbench/workbench.desktop.main.js:435:13171)
    at ry.get (vscode-file://vscode-app/usr/share/code/resources/app/out/vs/workbench/workbench.desktop.main.js:435:12505)
    at ry.reportChanges (vscode-file://vscode-app/usr/share/code/resources/app/out/vs/workbench/workbench.desktop.main.js:435:497)
    at V1.endUpdate (vscode-file://vscode-app/usr/share/code/resources/app/out/vs/workbench/workbench.desktop.main.js:435:7248)
    at ry.endUpdate (vscode-file://vscode-app/usr/share/code/resources/app/out/vs/workbench/workbench.desktop.main.js:435:14173)
    at SH.finish (vscode-file://vscode-app/usr/share/code/resources/app/out/vs/workbench/workbench.desktop.main.js:434:110883)
    at Ti (vscode-file://vscode-app/usr/share/code/resources/app/out/vs/workbench/workbench.desktop.main.js:434:110083)
    at yH (vscode-file://vscode-app/usr/share/code/resources/app/out/vs/workbench/workbench.desktop.main.js:434:110308)
    at iLe.handleEvent [as value] (vscode-file://vscode-app/usr/share/code/resources/app/out/vs/workbench/workbench.desktop.main.js:435:19776)
    at D._deliver (vscode-file://vscode-app/usr/share/code/resources/app/out/vs/workbench/workbench.desktop.main.js:433:3642)
    at D._deliverQueue (vscode-file://vscode-app/usr/share/code/resources/app/out/vs/workbench/workbench.desktop.main.js:433:3731)
    at D.fire (vscode-file://vscode-app/usr/share/code/resources/app/out/vs/workbench/workbench.desktop.main.js:433:4066)
    at Vwe.doHandleActiveEditorChangeEvent (vscode-file://vscode-app/usr/share/code/resources/app/out/vs/workbench/workbench.desktop.main.js:1979:40118)
    at Vwe.handleActiveEditorChange (vscode-file://vscode-app/usr/share/code/resources/app/out/vs/workbench/workbench.desktop.main.js:1979:39929)
    at iLe.value (vscode-file://vscode-app/usr/share/code/resources/app/out/vs/workbench/workbench.desktop.main.js:1979:38976)
    at D._deliver (vscode-file://vscode-app/usr/share/code/resources/app/out/vs/workbench/workbench.desktop.main.js:433:3642)
    at D._deliverQueue (vscode-file://vscode-app/usr/share/code/resources/app/out/vs/workbench/workbench.desktop.main.js:433:3731)
    at D.fire (vscode-file://vscode-app/usr/share/code/resources/app/out/vs/workbench/workbench.desktop.main.js:433:4066)
    at iLe.value (vscode-file://vscode-app/usr/share/code/resources/app/out/vs/workbench/workbench.desktop.main.js:1487:174876)
    at D._deliver (vscode-file://vscode-app/usr/share/code/resources/app/out/vs/workbench/workbench.desktop.main.js:433:3642)
    at D._deliverQueue (vscode-file://vscode-app/usr/share/code/resources/app/out/vs/workbench/workbench.desktop.main.js:433:3731)
    at D.fire (vscode-file://vscode-app/usr/share/code/resources/app/out/vs/workbench/workbench.desktop.main.js:433:4066)
    at _Ue.doSetGroupActive (vscode-file://vscode-app/usr/share/code/resources/app/out/vs/workbench/workbench.desktop.main.js:1487:114293)
    at _Ue.activateGroup (vscode-file://vscode-app/usr/share/code/resources/app/out/vs/workbench/workbench.desktop.main.js:1487:110313)
    at VS.doOpenEditor (vscode-file://vscode-app/usr/share/code/resources/app/out/vs/workbench/workbench.desktop.main.js:1487:76248)
    at VS.openEditors (vscode-file://vscode-app/usr/share/code/resources/app/out/vs/workbench/workbench.desktop.main.js:1487:76895)
    at Vwe.openEditors (vscode-file://vscode-app/usr/share/code/resources/app/out/vs/workbench/workbench.desktop.main.js:1979:46392)
    at async LV.handleDrop (vscode-file://vscode-app/usr/share/code/resources/app/out/vs/workbench/workbench.desktop.main.js:1219:2501)
<1> 
    at vscode-file://vscode-app/usr/share/code/resources/app/node_modules.asar.unpacked/vscode-oniguruma/release/onig.wasm:wasm-function[198]:0x250bd
    at u._findNextMatchSync (vscode-file://vscode-app/usr/share/code/resources/app/node_modules.asar/vscode-oniguruma/release/main.js:1:3646)
    at u.findNextMatchSync (vscode-file://vscode-app/usr/share/code/resources/app/node_modules.asar/vscode-oniguruma/release/main.js:1:3451)
    at g.findNextMatchSync (vscode-file://vscode-app/usr/share/code/resources/app/node_modules.asar/vscode-textmate/release/main.js:1:51307)
    at vscode-file://vscode-app/usr/share/code/resources/app/node_modules.asar/vscode-textmate/release/main.js:1:22180
    at vscode-file://vscode-app/usr/share/code/resources/app/node_modules.asar/vscode-textmate/release/main.js:1:22624
    at k (vscode-file://vscode-app/usr/share/code/resources/app/node_modules.asar/vscode-textmate/release/main.js:1:23425)
    at Object.c [as _tokenizeString] (vscode-file://vscode-app/usr/share/code/resources/app/node_modules.asar/vscode-textmate/release/main.js:1:21819)
    at m._tokenize (vscode-file://vscode-app/usr/share/code/resources/app/node_modules.asar/vscode-textmate/release/main.js:1:7948)
    at m.tokenizeLine2 (vscode-file://vscode-app/usr/share/code/resources/app/node_modules.asar/vscode-textmate/release/main.js:1:6981)
    at Lei.tokenizeEncoded (vscode-file://vscode-app/usr/share/code/resources/app/out/vs/workbench/workbench.desktop.main.js:2066:139097)
    at Mei.tokenizeEncoded (vscode-file://vscode-app/usr/share/code/resources/app/out/vs/workbench/workbench.desktop.main.js:2066:140152)
    at Qnt (vscode-file://vscode-app/usr/share/code/resources/app/out/vs/workbench/workbench.desktop.main.js:696:27796)
    at ZHt.updateTokensUntilLine (vscode-file://vscode-app/usr/share/code/resources/app/out/vs/workbench/workbench.desktop.main.js:696:22359)
    at ZHt.tokenizeHeuristically (vscode-file://vscode-app/usr/share/code/resources/app/out/vs/workbench/workbench.desktop.main.js:696:23636)
    at nBt.refreshRange (vscode-file://vscode-app/usr/share/code/resources/app/out/vs/workbench/workbench.desktop.main.js:698:26674)
    at nBt.refreshRanges (vscode-file://vscode-app/usr/share/code/resources/app/out/vs/workbench/workbench.desktop.main.js:698:26419)
    at YHt._refreshTokens (vscode-file://vscode-app/usr/share/code/resources/app/out/vs/workbench/workbench.desktop.main.js:698:23140)
    at YHt.update (vscode-file://vscode-app/usr/share/code/resources/app/out/vs/workbench/workbench.desktop.main.js:694:3337)
    at YHt.handleStateChange (vscode-file://vscode-app/usr/share/code/resources/app/out/vs/workbench/workbench.desktop.main.js:694:3453)
    at iLe.value (vscode-file://vscode-app/usr/share/code/resources/app/out/vs/workbench/workbench.desktop.main.js:698:23206)
    at D._deliver (vscode-file://vscode-app/usr/share/code/resources/app/out/vs/workbench/workbench.desktop.main.js:433:3642)
    at D.fire (vscode-file://vscode-app/usr/share/code/resources/app/out/vs/workbench/workbench.desktop.main.js:433:3961)
    at UMi.handleStateChange (vscode-file://vscode-app/usr/share/code/resources/app/out/vs/workbench/workbench.desktop.main.js:694:2223)
    at UMi.setVisibleLines (vscode-file://vscode-app/usr/share/code/resources/app/out/vs/workbench/workbench.desktop.main.js:694:2980)
    at VBt.visibleLinesStabilized (vscode-file://vscode-app/usr/share/code/resources/app/out/vs/workbench/workbench.desktop.main.js:709:66490)
    at Qs.handleInitialized (vscode-file://vscode-app/usr/share/code/resources/app/out/vs/workbench/workbench.desktop.main.js:712:8312)
    at Fee.setInput (vscode-file://vscode-app/usr/share/code/resources/app/out/vs/workbench/workbench.desktop.main.js:4311:92563)
    at async bUe.doSetInput (vscode-file://vscode-app/usr/share/code/resources/app/out/vs/workbench/workbench.desktop.main.js:1374:36391)
    at async bUe.doOpenEditor (vscode-file://vscode-app/usr/share/code/resources/app/out/vs/workbench/workbench.desktop.main.js:1374:34177)
    at async bUe.openEditor (vscode-file://vscode-app/usr/share/code/resources/app/out/vs/workbench/workbench.desktop.main.js:1374:33125)
    at async vscode-file://vscode-app/usr/share/code/resources/app/out/vs/workbench/workbench.desktop.main.js:1487:76407
    at async VS.openEditors (vscode-file://vscode-app/usr/share/code/resources/app/out/vs/workbench/workbench.desktop.main.js:1487:76884)
    at async Promise.all (index 0)
    at async Object.s [as settled] (vscode-file://vscode-app/usr/share/code/resources/app/out/vs/workbench/workbench.desktop.main.js:434:84788)
    at async Vwe.openEditors (vscode-file://vscode-app/usr/share/code/resources/app/out/vs/workbench/workbench.desktop.main.js:1979:46418)
    at async LV.handleDrop (vscode-file://vscode-app/usr/share/code/resources/app/out/vs/workbench/workbench.desktop.main.js:1219:2501)
<1> 
    at new mpo (vscode-file://vscode-app/usr/share/code/resources/app/out/vs/workbench/workbench.desktop.main.js:4313:53656)
    at V1._runFn (vscode-file://vscode-app/usr/share/code/resources/app/out/vs/workbench/workbench.desktop.main.js:4313:57002)
    at V1._run (vscode-file://vscode-app/usr/share/code/resources/app/out/vs/workbench/workbench.desktop.main.js:435:6694)
    at V1.endUpdate (vscode-file://vscode-app/usr/share/code/resources/app/out/vs/workbench/workbench.desktop.main.js:435:7326)
    at SH.finish (vscode-file://vscode-app/usr/share/code/resources/app/out/vs/workbench/workbench.desktop.main.js:434:110883)
    at Ti (vscode-file://vscode-app/usr/share/code/resources/app/out/vs/workbench/workbench.desktop.main.js:434:110083)
    at yH (vscode-file://vscode-app/usr/share/code/resources/app/out/vs/workbench/workbench.desktop.main.js:434:110308)
    at iLe.handleEvent [as value] (vscode-file://vscode-app/usr/share/code/resources/app/out/vs/workbench/workbench.desktop.main.js:435:19776)
    at D._deliver (vscode-file://vscode-app/usr/share/code/resources/app/out/vs/workbench/workbench.desktop.main.js:433:3642)
    at D._deliverQueue (vscode-file://vscode-app/usr/share/code/resources/app/out/vs/workbench/workbench.desktop.main.js:433:3731)
    at D.fire (vscode-file://vscode-app/usr/share/code/resources/app/out/vs/workbench/workbench.desktop.main.js:433:4066)
    at zBt.setValue (vscode-file://vscode-app/usr/share/code/resources/app/out/vs/workbench/workbench.desktop.main.js:712:26136)
    at iLe.value (vscode-file://vscode-app/usr/share/code/resources/app/out/vs/workbench/workbench.desktop.main.js:712:19874)
    at D._deliver (vscode-file://vscode-app/usr/share/code/resources/app/out/vs/workbench/workbench.desktop.main.js:433:3642)
    at D.fire (vscode-file://vscode-app/usr/share/code/resources/app/out/vs/workbench/workbench.desktop.main.js:433:3961)
    at dBt._emitOutgoingEvents (vscode-file://vscode-app/usr/share/code/resources/app/out/vs/workbench/workbench.desktop.main.js:708:36308)
    at dBt.emitOutgoingEvent (vscode-file://vscode-app/usr/share/code/resources/app/out/vs/workbench/workbench.desktop.main.js:708:35875)
    at VBt.setHasWidgetFocus (vscode-file://vscode-app/usr/share/code/resources/app/out/vs/workbench/workbench.desktop.main.js:709:66829)
    at iLe.value (vscode-file://vscode-app/usr/share/code/resources/app/out/vs/workbench/workbench.desktop.main.js:671:11330)
    at D._deliver (vscode-file://vscode-app/usr/share/code/resources/app/out/vs/workbench/workbench.desktop.main.js:433:3642)
    at D.fire (vscode-file://vscode-app/usr/share/code/resources/app/out/vs/workbench/workbench.desktop.main.js:433:3961)
    at sMi._update (vscode-file://vscode-app/usr/share/code/resources/app/out/vs/workbench/workbench.desktop.main.js:671:28087)
    at iLe.value (vscode-file://vscode-app/usr/share/code/resources/app/out/vs/workbench/workbench.desktop.main.js:671:27532)
    at D._deliver (vscode-file://vscode-app/usr/share/code/resources/app/out/vs/workbench/workbench.desktop.main.js:433:3642)
    at D.fire (vscode-file://vscode-app/usr/share/code/resources/app/out/vs/workbench/workbench.desktop.main.js:433:3961)
    at HTMLDivElement.n (vscode-file://vscode-app/usr/share/code/resources/app/out/vs/workbench/workbench.desktop.main.js:439:13410)
    at e.HTMLElement.focus (vscode-file://vscode-app/usr/share/code/resources/app/out/vs/workbench/workbench.desktop.main.js:1487:132745)
    at _Pe.focus (vscode-file://vscode-app/usr/share/code/resources/app/out/vs/workbench/workbench.desktop.main.js:668:10283)
    at bve.focus (vscode-file://vscode-app/usr/share/code/resources/app/out/vs/workbench/workbench.desktop.main.js:671:3807)
    at PPe.focus (vscode-file://vscode-app/usr/share/code/resources/app/out/vs/workbench/workbench.desktop.main.js:671:24440)
    at Qs.focus (vscode-file://vscode-app/usr/share/code/resources/app/out/vs/workbench/workbench.desktop.main.js:712:14762)
    at Fee.focus (vscode-file://vscode-app/usr/share/code/resources/app/out/vs/workbench/workbench.desktop.main.js:1369:95856)
    at bUe.doOpenEditor (vscode-file://vscode-app/usr/share/code/resources/app/out/vs/workbench/workbench.desktop.main.js:1374:34267)
    at async bUe.openEditor (vscode-file://vscode-app/usr/share/code/resources/app/out/vs/workbench/workbench.desktop.main.js:1374:33125)
    at async vscode-file://vscode-app/usr/share/code/resources/app/out/vs/workbench/workbench.desktop.main.js:1487:76407
    at async VS.openEditors (vscode-file://vscode-app/usr/share/code/resources/app/out/vs/workbench/workbench.desktop.main.js:1487:76884)
    at async Promise.all (index 0)
    at async Object.s [as settled] (vscode-file://vscode-app/usr/share/code/resources/app/out/vs/workbench/workbench.desktop.main.js:434:84788)
    at async Vwe.openEditors (vscode-file://vscode-app/usr/share/code/resources/app/out/vs/workbench/workbench.desktop.main.js:1979:46418)
    at async LV.handleDrop (vscode-file://vscode-app/usr/share/code/resources/app/out/vs/workbench/workbench.desktop.main.js:1219:2501)
<1> 
    at new QOe (vscode-file://vscode-app/usr/share/code/resources/app/out/vs/workbench/workbench.desktop.main.js:1010:67780)
    at s._createInstance (vscode-file://vscode-app/usr/share/code/resources/app/out/vs/workbench/workbench.desktop.main.js:2293:2000)
    at s.createInstance (vscode-file://vscode-app/usr/share/code/resources/app/out/vs/workbench/workbench.desktop.main.js:2293:1440)
    at new iSe (vscode-file://vscode-app/usr/share/code/resources/app/out/vs/workbench/workbench.desktop.main.js:1010:70519)
    at s._createInstance (vscode-file://vscode-app/usr/share/code/resources/app/out/vs/workbench/workbench.desktop.main.js:2293:2000)
    at s.createInstance (vscode-file://vscode-app/usr/share/code/resources/app/out/vs/workbench/workbench.desktop.main.js:2293:1440)
    at RHt._instantiateById (vscode-file://vscode-app/usr/share/code/resources/app/out/vs/workbench/workbench.desktop.main.js:671:42534)
    at RHt._instantiateSome (vscode-file://vscode-app/usr/share/code/resources/app/out/vs/workbench/workbench.desktop.main.js:671:42152)
    at vscode-file://vscode-app/usr/share/code/resources/app/out/vs/workbench/workbench.desktop.main.js:671:41957
<1> 
    at new MXe (vscode-file://vscode-app/usr/share/code/resources/app/out/vs/workbench/workbench.desktop.main.js:4886:868)
    at s._createInstance (vscode-file://vscode-app/usr/share/code/resources/app/out/vs/workbench/workbench.desktop.main.js:2293:2000)
    at s.createInstance (vscode-file://vscode-app/usr/share/code/resources/app/out/vs/workbench/workbench.desktop.main.js:2293:1440)
    at RHt._instantiateById (vscode-file://vscode-app/usr/share/code/resources/app/out/vs/workbench/workbench.desktop.main.js:671:42534)
    at RHt._instantiateSome (vscode-file://vscode-app/usr/share/code/resources/app/out/vs/workbench/workbench.desktop.main.js:671:42152)
    at vscode-file://vscode-app/usr/share/code/resources/app/out/vs/workbench/workbench.desktop.main.js:671:41957
<1> 
    at new x6 (vscode-file://vscode-app/usr/share/code/resources/app/out/vs/workbench/workbench.desktop.main.js:442:134707)
    at new s (vscode-file://vscode-app/usr/share/code/resources/app/out/vs/workbench/workbench.desktop.main.js:1010:13461)
    at new LB (vscode-file://vscode-app/usr/share/code/resources/app/out/vs/workbench/workbench.desktop.main.js:1010:23447)
    at s._createInstance (vscode-file://vscode-app/usr/share/code/resources/app/out/vs/workbench/workbench.desktop.main.js:2293:2000)
    at s.createInstance (vscode-file://vscode-app/usr/share/code/resources/app/out/vs/workbench/workbench.desktop.main.js:2293:1440)
    at RHt._instantiateById (vscode-file://vscode-app/usr/share/code/resources/app/out/vs/workbench/workbench.desktop.main.js:671:42534)
    at RHt._instantiateSome (vscode-file://vscode-app/usr/share/code/resources/app/out/vs/workbench/workbench.desktop.main.js:671:42152)
    at vscode-file://vscode-app/usr/share/code/resources/app/out/vs/workbench/workbench.desktop.main.js:671:41380
<1> 
    at new fNe (vscode-file://vscode-app/usr/share/code/resources/app/out/vs/workbench/workbench.desktop.main.js:937:392251)
    at new VNe (vscode-file://vscode-app/usr/share/code/resources/app/out/vs/workbench/workbench.desktop.main.js:951:2527)
    at s._createInstance (vscode-file://vscode-app/usr/share/code/resources/app/out/vs/workbench/workbench.desktop.main.js:2293:2000)
    at s.createInstance (vscode-file://vscode-app/usr/share/code/resources/app/out/vs/workbench/workbench.desktop.main.js:2293:1440)
    at Al._getOrCreateContentWidget (vscode-file://vscode-app/usr/share/code/resources/app/out/vs/workbench/workbench.desktop.main.js:951:14268)
    at Al._reactToEditorMouseMove (vscode-file://vscode-app/usr/share/code/resources/app/out/vs/workbench/workbench.desktop.main.js:951:13313)
    at Al._onEditorMouseMove (vscode-file://vscode-app/usr/share/code/resources/app/out/vs/workbench/workbench.desktop.main.js:951:13041)
    at iLe.value (vscode-file://vscode-app/usr/share/code/resources/app/out/vs/workbench/workbench.desktop.main.js:951:10546)
    at hy._deliver (vscode-file://vscode-app/usr/share/code/resources/app/out/vs/workbench/workbench.desktop.main.js:433:3642)
    at hy._deliverQueue (vscode-file://vscode-app/usr/share/code/resources/app/out/vs/workbench/workbench.desktop.main.js:433:3731)
    at hy.fire (vscode-file://vscode-app/usr/share/code/resources/app/out/vs/workbench/workbench.desktop.main.js:433:4066)
    at hy.fire (vscode-file://vscode-app/usr/share/code/resources/app/out/vs/workbench/workbench.desktop.main.js:712:26339)
    at i.onMouseMove (vscode-file://vscode-app/usr/share/code/resources/app/out/vs/workbench/workbench.desktop.main.js:712:23418)
    at s.emitMouseMove (vscode-file://vscode-app/usr/share/code/resources/app/out/vs/workbench/workbench.desktop.main.js:519:34630)
    at s.emitMouseMove (vscode-file://vscode-app/usr/share/code/resources/app/out/vs/workbench/workbench.desktop.main.js:519:22902)
    at uLi._onMouseMove (vscode-file://vscode-app/usr/share/code/resources/app/out/vs/workbench/workbench.desktop.main.js:513:55548)
    at vscode-file://vscode-app/usr/share/code/resources/app/out/vs/workbench/workbench.desktop.main.js:513:52570
    at HTMLDivElement.<anonymous> (vscode-file://vscode-app/usr/share/code/resources/app/out/vs/workbench/workbench.desktop.main.js:509:26995)
<1> 
    at bve.handleEvents (vscode-file://vscode-app/usr/share/code/resources/app/out/vs/workbench/workbench.desktop.main.js:511:1127)
    at dBt._doConsumeQueue (vscode-file://vscode-app/usr/share/code/resources/app/out/vs/workbench/workbench.desktop.main.js:708:37582)
    at dBt._consumeViewEventQueue (vscode-file://vscode-app/usr/share/code/resources/app/out/vs/workbench/workbench.desktop.main.js:708:37369)
    at dBt._emitMany (vscode-file://vscode-app/usr/share/code/resources/app/out/vs/workbench/workbench.desktop.main.js:708:37275)
    at dBt.endEmitViewEvents (vscode-file://vscode-app/usr/share/code/resources/app/out/vs/workbench/workbench.desktop.main.js:708:36983)
    at VBt._emitViewEvent (vscode-file://vscode-app/usr/share/code/resources/app/out/vs/workbench/workbench.desktop.main.js:710:4683)
    at vscode-file://vscode-app/usr/share/code/resources/app/out/vs/workbench/workbench.desktop.main.js:710:4550
    at Object.batchChanges (vscode-file://vscode-app/usr/share/code/resources/app/out/vs/workbench/workbench.desktop.main.js:712:19618)
    at VBt._withViewEventsCollector (vscode-file://vscode-app/usr/share/code/resources/app/out/vs/workbench/workbench.desktop.main.js:710:4528)
    at VBt.setCursorStates (vscode-file://vscode-app/usr/share/code/resources/app/out/vs/workbench/workbench.desktop.main.js:710:1904)
    at s.runCoreEditorCommand (vscode-file://vscode-app/usr/share/code/resources/app/out/vs/workbench/workbench.desktop.main.js:476:17620)
    at s.moveTo (vscode-file://vscode-app/usr/share/code/resources/app/out/vs/workbench/workbench.desktop.main.js:519:21048)
    at s.dispatchMouse (vscode-file://vscode-app/usr/share/code/resources/app/out/vs/workbench/workbench.desktop.main.js:519:20851)
    at QRi._dispatchMouse (vscode-file://vscode-app/usr/share/code/resources/app/out/vs/workbench/workbench.desktop.main.js:513:61326)
    at QRi.start (vscode-file://vscode-app/usr/share/code/resources/app/out/vs/workbench/workbench.desktop.main.js:513:58959)
    at uLi._onMouseDown (vscode-file://vscode-app/usr/share/code/resources/app/out/vs/workbench/workbench.desktop.main.js:513:56303)
    at vscode-file://vscode-app/usr/share/code/resources/app/out/vs/workbench/workbench.desktop.main.js:513:53227
    at HTMLDivElement.<anonymous> (vscode-file://vscode-app/usr/share/code/resources/app/out/vs/workbench/workbench.desktop.main.js:509:26777)
<1> 
    at HTMLDivElement.<anonymous> (vscode-file://vscode-app/usr/share/code/resources/app/out/vs/workbench/workbench.desktop.main.js:509:26844)
<1> 
    at vscode-file://vscode-app/usr/share/code/resources/app/out/vs/workbench/workbench.desktop.main.js:937:301219
    at Array.map (<anonymous>)
    at vscode-file://vscode-app/usr/share/code/resources/app/out/vs/workbench/workbench.desktop.main.js:937:301215
    at async Promise.all (index 1)
    at async $p.getPasteEdits (vscode-file://vscode-app/usr/share/code/resources/app/out/vs/workbench/workbench.desktop.main.js:937:301092)
    at async vscode-file://vscode-app/usr/share/code/resources/app/out/vs/workbench/workbench.desktop.main.js:937:297401
<1> 
    at jWt.onDidRender (vscode-file://vscode-app/usr/share/code/resources/app/out/vs/workbench/workbench.desktop.main.js:511:532)
    at Object.render (vscode-file://vscode-app/usr/share/code/resources/app/out/vs/workbench/workbench.desktop.main.js:671:22864)
    at Object.render (vscode-file://vscode-app/usr/share/code/resources/app/out/vs/workbench/workbench.desktop.main.js:671:21342)
    at vscode-file://vscode-app/usr/share/code/resources/app/out/vs/workbench/workbench.desktop.main.js:671:27156
    at poe (vscode-file://vscode-app/usr/share/code/resources/app/out/vs/workbench/workbench.desktop.main.js:671:25975)
    at s._onRenderScheduled (vscode-file://vscode-app/usr/share/code/resources/app/out/vs/workbench/workbench.desktop.main.js:671:27146)
    at Zit.e [as _runner] (vscode-file://vscode-app/usr/share/code/resources/app/out/vs/workbench/workbench.desktop.main.js:671:26596)
    at Zit.execute (vscode-file://vscode-app/usr/share/code/resources/app/out/vs/workbench/workbench.desktop.main.js:439:3975)
    at i (vscode-file://vscode-app/usr/share/code/resources/app/out/vs/workbench/workbench.desktop.main.js:439:4220)
    at vscode-file://vscode-app/usr/share/code/resources/app/out/vs/workbench/workbench.desktop.main.js:439:4385
<1> 
    at bve.handleEvents (vscode-file://vscode-app/usr/share/code/resources/app/out/vs/workbench/workbench.desktop.main.js:511:1127)
    at dBt._doConsumeQueue (vscode-file://vscode-app/usr/share/code/resources/app/out/vs/workbench/workbench.desktop.main.js:708:37582)
    at dBt._consumeViewEventQueue (vscode-file://vscode-app/usr/share/code/resources/app/out/vs/workbench/workbench.desktop.main.js:708:37369)
    at dBt._emitMany (vscode-file://vscode-app/usr/share/code/resources/app/out/vs/workbench/workbench.desktop.main.js:708:37275)
    at dBt.endEmitViewEvents (vscode-file://vscode-app/usr/share/code/resources/app/out/vs/workbench/workbench.desktop.main.js:708:36983)
    at VBt._emitViewEvent (vscode-file://vscode-app/usr/share/code/resources/app/out/vs/workbench/workbench.desktop.main.js:710:4683)
    at vscode-file://vscode-app/usr/share/code/resources/app/out/vs/workbench/workbench.desktop.main.js:710:4550
    at Object.batchChanges (vscode-file://vscode-app/usr/share/code/resources/app/out/vs/workbench/workbench.desktop.main.js:712:19618)
    at VBt._withViewEventsCollector (vscode-file://vscode-app/usr/share/code/resources/app/out/vs/workbench/workbench.desktop.main.js:710:4528)
    at VBt.setCursorStates (vscode-file://vscode-app/usr/share/code/resources/app/out/vs/workbench/workbench.desktop.main.js:710:1904)
    at b.runCoreEditorCommand (vscode-file://vscode-app/usr/share/code/resources/app/out/vs/workbench/workbench.desktop.main.js:476:22206)
    at b.runEditorCommand (vscode-file://vscode-app/usr/share/code/resources/app/out/vs/workbench/workbench.desktop.main.js:476:14177)
    at vscode-file://vscode-app/usr/share/code/resources/app/out/vs/workbench/workbench.desktop.main.js:442:11308
    at vscode-file://vscode-app/usr/share/code/resources/app/out/vs/workbench/workbench.desktop.main.js:442:11219
    at s.invokeFunction (vscode-file://vscode-app/usr/share/code/resources/app/out/vs/workbench/workbench.desktop.main.js:2293:944)
    at Qs.invokeWithinContext (vscode-file://vscode-app/usr/share/code/resources/app/out/vs/workbench/workbench.desktop.main.js:710:17674)
    at s.runEditorCommand (vscode-file://vscode-app/usr/share/code/resources/app/out/vs/workbench/workbench.desktop.main.js:442:11144)
    at b.runCommand (vscode-file://vscode-app/usr/share/code/resources/app/out/vs/workbench/workbench.desktop.main.js:442:11255)
    at handler (vscode-file://vscode-app/usr/share/code/resources/app/out/vs/workbench/workbench.desktop.main.js:442:9618)
    at s.invokeFunction (vscode-file://vscode-app/usr/share/code/resources/app/out/vs/workbench/workbench.desktop.main.js:2293:944)
    at Qft._tryExecuteCommand (vscode-file://vscode-app/usr/share/code/resources/app/out/vs/workbench/workbench.desktop.main.js:2004:4962)
    at Qft.executeCommand (vscode-file://vscode-app/usr/share/code/resources/app/out/vs/workbench/workbench.desktop.main.js:2004:4376)
    at kX._doDispatch (vscode-file://vscode-app/usr/share/code/resources/app/out/vs/workbench/workbench.desktop.main.js:1982:16975)
    at kX._dispatch (vscode-file://vscode-app/usr/share/code/resources/app/out/vs/workbench/workbench.desktop.main.js:1982:13855)
    at vscode-file://vscode-app/usr/share/code/resources/app/out/vs/workbench/workbench.desktop.main.js:1983:3124
<1> 
    at s.getLineCount (vscode-file://vscode-app/usr/share/code/resources/app/out/vs/workbench/workbench.desktop.main.js:685:3375)
    at Nh._isValidPosition (vscode-file://vscode-app/usr/share/code/resources/app/out/vs/workbench/workbench.desktop.main.js:702:1417)
    at Nh._isValidRange (vscode-file://vscode-app/usr/share/code/resources/app/out/vs/workbench/workbench.desktop.main.js:702:2361)
    at Nh.validateRange (vscode-file://vscode-app/usr/share/code/resources/app/out/vs/workbench/workbench.desktop.main.js:702:2663)
    at Nh.getValueLengthInRange (vscode-file://vscode-app/usr/share/code/resources/app/out/vs/workbench/workbench.desktop.main.js:701:5105)
    at Nh.getValueLength (vscode-file://vscode-app/usr/share/code/resources/app/out/vs/workbench/workbench.desktop.main.js:701:4824)
    at get canBuildAST (vscode-file://vscode-app/usr/share/code/resources/app/out/vs/workbench/workbench.desktop.main.js:677:13785)
    at UHt.updateBracketPairsTree (vscode-file://vscode-app/usr/share/code/resources/app/out/vs/workbench/workbench.desktop.main.js:677:14527)
    at UHt.getBracketsInRange (vscode-file://vscode-app/usr/share/code/resources/app/out/vs/workbench/workbench.desktop.main.js:677:15346)
    at zHt.getDecorationsInRange (vscode-file://vscode-app/usr/share/code/resources/app/out/vs/workbench/workbench.desktop.main.js:677:25636)
    at Nh.getDecorationsInRange (vscode-file://vscode-app/usr/share/code/resources/app/out/vs/workbench/workbench.desktop.main.js:708:6465)
    at OBt.getDecorationsInRange (vscode-file://vscode-app/usr/share/code/resources/app/out/vs/workbench/workbench.desktop.main.js:709:57696)
    at Object.getModelDecorations (vscode-file://vscode-app/usr/share/code/resources/app/out/vs/workbench/workbench.desktop.main.js:709:35353)
    at T0t.getDecorations (vscode-file://vscode-app/usr/share/code/resources/app/out/vs/workbench/workbench.desktop.main.js:511:7810)
    at LBt.getDecorationsOnLine (vscode-file://vscode-app/usr/share/code/resources/app/out/vs/workbench/workbench.desktop.main.js:709:36798)
    at VBt.getViewLineRenderingData (vscode-file://vscode-app/usr/share/code/resources/app/out/vs/workbench/workbench.desktop.main.js:709:79722)
    at rHt.prepareRender (vscode-file://vscode-app/usr/share/code/resources/app/out/vs/workbench/workbench.desktop.main.js:519:186097)
    at dWt.prepareRender (vscode-file://vscode-app/usr/share/code/resources/app/out/vs/workbench/workbench.desktop.main.js:519:31985)
    at Object.prepareRender (vscode-file://vscode-app/usr/share/code/resources/app/out/vs/workbench/workbench.desktop.main.js:671:22802)
    at Object.prepareRender (vscode-file://vscode-app/usr/share/code/resources/app/out/vs/workbench/workbench.desktop.main.js:671:21259)
    at vscode-file://vscode-app/usr/share/code/resources/app/out/vs/workbench/workbench.desktop.main.js:671:27050
    at poe (vscode-file://vscode-app/usr/share/code/resources/app/out/vs/workbench/workbench.desktop.main.js:671:25975)
    at s._onRenderScheduled (vscode-file://vscode-app/usr/share/code/resources/app/out/vs/workbench/workbench.desktop.main.js:671:27040)
    at Zit.e [as _runner] (vscode-file://vscode-app/usr/share/code/resources/app/out/vs/workbench/workbench.desktop.main.js:671:26596)
    at Zit.execute (vscode-file://vscode-app/usr/share/code/resources/app/out/vs/workbench/workbench.desktop.main.js:439:3975)
    at i (vscode-file://vscode-app/usr/share/code/resources/app/out/vs/workbench/workbench.desktop.main.js:439:4220)
    at vscode-file://vscode-app/usr/share/code/resources/app/out/vs/workbench/workbench.desktop.main.js:439:4385
<1> 
    at CC._updateState (vscode-file://vscode-app/usr/share/code/resources/app/out/vs/workbench/workbench.desktop.main.js:990:99559)
<1> 
    at s._finishRenderingNewLines (vscode-file://vscode-app/usr/share/code/resources/app/out/vs/workbench/workbench.desktop.main.js:519:29289)
    at s._finishRendering (vscode-file://vscode-app/usr/share/code/resources/app/out/vs/workbench/workbench.desktop.main.js:519:30137)
    at s.render (vscode-file://vscode-app/usr/share/code/resources/app/out/vs/workbench/workbench.desktop.main.js:519:28601)
    at cPe.renderLines (vscode-file://vscode-app/usr/share/code/resources/app/out/vs/workbench/workbench.desktop.main.js:519:27203)
    at s.renderText (vscode-file://vscode-app/usr/share/code/resources/app/out/vs/workbench/workbench.desktop.main.js:519:98805)
    at Object.renderText (vscode-file://vscode-app/usr/share/code/resources/app/out/vs/workbench/workbench.desktop.main.js:671:22511)
    at Object.renderText (vscode-file://vscode-app/usr/share/code/resources/app/out/vs/workbench/workbench.desktop.main.js:671:21174)
    at vscode-file://vscode-app/usr/share/code/resources/app/out/vs/workbench/workbench.desktop.main.js:671:26949
    at poe (vscode-file://vscode-app/usr/share/code/resources/app/out/vs/workbench/workbench.desktop.main.js:671:25975)
    at s._onRenderScheduled (vscode-file://vscode-app/usr/share/code/resources/app/out/vs/workbench/workbench.desktop.main.js:671:26939)
    at Zit.e [as _runner] (vscode-file://vscode-app/usr/share/code/resources/app/out/vs/workbench/workbench.desktop.main.js:671:26596)
    at Zit.execute (vscode-file://vscode-app/usr/share/code/resources/app/out/vs/workbench/workbench.desktop.main.js:439:3975)
    at i (vscode-file://vscode-app/usr/share/code/resources/app/out/vs/workbench/workbench.desktop.main.js:439:4220)
    at vscode-file://vscode-app/usr/share/code/resources/app/out/vs/workbench/workbench.desktop.main.js:439:4385
<1> 
    at wA.stopPropagation (vscode-file://vscode-app/usr/share/code/resources/app/out/vs/workbench/workbench.desktop.main.js:433:29549)
    at Qf._onContextMenu (vscode-file://vscode-app/usr/share/code/resources/app/out/vs/workbench/workbench.desktop.main.js:952:4983)
    at iLe.value (vscode-file://vscode-app/usr/share/code/resources/app/out/vs/workbench/workbench.desktop.main.js:952:4115)
    at hy._deliver (vscode-file://vscode-app/usr/share/code/resources/app/out/vs/workbench/workbench.desktop.main.js:433:3642)
    at hy._deliverQueue (vscode-file://vscode-app/usr/share/code/resources/app/out/vs/workbench/workbench.desktop.main.js:433:3731)
    at hy.fire (vscode-file://vscode-app/usr/share/code/resources/app/out/vs/workbench/workbench.desktop.main.js:433:4066)
    at hy.fire (vscode-file://vscode-app/usr/share/code/resources/app/out/vs/workbench/workbench.desktop.main.js:712:26339)
    at i.onContextMenu (vscode-file://vscode-app/usr/share/code/resources/app/out/vs/workbench/workbench.desktop.main.js:712:23375)
    at s.emitContextMenu (vscode-file://vscode-app/usr/share/code/resources/app/out/vs/workbench/workbench.desktop.main.js:519:34555)
    at s.emitContextMenu (vscode-file://vscode-app/usr/share/code/resources/app/out/vs/workbench/workbench.desktop.main.js:519:22845)
    at uLi._onContextMenu (vscode-file://vscode-app/usr/share/code/resources/app/out/vs/workbench/workbench.desktop.main.js:513:55305)
    at vscode-file://vscode-app/usr/share/code/resources/app/out/vs/workbench/workbench.desktop.main.js:513:52481
    at HTMLDivElement.<anonymous> (vscode-file://vscode-app/usr/share/code/resources/app/out/vs/workbench/workbench.desktop.main.js:509:26647)
<1> 
    at Math.max (<anonymous>)
    at new s (vscode-file://vscode-app/usr/share/code/resources/app/out/vs/workbench/workbench.desktop.main.js:1494:36110)
    at Object.render (vscode-file://vscode-app/usr/share/code/resources/app/out/vs/workbench/workbench.desktop.main.js:5614:1947)
    at s.show (vscode-file://vscode-app/usr/share/code/resources/app/out/vs/workbench/workbench.desktop.main.js:893:2350)
    at dti.showContextView (vscode-file://vscode-app/usr/share/code/resources/app/out/vs/workbench/workbench.desktop.main.js:2262:61136)
    at HCi.showContextMenu (vscode-file://vscode-app/usr/share/code/resources/app/out/vs/workbench/workbench.desktop.main.js:5614:1124)
    at VZe.showContextMenu (vscode-file://vscode-app/usr/share/code/resources/app/out/vs/workbench/workbench.desktop.main.js:5614:4018)
    at pMt.showContextMenu (vscode-file://vscode-app/usr/share/code/resources/app/out/vs/workbench/workbench.desktop.main.js:5614:5056)
    at Qf._doShowContextMenu (vscode-file://vscode-app/usr/share/code/resources/app/out/vs/workbench/workbench.desktop.main.js:952:6340)
    at Qf.showContextMenu (vscode-file://vscode-app/usr/share/code/resources/app/out/vs/workbench/workbench.desktop.main.js:952:5572)
    at Qf._onContextMenu (vscode-file://vscode-app/usr/share/code/resources/app/out/vs/workbench/workbench.desktop.main.js:952:5374)
    at iLe.value (vscode-file://vscode-app/usr/share/code/resources/app/out/vs/workbench/workbench.desktop.main.js:952:4115)
    at hy._deliver (vscode-file://vscode-app/usr/share/code/resources/app/out/vs/workbench/workbench.desktop.main.js:433:3642)
    at hy._deliverQueue (vscode-file://vscode-app/usr/share/code/resources/app/out/vs/workbench/workbench.desktop.main.js:433:3731)
    at hy.fire (vscode-file://vscode-app/usr/share/code/resources/app/out/vs/workbench/workbench.desktop.main.js:433:4066)
    at hy.fire (vscode-file://vscode-app/usr/share/code/resources/app/out/vs/workbench/workbench.desktop.main.js:712:26339)
    at i.onContextMenu (vscode-file://vscode-app/usr/share/code/resources/app/out/vs/workbench/workbench.desktop.main.js:712:23375)
    at s.emitContextMenu (vscode-file://vscode-app/usr/share/code/resources/app/out/vs/workbench/workbench.desktop.main.js:519:34555)
    at s.emitContextMenu (vscode-file://vscode-app/usr/share/code/resources/app/out/vs/workbench/workbench.desktop.main.js:519:22845)
    at uLi._onContextMenu (vscode-file://vscode-app/usr/share/code/resources/app/out/vs/workbench/workbench.desktop.main.js:513:55305)
    at vscode-file://vscode-app/usr/share/code/resources/app/out/vs/workbench/workbench.desktop.main.js:513:52481
    at HTMLDivElement.<anonymous> (vscode-file://vscode-app/usr/share/code/resources/app/out/vs/workbench/workbench.desktop.main.js:509:26647)
<1> 
    at hr.setScrollDimensions (vscode-file://vscode-app/usr/share/code/resources/app/out/vs/workbench/workbench.desktop.main.js:513:39342)
    at hr.scanDomNode (vscode-file://vscode-app/usr/share/code/resources/app/out/vs/workbench/workbench.desktop.main.js:513:45940)
    at new s (vscode-file://vscode-app/usr/share/code/resources/app/out/vs/workbench/workbench.desktop.main.js:1494:36443)
    at Object.render (vscode-file://vscode-app/usr/share/code/resources/app/out/vs/workbench/workbench.desktop.main.js:5614:1947)
    at s.show (vscode-file://vscode-app/usr/share/code/resources/app/out/vs/workbench/workbench.desktop.main.js:893:2350)
    at dti.showContextView (vscode-file://vscode-app/usr/share/code/resources/app/out/vs/workbench/workbench.desktop.main.js:2262:61136)
    at HCi.showContextMenu (vscode-file://vscode-app/usr/share/code/resources/app/out/vs/workbench/workbench.desktop.main.js:5614:1124)
    at VZe.showContextMenu (vscode-file://vscode-app/usr/share/code/resources/app/out/vs/workbench/workbench.desktop.main.js:5614:4018)
    at pMt.showContextMenu (vscode-file://vscode-app/usr/share/code/resources/app/out/vs/workbench/workbench.desktop.main.js:5614:5056)
    at Qf._doShowContextMenu (vscode-file://vscode-app/usr/share/code/resources/app/out/vs/workbench/workbench.desktop.main.js:952:6340)
    at Qf.showContextMenu (vscode-file://vscode-app/usr/share/code/resources/app/out/vs/workbench/workbench.desktop.main.js:952:5572)
    at Qf._onContextMenu (vscode-file://vscode-app/usr/share/code/resources/app/out/vs/workbench/workbench.desktop.main.js:952:5374)
    at iLe.value (vscode-file://vscode-app/usr/share/code/resources/app/out/vs/workbench/workbench.desktop.main.js:952:4115)
    at hy._deliver (vscode-file://vscode-app/usr/share/code/resources/app/out/vs/workbench/workbench.desktop.main.js:433:3642)
    at hy._deliverQueue (vscode-file://vscode-app/usr/share/code/resources/app/out/vs/workbench/workbench.desktop.main.js:433:3731)
    at hy.fire (vscode-file://vscode-app/usr/share/code/resources/app/out/vs/workbench/workbench.desktop.main.js:433:4066)
    at hy.fire (vscode-file://vscode-app/usr/share/code/resources/app/out/vs/workbench/workbench.desktop.main.js:712:26339)
    at i.onContextMenu (vscode-file://vscode-app/usr/share/code/resources/app/out/vs/workbench/workbench.desktop.main.js:712:23375)
    at s.emitContextMenu (vscode-file://vscode-app/usr/share/code/resources/app/out/vs/workbench/workbench.desktop.main.js:519:34555)
    at s.emitContextMenu (vscode-file://vscode-app/usr/share/code/resources/app/out/vs/workbench/workbench.desktop.main.js:519:22845)
    at uLi._onContextMenu (vscode-file://vscode-app/usr/share/code/resources/app/out/vs/workbench/workbench.desktop.main.js:513:55305)
    at vscode-file://vscode-app/usr/share/code/resources/app/out/vs/workbench/workbench.desktop.main.js:513:52481
    at HTMLDivElement.<anonymous> (vscode-file://vscode-app/usr/share/code/resources/app/out/vs/workbench/workbench.desktop.main.js:509:26647)
<1> 
    at ab.hideGlyphHover (vscode-file://vscode-app/usr/share/code/resources/app/out/vs/workbench/workbench.desktop.main.js:1007:10650)
    at ab._onEditorMouseLeave (vscode-file://vscode-app/usr/share/code/resources/app/out/vs/workbench/workbench.desktop.main.js:1007:9732)
    at iLe.value (vscode-file://vscode-app/usr/share/code/resources/app/out/vs/workbench/workbench.desktop.main.js:1007:8771)
    at hy._deliver (vscode-file://vscode-app/usr/share/code/resources/app/out/vs/workbench/workbench.desktop.main.js:433:3642)
    at hy._deliverQueue (vscode-file://vscode-app/usr/share/code/resources/app/out/vs/workbench/workbench.desktop.main.js:433:3731)
    at hy.fire (vscode-file://vscode-app/usr/share/code/resources/app/out/vs/workbench/workbench.desktop.main.js:433:4066)
    at hy.fire (vscode-file://vscode-app/usr/share/code/resources/app/out/vs/workbench/workbench.desktop.main.js:712:26339)
    at i.onMouseLeave (vscode-file://vscode-app/usr/share/code/resources/app/out/vs/workbench/workbench.desktop.main.js:712:23463)
    at s.emitMouseLeave (vscode-file://vscode-app/usr/share/code/resources/app/out/vs/workbench/workbench.desktop.main.js:519:34707)
    at s.emitMouseLeave (vscode-file://vscode-app/usr/share/code/resources/app/out/vs/workbench/workbench.desktop.main.js:519:22958)
    at uLi._onMouseLeave (vscode-file://vscode-app/usr/share/code/resources/app/out/vs/workbench/workbench.desktop.main.js:513:55782)
    at vscode-file://vscode-app/usr/share/code/resources/app/out/vs/workbench/workbench.desktop.main.js:513:52956
    at HTMLDivElement.<anonymous> (vscode-file://vscode-app/usr/share/code/resources/app/out/vs/workbench/workbench.desktop.main.js:509:26929)
<1> 
    at ve (vscode-file://vscode-app/usr/share/code/resources/app/out/vs/workbench/workbench.desktop.main.js:431:15319)
<1> 
    at VBt._toModelVisibleRanges (vscode-file://vscode-app/usr/share/code/resources/app/out/vs/workbench/workbench.desktop.main.js:709:76114)
    at VBt.getModelVisibleRanges (vscode-file://vscode-app/usr/share/code/resources/app/out/vs/workbench/workbench.desktop.main.js:709:66386)
    at VBt._handleVisibleLinesChanged (vscode-file://vscode-app/usr/share/code/resources/app/out/vs/workbench/workbench.desktop.main.js:709:66552)
    at VBt.onDidChangeContentOrInjectedText (vscode-file://vscode-app/usr/share/code/resources/app/out/vs/workbench/workbench.desktop.main.js:709:71181)
    at Nh._onDidChangeContentOrInjectedText (vscode-file://vscode-app/usr/share/code/resources/app/out/vs/workbench/workbench.desktop.main.js:708:3459)
    at Nh._emitContentChangedEvent (vscode-file://vscode-app/usr/share/code/resources/app/out/vs/workbench/workbench.desktop.main.js:699:1039)
    at Nh._doApplyEdits (vscode-file://vscode-app/usr/share/code/resources/app/out/vs/workbench/workbench.desktop.main.js:708:2283)
    at Nh.applyEdits (vscode-file://vscode-app/usr/share/code/resources/app/out/vs/workbench/workbench.desktop.main.js:708:1338)
    at s.pushEditOperation (vscode-file://vscode-app/usr/share/code/resources/app/out/vs/workbench/workbench.desktop.main.js:678:940)
    at Nh._pushEditOperations (vscode-file://vscode-app/usr/share/code/resources/app/out/vs/workbench/workbench.desktop.main.js:708:263)
    at Nh.pushEditOperations (vscode-file://vscode-app/usr/share/code/resources/app/out/vs/workbench/workbench.desktop.main.js:706:544)
    at koe._innerExecuteCommands (vscode-file://vscode-app/usr/share/code/resources/app/out/vs/workbench/workbench.desktop.main.js:709:5876)
    at koe.executeCommands (vscode-file://vscode-app/usr/share/code/resources/app/out/vs/workbench/workbench.desktop.main.js:709:5296)
    at iAe._executeEditOperation (vscode-file://vscode-app/usr/share/code/resources/app/out/vs/workbench/workbench.desktop.main.js:708:46455)
    at vscode-file://vscode-app/usr/share/code/resources/app/out/vs/workbench/workbench.desktop.main.js:709:3597
    at iAe._executeEdit (vscode-file://vscode-app/usr/share/code/resources/app/out/vs/workbench/workbench.desktop.main.js:709:1056)
    at iAe.executeCommands (vscode-file://vscode-app/usr/share/code/resources/app/out/vs/workbench/workbench.desktop.main.js:709:3574)
    at vscode-file://vscode-app/usr/share/code/resources/app/out/vs/workbench/workbench.desktop.main.js:710:3581
    at VBt._emitViewEvent (vscode-file://vscode-app/usr/share/code/resources/app/out/vs/workbench/workbench.desktop.main.js:710:4648)
    at vscode-file://vscode-app/usr/share/code/resources/app/out/vs/workbench/workbench.desktop.main.js:710:4550
    at Object.batchChanges (vscode-file://vscode-app/usr/share/code/resources/app/out/vs/workbench/workbench.desktop.main.js:712:19618)
    at VBt._withViewEventsCollector (vscode-file://vscode-app/usr/share/code/resources/app/out/vs/workbench/workbench.desktop.main.js:710:4528)
    at VBt._executeCursorEdit (vscode-file://vscode-app/usr/share/code/resources/app/out/vs/workbench/workbench.desktop.main.js:710:2873)
    at VBt.executeCommands (vscode-file://vscode-app/usr/share/code/resources/app/out/vs/workbench/workbench.desktop.main.js:710:3546)
    at Qs.executeCommands (vscode-file://vscode-app/usr/share/code/resources/app/out/vs/workbench/workbench.desktop.main.js:712:11636)
    at s.runCoreEditingCommand (vscode-file://vscode-app/usr/share/code/resources/app/out/vs/workbench/workbench.desktop.main.js:476:41795)
    at s.runEditorCommand (vscode-file://vscode-app/usr/share/code/resources/app/out/vs/workbench/workbench.desktop.main.js:476:39832)
    at vscode-file://vscode-app/usr/share/code/resources/app/out/vs/workbench/workbench.desktop.main.js:442:11308
    at vscode-file://vscode-app/usr/share/code/resources/app/out/vs/workbench/workbench.desktop.main.js:442:11219
    at s.invokeFunction (vscode-file://vscode-app/usr/share/code/resources/app/out/vs/workbench/workbench.desktop.main.js:2293:944)
    at Qs.invokeWithinContext (vscode-file://vscode-app/usr/share/code/resources/app/out/vs/workbench/workbench.desktop.main.js:710:17674)
    at s.runEditorCommand (vscode-file://vscode-app/usr/share/code/resources/app/out/vs/workbench/workbench.desktop.main.js:442:11144)
    at s.runCommand (vscode-file://vscode-app/usr/share/code/resources/app/out/vs/workbench/workbench.desktop.main.js:442:11255)
    at handler (vscode-file://vscode-app/usr/share/code/resources/app/out/vs/workbench/workbench.desktop.main.js:442:9618)
    at s.invokeFunction (vscode-file://vscode-app/usr/share/code/resources/app/out/vs/workbench/workbench.desktop.main.js:2293:944)
    at Qft._tryExecuteCommand (vscode-file://vscode-app/usr/share/code/resources/app/out/vs/workbench/workbench.desktop.main.js:2004:4962)
    at Qft.executeCommand (vscode-file://vscode-app/usr/share/code/resources/app/out/vs/workbench/workbench.desktop.main.js:2004:4376)
    at kX._doDispatch (vscode-file://vscode-app/usr/share/code/resources/app/out/vs/workbench/workbench.desktop.main.js:1982:16975)
    at kX._dispatch (vscode-file://vscode-app/usr/share/code/resources/app/out/vs/workbench/workbench.desktop.main.js:1982:13855)
    at vscode-file://vscode-app/usr/share/code/resources/app/out/vs/workbench/workbench.desktop.main.js:1983:3124
<1> 
    at HTMLDivElement.<anonymous> (vscode-file://vscode-app/usr/share/code/resources/app/out/vs/workbench/workbench.desktop.main.js:508:55819)
<1> 
    at vscode-file://vscode-app/usr/share/code/resources/app/out/vs/workbench/workbench.desktop.main.js:435:21679
<1> 
    at Object.entries (<anonymous>)
    at Ro (vscode-file://vscode-app/usr/share/code/resources/app/out/vs/workbench/workbench.desktop.main.js:442:16260)
    at vscode-file://vscode-app/usr/share/code/resources/app/out/vs/workbench/workbench.desktop.main.js:442:16316
    at Array.forEach (<anonymous>)
    at Ro (vscode-file://vscode-app/usr/share/code/resources/app/out/vs/workbench/workbench.desktop.main.js:442:16271)
    at vscode-file://vscode-app/usr/share/code/resources/app/out/vs/workbench/workbench.desktop.main.js:442:16316
    at Array.forEach (<anonymous>)
    at Ro (vscode-file://vscode-app/usr/share/code/resources/app/out/vs/workbench/workbench.desktop.main.js:442:16271)
    at s.merge (vscode-file://vscode-app/usr/share/code/resources/app/out/vs/workbench/workbench.desktop.main.js:5604:14073)
    at $Lt.getConsolidatedConfigurationModel (vscode-file://vscode-app/usr/share/code/resources/app/out/vs/workbench/workbench.desktop.main.js:5604:30453)
    at $Lt.getValue (vscode-file://vscode-app/usr/share/code/resources/app/out/vs/workbench/workbench.desktop.main.js:5604:24879)
    at $Lt.getValue (vscode-file://vscode-app/usr/share/code/resources/app/out/vs/workbench/workbench.desktop.main.js:5606:1644)
    at Gwi.getValue (vscode-file://vscode-app/usr/share/code/resources/app/out/vs/workbench/workbench.desktop.main.js:5606:42376)
    at NU.onFocusChanged (vscode-file://vscode-app/usr/share/code/resources/app/out/vs/workbench/workbench.desktop.main.js:2924:90968)
    at iLe.value (vscode-file://vscode-app/usr/share/code/resources/app/out/vs/workbench/workbench.desktop.main.js:2924:87632)
    at D._deliver (vscode-file://vscode-app/usr/share/code/resources/app/out/vs/workbench/workbench.desktop.main.js:433:3642)
    at D.fire (vscode-file://vscode-app/usr/share/code/resources/app/out/vs/workbench/workbench.desktop.main.js:433:3961)
    at vscode-file://vscode-app/usr/share/code/resources/app/out/vs/workbench/workbench.desktop.main.js:431:11603
    at vscode-file://vscode-app/usr/share/code/resources/app/out/vs/workbench/workbench.desktop.main.js:433:7190
    at vscode-file://vscode-app/usr/share/code/resources/app/out/vs/workbench/workbench.desktop.main.js:433:7541
    at Array.forEach (<anonymous>)
    at pH.bufferEvents (vscode-file://vscode-app/usr/share/code/resources/app/out/vs/workbench/workbench.desktop.main.js:433:7530)
    at MNe.setFocus (vscode-file://vscode-app/usr/share/code/resources/app/out/vs/workbench/workbench.desktop.main.js:946:1530)
    at IC.setFocus (vscode-file://vscode-app/usr/share/code/resources/app/out/vs/workbench/workbench.desktop.main.js:946:36870)
    at NU.selectResource (vscode-file://vscode-app/usr/share/code/resources/app/out/vs/workbench/workbench.desktop.main.js:2924:93687)
    at async hhe.select (vscode-file://vscode-app/usr/share/code/resources/app/out/vs/workbench/workbench.desktop.main.js:4311:82684)
<1> 
    at String (<anonymous>)
    at s._getLineRenderLineNumber (vscode-file://vscode-app/usr/share/code/resources/app/out/vs/workbench/workbench.desktop.main.js:519:85300)
    at s.prepareRender (vscode-file://vscode-app/usr/share/code/resources/app/out/vs/workbench/workbench.desktop.main.js:519:85876)
    at uWt.prepareRender (vscode-file://vscode-app/usr/share/code/resources/app/out/vs/workbench/workbench.desktop.main.js:519:31985)
    at Object.prepareRender (vscode-file://vscode-app/usr/share/code/resources/app/out/vs/workbench/workbench.desktop.main.js:671:22802)
    at Object.prepareRender (vscode-file://vscode-app/usr/share/code/resources/app/out/vs/workbench/workbench.desktop.main.js:671:21259)
    at vscode-file://vscode-app/usr/share/code/resources/app/out/vs/workbench/workbench.desktop.main.js:671:27050
    at poe (vscode-file://vscode-app/usr/share/code/resources/app/out/vs/workbench/workbench.desktop.main.js:671:25975)
    at s._onRenderScheduled (vscode-file://vscode-app/usr/share/code/resources/app/out/vs/workbench/workbench.desktop.main.js:671:27040)
    at Zit.e [as _runner] (vscode-file://vscode-app/usr/share/code/resources/app/out/vs/workbench/workbench.desktop.main.js:671:26596)
    at Zit.execute (vscode-file://vscode-app/usr/share/code/resources/app/out/vs/workbench/workbench.desktop.main.js:439:3975)
    at i (vscode-file://vscode-app/usr/share/code/resources/app/out/vs/workbench/workbench.desktop.main.js:439:4220)
    at vscode-file://vscode-app/usr/share/code/resources/app/out/vs/workbench/workbench.desktop.main.js:439:4385
<1> 
    at new tve (vscode-file://vscode-app/usr/share/code/resources/app/out/vs/workbench/workbench.desktop.main.js:511:5021)
    at s.getVisibleRangesForRange (vscode-file://vscode-app/usr/share/code/resources/app/out/vs/workbench/workbench.desktop.main.js:512:12153)
    at s._visibleRangesForLineRange (vscode-file://vscode-app/usr/share/code/resources/app/out/vs/workbench/workbench.desktop.main.js:519:97137)
    at s.visibleRangeForPosition (vscode-file://vscode-app/usr/share/code/resources/app/out/vs/workbench/workbench.desktop.main.js:519:97430)
    at x0t.visibleRangeForPosition (vscode-file://vscode-app/usr/share/code/resources/app/out/vs/workbench/workbench.desktop.main.js:511:3996)
    at AWt.prepareRender (vscode-file://vscode-app/usr/share/code/resources/app/out/vs/workbench/workbench.desktop.main.js:519:79031)
    at dWt.prepareRender (vscode-file://vscode-app/usr/share/code/resources/app/out/vs/workbench/workbench.desktop.main.js:519:31985)
    at Object.prepareRender (vscode-file://vscode-app/usr/share/code/resources/app/out/vs/workbench/workbench.desktop.main.js:671:22802)
    at Object.prepareRender (vscode-file://vscode-app/usr/share/code/resources/app/out/vs/workbench/workbench.desktop.main.js:671:21259)
    at vscode-file://vscode-app/usr/share/code/resources/app/out/vs/workbench/workbench.desktop.main.js:671:27050
    at poe (vscode-file://vscode-app/usr/share/code/resources/app/out/vs/workbench/workbench.desktop.main.js:671:25975)
    at s._onRenderScheduled (vscode-file://vscode-app/usr/share/code/resources/app/out/vs/workbench/workbench.desktop.main.js:671:27040)
    at Zit.e [as _runner] (vscode-file://vscode-app/usr/share/code/resources/app/out/vs/workbench/workbench.desktop.main.js:671:26596)
    at Zit.execute (vscode-file://vscode-app/usr/share/code/resources/app/out/vs/workbench/workbench.desktop.main.js:439:3975)
    at i (vscode-file://vscode-app/usr/share/code/resources/app/out/vs/workbench/workbench.desktop.main.js:439:4220)
    at vscode-file://vscode-app/usr/share/code/resources/app/out/vs/workbench/workbench.desktop.main.js:439:4385
<1> 
    at RegExp.exec (<anonymous>)
    at h$.next (vscode-file://vscode-app/usr/share/code/resources/app/out/vs/workbench/workbench.desktop.main.js:479:2383)
    at jHt.findMatchesInNode (vscode-file://vscode-app/usr/share/code/resources/app/out/vs/workbench/workbench.desktop.main.js:678:14692)
    at jHt.findMatchesLineByLine (vscode-file://vscode-app/usr/share/code/resources/app/out/vs/workbench/workbench.desktop.main.js:678:15692)
    at s.findMatchesLineByLine (vscode-file://vscode-app/usr/share/code/resources/app/out/vs/workbench/workbench.desktop.main.js:688:3057)
    at Nh.findMatchesLineByLine (vscode-file://vscode-app/usr/share/code/resources/app/out/vs/workbench/workbench.desktop.main.js:702:3475)
    at p (vscode-file://vscode-app/usr/share/code/resources/app/out/vs/workbench/workbench.desktop.main.js:703:75)
    at Array.map (<anonymous>)
    at Nh.findMatches (vscode-file://vscode-app/usr/share/code/resources/app/out/vs/workbench/workbench.desktop.main.js:703:169)
    at oBi.findMatches (vscode-file://vscode-app/usr/share/code/resources/app/out/vs/workbench/workbench.desktop.main.js:1010:8071)
    at Bne._setState (vscode-file://vscode-app/usr/share/code/resources/app/out/vs/workbench/workbench.desktop.main.js:1010:10355)
    at Bne._update (vscode-file://vscode-app/usr/share/code/resources/app/out/vs/workbench/workbench.desktop.main.js:1010:9278)
    at iLe.value (vscode-file://vscode-app/usr/share/code/resources/app/out/vs/workbench/workbench.desktop.main.js:1010:8921)
    at D._deliver (vscode-file://vscode-app/usr/share/code/resources/app/out/vs/workbench/workbench.desktop.main.js:433:3642)
    at D._deliverQueue (vscode-file://vscode-app/usr/share/code/resources/app/out/vs/workbench/workbench.desktop.main.js:433:3731)
    at D.fire (vscode-file://vscode-app/usr/share/code/resources/app/out/vs/workbench/workbench.desktop.main.js:433:4066)
    at iLe.value (vscode-file://vscode-app/usr/share/code/resources/app/out/vs/workbench/workbench.desktop.main.js:712:20917)
    at D._deliver (vscode-file://vscode-app/usr/share/code/resources/app/out/vs/workbench/workbench.desktop.main.js:433:3642)
    at D.fire (vscode-file://vscode-app/usr/share/code/resources/app/out/vs/workbench/workbench.desktop.main.js:433:3961)
    at dBt._emitOutgoingEvents (vscode-file://vscode-app/usr/share/code/resources/app/out/vs/workbench/workbench.desktop.main.js:708:36308)
    at dBt.endEmitViewEvents (vscode-file://vscode-app/usr/share/code/resources/app/out/vs/workbench/workbench.desktop.main.js:708:37001)
    at VBt._emitViewEvent (vscode-file://vscode-app/usr/share/code/resources/app/out/vs/workbench/workbench.desktop.main.js:710:4683)
    at vscode-file://vscode-app/usr/share/code/resources/app/out/vs/workbench/workbench.desktop.main.js:710:4550
    at Object.batchChanges (vscode-file://vscode-app/usr/share/code/resources/app/out/vs/workbench/workbench.desktop.main.js:712:19618)
    at VBt._withViewEventsCollector (vscode-file://vscode-app/usr/share/code/resources/app/out/vs/workbench/workbench.desktop.main.js:710:4528)
    at VBt.setCursorStates (vscode-file://vscode-app/usr/share/code/resources/app/out/vs/workbench/workbench.desktop.main.js:710:1904)
    at s.runCoreEditorCommand (vscode-file://vscode-app/usr/share/code/resources/app/out/vs/workbench/workbench.desktop.main.js:476:17620)
    at s._moveToSelect (vscode-file://vscode-app/usr/share/code/resources/app/out/vs/workbench/workbench.desktop.main.js:519:21141)
    at s.dispatchMouse (vscode-file://vscode-app/usr/share/code/resources/app/out/vs/workbench/workbench.desktop.main.js:519:20807)
    at QRi._dispatchMouse (vscode-file://vscode-app/usr/share/code/resources/app/out/vs/workbench/workbench.desktop.main.js:513:61326)
    at QRi._onMouseDownThenMove (vscode-file://vscode-app/usr/share/code/resources/app/out/vs/workbench/workbench.desktop.main.js:513:57921)
    at vscode-file://vscode-app/usr/share/code/resources/app/out/vs/workbench/workbench.desktop.main.js:513:59118
    at iE._pointerMoveCallback (vscode-file://vscode-app/usr/share/code/resources/app/out/vs/workbench/workbench.desktop.main.js:509:27808)
    at HTMLDivElement.<anonymous> (vscode-file://vscode-app/usr/share/code/resources/app/out/vs/workbench/workbench.desktop.main.js:508:55758)
<1> 
    at D._deliverQueue (vscode-file://vscode-app/usr/share/code/resources/app/out/vs/workbench/workbench.desktop.main.js:433:3710)
    at D.fire (vscode-file://vscode-app/usr/share/code/resources/app/out/vs/workbench/workbench.desktop.main.js:433:4066)
    at hLe.cancel (vscode-file://vscode-app/usr/share/code/resources/app/out/vs/workbench/workbench.desktop.main.js:433:31440)
    at obe.cancel (vscode-file://vscode-app/usr/share/code/resources/app/out/vs/workbench/workbench.desktop.main.js:433:31981)
    at D._deliver (vscode-file://vscode-app/usr/share/code/resources/app/out/vs/workbench/workbench.desktop.main.js:433:3642)
    at D._deliverQueue (vscode-file://vscode-app/usr/share/code/resources/app/out/vs/workbench/workbench.desktop.main.js:433:3731)
    at D.fire (vscode-file://vscode-app/usr/share/code/resources/app/out/vs/workbench/workbench.desktop.main.js:433:4066)
    at hLe.cancel (vscode-file://vscode-app/usr/share/code/resources/app/out/vs/workbench/workbench.desktop.main.js:433:31440)
    at ze.cancel (vscode-file://vscode-app/usr/share/code/resources/app/out/vs/workbench/workbench.desktop.main.js:433:31981)
    at Object.cancel (vscode-file://vscode-app/usr/share/code/resources/app/out/vs/workbench/workbench.desktop.main.js:434:72172)
    at e.cancel (vscode-file://vscode-app/usr/share/code/resources/app/out/vs/workbench/workbench.desktop.main.js:937:327877)
    at bUt.setState (vscode-file://vscode-app/usr/share/code/resources/app/out/vs/workbench/workbench.desktop.main.js:937:333221)
    at HNi._signalChange (vscode-file://vscode-app/usr/share/code/resources/app/out/vs/workbench/workbench.desktop.main.js:937:332678)
    at HNi.trigger (vscode-file://vscode-app/usr/share/code/resources/app/out/vs/workbench/workbench.desktop.main.js:937:326726)
    at vscode-file://vscode-app/usr/share/code/resources/app/out/vs/workbench/workbench.desktop.main.js:937:326938
    at vscode-file://vscode-app/usr/share/code/resources/app/out/vs/workbench/workbench.desktop.main.js:434:80537
<1> 
    at vscode-file://vscode-app/usr/share/code/resources/app/out/vs/workbench/workbench.desktop.main.js:434:76285
<1> 
    at get isVisible (vscode-file://vscode-app/usr/share/code/resources/app/out/vs/workbench/workbench.desktop.main.js:951:8874)
    at Al._shouldRescheduleHoverComputation (vscode-file://vscode-app/usr/share/code/resources/app/out/vs/workbench/workbench.desktop.main.js:951:13168)
    at Al._onEditorMouseMove (vscode-file://vscode-app/usr/share/code/resources/app/out/vs/workbench/workbench.desktop.main.js:951:12865)
    at iLe.value (vscode-file://vscode-app/usr/share/code/resources/app/out/vs/workbench/workbench.desktop.main.js:951:10546)
    at hy._deliver (vscode-file://vscode-app/usr/share/code/resources/app/out/vs/workbench/workbench.desktop.main.js:433:3642)
    at hy._deliverQueue (vscode-file://vscode-app/usr/share/code/resources/app/out/vs/workbench/workbench.desktop.main.js:433:3731)
    at hy.fire (vscode-file://vscode-app/usr/share/code/resources/app/out/vs/workbench/workbench.desktop.main.js:433:4066)
    at hy.fire (vscode-file://vscode-app/usr/share/code/resources/app/out/vs/workbench/workbench.desktop.main.js:712:26339)
    at i.onMouseMove (vscode-file://vscode-app/usr/share/code/resources/app/out/vs/workbench/workbench.desktop.main.js:712:23418)
    at s.emitMouseMove (vscode-file://vscode-app/usr/share/code/resources/app/out/vs/workbench/workbench.desktop.main.js:519:34630)
    at s.emitMouseMove (vscode-file://vscode-app/usr/share/code/resources/app/out/vs/workbench/workbench.desktop.main.js:519:22902)
    at uLi._onMouseMove (vscode-file://vscode-app/usr/share/code/resources/app/out/vs/workbench/workbench.desktop.main.js:513:55548)
    at vscode-file://vscode-app/usr/share/code/resources/app/out/vs/workbench/workbench.desktop.main.js:513:52570
    at HTMLDivElement.<anonymous> (vscode-file://vscode-app/usr/share/code/resources/app/out/vs/workbench/workbench.desktop.main.js:509:26995)
<1> 
    at lHi._renderFoldingIconForLine (vscode-file://vscode-app/usr/share/code/resources/app/out/vs/workbench/workbench.desktop.main.js:990:79128)
    at lHi (vscode-file://vscode-app/usr/share/code/resources/app/out/vs/workbench/workbench.desktop.main.js:990:78644)
    at vKt._renderChildNode (vscode-file://vscode-app/usr/share/code/resources/app/out/vs/workbench/workbench.desktop.main.js:990:75634)
    at vKt._renderRootNode (vscode-file://vscode-app/usr/share/code/resources/app/out/vs/workbench/workbench.desktop.main.js:990:74134)
    at vKt.setState (vscode-file://vscode-app/usr/share/code/resources/app/out/vs/workbench/workbench.desktop.main.js:990:72258)
    at CC._updateState (vscode-file://vscode-app/usr/share/code/resources/app/out/vs/workbench/workbench.desktop.main.js:990:99833)
    at async CC._renderStickyScroll (vscode-file://vscode-app/usr/share/code/resources/app/out/vs/workbench/workbench.desktop.main.js:990:98667)
<1> 
    at String (<anonymous>)
    at lHi (vscode-file://vscode-app/usr/share/code/resources/app/out/vs/workbench/workbench.desktop.main.js:990:78154)
    at vKt._renderChildNode (vscode-file://vscode-app/usr/share/code/resources/app/out/vs/workbench/workbench.desktop.main.js:990:75634)
    at vKt._renderRootNode (vscode-file://vscode-app/usr/share/code/resources/app/out/vs/workbench/workbench.desktop.main.js:990:74134)
    at vKt.setState (vscode-file://vscode-app/usr/share/code/resources/app/out/vs/workbench/workbench.desktop.main.js:990:72258)
    at CC._updateState (vscode-file://vscode-app/usr/share/code/resources/app/out/vs/workbench/workbench.desktop.main.js:990:99833)
    at async CC._renderStickyScroll (vscode-file://vscode-app/usr/share/code/resources/app/out/vs/workbench/workbench.desktop.main.js:990:98667)
<1> 
    at String (<anonymous>)
    at lHi (vscode-file://vscode-app/usr/share/code/resources/app/out/vs/workbench/workbench.desktop.main.js:990:77907)
    at vKt._renderChildNode (vscode-file://vscode-app/usr/share/code/resources/app/out/vs/workbench/workbench.desktop.main.js:990:75634)
    at vKt._renderRootNode (vscode-file://vscode-app/usr/share/code/resources/app/out/vs/workbench/workbench.desktop.main.js:990:74134)
    at vKt.setState (vscode-file://vscode-app/usr/share/code/resources/app/out/vs/workbench/workbench.desktop.main.js:990:72258)
    at CC._updateState (vscode-file://vscode-app/usr/share/code/resources/app/out/vs/workbench/workbench.desktop.main.js:990:99833)
    at async CC._renderStickyScroll (vscode-file://vscode-app/usr/share/code/resources/app/out/vs/workbench/workbench.desktop.main.js:990:98667)
<1> 
    at _Y.fire (vscode-file://vscode-app/usr/share/code/resources/app/out/vs/workbench/workbench.desktop.main.js:1141:9766)
    at MessagePort.<anonymous> (vscode-file://vscode-app/usr/share/code/resources/app/out/vs/workbench/workbench.desktop.main.js:5662:16883)
<1> 
    at Object.dispose (vscode-file://vscode-app/usr/share/code/resources/app/out/vs/workbench/workbench.desktop.main.js:952:76620)
    at tt (vscode-file://vscode-app/usr/share/code/resources/app/out/vs/workbench/workbench.desktop.main.js:431:747)
    at s.clear (vscode-file://vscode-app/usr/share/code/resources/app/out/vs/workbench/workbench.desktop.main.js:431:1634)
    at sb.onModelChanged (vscode-file://vscode-app/usr/share/code/resources/app/out/vs/workbench/workbench.desktop.main.js:952:75357)
    at iLe.value (vscode-file://vscode-app/usr/share/code/resources/app/out/vs/workbench/workbench.desktop.main.js:952:73426)
    at D._deliver (vscode-file://vscode-app/usr/share/code/resources/app/out/vs/workbench/workbench.desktop.main.js:433:3642)
    at D._deliverQueue (vscode-file://vscode-app/usr/share/code/resources/app/out/vs/workbench/workbench.desktop.main.js:433:3731)
    at D.fire (vscode-file://vscode-app/usr/share/code/resources/app/out/vs/workbench/workbench.desktop.main.js:433:4066)
    at Qs.setModel (vscode-file://vscode-app/usr/share/code/resources/app/out/vs/workbench/workbench.desktop.main.js:712:705)
    at Fee.clearInput (vscode-file://vscode-app/usr/share/code/resources/app/out/vs/workbench/workbench.desktop.main.js:4311:94484)
    at vscode-file://vscode-app/usr/share/code/resources/app/out/vs/workbench/workbench.desktop.main.js:1374:36703
    at bUe.safeRun (vscode-file://vscode-app/usr/share/code/resources/app/out/vs/workbench/workbench.desktop.main.js:1374:37355)
    at bUe.doHideActiveEditorPane (vscode-file://vscode-app/usr/share/code/resources/app/out/vs/workbench/workbench.desktop.main.js:1374:36667)
    at bUe.closeEditor (vscode-file://vscode-app/usr/share/code/resources/app/out/vs/workbench/workbench.desktop.main.js:1374:37032)
    at VS.doCloseActiveEditor (vscode-file://vscode-app/usr/share/code/resources/app/out/vs/workbench/workbench.desktop.main.js:1487:79859)
    at VS.doCloseEditor (vscode-file://vscode-app/usr/share/code/resources/app/out/vs/workbench/workbench.desktop.main.js:1487:79183)
    at VS.doCloseEditorWithConfirmationHandling (vscode-file://vscode-app/usr/share/code/resources/app/out/vs/workbench/workbench.desktop.main.js:1487:79000)
    at async nce.run (vscode-file://vscode-app/usr/share/code/resources/app/out/vs/workbench/workbench.desktop.main.js:1371:7289)
    at async cce.runAction (vscode-file://vscode-app/usr/share/code/resources/app/out/vs/workbench/workbench.desktop.main.js:439:32184)
    at async cce.run (vscode-file://vscode-app/usr/share/code/resources/app/out/vs/workbench/workbench.desktop.main.js:439:32084)
<1> 
    at bPe.markDidDomLayout (vscode-file://vscode-app/usr/share/code/resources/app/out/vs/workbench/workbench.desktop.main.js:519:87510)
    at ive.readHorizontalRanges (vscode-file://vscode-app/usr/share/code/resources/app/out/vs/workbench/workbench.desktop.main.js:511:6636)
    at VRi._actualReadPixelOffset (vscode-file://vscode-app/usr/share/code/resources/app/out/vs/workbench/workbench.desktop.main.js:512:16763)
    at VRi._readPixelOffset (vscode-file://vscode-app/usr/share/code/resources/app/out/vs/workbench/workbench.desktop.main.js:512:16285)
    at VRi.getVisibleRangesForRange (vscode-file://vscode-app/usr/share/code/resources/app/out/vs/workbench/workbench.desktop.main.js:512:15486)
    at s.getVisibleRangesForRange (vscode-file://vscode-app/usr/share/code/resources/app/out/vs/workbench/workbench.desktop.main.js:512:12098)
    at s._visibleRangesForLineRange (vscode-file://vscode-app/usr/share/code/resources/app/out/vs/workbench/workbench.desktop.main.js:519:97137)
    at s.visibleRangeForPosition (vscode-file://vscode-app/usr/share/code/resources/app/out/vs/workbench/workbench.desktop.main.js:519:97430)
    at x0t.visibleRangeForPosition (vscode-file://vscode-app/usr/share/code/resources/app/out/vs/workbench/workbench.desktop.main.js:511:3996)
    at MPe.prepareRender (vscode-file://vscode-app/usr/share/code/resources/app/out/vs/workbench/workbench.desktop.main.js:670:3198)
    at bve.prepareRender (vscode-file://vscode-app/usr/share/code/resources/app/out/vs/workbench/workbench.desktop.main.js:671:2623)
    at Object.prepareRender (vscode-file://vscode-app/usr/share/code/resources/app/out/vs/workbench/workbench.desktop.main.js:671:22802)
    at vscode-file://vscode-app/usr/share/code/resources/app/out/vs/workbench/workbench.desktop.main.js:671:21542
    at poe (vscode-file://vscode-app/usr/share/code/resources/app/out/vs/workbench/workbench.desktop.main.js:671:25975)
    at PPe._flushAccumulatedAndRenderNow (vscode-file://vscode-app/usr/share/code/resources/app/out/vs/workbench/workbench.desktop.main.js:671:21532)
    at PPe.render (vscode-file://vscode-app/usr/share/code/resources/app/out/vs/workbench/workbench.desktop.main.js:671:24285)
    at vscode-file://vscode-app/usr/share/code/resources/app/out/vs/workbench/workbench.desktop.main.js:712:18518
    at vscode-file://vscode-app/usr/share/code/resources/app/out/vs/workbench/workbench.desktop.main.js:710:4754
    at VBt._emitViewEvent (vscode-file://vscode-app/usr/share/code/resources/app/out/vs/workbench/workbench.desktop.main.js:710:4648)
    at vscode-file://vscode-app/usr/share/code/resources/app/out/vs/workbench/workbench.desktop.main.js:710:4550
    at Object.batchChanges (vscode-file://vscode-app/usr/share/code/resources/app/out/vs/workbench/workbench.desktop.main.js:712:19618)
    at VBt._withViewEventsCollector (vscode-file://vscode-app/usr/share/code/resources/app/out/vs/workbench/workbench.desktop.main.js:710:4528)
    at VBt.batchEvents (vscode-file://vscode-app/usr/share/code/resources/app/out/vs/workbench/workbench.desktop.main.js:710:4724)
    at Qs.render (vscode-file://vscode-app/usr/share/code/resources/app/out/vs/workbench/workbench.desktop.main.js:712:18480)
    at Qs.layout (vscode-file://vscode-app/usr/share/code/resources/app/out/vs/workbench/workbench.desktop.main.js:712:14676)
    at Fee.layout (vscode-file://vscode-app/usr/share/code/resources/app/out/vs/workbench/workbench.desktop.main.js:1369:96074)
    at vscode-file://vscode-app/usr/share/code/resources/app/out/vs/workbench/workbench.desktop.main.js:1374:37198
    at bUe.safeRun (vscode-file://vscode-app/usr/share/code/resources/app/out/vs/workbench/workbench.desktop.main.js:1374:37355)
    at bUe.layout (vscode-file://vscode-app/usr/share/code/resources/app/out/vs/workbench/workbench.desktop.main.js:1374:37162)
    at VS.layout (vscode-file://vscode-app/usr/share/code/resources/app/out/vs/workbench/workbench.desktop.main.js:1487:86623)
    at Ay._layout (vscode-file://vscode-app/usr/share/code/resources/app/out/vs/workbench/workbench.desktop.main.js:1362:33586)
    at Ay.layout (vscode-file://vscode-app/usr/share/code/resources/app/out/vs/workbench/workbench.desktop.main.js:1362:33346)
    at ROi.layout (vscode-file://vscode-app/usr/share/code/resources/app/out/vs/workbench/workbench.desktop.main.js:941:61403)
    at im.layoutViews (vscode-file://vscode-app/usr/share/code/resources/app/out/vs/workbench/workbench.desktop.main.js:941:75641)
    at im.relayout (vscode-file://vscode-app/usr/share/code/resources/app/out/vs/workbench/workbench.desktop.main.js:941:73886)
    at im.removeView (vscode-file://vscode-app/usr/share/code/resources/app/out/vs/workbench/workbench.desktop.main.js:941:66001)
    at s.removeChild (vscode-file://vscode-app/usr/share/code/resources/app/out/vs/workbench/workbench.desktop.main.js:1362:25511)
    at s.removeView (vscode-file://vscode-app/usr/share/code/resources/app/out/vs/workbench/workbench.desktop.main.js:1362:37376)
    at s.removeView (vscode-file://vscode-app/usr/share/code/resources/app/out/vs/workbench/workbench.desktop.main.js:1362:47307)
    at _Ue.doRemoveEmptyGroup (vscode-file://vscode-app/usr/share/code/resources/app/out/vs/workbench/workbench.desktop.main.js:1487:115343)
    at _Ue.removeGroup (vscode-file://vscode-app/usr/share/code/resources/app/out/vs/workbench/workbench.desktop.main.js:1487:115006)
    at VS.doCloseActiveEditor (vscode-file://vscode-app/usr/share/code/resources/app/out/vs/workbench/workbench.desktop.main.js:1487:79965)
    at VS.doCloseEditor (vscode-file://vscode-app/usr/share/code/resources/app/out/vs/workbench/workbench.desktop.main.js:1487:79183)
    at VS.doCloseEditorWithConfirmationHandling (vscode-file://vscode-app/usr/share/code/resources/app/out/vs/workbench/workbench.desktop.main.js:1487:79000)
    at async nce.run (vscode-file://vscode-app/usr/share/code/resources/app/out/vs/workbench/workbench.desktop.main.js:1371:7289)
    at async cce.runAction (vscode-file://vscode-app/usr/share/code/resources/app/out/vs/workbench/workbench.desktop.main.js:439:32184)
    at async cce.run (vscode-file://vscode-app/usr/share/code/resources/app/out/vs/workbench/workbench.desktop.main.js:439:32084)
<1> 
    at s.dispose (vscode-file://vscode-app/usr/share/code/resources/app/out/vs/workbench/workbench.desktop.main.js:1010:17356)
    at tt (vscode-file://vscode-app/usr/share/code/resources/app/out/vs/workbench/workbench.desktop.main.js:431:747)
    at s.clear (vscode-file://vscode-app/usr/share/code/resources/app/out/vs/workbench/workbench.desktop.main.js:431:1634)
    at s.dispose (vscode-file://vscode-app/usr/share/code/resources/app/out/vs/workbench/workbench.desktop.main.js:431:1544)
    at LB.dispose (vscode-file://vscode-app/usr/share/code/resources/app/out/vs/workbench/workbench.desktop.main.js:431:2429)
    at tt (vscode-file://vscode-app/usr/share/code/resources/app/out/vs/workbench/workbench.desktop.main.js:431:747)
    at kt.clearAndDisposeAll (vscode-file://vscode-app/usr/share/code/resources/app/out/vs/workbench/workbench.desktop.main.js:431:4179)
    at kt.dispose (vscode-file://vscode-app/usr/share/code/resources/app/out/vs/workbench/workbench.desktop.main.js:431:4113)
    at tt (vscode-file://vscode-app/usr/share/code/resources/app/out/vs/workbench/workbench.desktop.main.js:431:747)
    at s.clear (vscode-file://vscode-app/usr/share/code/resources/app/out/vs/workbench/workbench.desktop.main.js:431:1634)
    at s.dispose (vscode-file://vscode-app/usr/share/code/resources/app/out/vs/workbench/workbench.desktop.main.js:431:1544)
    at RHt.dispose (vscode-file://vscode-app/usr/share/code/resources/app/out/vs/workbench/workbench.desktop.main.js:431:2429)
    at tt (vscode-file://vscode-app/usr/share/code/resources/app/out/vs/workbench/workbench.desktop.main.js:431:747)
    at s.clear (vscode-file://vscode-app/usr/share/code/resources/app/out/vs/workbench/workbench.desktop.main.js:431:1634)
    at s.dispose (vscode-file://vscode-app/usr/share/code/resources/app/out/vs/workbench/workbench.desktop.main.js:431:1544)
    at Qs.dispose (vscode-file://vscode-app/usr/share/code/resources/app/out/vs/workbench/workbench.desktop.main.js:431:2429)
    at Qs.dispose (vscode-file://vscode-app/usr/share/code/resources/app/out/vs/workbench/workbench.desktop.main.js:710:17607)
    at tt (vscode-file://vscode-app/usr/share/code/resources/app/out/vs/workbench/workbench.desktop.main.js:431:747)
    at s.clear (vscode-file://vscode-app/usr/share/code/resources/app/out/vs/workbench/workbench.desktop.main.js:431:1634)
    at s.dispose (vscode-file://vscode-app/usr/share/code/resources/app/out/vs/workbench/workbench.desktop.main.js:431:1544)
    at Fee.dispose (vscode-file://vscode-app/usr/share/code/resources/app/out/vs/workbench/workbench.desktop.main.js:431:2429)
    at Fee.dispose (vscode-file://vscode-app/usr/share/code/resources/app/out/vs/workbench/workbench.desktop.main.js:1100:51532)
    at Fee.dispose (vscode-file://vscode-app/usr/share/code/resources/app/out/vs/workbench/workbench.desktop.main.js:1100:60965)
    at tt (vscode-file://vscode-app/usr/share/code/resources/app/out/vs/workbench/workbench.desktop.main.js:431:747)
    at s.clear (vscode-file://vscode-app/usr/share/code/resources/app/out/vs/workbench/workbench.desktop.main.js:431:1634)
    at s.dispose (vscode-file://vscode-app/usr/share/code/resources/app/out/vs/workbench/workbench.desktop.main.js:431:1544)
    at bUe.dispose (vscode-file://vscode-app/usr/share/code/resources/app/out/vs/workbench/workbench.desktop.main.js:431:2429)
    at tt (vscode-file://vscode-app/usr/share/code/resources/app/out/vs/workbench/workbench.desktop.main.js:431:747)
    at s.clear (vscode-file://vscode-app/usr/share/code/resources/app/out/vs/workbench/workbench.desktop.main.js:431:1634)
    at s.dispose (vscode-file://vscode-app/usr/share/code/resources/app/out/vs/workbench/workbench.desktop.main.js:431:1544)
    at VS.dispose (vscode-file://vscode-app/usr/share/code/resources/app/out/vs/workbench/workbench.desktop.main.js:431:2429)
    at VS.dispose (vscode-file://vscode-app/usr/share/code/resources/app/out/vs/workbench/workbench.desktop.main.js:1487:87090)
    at _Ue.doRemoveEmptyGroup (vscode-file://vscode-app/usr/share/code/resources/app/out/vs/workbench/workbench.desktop.main.js:1487:115386)
    at _Ue.removeGroup (vscode-file://vscode-app/usr/share/code/resources/app/out/vs/workbench/workbench.desktop.main.js:1487:115006)
    at VS.doCloseActiveEditor (vscode-file://vscode-app/usr/share/code/resources/app/out/vs/workbench/workbench.desktop.main.js:1487:79965)
    at VS.doCloseEditor (vscode-file://vscode-app/usr/share/code/resources/app/out/vs/workbench/workbench.desktop.main.js:1487:79183)
    at VS.doCloseEditorWithConfirmationHandling (vscode-file://vscode-app/usr/share/code/resources/app/out/vs/workbench/workbench.desktop.main.js:1487:79000)
    at async nce.run (vscode-file://vscode-app/usr/share/code/resources/app/out/vs/workbench/workbench.desktop.main.js:1371:7289)
    at async cce.runAction (vscode-file://vscode-app/usr/share/code/resources/app/out/vs/workbench/workbench.desktop.main.js:439:32184)
    at async cce.run (vscode-file://vscode-app/usr/share/code/resources/app/out/vs/workbench/workbench.desktop.main.js:439:32084)
<1> 
    at Object.create (<anonymous>)
    at new Nh (vscode-file://vscode-app/usr/share/code/resources/app/out/vs/workbench/workbench.desktop.main.js:698:37453)
    at s._createInstance (vscode-file://vscode-app/usr/share/code/resources/app/out/vs/workbench/workbench.desktop.main.js:2293:2000)
    at s.createInstance (vscode-file://vscode-app/usr/share/code/resources/app/out/vs/workbench/workbench.desktop.main.js:2293:1440)
    at jft._createModelData (vscode-file://vscode-app/usr/share/code/resources/app/out/vs/workbench/workbench.desktop.main.js:2003:2490)
    at jft.createModel (vscode-file://vscode-app/usr/share/code/resources/app/out/vs/workbench/workbench.desktop.main.js:2004:898)
    at XV.doCreateTextEditorModel (vscode-file://vscode-app/usr/share/code/resources/app/out/vs/workbench/workbench.desktop.main.js:1106:14333)
    at XV.createTextEditorModel (vscode-file://vscode-app/usr/share/code/resources/app/out/vs/workbench/workbench.desktop.main.js:1106:14159)
    at XV.doCreateTextModel (vscode-file://vscode-app/usr/share/code/resources/app/out/vs/workbench/workbench.desktop.main.js:1979:17962)
    at XV.resolveFromContent (vscode-file://vscode-app/usr/share/code/resources/app/out/vs/workbench/workbench.desktop.main.js:1979:17799)
    at XV.resolveFromFile (vscode-file://vscode-app/usr/share/code/resources/app/out/vs/workbench/workbench.desktop.main.js:1979:16901)
    at async XV.resolve (vscode-file://vscode-app/usr/share/code/resources/app/out/vs/workbench/workbench.desktop.main.js:1979:14774)
    at async EZe.doResolve (vscode-file://vscode-app/usr/share/code/resources/app/out/vs/workbench/workbench.desktop.main.js:5611:9016)
    at async Fw.doResolveAsText (vscode-file://vscode-app/usr/share/code/resources/app/out/vs/workbench/workbench.desktop.main.js:2874:20247)
    at async Fee.setInput (vscode-file://vscode-app/usr/share/code/resources/app/out/vs/workbench/workbench.desktop.main.js:4311:92179)
    at async bUe.doSetInput (vscode-file://vscode-app/usr/share/code/resources/app/out/vs/workbench/workbench.desktop.main.js:1374:36391)
    at async bUe.doOpenEditor (vscode-file://vscode-app/usr/share/code/resources/app/out/vs/workbench/workbench.desktop.main.js:1374:34177)
    at async bUe.openEditor (vscode-file://vscode-app/usr/share/code/resources/app/out/vs/workbench/workbench.desktop.main.js:1374:33125)
    at async vscode-file://vscode-app/usr/share/code/resources/app/out/vs/workbench/workbench.desktop.main.js:1487:76407
    at async iLe.value (vscode-file://vscode-app/usr/share/code/resources/app/out/vs/workbench/workbench.desktop.main.js:2924:88034)
<1> 
    at Ast (vscode-file://vscode-app/usr/share/code/resources/app/out/vs/workbench/workbench.desktop.main.js:941:34658)
    at iLe.value (vscode-file://vscode-app/usr/share/code/resources/app/out/vs/workbench/workbench.desktop.main.js:941:36985)
    at hy._deliver (vscode-file://vscode-app/usr/share/code/resources/app/out/vs/workbench/workbench.desktop.main.js:433:3642)
    at hy._deliverQueue (vscode-file://vscode-app/usr/share/code/resources/app/out/vs/workbench/workbench.desktop.main.js:433:3731)
    at hy.fire (vscode-file://vscode-app/usr/share/code/resources/app/out/vs/workbench/workbench.desktop.main.js:433:4066)
    at hy.fire (vscode-file://vscode-app/usr/share/code/resources/app/out/vs/workbench/workbench.desktop.main.js:712:26339)
    at i.onMouseMove (vscode-file://vscode-app/usr/share/code/resources/app/out/vs/workbench/workbench.desktop.main.js:712:23418)
    at s.emitMouseMove (vscode-file://vscode-app/usr/share/code/resources/app/out/vs/workbench/workbench.desktop.main.js:519:34630)
    at s.emitMouseMove (vscode-file://vscode-app/usr/share/code/resources/app/out/vs/workbench/workbench.desktop.main.js:519:22902)
    at uLi._onMouseMove (vscode-file://vscode-app/usr/share/code/resources/app/out/vs/workbench/workbench.desktop.main.js:513:55548)
    at vscode-file://vscode-app/usr/share/code/resources/app/out/vs/workbench/workbench.desktop.main.js:513:52570
    at HTMLDivElement.<anonymous> (vscode-file://vscode-app/usr/share/code/resources/app/out/vs/workbench/workbench.desktop.main.js:509:26995)
<1> 
    at Object.entries (<anonymous>)
    at Ro (vscode-file://vscode-app/usr/share/code/resources/app/out/vs/workbench/workbench.desktop.main.js:442:16260)
    at vscode-file://vscode-app/usr/share/code/resources/app/out/vs/workbench/workbench.desktop.main.js:442:16316
    at Array.forEach (<anonymous>)
    at Ro (vscode-file://vscode-app/usr/share/code/resources/app/out/vs/workbench/workbench.desktop.main.js:442:16271)
    at vscode-file://vscode-app/usr/share/code/resources/app/out/vs/workbench/workbench.desktop.main.js:442:16316
    at Array.forEach (<anonymous>)
    at Ro (vscode-file://vscode-app/usr/share/code/resources/app/out/vs/workbench/workbench.desktop.main.js:442:16271)
    at s.merge (vscode-file://vscode-app/usr/share/code/resources/app/out/vs/workbench/workbench.desktop.main.js:5604:14073)
    at $Lt.getConsolidatedConfigurationModel (vscode-file://vscode-app/usr/share/code/resources/app/out/vs/workbench/workbench.desktop.main.js:5604:30453)
    at $Lt.getValue (vscode-file://vscode-app/usr/share/code/resources/app/out/vs/workbench/workbench.desktop.main.js:5604:24879)
    at $Lt.getValue (vscode-file://vscode-app/usr/share/code/resources/app/out/vs/workbench/workbench.desktop.main.js:5606:1644)
    at Gwi.getValue (vscode-file://vscode-app/usr/share/code/resources/app/out/vs/workbench/workbench.desktop.main.js:5606:42376)
    at G1e._getValue (vscode-file://vscode-app/usr/share/code/resources/app/out/vs/workbench/workbench.desktop.main.js:2262:80002)
    at G1e.getValue (vscode-file://vscode-app/usr/share/code/resources/app/out/vs/workbench/workbench.desktop.main.js:2262:79144)
    at Fee.updateEditorConfiguration (vscode-file://vscode-app/usr/share/code/resources/app/out/vs/workbench/workbench.desktop.main.js:1100:60552)
    at Fee.setInput (vscode-file://vscode-app/usr/share/code/resources/app/out/vs/workbench/workbench.desktop.main.js:1100:59758)
    at async Fee.setInput (vscode-file://vscode-app/usr/share/code/resources/app/out/vs/workbench/workbench.desktop.main.js:4311:92139)
    at async bUe.doSetInput (vscode-file://vscode-app/usr/share/code/resources/app/out/vs/workbench/workbench.desktop.main.js:1374:36391)
    at async bUe.doOpenEditor (vscode-file://vscode-app/usr/share/code/resources/app/out/vs/workbench/workbench.desktop.main.js:1374:34177)
    at async bUe.openEditor (vscode-file://vscode-app/usr/share/code/resources/app/out/vs/workbench/workbench.desktop.main.js:1374:33125)
    at async vscode-file://vscode-app/usr/share/code/resources/app/out/vs/workbench/workbench.desktop.main.js:1487:76407
<1> 
    at vscode-file://vscode-app/usr/share/code/resources/app/node_modules.asar.unpacked/vscode-oniguruma/release/onig.wasm:wasm-function[198]:0x24fe2
    at u._findNextMatchSync (vscode-file://vscode-app/usr/share/code/resources/app/node_modules.asar/vscode-oniguruma/release/main.js:1:3646)
    at u.findNextMatchSync (vscode-file://vscode-app/usr/share/code/resources/app/node_modules.asar/vscode-oniguruma/release/main.js:1:3451)
    at g.findNextMatchSync (vscode-file://vscode-app/usr/share/code/resources/app/node_modules.asar/vscode-textmate/release/main.js:1:51307)
    at vscode-file://vscode-app/usr/share/code/resources/app/node_modules.asar/vscode-textmate/release/main.js:1:22180
    at vscode-file://vscode-app/usr/share/code/resources/app/node_modules.asar/vscode-textmate/release/main.js:1:22624
    at k (vscode-file://vscode-app/usr/share/code/resources/app/node_modules.asar/vscode-textmate/release/main.js:1:23425)
    at Object.c [as _tokenizeString] (vscode-file://vscode-app/usr/share/code/resources/app/node_modules.asar/vscode-textmate/release/main.js:1:21819)
    at m._tokenize (vscode-file://vscode-app/usr/share/code/resources/app/node_modules.asar/vscode-textmate/release/main.js:1:7948)
    at m.tokenizeLine2 (vscode-file://vscode-app/usr/share/code/resources/app/node_modules.asar/vscode-textmate/release/main.js:1:6981)
    at Lei.tokenizeEncoded (vscode-file://vscode-app/usr/share/code/resources/app/out/vs/workbench/workbench.desktop.main.js:2066:139097)
    at Mei.tokenizeEncoded (vscode-file://vscode-app/usr/share/code/resources/app/out/vs/workbench/workbench.desktop.main.js:2066:140152)
    at Qnt (vscode-file://vscode-app/usr/share/code/resources/app/out/vs/workbench/workbench.desktop.main.js:696:27796)
    at ZHt.updateTokensUntilLine (vscode-file://vscode-app/usr/share/code/resources/app/out/vs/workbench/workbench.desktop.main.js:696:22359)
    at nBt.forceTokenization (vscode-file://vscode-app/usr/share/code/resources/app/out/vs/workbench/workbench.desktop.main.js:698:26945)
    at nBt.tokenizeIfCheap (vscode-file://vscode-app/usr/share/code/resources/app/out/vs/workbench/workbench.desktop.main.js:694:3911)
    at c9.tokenizeIfCheap (vscode-file://vscode-app/usr/share/code/resources/app/out/vs/workbench/workbench.desktop.main.js:698:31631)
    at mpo._isPositionInComment (vscode-file://vscode-app/usr/share/code/resources/app/out/vs/workbench/workbench.desktop.main.js:4313:55568)
    at mpo.updateCursorPosition (vscode-file://vscode-app/usr/share/code/resources/app/out/vs/workbench/workbench.desktop.main.js:4313:54274)
    at V1._runFn (vscode-file://vscode-app/usr/share/code/resources/app/out/vs/workbench/workbench.desktop.main.js:4313:57132)
    at V1._run (vscode-file://vscode-app/usr/share/code/resources/app/out/vs/workbench/workbench.desktop.main.js:435:6694)
    at V1.endUpdate (vscode-file://vscode-app/usr/share/code/resources/app/out/vs/workbench/workbench.desktop.main.js:435:7326)
    at ry.endUpdate (vscode-file://vscode-app/usr/share/code/resources/app/out/vs/workbench/workbench.desktop.main.js:435:14173)
    at _Nt._endUpdate (vscode-file://vscode-app/usr/share/code/resources/app/out/vs/workbench/workbench.desktop.main.js:435:4333)
    at Object.endUpdate (vscode-file://vscode-app/usr/share/code/resources/app/out/vs/workbench/workbench.desktop.main.js:435:4863)
    at SH.finish (vscode-file://vscode-app/usr/share/code/resources/app/out/vs/workbench/workbench.desktop.main.js:434:110883)
    at s._endUpdate (vscode-file://vscode-app/usr/share/code/resources/app/out/vs/workbench/workbench.desktop.main.js:937:32236)
    at iLe.value (vscode-file://vscode-app/usr/share/code/resources/app/out/vs/workbench/workbench.desktop.main.js:937:30774)
    at D._deliver (vscode-file://vscode-app/usr/share/code/resources/app/out/vs/workbench/workbench.desktop.main.js:433:3642)
    at D.fire (vscode-file://vscode-app/usr/share/code/resources/app/out/vs/workbench/workbench.desktop.main.js:433:3961)
    at Qs._endUpdate (vscode-file://vscode-app/usr/share/code/resources/app/out/vs/workbench/workbench.desktop.main.js:712:25309)
    at Object.batchChanges (vscode-file://vscode-app/usr/share/code/resources/app/out/vs/workbench/workbench.desktop.main.js:712:19635)
    at VBt._withViewEventsCollector (vscode-file://vscode-app/usr/share/code/resources/app/out/vs/workbench/workbench.desktop.main.js:710:4528)
    at VBt._executeCursorEdit (vscode-file://vscode-app/usr/share/code/resources/app/out/vs/workbench/workbench.desktop.main.js:710:2873)
    at VBt.executeCommands (vscode-file://vscode-app/usr/share/code/resources/app/out/vs/workbench/workbench.desktop.main.js:710:3546)
    at Qs.executeCommands (vscode-file://vscode-app/usr/share/code/resources/app/out/vs/workbench/workbench.desktop.main.js:712:11636)
    at s.runCoreEditingCommand (vscode-file://vscode-app/usr/share/code/resources/app/out/vs/workbench/workbench.desktop.main.js:476:41367)
    at s.runEditorCommand (vscode-file://vscode-app/usr/share/code/resources/app/out/vs/workbench/workbench.desktop.main.js:476:39832)
    at vscode-file://vscode-app/usr/share/code/resources/app/out/vs/workbench/workbench.desktop.main.js:442:11308
    at vscode-file://vscode-app/usr/share/code/resources/app/out/vs/workbench/workbench.desktop.main.js:442:11219
    at s.invokeFunction (vscode-file://vscode-app/usr/share/code/resources/app/out/vs/workbench/workbench.desktop.main.js:2293:944)
    at Qs.invokeWithinContext (vscode-file://vscode-app/usr/share/code/resources/app/out/vs/workbench/workbench.desktop.main.js:710:17674)
    at s.runEditorCommand (vscode-file://vscode-app/usr/share/code/resources/app/out/vs/workbench/workbench.desktop.main.js:442:11144)
    at s.runCommand (vscode-file://vscode-app/usr/share/code/resources/app/out/vs/workbench/workbench.desktop.main.js:442:11255)
    at handler (vscode-file://vscode-app/usr/share/code/resources/app/out/vs/workbench/workbench.desktop.main.js:442:9618)
    at s.invokeFunction (vscode-file://vscode-app/usr/share/code/resources/app/out/vs/workbench/workbench.desktop.main.js:2293:944)
    at Qft._tryExecuteCommand (vscode-file://vscode-app/usr/share/code/resources/app/out/vs/workbench/workbench.desktop.main.js:2004:4962)
    at Qft.executeCommand (vscode-file://vscode-app/usr/share/code/resources/app/out/vs/workbench/workbench.desktop.main.js:2004:4376)
    at kX._doDispatch (vscode-file://vscode-app/usr/share/code/resources/app/out/vs/workbench/workbench.desktop.main.js:1982:16975)
    at kX._dispatch (vscode-file://vscode-app/usr/share/code/resources/app/out/vs/workbench/workbench.desktop.main.js:1982:13855)
    at vscode-file://vscode-app/usr/share/code/resources/app/out/vs/workbench/workbench.desktop.main.js:1983:3124
<1> 
    at QAt.getPositionOfChildWindowRelativeToAncestorWindow (vscode-file://vscode-app/usr/share/code/resources/app/out/vs/workbench/workbench.desktop.main.js:433:28108)
    at new jn (vscode-file://vscode-app/usr/share/code/resources/app/out/vs/workbench/workbench.desktop.main.js:433:29388)
    at HTMLDivElement.<anonymous> (vscode-file://vscode-app/usr/share/code/resources/app/out/vs/workbench/workbench.desktop.main.js:513:20158)
<1> 
    at bPe.markDidDomLayout (vscode-file://vscode-app/usr/share/code/resources/app/out/vs/workbench/workbench.desktop.main.js:519:87510)
    at ive.readHorizontalRanges (vscode-file://vscode-app/usr/share/code/resources/app/out/vs/workbench/workbench.desktop.main.js:511:6636)
    at VRi._actualReadPixelOffset (vscode-file://vscode-app/usr/share/code/resources/app/out/vs/workbench/workbench.desktop.main.js:512:16763)
    at VRi._readPixelOffset (vscode-file://vscode-app/usr/share/code/resources/app/out/vs/workbench/workbench.desktop.main.js:512:16285)
    at VRi.getVisibleRangesForRange (vscode-file://vscode-app/usr/share/code/resources/app/out/vs/workbench/workbench.desktop.main.js:512:15486)
    at s.getVisibleRangesForRange (vscode-file://vscode-app/usr/share/code/resources/app/out/vs/workbench/workbench.desktop.main.js:512:12098)
    at s._visibleRangesForLineRange (vscode-file://vscode-app/usr/share/code/resources/app/out/vs/workbench/workbench.desktop.main.js:519:97137)
    at s._computeScrollLeftToReveal (vscode-file://vscode-app/usr/share/code/resources/app/out/vs/workbench/workbench.desktop.main.js:519:101851)
    at s.renderText (vscode-file://vscode-app/usr/share/code/resources/app/out/vs/workbench/workbench.desktop.main.js:519:99233)
    at Object.renderText (vscode-file://vscode-app/usr/share/code/resources/app/out/vs/workbench/workbench.desktop.main.js:671:22511)
    at Object.renderText (vscode-file://vscode-app/usr/share/code/resources/app/out/vs/workbench/workbench.desktop.main.js:671:21174)
    at vscode-file://vscode-app/usr/share/code/resources/app/out/vs/workbench/workbench.desktop.main.js:671:26949
    at poe (vscode-file://vscode-app/usr/share/code/resources/app/out/vs/workbench/workbench.desktop.main.js:671:25975)
    at s._onRenderScheduled (vscode-file://vscode-app/usr/share/code/resources/app/out/vs/workbench/workbench.desktop.main.js:671:26939)
    at Zit.e [as _runner] (vscode-file://vscode-app/usr/share/code/resources/app/out/vs/workbench/workbench.desktop.main.js:671:26596)
    at Zit.execute (vscode-file://vscode-app/usr/share/code/resources/app/out/vs/workbench/workbench.desktop.main.js:439:3975)
    at i (vscode-file://vscode-app/usr/share/code/resources/app/out/vs/workbench/workbench.desktop.main.js:439:4220)
    at vscode-file://vscode-app/usr/share/code/resources/app/out/vs/workbench/workbench.desktop.main.js:439:4385
<1> 
    at poe (vscode-file://vscode-app/usr/share/code/resources/app/out/vs/workbench/workbench.desktop.main.js:671:25960)
    at PPe._flushAccumulatedAndRenderNow (vscode-file://vscode-app/usr/share/code/resources/app/out/vs/workbench/workbench.desktop.main.js:671:21433)
    at Object.getLineWidth (vscode-file://vscode-app/usr/share/code/resources/app/out/vs/workbench/workbench.desktop.main.js:671:18721)
    at s.getLineWidth (vscode-file://vscode-app/usr/share/code/resources/app/out/vs/workbench/workbench.desktop.main.js:512:22810)
    at s._hitTestViewLines (vscode-file://vscode-app/usr/share/code/resources/app/out/vs/workbench/workbench.desktop.main.js:513:5522)
    at s._createMouseTarget (vscode-file://vscode-app/usr/share/code/resources/app/out/vs/workbench/workbench.desktop.main.js:513:2613)
    at s.createMouseTarget (vscode-file://vscode-app/usr/share/code/resources/app/out/vs/workbench/workbench.desktop.main.js:513:1828)
    at uLi._createMouseTarget (vscode-file://vscode-app/usr/share/code/resources/app/out/vs/workbench/workbench.desktop.main.js:513:55089)
    at uLi._onMouseMove (vscode-file://vscode-app/usr/share/code/resources/app/out/vs/workbench/workbench.desktop.main.js:513:55583)
    at vscode-file://vscode-app/usr/share/code/resources/app/out/vs/workbench/workbench.desktop.main.js:513:52570
    at HTMLDivElement.<anonymous> (vscode-file://vscode-app/usr/share/code/resources/app/out/vs/workbench/workbench.desktop.main.js:509:26995)
<1> 
    at Array.push (<anonymous>)
    at s.insert (vscode-file://vscode-app/usr/share/code/resources/app/out/vs/workbench/workbench.desktop.main.js:511:12692)
    at L0t.normalize (vscode-file://vscode-app/usr/share/code/resources/app/out/vs/workbench/workbench.desktop.main.js:511:13219)
    at xFn (vscode-file://vscode-app/usr/share/code/resources/app/out/vs/workbench/workbench.desktop.main.js:512:4731)
    at SFn (vscode-file://vscode-app/usr/share/code/resources/app/out/vs/workbench/workbench.desktop.main.js:512:1393)
    at az (vscode-file://vscode-app/usr/share/code/resources/app/out/vs/workbench/workbench.desktop.main.js:512:98)
    at s.renderLine (vscode-file://vscode-app/usr/share/code/resources/app/out/vs/workbench/workbench.desktop.main.js:512:10383)
    at s._finishRendering (vscode-file://vscode-app/usr/share/code/resources/app/out/vs/workbench/workbench.desktop.main.js:519:30040)
    at s.render (vscode-file://vscode-app/usr/share/code/resources/app/out/vs/workbench/workbench.desktop.main.js:519:28601)
    at cPe.renderLines (vscode-file://vscode-app/usr/share/code/resources/app/out/vs/workbench/workbench.desktop.main.js:519:27203)
    at s.renderText (vscode-file://vscode-app/usr/share/code/resources/app/out/vs/workbench/workbench.desktop.main.js:519:98805)
    at Object.renderText (vscode-file://vscode-app/usr/share/code/resources/app/out/vs/workbench/workbench.desktop.main.js:671:22511)
    at Object.renderText (vscode-file://vscode-app/usr/share/code/resources/app/out/vs/workbench/workbench.desktop.main.js:671:21174)
    at vscode-file://vscode-app/usr/share/code/resources/app/out/vs/workbench/workbench.desktop.main.js:671:26949
    at poe (vscode-file://vscode-app/usr/share/code/resources/app/out/vs/workbench/workbench.desktop.main.js:671:25975)
    at s._onRenderScheduled (vscode-file://vscode-app/usr/share/code/resources/app/out/vs/workbench/workbench.desktop.main.js:671:26939)
    at Zit.e [as _runner] (vscode-file://vscode-app/usr/share/code/resources/app/out/vs/workbench/workbench.desktop.main.js:671:26596)
    at Zit.execute (vscode-file://vscode-app/usr/share/code/resources/app/out/vs/workbench/workbench.desktop.main.js:439:3975)
    at i (vscode-file://vscode-app/usr/share/code/resources/app/out/vs/workbench/workbench.desktop.main.js:439:4220)
    at vscode-file://vscode-app/usr/share/code/resources/app/out/vs/workbench/workbench.desktop.main.js:439:4385
<1> 
    at new Nh (vscode-file://vscode-app/usr/share/code/resources/app/out/vs/workbench/workbench.desktop.main.js:698:35068)
    at s._createInstance (vscode-file://vscode-app/usr/share/code/resources/app/out/vs/workbench/workbench.desktop.main.js:2293:2000)
    at s.createInstance (vscode-file://vscode-app/usr/share/code/resources/app/out/vs/workbench/workbench.desktop.main.js:2293:1440)
    at jft._createModelData (vscode-file://vscode-app/usr/share/code/resources/app/out/vs/workbench/workbench.desktop.main.js:2003:2490)
    at jft.createModel (vscode-file://vscode-app/usr/share/code/resources/app/out/vs/workbench/workbench.desktop.main.js:2004:898)
    at tqi.provideTextContent (vscode-file://vscode-app/usr/share/code/resources/app/out/vs/workbench/workbench.desktop.main.js:1150:801)
    at zft.ensureResolvedTextModelContent (vscode-file://vscode-app/usr/share/code/resources/app/out/vs/workbench/workbench.desktop.main.js:1979:29465)
    at zft.doCreateReferencedObject (vscode-file://vscode-app/usr/share/code/resources/app/out/vs/workbench/workbench.desktop.main.js:1979:28216)
    at zft.createReferencedObject (vscode-file://vscode-app/usr/share/code/resources/app/out/vs/workbench/workbench.desktop.main.js:1979:27728)
    at zft.acquire (vscode-file://vscode-app/usr/share/code/resources/app/out/vs/workbench/workbench.desktop.main.js:431:3513)
    at jRe.acquire (vscode-file://vscode-app/usr/share/code/resources/app/out/vs/workbench/workbench.desktop.main.js:431:3832)
    at Kft.createModelReference (vscode-file://vscode-app/usr/share/code/resources/app/out/vs/workbench/workbench.desktop.main.js:1979:30381)
    at vQt.$registerSourceControl (vscode-file://vscode-app/usr/share/code/resources/app/out/vs/workbench/workbench.desktop.main.js:1150:11355)
    at s._doInvokeHandler (vscode-file://vscode-app/usr/share/code/resources/app/out/vs/workbench/workbench.desktop.main.js:5647:51942)
    at s._invokeHandler (vscode-file://vscode-app/usr/share/code/resources/app/out/vs/workbench/workbench.desktop.main.js:5647:51688)
    at s._receiveRequest (vscode-file://vscode-app/usr/share/code/resources/app/out/vs/workbench/workbench.desktop.main.js:5647:50428)
    at s._receiveOneMessage (vscode-file://vscode-app/usr/share/code/resources/app/out/vs/workbench/workbench.desktop.main.js:5647:49438)
    at iLe.value (vscode-file://vscode-app/usr/share/code/resources/app/out/vs/workbench/workbench.desktop.main.js:5647:47334)
    at D._deliver (vscode-file://vscode-app/usr/share/code/resources/app/out/vs/workbench/workbench.desktop.main.js:433:3642)
    at D.fire (vscode-file://vscode-app/usr/share/code/resources/app/out/vs/workbench/workbench.desktop.main.js:433:3961)
    at _Y.fire (vscode-file://vscode-app/usr/share/code/resources/app/out/vs/workbench/workbench.desktop.main.js:1141:9866)
    at MessagePort.<anonymous> (vscode-file://vscode-app/usr/share/code/resources/app/out/vs/workbench/workbench.desktop.main.js:5662:16883)
<1> 
    at i9e.onDidAddViewDescriptors (vscode-file://vscode-app/usr/share/code/resources/app/out/vs/workbench/workbench.desktop.main.js:1221:19015)
    at iLe.value (vscode-file://vscode-app/usr/share/code/resources/app/out/vs/workbench/workbench.desktop.main.js:1221:14603)
    at D._deliver (vscode-file://vscode-app/usr/share/code/resources/app/out/vs/workbench/workbench.desktop.main.js:433:3642)
    at D._deliverQueue (vscode-file://vscode-app/usr/share/code/resources/app/out/vs/workbench/workbench.desktop.main.js:433:3731)
    at D.fire (vscode-file://vscode-app/usr/share/code/resources/app/out/vs/workbench/workbench.desktop.main.js:433:4066)
    at I1e.broadCastAddedVisibleViewDescriptors (vscode-file://vscode-app/usr/share/code/resources/app/out/vs/workbench/workbench.desktop.main.js:2065:92300)
    at I1e.onDidChangeContext (vscode-file://vscode-app/usr/share/code/resources/app/out/vs/workbench/workbench.desktop.main.js:2065:92172)
    at iLe.value (vscode-file://vscode-app/usr/share/code/resources/app/out/vs/workbench/workbench.desktop.main.js:2065:84935)
    at D._deliver (vscode-file://vscode-app/usr/share/code/resources/app/out/vs/workbench/workbench.desktop.main.js:433:3642)
    at D.fire (vscode-file://vscode-app/usr/share/code/resources/app/out/vs/workbench/workbench.desktop.main.js:433:3961)
    at iLe.value (vscode-file://vscode-app/usr/share/code/resources/app/out/vs/workbench/workbench.desktop.main.js:431:11810)
    at Tg._deliver (vscode-file://vscode-app/usr/share/code/resources/app/out/vs/workbench/workbench.desktop.main.js:433:3642)
    at Tg._deliverQueue (vscode-file://vscode-app/usr/share/code/resources/app/out/vs/workbench/workbench.desktop.main.js:433:3731)
    at Tg.fire (vscode-file://vscode-app/usr/share/code/resources/app/out/vs/workbench/workbench.desktop.main.js:433:4066)
    at Tg.fire (vscode-file://vscode-app/usr/share/code/resources/app/out/vs/workbench/workbench.desktop.main.js:433:5437)
    at z1e.setContext (vscode-file://vscode-app/usr/share/code/resources/app/out/vs/workbench/workbench.desktop.main.js:2262:73925)
    at E6i.set (vscode-file://vscode-app/usr/share/code/resources/app/out/vs/workbench/workbench.desktop.main.js:2262:71964)
    at p9e.registerSCMProvider (vscode-file://vscode-app/usr/share/code/resources/app/out/vs/workbench/workbench.desktop.main.js:4356:14481)
    at vQt.$registerSourceControl (vscode-file://vscode-app/usr/share/code/resources/app/out/vs/workbench/workbench.desktop.main.js:1150:11566)
<1> 
    at new d1 (vscode-file://vscode-app/usr/share/code/resources/app/out/vs/workbench/workbench.desktop.main.js:4323:15259)
    at s._createInstance (vscode-file://vscode-app/usr/share/code/resources/app/out/vs/workbench/workbench.desktop.main.js:2293:2000)
    at s.createInstance (vscode-file://vscode-app/usr/share/code/resources/app/out/vs/workbench/workbench.desktop.main.js:2293:1440)
    at c9e.createTree (vscode-file://vscode-app/usr/share/code/resources/app/out/vs/workbench/workbench.desktop.main.js:4323:104506)
    at c9e.renderBody (vscode-file://vscode-app/usr/share/code/resources/app/out/vs/workbench/workbench.desktop.main.js:4323:102707)
    at c9e.render (vscode-file://vscode-app/usr/share/code/resources/app/out/vs/workbench/workbench.desktop.main.js:1153:51906)
    at c9e.render (vscode-file://vscode-app/usr/share/code/resources/app/out/vs/workbench/workbench.desktop.main.js:1154:3947)
    at i9e.onDidAddViewDescriptors (vscode-file://vscode-app/usr/share/code/resources/app/out/vs/workbench/workbench.desktop.main.js:1221:19248)
    at iLe.value (vscode-file://vscode-app/usr/share/code/resources/app/out/vs/workbench/workbench.desktop.main.js:1221:14603)
    at D._deliver (vscode-file://vscode-app/usr/share/code/resources/app/out/vs/workbench/workbench.desktop.main.js:433:3642)
    at D._deliverQueue (vscode-file://vscode-app/usr/share/code/resources/app/out/vs/workbench/workbench.desktop.main.js:433:3731)
    at D.fire (vscode-file://vscode-app/usr/share/code/resources/app/out/vs/workbench/workbench.desktop.main.js:433:4066)
    at I1e.broadCastAddedVisibleViewDescriptors (vscode-file://vscode-app/usr/share/code/resources/app/out/vs/workbench/workbench.desktop.main.js:2065:92300)
    at I1e.onDidChangeContext (vscode-file://vscode-app/usr/share/code/resources/app/out/vs/workbench/workbench.desktop.main.js:2065:92172)
    at iLe.value (vscode-file://vscode-app/usr/share/code/resources/app/out/vs/workbench/workbench.desktop.main.js:2065:84935)
    at D._deliver (vscode-file://vscode-app/usr/share/code/resources/app/out/vs/workbench/workbench.desktop.main.js:433:3642)
    at D.fire (vscode-file://vscode-app/usr/share/code/resources/app/out/vs/workbench/workbench.desktop.main.js:433:3961)
    at iLe.value (vscode-file://vscode-app/usr/share/code/resources/app/out/vs/workbench/workbench.desktop.main.js:431:11810)
    at Tg._deliver (vscode-file://vscode-app/usr/share/code/resources/app/out/vs/workbench/workbench.desktop.main.js:433:3642)
    at Tg._deliverQueue (vscode-file://vscode-app/usr/share/code/resources/app/out/vs/workbench/workbench.desktop.main.js:433:3731)
    at Tg.fire (vscode-file://vscode-app/usr/share/code/resources/app/out/vs/workbench/workbench.desktop.main.js:433:4066)
    at Tg.fire (vscode-file://vscode-app/usr/share/code/resources/app/out/vs/workbench/workbench.desktop.main.js:433:5437)
    at z1e.setContext (vscode-file://vscode-app/usr/share/code/resources/app/out/vs/workbench/workbench.desktop.main.js:2262:73925)
    at E6i.set (vscode-file://vscode-app/usr/share/code/resources/app/out/vs/workbench/workbench.desktop.main.js:2262:71964)
    at p9e.registerSCMProvider (vscode-file://vscode-app/usr/share/code/resources/app/out/vs/workbench/workbench.desktop.main.js:4356:14481)
    at vQt.$registerSourceControl (vscode-file://vscode-app/usr/share/code/resources/app/out/vs/workbench/workbench.desktop.main.js:1150:11566)
<1> 
    at IC.style (vscode-file://vscode-app/usr/share/code/resources/app/out/vs/workbench/workbench.desktop.main.js:946:33464)
    at F9.updateStyleOverrides (vscode-file://vscode-app/usr/share/code/resources/app/out/vs/workbench/workbench.desktop.main.js:946:71082)
    at new F9 (vscode-file://vscode-app/usr/share/code/resources/app/out/vs/workbench/workbench.desktop.main.js:946:68158)
    at new IC (vscode-file://vscode-app/usr/share/code/resources/app/out/vs/workbench/workbench.desktop.main.js:946:65478)
    at s._createInstance (vscode-file://vscode-app/usr/share/code/resources/app/out/vs/workbench/workbench.desktop.main.js:2293:2000)
    at s.createInstance (vscode-file://vscode-app/usr/share/code/resources/app/out/vs/workbench/workbench.desktop.main.js:2293:1440)
    at c9e.createTree (vscode-file://vscode-app/usr/share/code/resources/app/out/vs/workbench/workbench.desktop.main.js:4323:104424)
    at c9e.renderBody (vscode-file://vscode-app/usr/share/code/resources/app/out/vs/workbench/workbench.desktop.main.js:4323:102707)
    at c9e.render (vscode-file://vscode-app/usr/share/code/resources/app/out/vs/workbench/workbench.desktop.main.js:1153:51906)
    at c9e.render (vscode-file://vscode-app/usr/share/code/resources/app/out/vs/workbench/workbench.desktop.main.js:1154:3947)
    at i9e.onDidAddViewDescriptors (vscode-file://vscode-app/usr/share/code/resources/app/out/vs/workbench/workbench.desktop.main.js:1221:19248)
    at iLe.value (vscode-file://vscode-app/usr/share/code/resources/app/out/vs/workbench/workbench.desktop.main.js:1221:14603)
    at D._deliver (vscode-file://vscode-app/usr/share/code/resources/app/out/vs/workbench/workbench.desktop.main.js:433:3642)
    at D._deliverQueue (vscode-file://vscode-app/usr/share/code/resources/app/out/vs/workbench/workbench.desktop.main.js:433:3731)
    at D.fire (vscode-file://vscode-app/usr/share/code/resources/app/out/vs/workbench/workbench.desktop.main.js:433:4066)
    at I1e.broadCastAddedVisibleViewDescriptors (vscode-file://vscode-app/usr/share/code/resources/app/out/vs/workbench/workbench.desktop.main.js:2065:92300)
    at I1e.onDidChangeContext (vscode-file://vscode-app/usr/share/code/resources/app/out/vs/workbench/workbench.desktop.main.js:2065:92172)
    at iLe.value (vscode-file://vscode-app/usr/share/code/resources/app/out/vs/workbench/workbench.desktop.main.js:2065:84935)
    at D._deliver (vscode-file://vscode-app/usr/share/code/resources/app/out/vs/workbench/workbench.desktop.main.js:433:3642)
    at D.fire (vscode-file://vscode-app/usr/share/code/resources/app/out/vs/workbench/workbench.desktop.main.js:433:3961)
    at iLe.value (vscode-file://vscode-app/usr/share/code/resources/app/out/vs/workbench/workbench.desktop.main.js:431:11810)
    at Tg._deliver (vscode-file://vscode-app/usr/share/code/resources/app/out/vs/workbench/workbench.desktop.main.js:433:3642)
    at Tg._deliverQueue (vscode-file://vscode-app/usr/share/code/resources/app/out/vs/workbench/workbench.desktop.main.js:433:3731)
    at Tg.fire (vscode-file://vscode-app/usr/share/code/resources/app/out/vs/workbench/workbench.desktop.main.js:433:4066)
    at Tg.fire (vscode-file://vscode-app/usr/share/code/resources/app/out/vs/workbench/workbench.desktop.main.js:433:5437)
    at z1e.setContext (vscode-file://vscode-app/usr/share/code/resources/app/out/vs/workbench/workbench.desktop.main.js:2262:73925)
    at E6i.set (vscode-file://vscode-app/usr/share/code/resources/app/out/vs/workbench/workbench.desktop.main.js:2262:71964)
    at p9e.registerSCMProvider (vscode-file://vscode-app/usr/share/code/resources/app/out/vs/workbench/workbench.desktop.main.js:4356:14481)
    at vQt.$registerSourceControl (vscode-file://vscode-app/usr/share/code/resources/app/out/vs/workbench/workbench.desktop.main.js:1150:11566)
<1> 
    at l9e._createTree (vscode-file://vscode-app/usr/share/code/resources/app/out/vs/workbench/workbench.desktop.main.js:4323:144410)
    at l9e.renderBody (vscode-file://vscode-app/usr/share/code/resources/app/out/vs/workbench/workbench.desktop.main.js:4323:140161)
    at l9e.render (vscode-file://vscode-app/usr/share/code/resources/app/out/vs/workbench/workbench.desktop.main.js:1153:51906)
    at l9e.render (vscode-file://vscode-app/usr/share/code/resources/app/out/vs/workbench/workbench.desktop.main.js:1154:3947)
    at i9e.onDidAddViewDescriptors (vscode-file://vscode-app/usr/share/code/resources/app/out/vs/workbench/workbench.desktop.main.js:1221:19248)
    at iLe.value (vscode-file://vscode-app/usr/share/code/resources/app/out/vs/workbench/workbench.desktop.main.js:1221:14603)
    at D._deliver (vscode-file://vscode-app/usr/share/code/resources/app/out/vs/workbench/workbench.desktop.main.js:433:3642)
    at D._deliverQueue (vscode-file://vscode-app/usr/share/code/resources/app/out/vs/workbench/workbench.desktop.main.js:433:3731)
    at D.fire (vscode-file://vscode-app/usr/share/code/resources/app/out/vs/workbench/workbench.desktop.main.js:433:4066)
    at I1e.broadCastAddedVisibleViewDescriptors (vscode-file://vscode-app/usr/share/code/resources/app/out/vs/workbench/workbench.desktop.main.js:2065:92300)
    at I1e.onDidChangeContext (vscode-file://vscode-app/usr/share/code/resources/app/out/vs/workbench/workbench.desktop.main.js:2065:92172)
    at iLe.value (vscode-file://vscode-app/usr/share/code/resources/app/out/vs/workbench/workbench.desktop.main.js:2065:84935)
    at D._deliver (vscode-file://vscode-app/usr/share/code/resources/app/out/vs/workbench/workbench.desktop.main.js:433:3642)
    at D.fire (vscode-file://vscode-app/usr/share/code/resources/app/out/vs/workbench/workbench.desktop.main.js:433:3961)
    at iLe.value (vscode-file://vscode-app/usr/share/code/resources/app/out/vs/workbench/workbench.desktop.main.js:431:11810)
    at Tg._deliver (vscode-file://vscode-app/usr/share/code/resources/app/out/vs/workbench/workbench.desktop.main.js:433:3642)
    at Tg._deliverQueue (vscode-file://vscode-app/usr/share/code/resources/app/out/vs/workbench/workbench.desktop.main.js:433:3731)
    at Tg.fire (vscode-file://vscode-app/usr/share/code/resources/app/out/vs/workbench/workbench.desktop.main.js:433:4066)
    at Tg.fire (vscode-file://vscode-app/usr/share/code/resources/app/out/vs/workbench/workbench.desktop.main.js:433:5437)
    at z1e.setContext (vscode-file://vscode-app/usr/share/code/resources/app/out/vs/workbench/workbench.desktop.main.js:2262:73925)
    at E6i.set (vscode-file://vscode-app/usr/share/code/resources/app/out/vs/workbench/workbench.desktop.main.js:2262:71964)
    at vscode-file://vscode-app/usr/share/code/resources/app/out/vs/workbench/workbench.desktop.main.js:4356:14450
    at vscode-file://vscode-app/usr/share/code/resources/app/out/vs/workbench/workbench.desktop.main.js:435:26023
    at V1._runFn (vscode-file://vscode-app/usr/share/code/resources/app/out/vs/workbench/workbench.desktop.main.js:435:9364)
    at V1._run (vscode-file://vscode-app/usr/share/code/resources/app/out/vs/workbench/workbench.desktop.main.js:435:6694)
    at V1.endUpdate (vscode-file://vscode-app/usr/share/code/resources/app/out/vs/workbench/workbench.desktop.main.js:435:7326)
    at SH.finish (vscode-file://vscode-app/usr/share/code/resources/app/out/vs/workbench/workbench.desktop.main.js:434:110883)
    at uF.set (vscode-file://vscode-app/usr/share/code/resources/app/out/vs/workbench/workbench.desktop.main.js:435:2882)
    at sqi.$updateSourceControl (vscode-file://vscode-app/usr/share/code/resources/app/out/vs/workbench/workbench.desktop.main.js:1150:8651)
    at vQt.$updateSourceControl (vscode-file://vscode-app/usr/share/code/resources/app/out/vs/workbench/workbench.desktop.main.js:1150:12206)
<1> 
    at noe.getScrollDimensions (vscode-file://vscode-app/usr/share/code/resources/app/out/vs/workbench/workbench.desktop.main.js:513:39274)
    at $C.doLayoutTabsNonWrapping (vscode-file://vscode-app/usr/share/code/resources/app/out/vs/workbench/workbench.desktop.main.js:1374:88829)
    at $C.doLayoutTabs (vscode-file://vscode-app/usr/share/code/resources/app/out/vs/workbench/workbench.desktop.main.js:1374:86810)
    at $C.doLayout (vscode-file://vscode-app/usr/share/code/resources/app/out/vs/workbench/workbench.desktop.main.js:1374:86545)
    at Zit._runner (vscode-file://vscode-app/usr/share/code/resources/app/out/vs/workbench/workbench.desktop.main.js:1374:86078)
    at Zit.execute (vscode-file://vscode-app/usr/share/code/resources/app/out/vs/workbench/workbench.desktop.main.js:439:3975)
    at i (vscode-file://vscode-app/usr/share/code/resources/app/out/vs/workbench/workbench.desktop.main.js:439:4220)
    at vscode-file://vscode-app/usr/share/code/resources/app/out/vs/workbench/workbench.desktop.main.js:439:4385
<1> 
    at get userValue (vscode-file://vscode-app/usr/share/code/resources/app/out/vs/workbench/workbench.desktop.main.js:5604:22476)
    at fMt.getAccessibilitySupportConfigurationValue (vscode-file://vscode-app/usr/share/code/resources/app/out/vs/workbench/workbench.desktop.main.js:5615:20978)
    at fMt.isScreenReaderOptimized (vscode-file://vscode-app/usr/share/code/resources/app/out/vs/workbench/workbench.desktop.main.js:5615:20677)
    at RPe.updateScreenReaderContent (vscode-file://vscode-app/usr/share/code/resources/app/out/vs/workbench/workbench.desktop.main.js:669:1186)
    at MPe.writeScreenReaderContent (vscode-file://vscode-app/usr/share/code/resources/app/out/vs/workbench/workbench.desktop.main.js:670:4662)
    at MPe.prepareRender (vscode-file://vscode-app/usr/share/code/resources/app/out/vs/workbench/workbench.desktop.main.js:670:3137)
    at bve.prepareRender (vscode-file://vscode-app/usr/share/code/resources/app/out/vs/workbench/workbench.desktop.main.js:671:2623)
    at Object.prepareRender (vscode-file://vscode-app/usr/share/code/resources/app/out/vs/workbench/workbench.desktop.main.js:671:22802)
    at Object.prepareRender (vscode-file://vscode-app/usr/share/code/resources/app/out/vs/workbench/workbench.desktop.main.js:671:21259)
    at vscode-file://vscode-app/usr/share/code/resources/app/out/vs/workbench/workbench.desktop.main.js:671:27050
    at poe (vscode-file://vscode-app/usr/share/code/resources/app/out/vs/workbench/workbench.desktop.main.js:671:25975)
    at s._onRenderScheduled (vscode-file://vscode-app/usr/share/code/resources/app/out/vs/workbench/workbench.desktop.main.js:671:27040)
    at Zit.e [as _runner] (vscode-file://vscode-app/usr/share/code/resources/app/out/vs/workbench/workbench.desktop.main.js:671:26596)
    at Zit.execute (vscode-file://vscode-app/usr/share/code/resources/app/out/vs/workbench/workbench.desktop.main.js:439:3975)
    at i (vscode-file://vscode-app/usr/share/code/resources/app/out/vs/workbench/workbench.desktop.main.js:439:4220)
    at vscode-file://vscode-app/usr/share/code/resources/app/out/vs/workbench/workbench.desktop.main.js:439:4385
<1> 
    at QEi.write (vscode-file://vscode-app/usr/share/code/resources/app/out/vs/workbench/workbench.desktop.main.js:434:93178)
    at u (vscode-file://vscode-app/usr/share/code/resources/app/out/vs/workbench/workbench.desktop.main.js:1106:73136)
    at async Object.onData (vscode-file://vscode-app/usr/share/code/resources/app/out/vs/workbench/workbench.desktop.main.js:1106:73320)
<1> 
    at r (vscode-file://vscode-app/usr/share/code/resources/app/out/vs/workbench/workbench.desktop.main.js:951:12180)
    at Al._shouldKeepCurrentHover (vscode-file://vscode-app/usr/share/code/resources/app/out/vs/workbench/workbench.desktop.main.js:951:12578)
    at Al._onEditorMouseMove (vscode-file://vscode-app/usr/share/code/resources/app/out/vs/workbench/workbench.desktop.main.js:951:12778)
    at iLe.value (vscode-file://vscode-app/usr/share/code/resources/app/out/vs/workbench/workbench.desktop.main.js:951:10546)
    at hy._deliver (vscode-file://vscode-app/usr/share/code/resources/app/out/vs/workbench/workbench.desktop.main.js:433:3642)
    at hy._deliverQueue (vscode-file://vscode-app/usr/share/code/resources/app/out/vs/workbench/workbench.desktop.main.js:433:3731)
    at hy.fire (vscode-file://vscode-app/usr/share/code/resources/app/out/vs/workbench/workbench.desktop.main.js:433:4066)
    at hy.fire (vscode-file://vscode-app/usr/share/code/resources/app/out/vs/workbench/workbench.desktop.main.js:712:26339)
    at i.onMouseMove (vscode-file://vscode-app/usr/share/code/resources/app/out/vs/workbench/workbench.desktop.main.js:712:23418)
    at s.emitMouseMove (vscode-file://vscode-app/usr/share/code/resources/app/out/vs/workbench/workbench.desktop.main.js:519:34630)
    at s.emitMouseMove (vscode-file://vscode-app/usr/share/code/resources/app/out/vs/workbench/workbench.desktop.main.js:519:22902)
    at uLi._onMouseMove (vscode-file://vscode-app/usr/share/code/resources/app/out/vs/workbench/workbench.desktop.main.js:513:55548)
    at vscode-file://vscode-app/usr/share/code/resources/app/out/vs/workbench/workbench.desktop.main.js:513:52570
    at HTMLDivElement.<anonymous> (vscode-file://vscode-app/usr/share/code/resources/app/out/vs/workbench/workbench.desktop.main.js:509:26995)
<1> 
    at Tg._deliverQueue (vscode-file://vscode-app/usr/share/code/resources/app/out/vs/workbench/workbench.desktop.main.js:433:3710)
    at Tg.fire (vscode-file://vscode-app/usr/share/code/resources/app/out/vs/workbench/workbench.desktop.main.js:433:4066)
    at Tg.resume (vscode-file://vscode-app/usr/share/code/resources/app/out/vs/workbench/workbench.desktop.main.js:433:5335)
    at $wi.withPausedEmitters (vscode-file://vscode-app/usr/share/code/resources/app/out/vs/workbench/workbench.desktop.main.js:937:107881)
    at $wi.store (vscode-file://vscode-app/usr/share/code/resources/app/out/vs/workbench/workbench.desktop.main.js:937:107559)
    at lx.setExtensionState (vscode-file://vscode-app/usr/share/code/resources/app/out/vs/workbench/workbench.desktop.main.js:1150:23612)
    at yQt.$setValue (vscode-file://vscode-app/usr/share/code/resources/app/out/vs/workbench/workbench.desktop.main.js:1150:26357)
    at s._doInvokeHandler (vscode-file://vscode-app/usr/share/code/resources/app/out/vs/workbench/workbench.desktop.main.js:5647:51942)
    at s._invokeHandler (vscode-file://vscode-app/usr/share/code/resources/app/out/vs/workbench/workbench.desktop.main.js:5647:51688)
    at s._receiveRequest (vscode-file://vscode-app/usr/share/code/resources/app/out/vs/workbench/workbench.desktop.main.js:5647:50428)
    at s._receiveOneMessage (vscode-file://vscode-app/usr/share/code/resources/app/out/vs/workbench/workbench.desktop.main.js:5647:49262)
    at iLe.value (vscode-file://vscode-app/usr/share/code/resources/app/out/vs/workbench/workbench.desktop.main.js:5647:47334)
    at D._deliver (vscode-file://vscode-app/usr/share/code/resources/app/out/vs/workbench/workbench.desktop.main.js:433:3642)
    at D.fire (vscode-file://vscode-app/usr/share/code/resources/app/out/vs/workbench/workbench.desktop.main.js:433:3961)
    at _Y.fire (vscode-file://vscode-app/usr/share/code/resources/app/out/vs/workbench/workbench.desktop.main.js:1141:9866)
    at MessagePort.<anonymous> (vscode-file://vscode-app/usr/share/code/resources/app/out/vs/workbench/workbench.desktop.main.js:5662:16883)
<1> 
    at s.set (vscode-file://vscode-app/usr/share/code/resources/app/out/vs/workbench/workbench.desktop.main.js:434:97833)
    at s.writeShortString (vscode-file://vscode-app/usr/share/code/resources/app/out/vs/workbench/workbench.desktop.main.js:5647:53523)
    at QO._requestJSONArgs (vscode-file://vscode-app/usr/share/code/resources/app/out/vs/workbench/workbench.desktop.main.js:5647:56707)
    at QO.serializeRequest (vscode-file://vscode-app/usr/share/code/resources/app/out/vs/workbench/workbench.desktop.main.js:5647:56421)
    at s._remoteCall (vscode-file://vscode-app/usr/share/code/resources/app/out/vs/workbench/workbench.desktop.main.js:5647:52474)
    at n.<computed>.r.charCodeAt.n.<computed> (vscode-file://vscode-app/usr/share/code/resources/app/out/vs/workbench/workbench.desktop.main.js:5647:48744)
    at D._deliver (vscode-file://vscode-app/usr/share/code/resources/app/out/vs/workbench/workbench.desktop.main.js:433:3642)
    at D.fire (vscode-file://vscode-app/usr/share/code/resources/app/out/vs/workbench/workbench.desktop.main.js:433:3961)
    at Lht.markActive (vscode-file://vscode-app/usr/share/code/resources/app/out/vs/workbench/workbench.desktop.main.js:1152:13483)
    at r (vscode-file://vscode-app/usr/share/code/resources/app/out/vs/workbench/workbench.desktop.main.js:2068:16136)
    at HTMLDocument.<anonymous> (vscode-file://vscode-app/usr/share/code/resources/app/out/vs/workbench/workbench.desktop.main.js:2068:16326)
<1> 
    at ry.Lb [as _equalityComparator] (vscode-file://vscode-app/usr/share/code/resources/app/out/vs/workbench/workbench.desktop.main.js:434:107118)
    at ry._recompute (vscode-file://vscode-app/usr/share/code/resources/app/out/vs/workbench/workbench.desktop.main.js:435:13383)
    at ry.get (vscode-file://vscode-app/usr/share/code/resources/app/out/vs/workbench/workbench.desktop.main.js:435:12505)
    at ry.reportChanges (vscode-file://vscode-app/usr/share/code/resources/app/out/vs/workbench/workbench.desktop.main.js:435:497)
    at ry.get (vscode-file://vscode-app/usr/share/code/resources/app/out/vs/workbench/workbench.desktop.main.js:435:12412)
    at ry.reportChanges (vscode-file://vscode-app/usr/share/code/resources/app/out/vs/workbench/workbench.desktop.main.js:435:497)
    at V1.endUpdate (vscode-file://vscode-app/usr/share/code/resources/app/out/vs/workbench/workbench.desktop.main.js:435:7248)
    at ry.endUpdate (vscode-file://vscode-app/usr/share/code/resources/app/out/vs/workbench/workbench.desktop.main.js:435:14173)
    at ry.endUpdate (vscode-file://vscode-app/usr/share/code/resources/app/out/vs/workbench/workbench.desktop.main.js:435:14173)
    at SH.finish (vscode-file://vscode-app/usr/share/code/resources/app/out/vs/workbench/workbench.desktop.main.js:434:110883)
    at uF.set (vscode-file://vscode-app/usr/share/code/resources/app/out/vs/workbench/workbench.desktop.main.js:435:2882)
    at y (vscode-file://vscode-app/usr/share/code/resources/app/out/vs/workbench/workbench.desktop.main.js:983:18467)
    at vscode-file://vscode-app/usr/share/code/resources/app/out/vs/workbench/workbench.desktop.main.js:983:23542
    at async lOe.trigger (vscode-file://vscode-app/usr/share/code/resources/app/out/vs/workbench/workbench.desktop.main.js:983:52284)
<1> 
    at s._receiveRequest (vscode-file://vscode-app/usr/share/code/resources/app/out/vs/workbench/workbench.desktop.main.js:5647:50233)
    at s._receiveOneMessage (vscode-file://vscode-app/usr/share/code/resources/app/out/vs/workbench/workbench.desktop.main.js:5647:49262)
    at iLe.value (vscode-file://vscode-app/usr/share/code/resources/app/out/vs/workbench/workbench.desktop.main.js:5647:47334)
    at D._deliver (vscode-file://vscode-app/usr/share/code/resources/app/out/vs/workbench/workbench.desktop.main.js:433:3642)
    at D.fire (vscode-file://vscode-app/usr/share/code/resources/app/out/vs/workbench/workbench.desktop.main.js:433:3961)
    at _Y.fire (vscode-file://vscode-app/usr/share/code/resources/app/out/vs/workbench/workbench.desktop.main.js:1141:9866)
    at MessagePort.<anonymous> (vscode-file://vscode-app/usr/share/code/resources/app/out/vs/workbench/workbench.desktop.main.js:5662:16883)
<1> 
    at vscode-file://vscode-app/usr/share/code/resources/app/out/vs/workbench/workbench.desktop.main.js:2297:3805
    at e.HTMLElement.focus (vscode-file://vscode-app/usr/share/code/resources/app/out/vs/workbench/workbench.desktop.main.js:1487:132745)
    at $Oi.domFocus (vscode-file://vscode-app/usr/share/code/resources/app/out/vs/workbench/workbench.desktop.main.js:758:10197)
    at qOi.onMouseDown (vscode-file://vscode-app/usr/share/code/resources/app/out/vs/workbench/workbench.desktop.main.js:715:50853)
    at qOi.onMouseDown (vscode-file://vscode-app/usr/share/code/resources/app/out/vs/workbench/workbench.desktop.main.js:945:51190)
    at D._deliver (vscode-file://vscode-app/usr/share/code/resources/app/out/vs/workbench/workbench.desktop.main.js:433:3642)
    at D._deliverQueue (vscode-file://vscode-app/usr/share/code/resources/app/out/vs/workbench/workbench.desktop.main.js:433:3731)
    at D.fire (vscode-file://vscode-app/usr/share/code/resources/app/out/vs/workbench/workbench.desktop.main.js:433:4066)
    at iLe.value (vscode-file://vscode-app/usr/share/code/resources/app/out/vs/workbench/workbench.desktop.main.js:431:11603)
    at D._deliver (vscode-file://vscode-app/usr/share/code/resources/app/out/vs/workbench/workbench.desktop.main.js:433:3642)
    at D.fire (vscode-file://vscode-app/usr/share/code/resources/app/out/vs/workbench/workbench.desktop.main.js:433:3961)
    at HTMLDivElement.i (vscode-file://vscode-app/usr/share/code/resources/app/out/vs/workbench/workbench.desktop.main.js:513:63293)
<1> 
    at Array.concat (<anonymous>)
    at s._createInstance (vscode-file://vscode-app/usr/share/code/resources/app/out/vs/workbench/workbench.desktop.main.js:2293:2014)
    at s.createInstance (vscode-file://vscode-app/usr/share/code/resources/app/out/vs/workbench/workbench.desktop.main.js:2293:1440)
    at vscode-file://vscode-app/usr/share/code/resources/app/out/vs/workbench/workbench.desktop.main.js:5603:103105
    at Wqo (vscode-file://vscode-app/usr/share/code/resources/app/out/vs/workbench/workbench.desktop.main.js:1153:59282)
    at s.show (vscode-file://vscode-app/usr/share/code/resources/app/out/vs/workbench/workbench.desktop.main.js:1153:61751)
    at aBe.doShowWhile (vscode-file://vscode-app/usr/share/code/resources/app/out/vs/workbench/workbench.desktop.main.js:1153:65385)
    at aBe.showWhile (vscode-file://vscode-app/usr/share/code/resources/app/out/vs/workbench/workbench.desktop.main.js:1153:65133)
    at r (vscode-file://vscode-app/usr/share/code/resources/app/out/vs/workbench/workbench.desktop.main.js:1960:21863)
    at Nft.withCompositeProgress (vscode-file://vscode-app/usr/share/code/resources/app/out/vs/workbench/workbench.desktop.main.js:1960:21922)
    at Nft.withPaneCompositeProgress (vscode-file://vscode-app/usr/share/code/resources/app/out/vs/workbench/workbench.desktop.main.js:1960:20938)
    at Nft.withProgress (vscode-file://vscode-app/usr/share/code/resources/app/out/vs/workbench/workbench.desktop.main.js:1960:16997)
    at T2e.getChildren (vscode-file://vscode-app/usr/share/code/resources/app/out/vs/workbench/workbench.desktop.main.js:2924:49071)
    at IC.doGetChildren (vscode-file://vscode-app/usr/share/code/resources/app/out/vs/workbench/workbench.desktop.main.js:946:39483)
    at IC.doRefreshNode (vscode-file://vscode-app/usr/share/code/resources/app/out/vs/workbench/workbench.desktop.main.js:946:39013)
    at vscode-file://vscode-app/usr/share/code/resources/app/out/vs/workbench/workbench.desktop.main.js:946:38626
    at lr (vscode-file://vscode-app/usr/share/code/resources/app/out/vs/workbench/workbench.desktop.main.js:434:71918)
    at IC.doRefreshSubTree (vscode-file://vscode-app/usr/share/code/resources/app/out/vs/workbench/workbench.desktop.main.js:946:38596)
    at IC.refreshNode (vscode-file://vscode-app/usr/share/code/resources/app/out/vs/workbench/workbench.desktop.main.js:946:38536)
    at IC.refreshAndRenderNode (vscode-file://vscode-app/usr/share/code/resources/app/out/vs/workbench/workbench.desktop.main.js:946:38160)
    at IC._onDidChangeCollapseState (vscode-file://vscode-app/usr/share/code/resources/app/out/vs/workbench/workbench.desktop.main.js:946:39802)
    at D._deliver (vscode-file://vscode-app/usr/share/code/resources/app/out/vs/workbench/workbench.desktop.main.js:433:3642)
    at D.fire (vscode-file://vscode-app/usr/share/code/resources/app/out/vs/workbench/workbench.desktop.main.js:433:3961)
    at vscode-file://vscode-app/usr/share/code/resources/app/out/vs/workbench/workbench.desktop.main.js:431:11603
    at vscode-file://vscode-app/usr/share/code/resources/app/out/vs/workbench/workbench.desktop.main.js:433:7190
    at vscode-file://vscode-app/usr/share/code/resources/app/out/vs/workbench/workbench.desktop.main.js:433:7541
    at Array.forEach (<anonymous>)
    at pH.bufferEvents (vscode-file://vscode-app/usr/share/code/resources/app/out/vs/workbench/workbench.desktop.main.js:433:7530)
    at v1t.setCollapsed (vscode-file://vscode-app/usr/share/code/resources/app/out/vs/workbench/workbench.desktop.main.js:945:5404)
    at Tj.setCollapsed (vscode-file://vscode-app/usr/share/code/resources/app/out/vs/workbench/workbench.desktop.main.js:946:9476)
    at YOi.setCollapsed (vscode-file://vscode-app/usr/share/code/resources/app/out/vs/workbench/workbench.desktop.main.js:946:14387)
    at C1t.setCollapsed (vscode-file://vscode-app/usr/share/code/resources/app/out/vs/workbench/workbench.desktop.main.js:946:17622)
    at MNe.toggleCollapsed (vscode-file://vscode-app/usr/share/code/resources/app/out/vs/workbench/workbench.desktop.main.js:946:436)
    at qOi.onViewPointer (vscode-file://vscode-app/usr/share/code/resources/app/out/vs/workbench/workbench.desktop.main.js:945:50481)
    at iLe.value (vscode-file://vscode-app/usr/share/code/resources/app/out/vs/workbench/workbench.desktop.main.js:431:11960)
    at D._deliver (vscode-file://vscode-app/usr/share/code/resources/app/out/vs/workbench/workbench.desktop.main.js:433:3642)
    at D.fire (vscode-file://vscode-app/usr/share/code/resources/app/out/vs/workbench/workbench.desktop.main.js:433:3961)
    at iLe.value (vscode-file://vscode-app/usr/share/code/resources/app/out/vs/workbench/workbench.desktop.main.js:431:11603)
    at D._deliver (vscode-file://vscode-app/usr/share/code/resources/app/out/vs/workbench/workbench.desktop.main.js:433:3642)
    at D.fire (vscode-file://vscode-app/usr/share/code/resources/app/out/vs/workbench/workbench.desktop.main.js:433:3961)
    at HTMLDivElement.i (vscode-file://vscode-app/usr/share/code/resources/app/out/vs/workbench/workbench.desktop.main.js:513:63293)
<1> 
    at get kind (vscode-file://vscode-app/usr/share/code/resources/app/out/vs/workbench/workbench.desktop.main.js:5647:60531)
    at iLe.value (vscode-file://vscode-app/usr/share/code/resources/app/out/vs/workbench/workbench.desktop.main.js:5654:937)
    at D._deliver (vscode-file://vscode-app/usr/share/code/resources/app/out/vs/workbench/workbench.desktop.main.js:433:3642)
    at D.fire (vscode-file://vscode-app/usr/share/code/resources/app/out/vs/workbench/workbench.desktop.main.js:433:3961)
    at iLe.value (vscode-file://vscode-app/usr/share/code/resources/app/out/vs/workbench/workbench.desktop.main.js:5647:62049)
    at D._deliver (vscode-file://vscode-app/usr/share/code/resources/app/out/vs/workbench/workbench.desktop.main.js:433:3642)
    at D.fire (vscode-file://vscode-app/usr/share/code/resources/app/out/vs/workbench/workbench.desktop.main.js:433:3961)
    at s._setResponsiveState (vscode-file://vscode-app/usr/share/code/resources/app/out/vs/workbench/workbench.desktop.main.js:5647:48361)
    at s._checkUnresponsive (vscode-file://vscode-app/usr/share/code/resources/app/out/vs/workbench/workbench.desktop.main.js:5647:48190)
    at Ct.runner (vscode-file://vscode-app/usr/share/code/resources/app/out/vs/workbench/workbench.desktop.main.js:5647:47259)
    at Ct.doRun (vscode-file://vscode-app/usr/share/code/resources/app/out/vs/workbench/workbench.desktop.main.js:434:81723)
    at Ct.onTimeout (vscode-file://vscode-app/usr/share/code/resources/app/out/vs/workbench/workbench.desktop.main.js:434:81694)
<1> 
    at D1e._register (vscode-file://vscode-app/usr/share/code/resources/app/out/vs/workbench/workbench.desktop.main.js:431:2448)
    at new D1e (vscode-file://vscode-app/usr/share/code/resources/app/out/vs/workbench/workbench.desktop.main.js:2066:104453)
    at s._createInstance (vscode-file://vscode-app/usr/share/code/resources/app/out/vs/workbench/workbench.desktop.main.js:2293:2000)
    at s.createInstance (vscode-file://vscode-app/usr/share/code/resources/app/out/vs/workbench/workbench.desktop.main.js:2293:1440)
    at Uvt._createHover (vscode-file://vscode-app/usr/share/code/resources/app/out/vs/workbench/workbench.desktop.main.js:2066:120214)
    at Uvt.showInstantHover (vscode-file://vscode-app/usr/share/code/resources/app/out/vs/workbench/workbench.desktop.main.js:2066:117771)
    at Fg.showHover (vscode-file://vscode-app/usr/share/code/resources/app/out/vs/workbench/workbench.desktop.main.js:937:149231)
    at Tei.show (vscode-file://vscode-app/usr/share/code/resources/app/out/vs/workbench/workbench.desktop.main.js:2066:116633)
    at Tei.update (vscode-file://vscode-app/usr/share/code/resources/app/out/vs/workbench/workbench.desktop.main.js:2066:116191)
    at vscode-file://vscode-app/usr/share/code/resources/app/out/vs/workbench/workbench.desktop.main.js:2066:124984
    at vscode-file://vscode-app/usr/share/code/resources/app/out/vs/workbench/workbench.desktop.main.js:434:80717
<1> 
    at new M0t (vscode-file://vscode-app/usr/share/code/resources/app/out/vs/workbench/workbench.desktop.main.js:512:14681)
    at new VRi (vscode-file://vscode-app/usr/share/code/resources/app/out/vs/workbench/workbench.desktop.main.js:512:17468)
    at RFn (vscode-file://vscode-app/usr/share/code/resources/app/out/vs/workbench/workbench.desktop.main.js:512:17849)
    at s.renderLine (vscode-file://vscode-app/usr/share/code/resources/app/out/vs/workbench/workbench.desktop.main.js:512:10631)
    at s._finishRendering (vscode-file://vscode-app/usr/share/code/resources/app/out/vs/workbench/workbench.desktop.main.js:519:30040)
    at s.render (vscode-file://vscode-app/usr/share/code/resources/app/out/vs/workbench/workbench.desktop.main.js:519:28601)
    at cPe.renderLines (vscode-file://vscode-app/usr/share/code/resources/app/out/vs/workbench/workbench.desktop.main.js:519:27203)
    at s.renderText (vscode-file://vscode-app/usr/share/code/resources/app/out/vs/workbench/workbench.desktop.main.js:519:98805)
    at Object.renderText (vscode-file://vscode-app/usr/share/code/resources/app/out/vs/workbench/workbench.desktop.main.js:671:22511)
    at Object.renderText (vscode-file://vscode-app/usr/share/code/resources/app/out/vs/workbench/workbench.desktop.main.js:671:21174)
    at vscode-file://vscode-app/usr/share/code/resources/app/out/vs/workbench/workbench.desktop.main.js:671:26949
    at poe (vscode-file://vscode-app/usr/share/code/resources/app/out/vs/workbench/workbench.desktop.main.js:671:25975)
    at s._onRenderScheduled (vscode-file://vscode-app/usr/share/code/resources/app/out/vs/workbench/workbench.desktop.main.js:671:26939)
    at Zit.e [as _runner] (vscode-file://vscode-app/usr/share/code/resources/app/out/vs/workbench/workbench.desktop.main.js:671:26596)
    at Zit.execute (vscode-file://vscode-app/usr/share/code/resources/app/out/vs/workbench/workbench.desktop.main.js:439:3975)
    at i (vscode-file://vscode-app/usr/share/code/resources/app/out/vs/workbench/workbench.desktop.main.js:439:4220)
    at vscode-file://vscode-app/usr/share/code/resources/app/out/vs/workbench/workbench.desktop.main.js:439:4385
<1> 
    at Object.prepareRenderText (vscode-file://vscode-app/usr/share/code/resources/app/out/vs/workbench/workbench.desktop.main.js:671:20992)
    at vscode-file://vscode-app/usr/share/code/resources/app/out/vs/workbench/workbench.desktop.main.js:671:26828
    at poe (vscode-file://vscode-app/usr/share/code/resources/app/out/vs/workbench/workbench.desktop.main.js:671:25975)
    at s._onRenderScheduled (vscode-file://vscode-app/usr/share/code/resources/app/out/vs/workbench/workbench.desktop.main.js:671:26818)
    at Zit.e [as _runner] (vscode-file://vscode-app/usr/share/code/resources/app/out/vs/workbench/workbench.desktop.main.js:671:26596)
    at Zit.execute (vscode-file://vscode-app/usr/share/code/resources/app/out/vs/workbench/workbench.desktop.main.js:439:3975)
    at i (vscode-file://vscode-app/usr/share/code/resources/app/out/vs/workbench/workbench.desktop.main.js:439:4220)
    at vscode-file://vscode-app/usr/share/code/resources/app/out/vs/workbench/workbench.desktop.main.js:439:4385
<1> 
    at new s (vscode-file://vscode-app/usr/share/code/resources/app/out/vs/workbench/workbench.desktop.main.js:439:29484)
    at s.prepareRender (vscode-file://vscode-app/usr/share/code/resources/app/out/vs/workbench/workbench.desktop.main.js:519:85845)
    at uWt.prepareRender (vscode-file://vscode-app/usr/share/code/resources/app/out/vs/workbench/workbench.desktop.main.js:519:31985)
    at Object.prepareRender (vscode-file://vscode-app/usr/share/code/resources/app/out/vs/workbench/workbench.desktop.main.js:671:22802)
    at Object.prepareRender (vscode-file://vscode-app/usr/share/code/resources/app/out/vs/workbench/workbench.desktop.main.js:671:21259)
    at vscode-file://vscode-app/usr/share/code/resources/app/out/vs/workbench/workbench.desktop.main.js:671:27050
    at poe (vscode-file://vscode-app/usr/share/code/resources/app/out/vs/workbench/workbench.desktop.main.js:671:25975)
    at s._onRenderScheduled (vscode-file://vscode-app/usr/share/code/resources/app/out/vs/workbench/workbench.desktop.main.js:671:27040)
    at Zit.e [as _runner] (vscode-file://vscode-app/usr/share/code/resources/app/out/vs/workbench/workbench.desktop.main.js:671:26596)
    at Zit.execute (vscode-file://vscode-app/usr/share/code/resources/app/out/vs/workbench/workbench.desktop.main.js:439:3975)
    at i (vscode-file://vscode-app/usr/share/code/resources/app/out/vs/workbench/workbench.desktop.main.js:439:4220)
    at vscode-file://vscode-app/usr/share/code/resources/app/out/vs/workbench/workbench.desktop.main.js:439:4385
<1> 
    at Array Iterator.next (<anonymous>)
    at VNe._findHoverAnchorCandidates (vscode-file://vscode-app/usr/share/code/resources/app/out/vs/workbench/workbench.desktop.main.js:951:6412)
    at VNe.showsOrWillShow (vscode-file://vscode-app/usr/share/code/resources/app/out/vs/workbench/workbench.desktop.main.js:951:6202)
    at Al._reactToEditorMouseMove (vscode-file://vscode-app/usr/share/code/resources/app/out/vs/workbench/workbench.desktop.main.js:951:13341)
    at Al._onEditorMouseMove (vscode-file://vscode-app/usr/share/code/resources/app/out/vs/workbench/workbench.desktop.main.js:951:13041)
    at iLe.value (vscode-file://vscode-app/usr/share/code/resources/app/out/vs/workbench/workbench.desktop.main.js:951:10546)
    at hy._deliver (vscode-file://vscode-app/usr/share/code/resources/app/out/vs/workbench/workbench.desktop.main.js:433:3642)
    at hy._deliverQueue (vscode-file://vscode-app/usr/share/code/resources/app/out/vs/workbench/workbench.desktop.main.js:433:3731)
    at hy.fire (vscode-file://vscode-app/usr/share/code/resources/app/out/vs/workbench/workbench.desktop.main.js:433:4066)
    at hy.fire (vscode-file://vscode-app/usr/share/code/resources/app/out/vs/workbench/workbench.desktop.main.js:712:26339)
    at i.onMouseMove (vscode-file://vscode-app/usr/share/code/resources/app/out/vs/workbench/workbench.desktop.main.js:712:23418)
    at s.emitMouseMove (vscode-file://vscode-app/usr/share/code/resources/app/out/vs/workbench/workbench.desktop.main.js:519:34630)
    at s.emitMouseMove (vscode-file://vscode-app/usr/share/code/resources/app/out/vs/workbench/workbench.desktop.main.js:519:22902)
    at uLi._onMouseMove (vscode-file://vscode-app/usr/share/code/resources/app/out/vs/workbench/workbench.desktop.main.js:513:55548)
    at vscode-file://vscode-app/usr/share/code/resources/app/out/vs/workbench/workbench.desktop.main.js:513:52570
    at HTMLDivElement.<anonymous> (vscode-file://vscode-app/usr/share/code/resources/app/out/vs/workbench/workbench.desktop.main.js:509:26995)
<1> 
    at Dkt._getCurrentFilterState (vscode-file://vscode-app/usr/share/code/resources/app/out/vs/workbench/workbench.desktop.main.js:3533:114270)
    at Dkt._render (vscode-file://vscode-app/usr/share/code/resources/app/out/vs/workbench/workbench.desktop.main.js:3533:102119)
    at iLe.value (vscode-file://vscode-app/usr/share/code/resources/app/out/vs/workbench/workbench.desktop.main.js:3533:99711)
    at D._deliver (vscode-file://vscode-app/usr/share/code/resources/app/out/vs/workbench/workbench.desktop.main.js:433:3642)
    at D._deliverQueue (vscode-file://vscode-app/usr/share/code/resources/app/out/vs/workbench/workbench.desktop.main.js:433:3731)
    at D.fire (vscode-file://vscode-app/usr/share/code/resources/app/out/vs/workbench/workbench.desktop.main.js:433:4066)
    at Vwe.doHandleActiveEditorChangeEvent (vscode-file://vscode-app/usr/share/code/resources/app/out/vs/workbench/workbench.desktop.main.js:1979:40118)
    at Vwe.handleActiveEditorChange (vscode-file://vscode-app/usr/share/code/resources/app/out/vs/workbench/workbench.desktop.main.js:1979:39929)
    at iLe.value (vscode-file://vscode-app/usr/share/code/resources/app/out/vs/workbench/workbench.desktop.main.js:1979:40290)
    at D._deliver (vscode-file://vscode-app/usr/share/code/resources/app/out/vs/workbench/workbench.desktop.main.js:433:3642)
    at D._deliverQueue (vscode-file://vscode-app/usr/share/code/resources/app/out/vs/workbench/workbench.desktop.main.js:433:3731)
    at D.fire (vscode-file://vscode-app/usr/share/code/resources/app/out/vs/workbench/workbench.desktop.main.js:433:4066)
    at VS.doCloseActiveEditor (vscode-file://vscode-app/usr/share/code/resources/app/out/vs/workbench/workbench.desktop.main.js:1487:79924)
    at VS.doCloseEditor (vscode-file://vscode-app/usr/share/code/resources/app/out/vs/workbench/workbench.desktop.main.js:1487:79183)
    at VS.doCloseEditorWithConfirmationHandling (vscode-file://vscode-app/usr/share/code/resources/app/out/vs/workbench/workbench.desktop.main.js:1487:79000)
    at async nce.run (vscode-file://vscode-app/usr/share/code/resources/app/out/vs/workbench/workbench.desktop.main.js:1371:7289)
    at async cce.runAction (vscode-file://vscode-app/usr/share/code/resources/app/out/vs/workbench/workbench.desktop.main.js:439:32184)
    at async cce.run (vscode-file://vscode-app/usr/share/code/resources/app/out/vs/workbench/workbench.desktop.main.js:439:32084)
<1> 
    at get partOptions (vscode-file://vscode-app/usr/share/code/resources/app/out/vs/workbench/workbench.desktop.main.js:1487:108017)
    at VS.updateStyles (vscode-file://vscode-app/usr/share/code/resources/app/out/vs/workbench/workbench.desktop.main.js:1487:85611)
    at VS.updateContainer (vscode-file://vscode-app/usr/share/code/resources/app/out/vs/workbench/workbench.desktop.main.js:1487:67587)
    at VS.onDidOpenEditor (vscode-file://vscode-app/usr/share/code/resources/app/out/vs/workbench/workbench.desktop.main.js:1487:69381)
    at VS.onDidGroupModelChange (vscode-file://vscode-app/usr/share/code/resources/app/out/vs/workbench/workbench.desktop.main.js:1487:68865)
    at iLe.value (vscode-file://vscode-app/usr/share/code/resources/app/out/vs/workbench/workbench.desktop.main.js:1487:68357)
    at D._deliver (vscode-file://vscode-app/usr/share/code/resources/app/out/vs/workbench/workbench.desktop.main.js:433:3642)
    at D._deliverQueue (vscode-file://vscode-app/usr/share/code/resources/app/out/vs/workbench/workbench.desktop.main.js:433:3731)
    at D.fire (vscode-file://vscode-app/usr/share/code/resources/app/out/vs/workbench/workbench.desktop.main.js:433:4066)
    at v0.openEditor (vscode-file://vscode-app/usr/share/code/resources/app/out/vs/workbench/workbench.desktop.main.js:1106:22923)
    at VS.doOpenEditor (vscode-file://vscode-app/usr/share/code/resources/app/out/vs/workbench/workbench.desktop.main.js:1487:76004)
    at VS.openEditor (vscode-file://vscode-app/usr/share/code/resources/app/out/vs/workbench/workbench.desktop.main.js:1487:75012)
    at Vwe.openEditor (vscode-file://vscode-app/usr/share/code/resources/app/out/vs/workbench/workbench.desktop.main.js:1979:45588)
    at async iLe.value (vscode-file://vscode-app/usr/share/code/resources/app/out/vs/workbench/workbench.desktop.main.js:2924:88034)
<1> 
    at vscode-file://vscode-app/usr/share/code/resources/app/node_modules.asar.unpacked/vscode-oniguruma/release/onig.wasm:wasm-function[48]:0x9c7f
    at vscode-file://vscode-app/usr/share/code/resources/app/node_modules.asar.unpacked/vscode-oniguruma/release/onig.wasm:wasm-function[40]:0x618a
    at vscode-file://vscode-app/usr/share/code/resources/app/node_modules.asar.unpacked/vscode-oniguruma/release/onig.wasm:wasm-function[39]:0x41f7
    at vscode-file://vscode-app/usr/share/code/resources/app/node_modules.asar.unpacked/vscode-oniguruma/release/onig.wasm:wasm-function[27]:0x2f8e
    at vscode-file://vscode-app/usr/share/code/resources/app/node_modules.asar.unpacked/vscode-oniguruma/release/onig.wasm:wasm-function[40]:0x6cb1
    at vscode-file://vscode-app/usr/share/code/resources/app/node_modules.asar.unpacked/vscode-oniguruma/release/onig.wasm:wasm-function[39]:0x4293
    at vscode-file://vscode-app/usr/share/code/resources/app/node_modules.asar.unpacked/vscode-oniguruma/release/onig.wasm:wasm-function[27]:0x2f8e
    at vscode-file://vscode-app/usr/share/code/resources/app/node_modules.asar.unpacked/vscode-oniguruma/release/onig.wasm:wasm-function[40]:0x6d48
    at vscode-file://vscode-app/usr/share/code/resources/app/node_modules.asar.unpacked/vscode-oniguruma/release/onig.wasm:wasm-function[39]:0x41f7
    at vscode-file://vscode-app/usr/share/code/resources/app/node_modules.asar.unpacked/vscode-oniguruma/release/onig.wasm:wasm-function[27]:0x2f8e
    at vscode-file://vscode-app/usr/share/code/resources/app/node_modules.asar.unpacked/vscode-oniguruma/release/onig.wasm:wasm-function[196]:0x2373d
    at new u (vscode-file://vscode-app/usr/share/code/resources/app/node_modules.asar/vscode-oniguruma/release/main.js:1:2973)
    at n.createOnigScanner (vscode-file://vscode-app/usr/share/code/resources/app/node_modules.asar/vscode-oniguruma/release/main.js:1:4984)
    at Object.createOnigScanner (vscode-file://vscode-app/usr/share/code/resources/app/out/vs/workbench/workbench.desktop.main.js:2068:7465)
    at m.createOnigScanner (vscode-file://vscode-app/usr/share/code/resources/app/node_modules.asar/vscode-textmate/release/main.js:1:5460)
    at g (vscode-file://vscode-app/usr/share/code/resources/app/node_modules.asar/vscode-textmate/release/main.js:1:51033)
    at m.compile (vscode-file://vscode-app/usr/share/code/resources/app/node_modules.asar/vscode-textmate/release/main.js:1:50274)
    at m.compileAG (vscode-file://vscode-app/usr/share/code/resources/app/node_modules.asar/vscode-textmate/release/main.js:1:50808)
    at u.compileAG (vscode-file://vscode-app/usr/share/code/resources/app/node_modules.asar/vscode-textmate/release/main.js:1:42253)
    at l (vscode-file://vscode-app/usr/share/code/resources/app/node_modules.asar/vscode-textmate/release/main.js:1:25825)
    at vscode-file://vscode-app/usr/share/code/resources/app/node_modules.asar/vscode-textmate/release/main.js:1:22088
    at vscode-file://vscode-app/usr/share/code/resources/app/node_modules.asar/vscode-textmate/release/main.js:1:22624
    at k (vscode-file://vscode-app/usr/share/code/resources/app/node_modules.asar/vscode-textmate/release/main.js:1:23425)
    at c (vscode-file://vscode-app/usr/share/code/resources/app/node_modules.asar/vscode-textmate/release/main.js:1:21819)
    at p (vscode-file://vscode-app/usr/share/code/resources/app/node_modules.asar/vscode-textmate/release/main.js:1:26825)
    at k (vscode-file://vscode-app/usr/share/code/resources/app/node_modules.asar/vscode-textmate/release/main.js:1:25448)
    at Object.c [as _tokenizeString] (vscode-file://vscode-app/usr/share/code/resources/app/node_modules.asar/vscode-textmate/release/main.js:1:21819)
    at m._tokenize (vscode-file://vscode-app/usr/share/code/resources/app/node_modules.asar/vscode-textmate/release/main.js:1:7948)
    at m.tokenizeLine2 (vscode-file://vscode-app/usr/share/code/resources/app/node_modules.asar/vscode-textmate/release/main.js:1:6981)
    at Lei.tokenizeEncoded (vscode-file://vscode-app/usr/share/code/resources/app/out/vs/workbench/workbench.desktop.main.js:2066:139097)
    at Mei.tokenizeEncoded (vscode-file://vscode-app/usr/share/code/resources/app/out/vs/workbench/workbench.desktop.main.js:2066:140152)
    at Qnt (vscode-file://vscode-app/usr/share/code/resources/app/out/vs/workbench/workbench.desktop.main.js:696:27796)
    at ZHt.updateTokensUntilLine (vscode-file://vscode-app/usr/share/code/resources/app/out/vs/workbench/workbench.desktop.main.js:696:22359)
    at ZHt.tokenizeHeuristically (vscode-file://vscode-app/usr/share/code/resources/app/out/vs/workbench/workbench.desktop.main.js:696:23636)
    at nBt.refreshRange (vscode-file://vscode-app/usr/share/code/resources/app/out/vs/workbench/workbench.desktop.main.js:698:26674)
    at nBt.refreshRanges (vscode-file://vscode-app/usr/share/code/resources/app/out/vs/workbench/workbench.desktop.main.js:698:26419)
    at YHt._refreshTokens (vscode-file://vscode-app/usr/share/code/resources/app/out/vs/workbench/workbench.desktop.main.js:698:23140)
    at YHt.update (vscode-file://vscode-app/usr/share/code/resources/app/out/vs/workbench/workbench.desktop.main.js:694:3337)
    at YHt.handleStateChange (vscode-file://vscode-app/usr/share/code/resources/app/out/vs/workbench/workbench.desktop.main.js:694:3453)
    at iLe.value (vscode-file://vscode-app/usr/share/code/resources/app/out/vs/workbench/workbench.desktop.main.js:698:23206)
    at D._deliver (vscode-file://vscode-app/usr/share/code/resources/app/out/vs/workbench/workbench.desktop.main.js:433:3642)
    at D.fire (vscode-file://vscode-app/usr/share/code/resources/app/out/vs/workbench/workbench.desktop.main.js:433:3961)
    at UMi.handleStateChange (vscode-file://vscode-app/usr/share/code/resources/app/out/vs/workbench/workbench.desktop.main.js:694:2223)
    at UMi.setVisibleLines (vscode-file://vscode-app/usr/share/code/resources/app/out/vs/workbench/workbench.desktop.main.js:694:2980)
    at VBt.visibleLinesStabilized (vscode-file://vscode-app/usr/share/code/resources/app/out/vs/workbench/workbench.desktop.main.js:709:66490)
    at Qs.handleInitialized (vscode-file://vscode-app/usr/share/code/resources/app/out/vs/workbench/workbench.desktop.main.js:712:8312)
    at Fee.setInput (vscode-file://vscode-app/usr/share/code/resources/app/out/vs/workbench/workbench.desktop.main.js:4311:92563)
    at async bUe.doSetInput (vscode-file://vscode-app/usr/share/code/resources/app/out/vs/workbench/workbench.desktop.main.js:1374:36391)
    at async bUe.doOpenEditor (vscode-file://vscode-app/usr/share/code/resources/app/out/vs/workbench/workbench.desktop.main.js:1374:34177)
    at async bUe.openEditor (vscode-file://vscode-app/usr/share/code/resources/app/out/vs/workbench/workbench.desktop.main.js:1374:33125)
    at async vscode-file://vscode-app/usr/share/code/resources/app/out/vs/workbench/workbench.desktop.main.js:1487:76407
    at async iLe.value (vscode-file://vscode-app/usr/share/code/resources/app/out/vs/workbench/workbench.desktop.main.js:2924:88034)
<1> 
    at RegExp.exec (<anonymous>)
    at yAe.def (vscode-file://vscode-app/usr/share/code/resources/app/out/vs/workbench/workbench.desktop.main.js:786:955)
    at s.blockTokens (vscode-file://vscode-app/usr/share/code/resources/app/out/vs/workbench/workbench.desktop.main.js:793:570)
    at s.lex (vscode-file://vscode-app/usr/share/code/resources/app/out/vs/workbench/workbench.desktop.main.js:790:9)
    at lex (vscode-file://vscode-app/usr/share/code/resources/app/out/vs/workbench/workbench.desktop.main.js:789:4316)
    at m9.parse (vscode-file://vscode-app/usr/share/code/resources/app/out/vs/workbench/workbench.desktop.main.js:818:5370)
    at gd (vscode-file://vscode-app/usr/share/code/resources/app/out/vs/workbench/workbench.desktop.main.js:819:241)
    at Br (vscode-file://vscode-app/usr/share/code/resources/app/out/vs/workbench/workbench.desktop.main.js:822:6009)
    at hLt.renderElement (vscode-file://vscode-app/usr/share/code/resources/app/out/vs/workbench/workbench.desktop.main.js:5565:184218)
    at s.renderElement (vscode-file://vscode-app/usr/share/code/resources/app/out/vs/workbench/workbench.desktop.main.js:945:17609)
    at QPi.renderElement (vscode-file://vscode-app/usr/share/code/resources/app/out/vs/workbench/workbench.desktop.main.js:758:2164)
    at AA.insertItemInDOM (vscode-file://vscode-app/usr/share/code/resources/app/out/vs/workbench/workbench.desktop.main.js:715:22981)
    at AA._splice (vscode-file://vscode-app/usr/share/code/resources/app/out/vs/workbench/workbench.desktop.main.js:715:17878)
    at AA.splice (vscode-file://vscode-app/usr/share/code/resources/app/out/vs/workbench/workbench.desktop.main.js:715:16126)
    at vscode-file://vscode-app/usr/share/code/resources/app/out/vs/workbench/workbench.desktop.main.js:713:125
    at Array.forEach (<anonymous>)
    at $Bt.splice (vscode-file://vscode-app/usr/share/code/resources/app/out/vs/workbench/workbench.desktop.main.js:713:112)
    at vscode-file://vscode-app/usr/share/code/resources/app/out/vs/workbench/workbench.desktop.main.js:758:9026
    at pH.bufferEvents (vscode-file://vscode-app/usr/share/code/resources/app/out/vs/workbench/workbench.desktop.main.js:433:7493)
    at $Oi.splice (vscode-file://vscode-app/usr/share/code/resources/app/out/vs/workbench/workbench.desktop.main.js:758:8993)
    at $Oi.splice (vscode-file://vscode-app/usr/share/code/resources/app/out/vs/workbench/workbench.desktop.main.js:945:51540)
    at iLe.value (vscode-file://vscode-app/usr/share/code/resources/app/out/vs/workbench/workbench.desktop.main.js:946:4559)
    at D._deliver (vscode-file://vscode-app/usr/share/code/resources/app/out/vs/workbench/workbench.desktop.main.js:433:3642)
    at D._deliverQueue (vscode-file://vscode-app/usr/share/code/resources/app/out/vs/workbench/workbench.desktop.main.js:433:3731)
    at D.fire (vscode-file://vscode-app/usr/share/code/resources/app/out/vs/workbench/workbench.desktop.main.js:433:4066)
    at v1t.spliceSimple (vscode-file://vscode-app/usr/share/code/resources/app/out/vs/workbench/workbench.desktop.main.js:945:4340)
    at v1t.splice (vscode-file://vscode-app/usr/share/code/resources/app/out/vs/workbench/workbench.desktop.main.js:945:2414)
    at Tj._setChildren (vscode-file://vscode-app/usr/share/code/resources/app/out/vs/workbench/workbench.desktop.main.js:946:7429)
    at Tj.setChildren (vscode-file://vscode-app/usr/share/code/resources/app/out/vs/workbench/workbench.desktop.main.js:946:6849)
    at Dv.setChildren (vscode-file://vscode-app/usr/share/code/resources/app/out/vs/workbench/workbench.desktop.main.js:946:18071)
    at Fme.refresh (vscode-file://vscode-app/usr/share/code/resources/app/out/vs/workbench/workbench.desktop.main.js:5565:177146)
    at Fme.handleRequest (vscode-file://vscode-app/usr/share/code/resources/app/out/vs/workbench/workbench.desktop.main.js:5565:175609)
<1> 
    at Tg.fire (vscode-file://vscode-app/usr/share/code/resources/app/out/vs/workbench/workbench.desktop.main.js:433:5370)
    at $wi.emitDidChangeValue (vscode-file://vscode-app/usr/share/code/resources/app/out/vs/workbench/workbench.desktop.main.js:937:107042)
    at iLe.value (vscode-file://vscode-app/usr/share/code/resources/app/out/vs/workbench/workbench.desktop.main.js:5606:71023)
    at Tg._deliver (vscode-file://vscode-app/usr/share/code/resources/app/out/vs/workbench/workbench.desktop.main.js:433:3642)
    at Tg.fire (vscode-file://vscode-app/usr/share/code/resources/app/out/vs/workbench/workbench.desktop.main.js:433:3961)
    at Tg.fire (vscode-file://vscode-app/usr/share/code/resources/app/out/vs/workbench/workbench.desktop.main.js:433:5437)
    at s.set (vscode-file://vscode-app/usr/share/code/resources/app/out/vs/workbench/workbench.desktop.main.js:937:87917)
    at vscode-file://vscode-app/usr/share/code/resources/app/out/vs/workbench/workbench.desktop.main.js:937:107631
    at $wi.withPausedEmitters (vscode-file://vscode-app/usr/share/code/resources/app/out/vs/workbench/workbench.desktop.main.js:937:107846)
    at $wi.store (vscode-file://vscode-app/usr/share/code/resources/app/out/vs/workbench/workbench.desktop.main.js:937:107559)
    at tWe.save (vscode-file://vscode-app/usr/share/code/resources/app/out/vs/workbench/workbench.desktop.main.js:1085:2647)
    at s.saveMemento (vscode-file://vscode-app/usr/share/code/resources/app/out/vs/workbench/workbench.desktop.main.js:1085:1440)
    at iLe.value (vscode-file://vscode-app/usr/share/code/resources/app/out/vs/workbench/workbench.desktop.main.js:1100:41911)
    at D._deliver (vscode-file://vscode-app/usr/share/code/resources/app/out/vs/workbench/workbench.desktop.main.js:433:3642)
    at D._deliverQueue (vscode-file://vscode-app/usr/share/code/resources/app/out/vs/workbench/workbench.desktop.main.js:433:3731)
    at D.fire (vscode-file://vscode-app/usr/share/code/resources/app/out/vs/workbench/workbench.desktop.main.js:433:4066)
    at $wi.flush (vscode-file://vscode-app/usr/share/code/resources/app/out/vs/workbench/workbench.desktop.main.js:937:109190)
    at vscode-file://vscode-app/usr/share/code/resources/app/out/vs/workbench/workbench.desktop.main.js:937:106307
<1> 
    at Array.values (<anonymous>)
    at VNe._findHoverAnchorCandidates (vscode-file://vscode-app/usr/share/code/resources/app/out/vs/workbench/workbench.desktop.main.js:951:6422)
    at VNe.showsOrWillShow (vscode-file://vscode-app/usr/share/code/resources/app/out/vs/workbench/workbench.desktop.main.js:951:6202)
    at Al._reactToEditorMouseMove (vscode-file://vscode-app/usr/share/code/resources/app/out/vs/workbench/workbench.desktop.main.js:951:13341)
    at Al._onEditorMouseMove (vscode-file://vscode-app/usr/share/code/resources/app/out/vs/workbench/workbench.desktop.main.js:951:13041)
    at iLe.value (vscode-file://vscode-app/usr/share/code/resources/app/out/vs/workbench/workbench.desktop.main.js:951:10546)
    at hy._deliver (vscode-file://vscode-app/usr/share/code/resources/app/out/vs/workbench/workbench.desktop.main.js:433:3642)
    at hy._deliverQueue (vscode-file://vscode-app/usr/share/code/resources/app/out/vs/workbench/workbench.desktop.main.js:433:3731)
    at hy.fire (vscode-file://vscode-app/usr/share/code/resources/app/out/vs/workbench/workbench.desktop.main.js:433:4066)
    at hy.fire (vscode-file://vscode-app/usr/share/code/resources/app/out/vs/workbench/workbench.desktop.main.js:712:26339)
    at i.onMouseMove (vscode-file://vscode-app/usr/share/code/resources/app/out/vs/workbench/workbench.desktop.main.js:712:23418)
    at s.emitMouseMove (vscode-file://vscode-app/usr/share/code/resources/app/out/vs/workbench/workbench.desktop.main.js:519:34630)
    at s.emitMouseMove (vscode-file://vscode-app/usr/share/code/resources/app/out/vs/workbench/workbench.desktop.main.js:519:22902)
    at uLi._onMouseMove (vscode-file://vscode-app/usr/share/code/resources/app/out/vs/workbench/workbench.desktop.main.js:513:55548)
    at vscode-file://vscode-app/usr/share/code/resources/app/out/vs/workbench/workbench.desktop.main.js:513:52570
    at HTMLDivElement.<anonymous> (vscode-file://vscode-app/usr/share/code/resources/app/out/vs/workbench/workbench.desktop.main.js:509:26995)
<1> 
    at Array.values (<anonymous>)
    at jWt._render (vscode-file://vscode-app/usr/share/code/resources/app/out/vs/workbench/workbench.desktop.main.js:519:154789)
    at jWt.render (vscode-file://vscode-app/usr/share/code/resources/app/out/vs/workbench/workbench.desktop.main.js:519:153506)
    at Object.render (vscode-file://vscode-app/usr/share/code/resources/app/out/vs/workbench/workbench.desktop.main.js:671:22852)
    at vscode-file://vscode-app/usr/share/code/resources/app/out/vs/workbench/workbench.desktop.main.js:671:21572
    at poe (vscode-file://vscode-app/usr/share/code/resources/app/out/vs/workbench/workbench.desktop.main.js:671:25975)
    at PPe._flushAccumulatedAndRenderNow (vscode-file://vscode-app/usr/share/code/resources/app/out/vs/workbench/workbench.desktop.main.js:671:21562)
    at Object.getPositionFromDOMInfo (vscode-file://vscode-app/usr/share/code/resources/app/out/vs/workbench/workbench.desktop.main.js:671:18427)
    at s.getPositionFromDOMInfo (vscode-file://vscode-app/usr/share/code/resources/app/out/vs/workbench/workbench.desktop.main.js:512:23015)
    at Object.s [as createFromDOMInfo] (vscode-file://vscode-app/usr/share/code/resources/app/out/vs/workbench/workbench.desktop.main.js:512:18261)
    at s._actualDoHitTestWithCaretRangeFromPoint (vscode-file://vscode-app/usr/share/code/resources/app/out/vs/workbench/workbench.desktop.main.js:513:10535)
    at s._doHitTestWithCaretRangeFromPoint (vscode-file://vscode-app/usr/share/code/resources/app/out/vs/workbench/workbench.desktop.main.js:513:9840)
    at s.doHitTest (vscode-file://vscode-app/usr/share/code/resources/app/out/vs/workbench/workbench.desktop.main.js:513:11979)
    at Lo.executor (vscode-file://vscode-app/usr/share/code/resources/app/out/vs/workbench/workbench.desktop.main.js:512:23829)
    at get value (vscode-file://vscode-app/usr/share/code/resources/app/out/vs/workbench/workbench.desktop.main.js:433:45419)
    at s._hitTestViewLines (vscode-file://vscode-app/usr/share/code/resources/app/out/vs/workbench/workbench.desktop.main.js:513:6910)
    at s._createMouseTarget (vscode-file://vscode-app/usr/share/code/resources/app/out/vs/workbench/workbench.desktop.main.js:513:2613)
    at s.createMouseTarget (vscode-file://vscode-app/usr/share/code/resources/app/out/vs/workbench/workbench.desktop.main.js:513:1828)
    at uLi._createMouseTarget (vscode-file://vscode-app/usr/share/code/resources/app/out/vs/workbench/workbench.desktop.main.js:513:55089)
    at uLi._onMouseUp (vscode-file://vscode-app/usr/share/code/resources/app/out/vs/workbench/workbench.desktop.main.js:513:55887)
    at vscode-file://vscode-app/usr/share/code/resources/app/out/vs/workbench/workbench.desktop.main.js:513:52874
    at HTMLDivElement.<anonymous> (vscode-file://vscode-app/usr/share/code/resources/app/out/vs/workbench/workbench.desktop.main.js:509:26710)
<1> 
    at eE (vscode-file://vscode-app/usr/share/code/resources/app/out/vs/workbench/workbench.desktop.main.js:442:135834)
    at Ik.parseSearchRequest (vscode-file://vscode-app/usr/share/code/resources/app/out/vs/workbench/workbench.desktop.main.js:477:318)
    at Nh.findMatches (vscode-file://vscode-app/usr/share/code/resources/app/out/vs/workbench/workbench.desktop.main.js:703:29)
    at AGt.provideDocumentHighlights (vscode-file://vscode-app/usr/share/code/resources/app/out/vs/workbench/workbench.desktop.main.js:1011:12868)
    at vscode-file://vscode-app/usr/share/code/resources/app/out/vs/workbench/workbench.desktop.main.js:1011:13608
    at n (vscode-file://vscode-app/usr/share/code/resources/app/out/vs/workbench/workbench.desktop.main.js:434:76950)
    at jge (vscode-file://vscode-app/usr/share/code/resources/app/out/vs/workbench/workbench.desktop.main.js:434:77000)
    at S0o (vscode-file://vscode-app/usr/share/code/resources/app/out/vs/workbench/workbench.desktop.main.js:1011:13573)
    at FBi._compute (vscode-file://vscode-app/usr/share/code/resources/app/out/vs/workbench/workbench.desktop.main.js:1011:14856)
    at vscode-file://vscode-app/usr/share/code/resources/app/out/vs/workbench/workbench.desktop.main.js:1011:14209
    at lr (vscode-file://vscode-app/usr/share/code/resources/app/out/vs/workbench/workbench.desktop.main.js:434:71918)
    at get result (vscode-file://vscode-app/usr/share/code/resources/app/out/vs/workbench/workbench.desktop.main.js:1011:14198)
    at om._run (vscode-file://vscode-app/usr/share/code/resources/app/out/vs/workbench/workbench.desktop.main.js:1011:22735)
<1> 
    at s._escape (vscode-file://vscode-app/usr/share/code/resources/app/out/vs/workbench/workbench.desktop.main.js:763:229)
    at s.appendLink (vscode-file://vscode-app/usr/share/code/resources/app/out/vs/workbench/workbench.desktop.main.js:763:115)
    at IKn (vscode-file://vscode-app/usr/share/code/resources/app/out/vs/workbench/workbench.desktop.main.js:1009:29983)
    at s._getOptions (vscode-file://vscode-app/usr/share/code/resources/app/out/vs/workbench/workbench.desktop.main.js:1009:29397)
    at s.decoration (vscode-file://vscode-app/usr/share/code/resources/app/out/vs/workbench/workbench.desktop.main.js:1009:29292)
    at $_.updateDecorations (vscode-file://vscode-app/usr/share/code/resources/app/out/vs/workbench/workbench.desktop.main.js:1009:26525)
    at $_.computeLinksNow (vscode-file://vscode-app/usr/share/code/resources/app/out/vs/workbench/workbench.desktop.main.js:1009:26209)
<1> 
    at s.equals (vscode-file://vscode-app/usr/share/code/resources/app/out/vs/workbench/workbench.desktop.main.js:1234:15383)
    at vscode-file://vscode-app/usr/share/code/resources/app/out/vs/workbench/workbench.desktop.main.js:1234:10451
    at Array.find (<anonymous>)
    at s.findNotification (vscode-file://vscode-app/usr/share/code/resources/app/out/vs/workbench/workbench.desktop.main.js:1234:10441)
    at s.addNotification (vscode-file://vscode-app/usr/share/code/resources/app/out/vs/workbench/workbench.desktop.main.js:1234:10148)
    at U5.notify (vscode-file://vscode-app/usr/share/code/resources/app/out/vs/workbench/workbench.desktop.main.js:2065:22820)
    at a (vscode-file://vscode-app/usr/share/code/resources/app/out/vs/workbench/workbench.desktop.main.js:1960:19876)
    at vscode-file://vscode-app/usr/share/code/resources/app/out/vs/workbench/workbench.desktop.main.js:1960:20446
<1> 
    at Array Iterator.next (<anonymous>)
    at dOt.error (vscode-file://vscode-app/usr/share/code/resources/app/out/vs/workbench/workbench.desktop.main.js:442:4999)
    at iCi.error (vscode-file://vscode-app/usr/share/code/resources/app/out/vs/workbench/workbench.desktop.main.js:5606:113365)
    at vscode-file://vscode-app/usr/share/code/resources/app/out/vs/workbench/workbench.desktop.main.js:5611:3269
    at async r (vscode-file://vscode-app/usr/share/code/resources/app/out/vs/workbench/workbench.desktop.main.js:1960:16139)
<1> 
    at AA.updateItemInDOM (vscode-file://vscode-app/usr/share/code/resources/app/out/vs/workbench/workbench.desktop.main.js:715:23611)
    at AA.insertItemInDOM (vscode-file://vscode-app/usr/share/code/resources/app/out/vs/workbench/workbench.desktop.main.js:715:22841)
    at AA._splice (vscode-file://vscode-app/usr/share/code/resources/app/out/vs/workbench/workbench.desktop.main.js:715:17878)
    at AA.splice (vscode-file://vscode-app/usr/share/code/resources/app/out/vs/workbench/workbench.desktop.main.js:715:16126)
    at vscode-file://vscode-app/usr/share/code/resources/app/out/vs/workbench/workbench.desktop.main.js:713:125
    at Array.forEach (<anonymous>)
    at $Bt.splice (vscode-file://vscode-app/usr/share/code/resources/app/out/vs/workbench/workbench.desktop.main.js:713:112)
    at vscode-file://vscode-app/usr/share/code/resources/app/out/vs/workbench/workbench.desktop.main.js:758:9026
    at pH.bufferEvents (vscode-file://vscode-app/usr/share/code/resources/app/out/vs/workbench/workbench.desktop.main.js:433:7493)
    at $Oi.splice (vscode-file://vscode-app/usr/share/code/resources/app/out/vs/workbench/workbench.desktop.main.js:758:8993)
    at $Oi.splice (vscode-file://vscode-app/usr/share/code/resources/app/out/vs/workbench/workbench.desktop.main.js:945:51540)
    at iLe.value (vscode-file://vscode-app/usr/share/code/resources/app/out/vs/workbench/workbench.desktop.main.js:946:4559)
    at D._deliver (vscode-file://vscode-app/usr/share/code/resources/app/out/vs/workbench/workbench.desktop.main.js:433:3642)
    at D._deliverQueue (vscode-file://vscode-app/usr/share/code/resources/app/out/vs/workbench/workbench.desktop.main.js:433:3731)
    at D.fire (vscode-file://vscode-app/usr/share/code/resources/app/out/vs/workbench/workbench.desktop.main.js:433:4066)
    at v1t.spliceSimple (vscode-file://vscode-app/usr/share/code/resources/app/out/vs/workbench/workbench.desktop.main.js:945:4340)
    at v1t.splice (vscode-file://vscode-app/usr/share/code/resources/app/out/vs/workbench/workbench.desktop.main.js:945:2414)
    at Tj._setChildren (vscode-file://vscode-app/usr/share/code/resources/app/out/vs/workbench/workbench.desktop.main.js:946:7429)
    at Tj.setChildren (vscode-file://vscode-app/usr/share/code/resources/app/out/vs/workbench/workbench.desktop.main.js:946:6849)
    at Dv.setChildren (vscode-file://vscode-app/usr/share/code/resources/app/out/vs/workbench/workbench.desktop.main.js:946:18071)
    at Fme.refresh (vscode-file://vscode-app/usr/share/code/resources/app/out/vs/workbench/workbench.desktop.main.js:5565:177146)
    at Fme.handleRequest (vscode-file://vscode-app/usr/share/code/resources/app/out/vs/workbench/workbench.desktop.main.js:5565:175609)
<1> 
    at vscode-file://vscode-app/usr/share/code/resources/app/node_modules.asar.unpacked/vscode-oniguruma/release/onig.wasm:wasm-function[198]:0x257ac
    at u._findNextMatchSync (vscode-file://vscode-app/usr/share/code/resources/app/node_modules.asar/vscode-oniguruma/release/main.js:1:3646)
    at u.findNextMatchSync (vscode-file://vscode-app/usr/share/code/resources/app/node_modules.asar/vscode-oniguruma/release/main.js:1:3451)
    at g.findNextMatchSync (vscode-file://vscode-app/usr/share/code/resources/app/node_modules.asar/vscode-textmate/release/main.js:1:51307)
    at vscode-file://vscode-app/usr/share/code/resources/app/node_modules.asar/vscode-textmate/release/main.js:1:22180
    at vscode-file://vscode-app/usr/share/code/resources/app/node_modules.asar/vscode-textmate/release/main.js:1:22624
    at k (vscode-file://vscode-app/usr/share/code/resources/app/node_modules.asar/vscode-textmate/release/main.js:1:23425)
    at Object.c [as _tokenizeString] (vscode-file://vscode-app/usr/share/code/resources/app/node_modules.asar/vscode-textmate/release/main.js:1:21819)
    at m._tokenize (vscode-file://vscode-app/usr/share/code/resources/app/node_modules.asar/vscode-textmate/release/main.js:1:7948)
    at m.tokenizeLine2 (vscode-file://vscode-app/usr/share/code/resources/app/node_modules.asar/vscode-textmate/release/main.js:1:6981)
    at Lei.tokenizeEncoded (vscode-file://vscode-app/usr/share/code/resources/app/out/vs/workbench/workbench.desktop.main.js:2066:139097)
    at Mei.tokenizeEncoded (vscode-file://vscode-app/usr/share/code/resources/app/out/vs/workbench/workbench.desktop.main.js:2066:140152)
    at Qnt (vscode-file://vscode-app/usr/share/code/resources/app/out/vs/workbench/workbench.desktop.main.js:696:27796)
    at ZHt.updateTokensUntilLine (vscode-file://vscode-app/usr/share/code/resources/app/out/vs/workbench/workbench.desktop.main.js:696:22359)
    at nBt.forceTokenization (vscode-file://vscode-app/usr/share/code/resources/app/out/vs/workbench/workbench.desktop.main.js:698:26945)
    at nBt.tokenizeIfCheap (vscode-file://vscode-app/usr/share/code/resources/app/out/vs/workbench/workbench.desktop.main.js:694:3911)
    at c9.tokenizeIfCheap (vscode-file://vscode-app/usr/share/code/resources/app/out/vs/workbench/workbench.desktop.main.js:698:31631)
    at X9.shouldAutoTrigger (vscode-file://vscode-app/usr/share/code/resources/app/out/vs/workbench/workbench.desktop.main.js:984:13996)
    at iLe.e [as value] (vscode-file://vscode-app/usr/share/code/resources/app/out/vs/workbench/workbench.desktop.main.js:984:17044)
    at hy._deliver (vscode-file://vscode-app/usr/share/code/resources/app/out/vs/workbench/workbench.desktop.main.js:433:3642)
    at hy._deliverQueue (vscode-file://vscode-app/usr/share/code/resources/app/out/vs/workbench/workbench.desktop.main.js:433:3731)
    at hy.fire (vscode-file://vscode-app/usr/share/code/resources/app/out/vs/workbench/workbench.desktop.main.js:433:4066)
    at hy.fire (vscode-file://vscode-app/usr/share/code/resources/app/out/vs/workbench/workbench.desktop.main.js:712:26339)
    at Qs._type (vscode-file://vscode-app/usr/share/code/resources/app/out/vs/workbench/workbench.desktop.main.js:712:10067)
    at Qs.trigger (vscode-file://vscode-app/usr/share/code/resources/app/out/vs/workbench/workbench.desktop.main.js:712:8951)
    at xFt.runCommand (vscode-file://vscode-app/usr/share/code/resources/app/out/vs/workbench/workbench.desktop.main.js:476:42438)
    at handler (vscode-file://vscode-app/usr/share/code/resources/app/out/vs/workbench/workbench.desktop.main.js:442:9618)
    at s.handler (vscode-file://vscode-app/usr/share/code/resources/app/out/vs/workbench/workbench.desktop.main.js:439:65119)
    at s.invokeFunction (vscode-file://vscode-app/usr/share/code/resources/app/out/vs/workbench/workbench.desktop.main.js:2293:944)
    at Qft._tryExecuteCommand (vscode-file://vscode-app/usr/share/code/resources/app/out/vs/workbench/workbench.desktop.main.js:2004:4962)
    at Qft.executeCommand (vscode-file://vscode-app/usr/share/code/resources/app/out/vs/workbench/workbench.desktop.main.js:2004:4376)
    at Object.type (vscode-file://vscode-app/usr/share/code/resources/app/out/vs/workbench/workbench.desktop.main.js:712:22707)
    at s.type (vscode-file://vscode-app/usr/share/code/resources/app/out/vs/workbench/workbench.desktop.main.js:519:17377)
    at bve._onType (vscode-file://vscode-app/usr/share/code/resources/app/out/vs/workbench/workbench.desktop.main.js:671:5839)
    at bve._emitTypeEvent (vscode-file://vscode-app/usr/share/code/resources/app/out/vs/workbench/workbench.desktop.main.js:671:5667)
    at EditContext.<anonymous> (vscode-file://vscode-app/usr/share/code/resources/app/out/vs/workbench/workbench.desktop.main.js:671:1309)
<1> 
    at w (vscode-file://vscode-app/usr/share/code/resources/app/out/vs/workbench/workbench.desktop.main.js:508:51958)
    at y (vscode-file://vscode-app/usr/share/code/resources/app/out/vs/workbench/workbench.desktop.main.js:508:51844)
<1> 
    at tL.getStatsFromDragAndDropData (vscode-file://vscode-app/usr/share/code/resources/app/out/vs/workbench/workbench.desktop.main.js:2924:77622)
    at tL.onDragStart (vscode-file://vscode-app/usr/share/code/resources/app/out/vs/workbench/workbench.desktop.main.js:2924:73747)
    at rFi.onDragStart (vscode-file://vscode-app/usr/share/code/resources/app/out/vs/workbench/workbench.desktop.main.js:946:23787)
    at NOi.onDragStart (vscode-file://vscode-app/usr/share/code/resources/app/out/vs/workbench/workbench.desktop.main.js:945:11376)
    at XPi.onDragStart (vscode-file://vscode-app/usr/share/code/resources/app/out/vs/workbench/workbench.desktop.main.js:758:3350)
    at AA.onDragStart (vscode-file://vscode-app/usr/share/code/resources/app/out/vs/workbench/workbench.desktop.main.js:715:28741)
    at HTMLDivElement.<anonymous> (vscode-file://vscode-app/usr/share/code/resources/app/out/vs/workbench/workbench.desktop.main.js:715:23202)
<1> 
    at HTMLDivElement.<anonymous> (vscode-file://vscode-app/usr/share/code/resources/app/out/vs/workbench/workbench.desktop.main.js:439:20223)
<1> 
    at vscode-file://vscode-app/usr/share/code/resources/app/out/vs/workbench/workbench.desktop.main.js:1221:5850
<1> 
    at s.layout (vscode-file://vscode-app/usr/share/code/resources/app/out/vs/workbench/workbench.desktop.main.js:937:52509)
    at new s (vscode-file://vscode-app/usr/share/code/resources/app/out/vs/workbench/workbench.desktop.main.js:937:48349)
    at im.doAddView (vscode-file://vscode-app/usr/share/code/resources/app/out/vs/workbench/workbench.desktop.main.js:941:72687)
    at im.addView (vscode-file://vscode-app/usr/share/code/resources/app/out/vs/workbench/workbench.desktop.main.js:941:65504)
    at s.addChild (vscode-file://vscode-app/usr/share/code/resources/app/out/vs/workbench/workbench.desktop.main.js:1362:25344)
    at s.addView (vscode-file://vscode-app/usr/share/code/resources/app/out/vs/workbench/workbench.desktop.main.js:1362:36522)
    at s._addView (vscode-file://vscode-app/usr/share/code/resources/app/out/vs/workbench/workbench.desktop.main.js:1362:47054)
    at s.addView (vscode-file://vscode-app/usr/share/code/resources/app/out/vs/workbench/workbench.desktop.main.js:1362:46805)
    at _Ue.addGroup (vscode-file://vscode-app/usr/share/code/resources/app/out/vs/workbench/workbench.desktop.main.js:1487:112754)
    at UN.addGroup (vscode-file://vscode-app/usr/share/code/resources/app/out/vs/workbench/workbench.desktop.main.js:1487:181654)
    at i (vscode-file://vscode-app/usr/share/code/resources/app/out/vs/workbench/workbench.desktop.main.js:1487:91035)
    at vscode-file://vscode-app/usr/share/code/resources/app/out/vs/workbench/workbench.desktop.main.js:1487:92859
    at LV.handleDrop (vscode-file://vscode-app/usr/share/code/resources/app/out/vs/workbench/workbench.desktop.main.js:1219:2498)
<1> 
    at new zBt (vscode-file://vscode-app/usr/share/code/resources/app/out/vs/workbench/workbench.desktop.main.js:712:25746)
    at new Qs (vscode-file://vscode-app/usr/share/code/resources/app/out/vs/workbench/workbench.desktop.main.js:710:10214)
    at s._createInstance (vscode-file://vscode-app/usr/share/code/resources/app/out/vs/workbench/workbench.desktop.main.js:2293:2000)
    at s.createInstance (vscode-file://vscode-app/usr/share/code/resources/app/out/vs/workbench/workbench.desktop.main.js:2293:1440)
    at Fee.createEditorControl (vscode-file://vscode-app/usr/share/code/resources/app/out/vs/workbench/workbench.desktop.main.js:1369:95302)
    at Fee.createEditorControl (vscode-file://vscode-app/usr/share/code/resources/app/out/vs/workbench/workbench.desktop.main.js:4311:94573)
    at Fee.createEditor (vscode-file://vscode-app/usr/share/code/resources/app/out/vs/workbench/workbench.desktop.main.js:1100:58693)
    at Fee.create (vscode-file://vscode-app/usr/share/code/resources/app/out/vs/workbench/workbench.desktop.main.js:1100:50914)
    at bUe.doCreateEditorPane (vscode-file://vscode-app/usr/share/code/resources/app/out/vs/workbench/workbench.desktop.main.js:1374:35386)
    at bUe.doShowEditorPane (vscode-file://vscode-app/usr/share/code/resources/app/out/vs/workbench/workbench.desktop.main.js:1374:34879)
    at bUe.doOpenEditor (vscode-file://vscode-app/usr/share/code/resources/app/out/vs/workbench/workbench.desktop.main.js:1374:34126)
    at bUe.openEditor (vscode-file://vscode-app/usr/share/code/resources/app/out/vs/workbench/workbench.desktop.main.js:1374:33136)
    at vscode-file://vscode-app/usr/share/code/resources/app/out/vs/workbench/workbench.desktop.main.js:1487:76429
    at VS.doShowEditor (vscode-file://vscode-app/usr/share/code/resources/app/out/vs/workbench/workbench.desktop.main.js:1487:76677)
    at VS.doOpenEditor (vscode-file://vscode-app/usr/share/code/resources/app/out/vs/workbench/workbench.desktop.main.js:1487:76175)
    at VS.openEditors (vscode-file://vscode-app/usr/share/code/resources/app/out/vs/workbench/workbench.desktop.main.js:1487:76895)
    at Vwe.openEditors (vscode-file://vscode-app/usr/share/code/resources/app/out/vs/workbench/workbench.desktop.main.js:1979:46392)
    at async LV.handleDrop (vscode-file://vscode-app/usr/share/code/resources/app/out/vs/workbench/workbench.desktop.main.js:1219:2501)
<1> 
    at new gy (vscode-file://vscode-app/usr/share/code/resources/app/out/vs/workbench/workbench.desktop.main.js:937:374013)
    at s._createInstance (vscode-file://vscode-app/usr/share/code/resources/app/out/vs/workbench/workbench.desktop.main.js:2293:2000)
    at s.createInstance (vscode-file://vscode-app/usr/share/code/resources/app/out/vs/workbench/workbench.desktop.main.js:2293:1440)
    at RHt._instantiateById (vscode-file://vscode-app/usr/share/code/resources/app/out/vs/workbench/workbench.desktop.main.js:671:42534)
    at RHt.get (vscode-file://vscode-app/usr/share/code/resources/app/out/vs/workbench/workbench.desktop.main.js:671:41748)
    at Qs.getContribution (vscode-file://vscode-app/usr/share/code/resources/app/out/vs/workbench/workbench.desktop.main.js:712:8488)
    at gy.get (vscode-file://vscode-app/usr/share/code/resources/app/out/vs/workbench/workbench.desktop.main.js:937:376221)
    at Ibo.getLimitReporter (vscode-file://vscode-app/usr/share/code/resources/app/out/vs/workbench/workbench.desktop.main.js:4896:12522)
    at Cbo.onActiveEditorChanged (vscode-file://vscode-app/usr/share/code/resources/app/out/vs/workbench/workbench.desktop.main.js:4896:13013)
    at vscode-file://vscode-app/usr/share/code/resources/app/out/vs/workbench/workbench.desktop.main.js:4896:12206
    at Array.forEach (<anonymous>)
    at iLe.r [as value] (vscode-file://vscode-app/usr/share/code/resources/app/out/vs/workbench/workbench.desktop.main.js:4896:12193)
    at D._deliver (vscode-file://vscode-app/usr/share/code/resources/app/out/vs/workbench/workbench.desktop.main.js:433:3642)
    at D._deliverQueue (vscode-file://vscode-app/usr/share/code/resources/app/out/vs/workbench/workbench.desktop.main.js:433:3731)
    at D.fire (vscode-file://vscode-app/usr/share/code/resources/app/out/vs/workbench/workbench.desktop.main.js:433:4066)
    at Vwe.doHandleActiveEditorChangeEvent (vscode-file://vscode-app/usr/share/code/resources/app/out/vs/workbench/workbench.desktop.main.js:1979:40118)
    at Vwe.handleActiveEditorChange (vscode-file://vscode-app/usr/share/code/resources/app/out/vs/workbench/workbench.desktop.main.js:1979:39929)
    at iLe.value (vscode-file://vscode-app/usr/share/code/resources/app/out/vs/workbench/workbench.desktop.main.js:1979:38976)
    at D._deliver (vscode-file://vscode-app/usr/share/code/resources/app/out/vs/workbench/workbench.desktop.main.js:433:3642)
    at D._deliverQueue (vscode-file://vscode-app/usr/share/code/resources/app/out/vs/workbench/workbench.desktop.main.js:433:3731)
    at D.fire (vscode-file://vscode-app/usr/share/code/resources/app/out/vs/workbench/workbench.desktop.main.js:433:4066)
    at iLe.value (vscode-file://vscode-app/usr/share/code/resources/app/out/vs/workbench/workbench.desktop.main.js:1487:174876)
    at D._deliver (vscode-file://vscode-app/usr/share/code/resources/app/out/vs/workbench/workbench.desktop.main.js:433:3642)
    at D._deliverQueue (vscode-file://vscode-app/usr/share/code/resources/app/out/vs/workbench/workbench.desktop.main.js:433:3731)
    at D.fire (vscode-file://vscode-app/usr/share/code/resources/app/out/vs/workbench/workbench.desktop.main.js:433:4066)
    at _Ue.doSetGroupActive (vscode-file://vscode-app/usr/share/code/resources/app/out/vs/workbench/workbench.desktop.main.js:1487:114293)
    at _Ue.activateGroup (vscode-file://vscode-app/usr/share/code/resources/app/out/vs/workbench/workbench.desktop.main.js:1487:110313)
    at VS.doOpenEditor (vscode-file://vscode-app/usr/share/code/resources/app/out/vs/workbench/workbench.desktop.main.js:1487:76248)
    at VS.openEditors (vscode-file://vscode-app/usr/share/code/resources/app/out/vs/workbench/workbench.desktop.main.js:1487:76895)
    at Vwe.openEditors (vscode-file://vscode-app/usr/share/code/resources/app/out/vs/workbench/workbench.desktop.main.js:1979:46392)
    at async LV.handleDrop (vscode-file://vscode-app/usr/share/code/resources/app/out/vs/workbench/workbench.desktop.main.js:1219:2501)
<1> 
    at CC._registerMouseListeners (vscode-file://vscode-app/usr/share/code/resources/app/out/vs/workbench/workbench.desktop.main.js:990:92604)
    at new CC (vscode-file://vscode-app/usr/share/code/resources/app/out/vs/workbench/workbench.desktop.main.js:990:90477)
    at s._createInstance (vscode-file://vscode-app/usr/share/code/resources/app/out/vs/workbench/workbench.desktop.main.js:2293:2000)
    at s.createInstance (vscode-file://vscode-app/usr/share/code/resources/app/out/vs/workbench/workbench.desktop.main.js:2293:1440)
    at RHt._instantiateById (vscode-file://vscode-app/usr/share/code/resources/app/out/vs/workbench/workbench.desktop.main.js:671:42534)
    at RHt.get (vscode-file://vscode-app/usr/share/code/resources/app/out/vs/workbench/workbench.desktop.main.js:671:41748)
    at Qs.getContribution (vscode-file://vscode-app/usr/share/code/resources/app/out/vs/workbench/workbench.desktop.main.js:712:8488)
    at CC.get (vscode-file://vscode-app/usr/share/code/resources/app/out/vs/workbench/workbench.desktop.main.js:990:91010)
    at new One (vscode-file://vscode-app/usr/share/code/resources/app/out/vs/workbench/workbench.desktop.main.js:990:119714)
    at s._createInstance (vscode-file://vscode-app/usr/share/code/resources/app/out/vs/workbench/workbench.desktop.main.js:2293:2000)
    at s.createInstance (vscode-file://vscode-app/usr/share/code/resources/app/out/vs/workbench/workbench.desktop.main.js:2293:1440)
    at new BOe (vscode-file://vscode-app/usr/share/code/resources/app/out/vs/workbench/workbench.desktop.main.js:997:142)
    at s._createInstance (vscode-file://vscode-app/usr/share/code/resources/app/out/vs/workbench/workbench.desktop.main.js:2293:2000)
    at s.createInstance (vscode-file://vscode-app/usr/share/code/resources/app/out/vs/workbench/workbench.desktop.main.js:2293:1440)
    at ry._computeFn (vscode-file://vscode-app/usr/share/code/resources/app/out/vs/workbench/workbench.desktop.main.js:997:3150)
    at ry._recompute (vscode-file://vscode-app/usr/share/code/resources/app/out/vs/workbench/workbench.desktop.main.js:435:13171)
    at ry.get (vscode-file://vscode-app/usr/share/code/resources/app/out/vs/workbench/workbench.desktop.main.js:435:12505)
    at ry.reportChanges (vscode-file://vscode-app/usr/share/code/resources/app/out/vs/workbench/workbench.desktop.main.js:435:497)
    at RNt.endUpdate (vscode-file://vscode-app/usr/share/code/resources/app/out/vs/workbench/workbench.desktop.main.js:435:22947)
    at mF (vscode-file://vscode-app/usr/share/code/resources/app/out/vs/workbench/workbench.desktop.main.js:435:22667)
    at ry.recomputeInitiallyAndOnChange (vscode-file://vscode-app/usr/share/code/resources/app/out/vs/workbench/workbench.desktop.main.js:435:1092)
    at new Dd (vscode-file://vscode-app/usr/share/code/resources/app/out/vs/workbench/workbench.desktop.main.js:997:4133)
    at s._createInstance (vscode-file://vscode-app/usr/share/code/resources/app/out/vs/workbench/workbench.desktop.main.js:2293:2000)
    at s.createInstance (vscode-file://vscode-app/usr/share/code/resources/app/out/vs/workbench/workbench.desktop.main.js:2293:1440)
    at RHt._instantiateById (vscode-file://vscode-app/usr/share/code/resources/app/out/vs/workbench/workbench.desktop.main.js:671:42534)
    at RHt.get (vscode-file://vscode-app/usr/share/code/resources/app/out/vs/workbench/workbench.desktop.main.js:671:41748)
    at Qs.getContribution (vscode-file://vscode-app/usr/share/code/resources/app/out/vs/workbench/workbench.desktop.main.js:712:8488)
    at Dd.get (vscode-file://vscode-app/usr/share/code/resources/app/out/vs/workbench/workbench.desktop.main.js:997:10643)
    at ry._computeFn (vscode-file://vscode-app/usr/share/code/resources/app/out/vs/workbench/workbench.desktop.main.js:5581:13914)
    at ry._recompute (vscode-file://vscode-app/usr/share/code/resources/app/out/vs/workbench/workbench.desktop.main.js:435:13171)
    at ry.get (vscode-file://vscode-app/usr/share/code/resources/app/out/vs/workbench/workbench.desktop.main.js:435:12505)
    at ry.reportChanges (vscode-file://vscode-app/usr/share/code/resources/app/out/vs/workbench/workbench.desktop.main.js:435:497)
    at V1.endUpdate (vscode-file://vscode-app/usr/share/code/resources/app/out/vs/workbench/workbench.desktop.main.js:435:7248)
    at ry.endUpdate (vscode-file://vscode-app/usr/share/code/resources/app/out/vs/workbench/workbench.desktop.main.js:435:14173)
    at SH.finish (vscode-file://vscode-app/usr/share/code/resources/app/out/vs/workbench/workbench.desktop.main.js:434:110883)
    at Ti (vscode-file://vscode-app/usr/share/code/resources/app/out/vs/workbench/workbench.desktop.main.js:434:110083)
    at yH (vscode-file://vscode-app/usr/share/code/resources/app/out/vs/workbench/workbench.desktop.main.js:434:110308)
    at iLe.handleEvent [as value] (vscode-file://vscode-app/usr/share/code/resources/app/out/vs/workbench/workbench.desktop.main.js:435:19776)
    at D._deliver (vscode-file://vscode-app/usr/share/code/resources/app/out/vs/workbench/workbench.desktop.main.js:433:3642)
    at D._deliverQueue (vscode-file://vscode-app/usr/share/code/resources/app/out/vs/workbench/workbench.desktop.main.js:433:3731)
    at D.fire (vscode-file://vscode-app/usr/share/code/resources/app/out/vs/workbench/workbench.desktop.main.js:433:4066)
    at Vwe.doHandleActiveEditorChangeEvent (vscode-file://vscode-app/usr/share/code/resources/app/out/vs/workbench/workbench.desktop.main.js:1979:40118)
    at Vwe.handleActiveEditorChange (vscode-file://vscode-app/usr/share/code/resources/app/out/vs/workbench/workbench.desktop.main.js:1979:39929)
    at iLe.value (vscode-file://vscode-app/usr/share/code/resources/app/out/vs/workbench/workbench.desktop.main.js:1979:38976)
    at D._deliver (vscode-file://vscode-app/usr/share/code/resources/app/out/vs/workbench/workbench.desktop.main.js:433:3642)
    at D._deliverQueue (vscode-file://vscode-app/usr/share/code/resources/app/out/vs/workbench/workbench.desktop.main.js:433:3731)
    at D.fire (vscode-file://vscode-app/usr/share/code/resources/app/out/vs/workbench/workbench.desktop.main.js:433:4066)
    at iLe.value (vscode-file://vscode-app/usr/share/code/resources/app/out/vs/workbench/workbench.desktop.main.js:1487:174876)
    at D._deliver (vscode-file://vscode-app/usr/share/code/resources/app/out/vs/workbench/workbench.desktop.main.js:433:3642)
    at D._deliverQueue (vscode-file://vscode-app/usr/share/code/resources/app/out/vs/workbench/workbench.desktop.main.js:433:3731)
    at D.fire (vscode-file://vscode-app/usr/share/code/resources/app/out/vs/workbench/workbench.desktop.main.js:433:4066)
    at _Ue.doSetGroupActive (vscode-file://vscode-app/usr/share/code/resources/app/out/vs/workbench/workbench.desktop.main.js:1487:114293)
    at _Ue.activateGroup (vscode-file://vscode-app/usr/share/code/resources/app/out/vs/workbench/workbench.desktop.main.js:1487:110313)
    at VS.doOpenEditor (vscode-file://vscode-app/usr/share/code/resources/app/out/vs/workbench/workbench.desktop.main.js:1487:76248)
    at VS.openEditors (vscode-file://vscode-app/usr/share/code/resources/app/out/vs/workbench/workbench.desktop.main.js:1487:76895)
    at Vwe.openEditors (vscode-file://vscode-app/usr/share/code/resources/app/out/vs/workbench/workbench.desktop.main.js:1979:46392)
    at async LV.handleDrop (vscode-file://vscode-app/usr/share/code/resources/app/out/vs/workbench/workbench.desktop.main.js:1219:2501)
<1> 
    at c9.getLineTokens (vscode-file://vscode-app/usr/share/code/resources/app/out/vs/workbench/workbench.desktop.main.js:698:30693)
    at fMi.read (vscode-file://vscode-app/usr/share/code/resources/app/out/vs/workbench/workbench.desktop.main.js:675:20291)
    at UPe.peek (vscode-file://vscode-app/usr/share/code/resources/app/out/vs/workbench/workbench.desktop.main.js:675:18231)
    at wMi.parseList (vscode-file://vscode-app/usr/share/code/resources/app/out/vs/workbench/workbench.desktop.main.js:677:5622)
    at wMi.parseChild (vscode-file://vscode-app/usr/share/code/resources/app/out/vs/workbench/workbench.desktop.main.js:677:6415)
    at wMi.parseList (vscode-file://vscode-app/usr/share/code/resources/app/out/vs/workbench/workbench.desktop.main.js:677:5688)
    at wMi.parseChild (vscode-file://vscode-app/usr/share/code/resources/app/out/vs/workbench/workbench.desktop.main.js:677:6415)
    at wMi.parseList (vscode-file://vscode-app/usr/share/code/resources/app/out/vs/workbench/workbench.desktop.main.js:677:5688)
    at wMi.parseChild (vscode-file://vscode-app/usr/share/code/resources/app/out/vs/workbench/workbench.desktop.main.js:677:6415)
    at wMi.parseList (vscode-file://vscode-app/usr/share/code/resources/app/out/vs/workbench/workbench.desktop.main.js:677:5688)
    at wMi.parseDocument (vscode-file://vscode-app/usr/share/code/resources/app/out/vs/workbench/workbench.desktop.main.js:677:5469)
    at Bnt (vscode-file://vscode-app/usr/share/code/resources/app/out/vs/workbench/workbench.desktop.main.js:677:5040)
    at BHt.parseDocumentFromTextBuffer (vscode-file://vscode-app/usr/share/code/resources/app/out/vs/workbench/workbench.desktop.main.js:677:10343)
    at new BHt (vscode-file://vscode-app/usr/share/code/resources/app/out/vs/workbench/workbench.desktop.main.js:677:8675)
    at UHt.updateBracketPairsTree (vscode-file://vscode-app/usr/share/code/resources/app/out/vs/workbench/workbench.desktop.main.js:677:14623)
    at UHt.getBracketsInRange (vscode-file://vscode-app/usr/share/code/resources/app/out/vs/workbench/workbench.desktop.main.js:677:15346)
    at zHt.getDecorationsInRange (vscode-file://vscode-app/usr/share/code/resources/app/out/vs/workbench/workbench.desktop.main.js:677:25636)
    at Nh.getDecorationsInRange (vscode-file://vscode-app/usr/share/code/resources/app/out/vs/workbench/workbench.desktop.main.js:708:6465)
    at OBt.getDecorationsInRange (vscode-file://vscode-app/usr/share/code/resources/app/out/vs/workbench/workbench.desktop.main.js:709:57696)
    at Object.getModelDecorations (vscode-file://vscode-app/usr/share/code/resources/app/out/vs/workbench/workbench.desktop.main.js:709:35353)
    at T0t.getDecorations (vscode-file://vscode-app/usr/share/code/resources/app/out/vs/workbench/workbench.desktop.main.js:511:7810)
    at LBt.getDecorationsViewportData (vscode-file://vscode-app/usr/share/code/resources/app/out/vs/workbench/workbench.desktop.main.js:709:36506)
    at VBt.getViewportViewLineRenderingData (vscode-file://vscode-app/usr/share/code/resources/app/out/vs/workbench/workbench.desktop.main.js:709:79510)
    at aHt.getViewLineRenderingData (vscode-file://vscode-app/usr/share/code/resources/app/out/vs/workbench/workbench.desktop.main.js:519:190067)
    at s.renderLine (vscode-file://vscode-app/usr/share/code/resources/app/out/vs/workbench/workbench.desktop.main.js:512:8918)
    at s._finishRendering (vscode-file://vscode-app/usr/share/code/resources/app/out/vs/workbench/workbench.desktop.main.js:519:30040)
    at s.render (vscode-file://vscode-app/usr/share/code/resources/app/out/vs/workbench/workbench.desktop.main.js:519:27820)
    at cPe.renderLines (vscode-file://vscode-app/usr/share/code/resources/app/out/vs/workbench/workbench.desktop.main.js:519:27203)
    at s.renderText (vscode-file://vscode-app/usr/share/code/resources/app/out/vs/workbench/workbench.desktop.main.js:519:98805)
    at Object.renderText (vscode-file://vscode-app/usr/share/code/resources/app/out/vs/workbench/workbench.desktop.main.js:671:22511)
    at Object.renderText (vscode-file://vscode-app/usr/share/code/resources/app/out/vs/workbench/workbench.desktop.main.js:671:21174)
    at vscode-file://vscode-app/usr/share/code/resources/app/out/vs/workbench/workbench.desktop.main.js:671:26949
    at poe (vscode-file://vscode-app/usr/share/code/resources/app/out/vs/workbench/workbench.desktop.main.js:671:25975)
    at s._onRenderScheduled (vscode-file://vscode-app/usr/share/code/resources/app/out/vs/workbench/workbench.desktop.main.js:671:26939)
    at Zit.e [as _runner] (vscode-file://vscode-app/usr/share/code/resources/app/out/vs/workbench/workbench.desktop.main.js:671:26596)
    at Zit.execute (vscode-file://vscode-app/usr/share/code/resources/app/out/vs/workbench/workbench.desktop.main.js:439:3975)
    at i (vscode-file://vscode-app/usr/share/code/resources/app/out/vs/workbench/workbench.desktop.main.js:439:4220)
    at vscode-file://vscode-app/usr/share/code/resources/app/out/vs/workbench/workbench.desktop.main.js:439:4385
<1> 
    at new el (vscode-file://vscode-app/usr/share/code/resources/app/out/vs/workbench/workbench.desktop.main.js:939:4260)
    at new dne (vscode-file://vscode-app/usr/share/code/resources/app/out/vs/workbench/workbench.desktop.main.js:939:14288)
    at new yj (vscode-file://vscode-app/usr/share/code/resources/app/out/vs/workbench/workbench.desktop.main.js:939:28106)
    at ECe.createInputBox (vscode-file://vscode-app/usr/share/code/resources/app/out/vs/workbench/workbench.desktop.main.js:2268:23788)
    at ECe.createSearchContainer (vscode-file://vscode-app/usr/share/code/resources/app/out/vs/workbench/workbench.desktop.main.js:2268:23635)
    at ECe.create (vscode-file://vscode-app/usr/share/code/resources/app/out/vs/workbench/workbench.desktop.main.js:2268:22690)
    at new ele (vscode-file://vscode-app/usr/share/code/resources/app/out/vs/workbench/workbench.desktop.main.js:2268:22525)
    at new ECe (vscode-file://vscode-app/usr/share/code/resources/app/out/vs/workbench/workbench.desktop.main.js:2268:25720)
    at s._createInstance (vscode-file://vscode-app/usr/share/code/resources/app/out/vs/workbench/workbench.desktop.main.js:2293:2000)
    at s.createInstance (vscode-file://vscode-app/usr/share/code/resources/app/out/vs/workbench/workbench.desktop.main.js:2293:1440)
    at new hU (vscode-file://vscode-app/usr/share/code/resources/app/out/vs/workbench/workbench.desktop.main.js:2268:28445)
    at s._createInstance (vscode-file://vscode-app/usr/share/code/resources/app/out/vs/workbench/workbench.desktop.main.js:2293:2000)
    at s.createInstance (vscode-file://vscode-app/usr/share/code/resources/app/out/vs/workbench/workbench.desktop.main.js:2293:1440)
    at new tle (vscode-file://vscode-app/usr/share/code/resources/app/out/vs/workbench/workbench.desktop.main.js:2268:31016)
    at s._createInstance (vscode-file://vscode-app/usr/share/code/resources/app/out/vs/workbench/workbench.desktop.main.js:2293:2000)
    at s.createInstance (vscode-file://vscode-app/usr/share/code/resources/app/out/vs/workbench/workbench.desktop.main.js:2293:1440)
    at new Wbt (vscode-file://vscode-app/usr/share/code/resources/app/out/vs/workbench/workbench.desktop.main.js:2284:1268)
    at s._createInstance (vscode-file://vscode-app/usr/share/code/resources/app/out/vs/workbench/workbench.desktop.main.js:2293:2000)
    at s.createInstance (vscode-file://vscode-app/usr/share/code/resources/app/out/vs/workbench/workbench.desktop.main.js:2293:1440)
    at RHt._instantiateById (vscode-file://vscode-app/usr/share/code/resources/app/out/vs/workbench/workbench.desktop.main.js:671:42534)
    at RHt._instantiateSome (vscode-file://vscode-app/usr/share/code/resources/app/out/vs/workbench/workbench.desktop.main.js:671:42152)
    at vscode-file://vscode-app/usr/share/code/resources/app/out/vs/workbench/workbench.desktop.main.js:671:41957
<1> 
    at new s (vscode-file://vscode-app/usr/share/code/resources/app/out/vs/workbench/workbench.desktop.main.js:1009:30832)
    at s._createInstance (vscode-file://vscode-app/usr/share/code/resources/app/out/vs/workbench/workbench.desktop.main.js:2293:2000)
    at s.createInstance (vscode-file://vscode-app/usr/share/code/resources/app/out/vs/workbench/workbench.desktop.main.js:2293:1440)
    at RHt._instantiateById (vscode-file://vscode-app/usr/share/code/resources/app/out/vs/workbench/workbench.desktop.main.js:671:42534)
    at RHt._instantiateSome (vscode-file://vscode-app/usr/share/code/resources/app/out/vs/workbench/workbench.desktop.main.js:671:42152)
    at RHt.onBeforeInteractionEvent (vscode-file://vscode-app/usr/share/code/resources/app/out/vs/workbench/workbench.desktop.main.js:671:41863)
    at hy.fire (vscode-file://vscode-app/usr/share/code/resources/app/out/vs/workbench/workbench.desktop.main.js:712:26306)
    at i.onMouseMove (vscode-file://vscode-app/usr/share/code/resources/app/out/vs/workbench/workbench.desktop.main.js:712:23418)
    at s.emitMouseMove (vscode-file://vscode-app/usr/share/code/resources/app/out/vs/workbench/workbench.desktop.main.js:519:34630)
    at s.emitMouseMove (vscode-file://vscode-app/usr/share/code/resources/app/out/vs/workbench/workbench.desktop.main.js:519:22902)
    at uLi._onMouseMove (vscode-file://vscode-app/usr/share/code/resources/app/out/vs/workbench/workbench.desktop.main.js:513:55548)
    at vscode-file://vscode-app/usr/share/code/resources/app/out/vs/workbench/workbench.desktop.main.js:513:52570
    at HTMLDivElement.<anonymous> (vscode-file://vscode-app/usr/share/code/resources/app/out/vs/workbench/workbench.desktop.main.js:509:26995)
<1> 
    at get activeEditor (vscode-file://vscode-app/usr/share/code/resources/app/out/vs/workbench/workbench.desktop.main.js:1487:73122)
    at VS.createEditorActions (vscode-file://vscode-app/usr/share/code/resources/app/out/vs/workbench/workbench.desktop.main.js:1487:84779)
    at $C.updateEditorActionsToolbar (vscode-file://vscode-app/usr/share/code/resources/app/out/vs/workbench/workbench.desktop.main.js:1374:49535)
    at $C.updateEditorActionsToolbar (vscode-file://vscode-app/usr/share/code/resources/app/out/vs/workbench/workbench.desktop.main.js:1374:66250)
    at iLe.value (vscode-file://vscode-app/usr/share/code/resources/app/out/vs/workbench/workbench.desktop.main.js:1374:49686)
    at sLe._deliver (vscode-file://vscode-app/usr/share/code/resources/app/out/vs/workbench/workbench.desktop.main.js:433:3642)
    at sLe.fire (vscode-file://vscode-app/usr/share/code/resources/app/out/vs/workbench/workbench.desktop.main.js:433:3961)
    at sLe.resume (vscode-file://vscode-app/usr/share/code/resources/app/out/vs/workbench/workbench.desktop.main.js:433:5251)
    at vscode-file://vscode-app/usr/share/code/resources/app/out/vs/workbench/workbench.desktop.main.js:433:5608
<1> 
    at QAt.getPositionOfChildWindowRelativeToAncestorWindow (vscode-file://vscode-app/usr/share/code/resources/app/out/vs/workbench/workbench.desktop.main.js:433:28108)
    at new jn (vscode-file://vscode-app/usr/share/code/resources/app/out/vs/workbench/workbench.desktop.main.js:433:29388)
    at new wA (vscode-file://vscode-app/usr/share/code/resources/app/out/vs/workbench/workbench.desktop.main.js:509:26145)
    at w0t._create (vscode-file://vscode-app/usr/share/code/resources/app/out/vs/workbench/workbench.desktop.main.js:509:26560)
    at HTMLDivElement.<anonymous> (vscode-file://vscode-app/usr/share/code/resources/app/out/vs/workbench/workbench.desktop.main.js:509:27002)
<1> 
    at Set.values (<anonymous>)
    at V1._run (vscode-file://vscode-app/usr/share/code/resources/app/out/vs/workbench/workbench.desktop.main.js:435:6854)
    at V1.endUpdate (vscode-file://vscode-app/usr/share/code/resources/app/out/vs/workbench/workbench.desktop.main.js:435:7326)
    at ry.endUpdate (vscode-file://vscode-app/usr/share/code/resources/app/out/vs/workbench/workbench.desktop.main.js:435:14173)
    at SH.finish (vscode-file://vscode-app/usr/share/code/resources/app/out/vs/workbench/workbench.desktop.main.js:434:110883)
    at Ti (vscode-file://vscode-app/usr/share/code/resources/app/out/vs/workbench/workbench.desktop.main.js:434:110083)
    at yH (vscode-file://vscode-app/usr/share/code/resources/app/out/vs/workbench/workbench.desktop.main.js:434:110308)
    at iLe.handleEvent [as value] (vscode-file://vscode-app/usr/share/code/resources/app/out/vs/workbench/workbench.desktop.main.js:435:19776)
    at D._deliver (vscode-file://vscode-app/usr/share/code/resources/app/out/vs/workbench/workbench.desktop.main.js:433:3642)
    at D._deliverQueue (vscode-file://vscode-app/usr/share/code/resources/app/out/vs/workbench/workbench.desktop.main.js:433:3731)
    at D.fire (vscode-file://vscode-app/usr/share/code/resources/app/out/vs/workbench/workbench.desktop.main.js:433:4066)
    at $ut.setChanges (vscode-file://vscode-app/usr/share/code/resources/app/out/vs/workbench/workbench.desktop.main.js:1100:27328)
    at vscode-file://vscode-app/usr/share/code/resources/app/out/vs/workbench/workbench.desktop.main.js:1100:27071
<1> 
    at Qf.showContextMenu (vscode-file://vscode-app/usr/share/code/resources/app/out/vs/workbench/workbench.desktop.main.js:952:5408)
    at Qf._onContextMenu (vscode-file://vscode-app/usr/share/code/resources/app/out/vs/workbench/workbench.desktop.main.js:952:5374)
    at iLe.value (vscode-file://vscode-app/usr/share/code/resources/app/out/vs/workbench/workbench.desktop.main.js:952:4115)
    at hy._deliver (vscode-file://vscode-app/usr/share/code/resources/app/out/vs/workbench/workbench.desktop.main.js:433:3642)
    at hy._deliverQueue (vscode-file://vscode-app/usr/share/code/resources/app/out/vs/workbench/workbench.desktop.main.js:433:3731)
    at hy.fire (vscode-file://vscode-app/usr/share/code/resources/app/out/vs/workbench/workbench.desktop.main.js:433:4066)
    at hy.fire (vscode-file://vscode-app/usr/share/code/resources/app/out/vs/workbench/workbench.desktop.main.js:712:26339)
    at i.onContextMenu (vscode-file://vscode-app/usr/share/code/resources/app/out/vs/workbench/workbench.desktop.main.js:712:23375)
    at s.emitContextMenu (vscode-file://vscode-app/usr/share/code/resources/app/out/vs/workbench/workbench.desktop.main.js:519:34555)
    at s.emitContextMenu (vscode-file://vscode-app/usr/share/code/resources/app/out/vs/workbench/workbench.desktop.main.js:519:22845)
    at uLi._onContextMenu (vscode-file://vscode-app/usr/share/code/resources/app/out/vs/workbench/workbench.desktop.main.js:513:55305)
    at vscode-file://vscode-app/usr/share/code/resources/app/out/vs/workbench/workbench.desktop.main.js:513:52481
    at HTMLDivElement.<anonymous> (vscode-file://vscode-app/usr/share/code/resources/app/out/vs/workbench/workbench.desktop.main.js:509:26647)
<1> 
    at mS.setLineHeight (vscode-file://vscode-app/usr/share/code/resources/app/out/vs/workbench/workbench.desktop.main.js:508:29691)
    at hLi.layoutLine (vscode-file://vscode-app/usr/share/code/resources/app/out/vs/workbench/workbench.desktop.main.js:519:32968)
    at s._renderUntouchedLines (vscode-file://vscode-app/usr/share/code/resources/app/out/vs/workbench/workbench.desktop.main.js:519:28736)
    at s.render (vscode-file://vscode-app/usr/share/code/resources/app/out/vs/workbench/workbench.desktop.main.js:519:27855)
    at cPe.renderLines (vscode-file://vscode-app/usr/share/code/resources/app/out/vs/workbench/workbench.desktop.main.js:519:27203)
    at dWt._viewOverlaysRender (vscode-file://vscode-app/usr/share/code/resources/app/out/vs/workbench/workbench.desktop.main.js:519:32155)
    at dWt._viewOverlaysRender (vscode-file://vscode-app/usr/share/code/resources/app/out/vs/workbench/workbench.desktop.main.js:519:33401)
    at dWt.render (vscode-file://vscode-app/usr/share/code/resources/app/out/vs/workbench/workbench.desktop.main.js:519:32034)
    at Object.render (vscode-file://vscode-app/usr/share/code/resources/app/out/vs/workbench/workbench.desktop.main.js:671:22852)
    at Object.render (vscode-file://vscode-app/usr/share/code/resources/app/out/vs/workbench/workbench.desktop.main.js:671:21342)
    at vscode-file://vscode-app/usr/share/code/resources/app/out/vs/workbench/workbench.desktop.main.js:671:27156
    at poe (vscode-file://vscode-app/usr/share/code/resources/app/out/vs/workbench/workbench.desktop.main.js:671:25975)
    at s._onRenderScheduled (vscode-file://vscode-app/usr/share/code/resources/app/out/vs/workbench/workbench.desktop.main.js:671:27146)
    at Zit.e [as _runner] (vscode-file://vscode-app/usr/share/code/resources/app/out/vs/workbench/workbench.desktop.main.js:671:26596)
    at Zit.execute (vscode-file://vscode-app/usr/share/code/resources/app/out/vs/workbench/workbench.desktop.main.js:439:3975)
    at i (vscode-file://vscode-app/usr/share/code/resources/app/out/vs/workbench/workbench.desktop.main.js:439:4220)
    at vscode-file://vscode-app/usr/share/code/resources/app/out/vs/workbench/workbench.desktop.main.js:439:4385
<1> 
    at vscode-file://vscode-app/usr/share/code/resources/app/out/vs/workbench/workbench.desktop.main.js:1982:14514
    at vscode-file://vscode-app/usr/share/code/resources/app/out/vs/workbench/workbench.desktop.main.js:434:80537
<1> 
    at Object.dispose (vscode-file://vscode-app/usr/share/code/resources/app/out/vs/workbench/workbench.desktop.main.js:937:215438)
    at tt (vscode-file://vscode-app/usr/share/code/resources/app/out/vs/workbench/workbench.desktop.main.js:431:747)
    at s.clear (vscode-file://vscode-app/usr/share/code/resources/app/out/vs/workbench/workbench.desktop.main.js:431:1634)
    at s.dispose (vscode-file://vscode-app/usr/share/code/resources/app/out/vs/workbench/workbench.desktop.main.js:431:1544)
    at Object.dispose (vscode-file://vscode-app/usr/share/code/resources/app/out/vs/workbench/workbench.desktop.main.js:937:301387)
    at tt (vscode-file://vscode-app/usr/share/code/resources/app/out/vs/workbench/workbench.desktop.main.js:431:747)
    at s.clear (vscode-file://vscode-app/usr/share/code/resources/app/out/vs/workbench/workbench.desktop.main.js:431:1634)
    at s.dispose (vscode-file://vscode-app/usr/share/code/resources/app/out/vs/workbench/workbench.desktop.main.js:431:1544)
    at vscode-file://vscode-app/usr/share/code/resources/app/out/vs/workbench/workbench.desktop.main.js:937:298197
<1> 
    at iw.collect (vscode-file://vscode-app/usr/share/code/resources/app/out/vs/workbench/workbench.desktop.main.js:511:2513)
    at s.mouseTargetIsWidget (vscode-file://vscode-app/usr/share/code/resources/app/out/vs/workbench/workbench.desktop.main.js:513:1523)
    at uLi._onMouseMove (vscode-file://vscode-app/usr/share/code/resources/app/out/vs/workbench/workbench.desktop.main.js:513:55408)
    at vscode-file://vscode-app/usr/share/code/resources/app/out/vs/workbench/workbench.desktop.main.js:513:52570
    at HTMLDivElement.<anonymous> (vscode-file://vscode-app/usr/share/code/resources/app/out/vs/workbench/workbench.desktop.main.js:509:26995)
<1> 
    at Object.return (vscode-file://vscode-app/usr/share/code/resources/app/out/vs/workbench/workbench.desktop.main.js:434:89515)
    at vscode-file://vscode-app/usr/share/code/resources/app/out/vs/workbench/workbench.desktop.main.js:983:19461
<1> 
    at s.isTargetHovered (vscode-file://vscode-app/usr/share/code/resources/app/out/vs/workbench/workbench.desktop.main.js:937:35453)
    at new sHi (vscode-file://vscode-app/usr/share/code/resources/app/out/vs/workbench/workbench.desktop.main.js:990:62078)
    at new Gj (vscode-file://vscode-app/usr/share/code/resources/app/out/vs/workbench/workbench.desktop.main.js:990:58443)
    at s._createInstance (vscode-file://vscode-app/usr/share/code/resources/app/out/vs/workbench/workbench.desktop.main.js:2293:2000)
    at s.createInstance (vscode-file://vscode-app/usr/share/code/resources/app/out/vs/workbench/workbench.desktop.main.js:2293:1440)
    at BOe._createGhostText (vscode-file://vscode-app/usr/share/code/resources/app/out/vs/workbench/workbench.desktop.main.js:997:1066)
    at LNt._map (vscode-file://vscode-app/usr/share/code/resources/app/out/vs/workbench/workbench.desktop.main.js:992:20400)
    at LNt.setItems (vscode-file://vscode-app/usr/share/code/resources/app/out/vs/workbench/workbench.desktop.main.js:435:23844)
    at ry._computeFn (vscode-file://vscode-app/usr/share/code/resources/app/out/vs/workbench/workbench.desktop.main.js:435:23466)
    at ry._recompute (vscode-file://vscode-app/usr/share/code/resources/app/out/vs/workbench/workbench.desktop.main.js:435:13171)
    at ry.get (vscode-file://vscode-app/usr/share/code/resources/app/out/vs/workbench/workbench.desktop.main.js:435:12505)
    at ry.reportChanges (vscode-file://vscode-app/usr/share/code/resources/app/out/vs/workbench/workbench.desktop.main.js:435:497)
    at RNt.endUpdate (vscode-file://vscode-app/usr/share/code/resources/app/out/vs/workbench/workbench.desktop.main.js:435:22947)
    at ry.endUpdate (vscode-file://vscode-app/usr/share/code/resources/app/out/vs/workbench/workbench.desktop.main.js:435:14173)
    at SH.finish (vscode-file://vscode-app/usr/share/code/resources/app/out/vs/workbench/workbench.desktop.main.js:434:110883)
    at Ti (vscode-file://vscode-app/usr/share/code/resources/app/out/vs/workbench/workbench.desktop.main.js:434:110083)
    at V1._runFn (vscode-file://vscode-app/usr/share/code/resources/app/out/vs/workbench/workbench.desktop.main.js:971:46301)
    at V1._run (vscode-file://vscode-app/usr/share/code/resources/app/out/vs/workbench/workbench.desktop.main.js:435:6694)
    at V1.endUpdate (vscode-file://vscode-app/usr/share/code/resources/app/out/vs/workbench/workbench.desktop.main.js:435:7326)
    at ry.endUpdate (vscode-file://vscode-app/usr/share/code/resources/app/out/vs/workbench/workbench.desktop.main.js:435:14173)
    at ry.endUpdate (vscode-file://vscode-app/usr/share/code/resources/app/out/vs/workbench/workbench.desktop.main.js:435:14173)
    at ry.endUpdate (vscode-file://vscode-app/usr/share/code/resources/app/out/vs/workbench/workbench.desktop.main.js:435:14173)
    at ry.endUpdate (vscode-file://vscode-app/usr/share/code/resources/app/out/vs/workbench/workbench.desktop.main.js:435:14173)
    at ry.endUpdate (vscode-file://vscode-app/usr/share/code/resources/app/out/vs/workbench/workbench.desktop.main.js:435:14173)
    at ry.endUpdate (vscode-file://vscode-app/usr/share/code/resources/app/out/vs/workbench/workbench.desktop.main.js:435:14173)
    at ry.endUpdate (vscode-file://vscode-app/usr/share/code/resources/app/out/vs/workbench/workbench.desktop.main.js:435:14173)
    at ry.endUpdate (vscode-file://vscode-app/usr/share/code/resources/app/out/vs/workbench/workbench.desktop.main.js:435:14173)
    at ry.endUpdate (vscode-file://vscode-app/usr/share/code/resources/app/out/vs/workbench/workbench.desktop.main.js:435:14173)
    at DLe.endUpdate (vscode-file://vscode-app/usr/share/code/resources/app/out/vs/workbench/workbench.desktop.main.js:435:14173)
    at SH.finish (vscode-file://vscode-app/usr/share/code/resources/app/out/vs/workbench/workbench.desktop.main.js:434:110883)
    at Ti (vscode-file://vscode-app/usr/share/code/resources/app/out/vs/workbench/workbench.desktop.main.js:434:110083)
    at vscode-file://vscode-app/usr/share/code/resources/app/out/vs/workbench/workbench.desktop.main.js:983:23042
<1> 
    at vscode-file://vscode-app/usr/share/code/resources/app/out/vs/workbench/workbench.desktop.main.js:1890:2018
<1> 
    at tt (vscode-file://vscode-app/usr/share/code/resources/app/out/vs/workbench/workbench.desktop.main.js:431:721)
    at kt.clearAndDisposeAll (vscode-file://vscode-app/usr/share/code/resources/app/out/vs/workbench/workbench.desktop.main.js:431:4179)
    at kt.dispose (vscode-file://vscode-app/usr/share/code/resources/app/out/vs/workbench/workbench.desktop.main.js:431:4113)
    at tt (vscode-file://vscode-app/usr/share/code/resources/app/out/vs/workbench/workbench.desktop.main.js:431:747)
    at s.clear (vscode-file://vscode-app/usr/share/code/resources/app/out/vs/workbench/workbench.desktop.main.js:431:1634)
    at s.dispose (vscode-file://vscode-app/usr/share/code/resources/app/out/vs/workbench/workbench.desktop.main.js:431:1544)
    at Co.dispose (vscode-file://vscode-app/usr/share/code/resources/app/out/vs/workbench/workbench.desktop.main.js:431:2429)
    at Co.dispose (vscode-file://vscode-app/usr/share/code/resources/app/out/vs/workbench/workbench.desktop.main.js:934:31265)
    at tt (vscode-file://vscode-app/usr/share/code/resources/app/out/vs/workbench/workbench.desktop.main.js:431:747)
    at s.clear (vscode-file://vscode-app/usr/share/code/resources/app/out/vs/workbench/workbench.desktop.main.js:431:1634)
    at wL._update (vscode-file://vscode-app/usr/share/code/resources/app/out/vs/workbench/workbench.desktop.main.js:5563:114474)
    at D._deliver (vscode-file://vscode-app/usr/share/code/resources/app/out/vs/workbench/workbench.desktop.main.js:433:3642)
    at D.fire (vscode-file://vscode-app/usr/share/code/resources/app/out/vs/workbench/workbench.desktop.main.js:433:3961)
    at iLe.value (vscode-file://vscode-app/usr/share/code/resources/app/out/vs/workbench/workbench.desktop.main.js:431:11603)
    at D._deliver (vscode-file://vscode-app/usr/share/code/resources/app/out/vs/workbench/workbench.desktop.main.js:433:3642)
    at D.fire (vscode-file://vscode-app/usr/share/code/resources/app/out/vs/workbench/workbench.desktop.main.js:433:3961)
    at SEi._fn (vscode-file://vscode-app/usr/share/code/resources/app/out/vs/workbench/workbench.desktop.main.js:1138:54746)
    at SEi.dispose (vscode-file://vscode-app/usr/share/code/resources/app/out/vs/workbench/workbench.desktop.main.js:431:1319)
    at kt.set (vscode-file://vscode-app/usr/share/code/resources/app/out/vs/workbench/workbench.desktop.main.js:431:4536)
    at x8t.$setLanguageStatus (vscode-file://vscode-app/usr/share/code/resources/app/out/vs/workbench/workbench.desktop.main.js:1139:395)
    at s._doInvokeHandler (vscode-file://vscode-app/usr/share/code/resources/app/out/vs/workbench/workbench.desktop.main.js:5647:51942)
    at s._invokeHandler (vscode-file://vscode-app/usr/share/code/resources/app/out/vs/workbench/workbench.desktop.main.js:5647:51688)
    at s._receiveRequest (vscode-file://vscode-app/usr/share/code/resources/app/out/vs/workbench/workbench.desktop.main.js:5647:50428)
    at s._receiveOneMessage (vscode-file://vscode-app/usr/share/code/resources/app/out/vs/workbench/workbench.desktop.main.js:5647:49262)
    at iLe.value (vscode-file://vscode-app/usr/share/code/resources/app/out/vs/workbench/workbench.desktop.main.js:5647:47334)
    at D._deliver (vscode-file://vscode-app/usr/share/code/resources/app/out/vs/workbench/workbench.desktop.main.js:433:3642)
    at D.fire (vscode-file://vscode-app/usr/share/code/resources/app/out/vs/workbench/workbench.desktop.main.js:433:3961)
    at _Y.fire (vscode-file://vscode-app/usr/share/code/resources/app/out/vs/workbench/workbench.desktop.main.js:1141:9866)
    at MessagePort.<anonymous> (vscode-file://vscode-app/usr/share/code/resources/app/out/vs/workbench/workbench.desktop.main.js:5662:16883)
<1> 
    at D._deliverQueue (vscode-file://vscode-app/usr/share/code/resources/app/out/vs/workbench/workbench.desktop.main.js:433:3710)
    at D.fire (vscode-file://vscode-app/usr/share/code/resources/app/out/vs/workbench/workbench.desktop.main.js:433:4066)
    at hLe.cancel (vscode-file://vscode-app/usr/share/code/resources/app/out/vs/workbench/workbench.desktop.main.js:433:31440)
    at obe.cancel (vscode-file://vscode-app/usr/share/code/resources/app/out/vs/workbench/workbench.desktop.main.js:433:31981)
    at vscode-file://vscode-app/usr/share/code/resources/app/out/vs/workbench/workbench.desktop.main.js:937:208610
    at iLe.value (vscode-file://vscode-app/usr/share/code/resources/app/out/vs/workbench/workbench.desktop.main.js:698:39997)
    at D._deliver (vscode-file://vscode-app/usr/share/code/resources/app/out/vs/workbench/workbench.desktop.main.js:433:3642)
    at D._deliverQueue (vscode-file://vscode-app/usr/share/code/resources/app/out/vs/workbench/workbench.desktop.main.js:433:3731)
    at D.fire (vscode-file://vscode-app/usr/share/code/resources/app/out/vs/workbench/workbench.desktop.main.js:433:4066)
    at oPi.endDeferredEmit (vscode-file://vscode-app/usr/share/code/resources/app/out/vs/workbench/workbench.desktop.main.js:708:24305)
    at Nh.pushEditOperations (vscode-file://vscode-app/usr/share/code/resources/app/out/vs/workbench/workbench.desktop.main.js:706:632)
    at koe._innerExecuteCommands (vscode-file://vscode-app/usr/share/code/resources/app/out/vs/workbench/workbench.desktop.main.js:709:5876)
    at koe.executeCommands (vscode-file://vscode-app/usr/share/code/resources/app/out/vs/workbench/workbench.desktop.main.js:709:5296)
    at iAe._executeEditOperation (vscode-file://vscode-app/usr/share/code/resources/app/out/vs/workbench/workbench.desktop.main.js:708:46455)
    at vscode-file://vscode-app/usr/share/code/resources/app/out/vs/workbench/workbench.desktop.main.js:709:2025
    at iAe._executeEdit (vscode-file://vscode-app/usr/share/code/resources/app/out/vs/workbench/workbench.desktop.main.js:709:1056)
    at iAe.type (vscode-file://vscode-app/usr/share/code/resources/app/out/vs/workbench/workbench.desktop.main.js:709:1922)
    at vscode-file://vscode-app/usr/share/code/resources/app/out/vs/workbench/workbench.desktop.main.js:710:3197
    at VBt._emitViewEvent (vscode-file://vscode-app/usr/share/code/resources/app/out/vs/workbench/workbench.desktop.main.js:710:4648)
    at vscode-file://vscode-app/usr/share/code/resources/app/out/vs/workbench/workbench.desktop.main.js:710:4550
    at Object.batchChanges (vscode-file://vscode-app/usr/share/code/resources/app/out/vs/workbench/workbench.desktop.main.js:712:19618)
    at VBt._withViewEventsCollector (vscode-file://vscode-app/usr/share/code/resources/app/out/vs/workbench/workbench.desktop.main.js:710:4528)
    at VBt._executeCursorEdit (vscode-file://vscode-app/usr/share/code/resources/app/out/vs/workbench/workbench.desktop.main.js:710:2873)
    at VBt.type (vscode-file://vscode-app/usr/share/code/resources/app/out/vs/workbench/workbench.desktop.main.js:710:3162)
    at Qs._type (vscode-file://vscode-app/usr/share/code/resources/app/out/vs/workbench/workbench.desktop.main.js:712:10025)
    at Qs.trigger (vscode-file://vscode-app/usr/share/code/resources/app/out/vs/workbench/workbench.desktop.main.js:712:8951)
    at xFt.runCommand (vscode-file://vscode-app/usr/share/code/resources/app/out/vs/workbench/workbench.desktop.main.js:476:42438)
    at handler (vscode-file://vscode-app/usr/share/code/resources/app/out/vs/workbench/workbench.desktop.main.js:442:9618)
    at s.handler (vscode-file://vscode-app/usr/share/code/resources/app/out/vs/workbench/workbench.desktop.main.js:439:65119)
    at s.invokeFunction (vscode-file://vscode-app/usr/share/code/resources/app/out/vs/workbench/workbench.desktop.main.js:2293:944)
    at Qft._tryExecuteCommand (vscode-file://vscode-app/usr/share/code/resources/app/out/vs/workbench/workbench.desktop.main.js:2004:4962)
    at Qft.executeCommand (vscode-file://vscode-app/usr/share/code/resources/app/out/vs/workbench/workbench.desktop.main.js:2004:4376)
    at Object.type (vscode-file://vscode-app/usr/share/code/resources/app/out/vs/workbench/workbench.desktop.main.js:712:22707)
    at s.type (vscode-file://vscode-app/usr/share/code/resources/app/out/vs/workbench/workbench.desktop.main.js:519:17377)
    at bve._onType (vscode-file://vscode-app/usr/share/code/resources/app/out/vs/workbench/workbench.desktop.main.js:671:5839)
    at bve._emitTypeEvent (vscode-file://vscode-app/usr/share/code/resources/app/out/vs/workbench/workbench.desktop.main.js:671:5667)
    at EditContext.<anonymous> (vscode-file://vscode-app/usr/share/code/resources/app/out/vs/workbench/workbench.desktop.main.js:671:1309)
<1> 
    at new s (vscode-file://vscode-app/usr/share/code/resources/app/out/vs/workbench/workbench.desktop.main.js:463:11852)
    at s.withInserted (vscode-file://vscode-app/usr/share/code/resources/app/out/vs/workbench/workbench.desktop.main.js:463:14426)
    at GLo (vscode-file://vscode-app/usr/share/code/resources/app/out/vs/workbench/workbench.desktop.main.js:708:13849)
    at bPi.getViewLinesData (vscode-file://vscode-app/usr/share/code/resources/app/out/vs/workbench/workbench.desktop.main.js:709:38474)
    at bPi.getViewLineData (vscode-file://vscode-app/usr/share/code/resources/app/out/vs/workbench/workbench.desktop.main.js:709:38058)
    at OBt.getViewLineData (vscode-file://vscode-app/usr/share/code/resources/app/out/vs/workbench/workbench.desktop.main.js:709:54110)
    at VBt._getViewLineRenderingData (vscode-file://vscode-app/usr/share/code/resources/app/out/vs/workbench/workbench.desktop.main.js:709:79991)
    at VBt.getViewportViewLineRenderingData (vscode-file://vscode-app/usr/share/code/resources/app/out/vs/workbench/workbench.desktop.main.js:709:79623)
    at aHt.getViewLineRenderingData (vscode-file://vscode-app/usr/share/code/resources/app/out/vs/workbench/workbench.desktop.main.js:519:190067)
    at s.renderLine (vscode-file://vscode-app/usr/share/code/resources/app/out/vs/workbench/workbench.desktop.main.js:512:8918)
    at s._finishRendering (vscode-file://vscode-app/usr/share/code/resources/app/out/vs/workbench/workbench.desktop.main.js:519:30273)
    at s.render (vscode-file://vscode-app/usr/share/code/resources/app/out/vs/workbench/workbench.desktop.main.js:519:28601)
    at cPe.renderLines (vscode-file://vscode-app/usr/share/code/resources/app/out/vs/workbench/workbench.desktop.main.js:519:27203)
    at s.renderText (vscode-file://vscode-app/usr/share/code/resources/app/out/vs/workbench/workbench.desktop.main.js:519:98805)
    at Object.renderText (vscode-file://vscode-app/usr/share/code/resources/app/out/vs/workbench/workbench.desktop.main.js:671:22511)
    at Object.renderText (vscode-file://vscode-app/usr/share/code/resources/app/out/vs/workbench/workbench.desktop.main.js:671:21174)
    at vscode-file://vscode-app/usr/share/code/resources/app/out/vs/workbench/workbench.desktop.main.js:671:26949
    at poe (vscode-file://vscode-app/usr/share/code/resources/app/out/vs/workbench/workbench.desktop.main.js:671:25975)
    at s._onRenderScheduled (vscode-file://vscode-app/usr/share/code/resources/app/out/vs/workbench/workbench.desktop.main.js:671:26939)
    at Zit.e [as _runner] (vscode-file://vscode-app/usr/share/code/resources/app/out/vs/workbench/workbench.desktop.main.js:671:26596)
    at Zit.execute (vscode-file://vscode-app/usr/share/code/resources/app/out/vs/workbench/workbench.desktop.main.js:439:3975)
    at i (vscode-file://vscode-app/usr/share/code/resources/app/out/vs/workbench/workbench.desktop.main.js:439:4220)
    at vscode-file://vscode-app/usr/share/code/resources/app/out/vs/workbench/workbench.desktop.main.js:439:4385
<1> 
    at En (vscode-file://vscode-app/usr/share/code/resources/app/out/vs/workbench/workbench.desktop.main.js:439:28527)
    at Dd._provideScreenReaderUpdate (vscode-file://vscode-app/usr/share/code/resources/app/out/vs/workbench/workbench.desktop.main.js:997:11129)
    at vscode-file://vscode-app/usr/share/code/resources/app/out/vs/workbench/workbench.desktop.main.js:997:7527
<1> 
    at bPi.getModelColumnOfViewPosition (vscode-file://vscode-app/usr/share/code/resources/app/out/vs/workbench/workbench.desktop.main.js:709:39034)
    at OBt.convertViewPositionToModelPosition (vscode-file://vscode-app/usr/share/code/resources/app/out/vs/workbench/workbench.desktop.main.js:709:55493)
    at OBt.getDecorationsInRange (vscode-file://vscode-app/usr/share/code/resources/app/out/vs/workbench/workbench.desktop.main.js:709:57475)
    at Object.getModelDecorations (vscode-file://vscode-app/usr/share/code/resources/app/out/vs/workbench/workbench.desktop.main.js:709:35353)
    at T0t.getDecorations (vscode-file://vscode-app/usr/share/code/resources/app/out/vs/workbench/workbench.desktop.main.js:511:7810)
    at LBt.getDecorationsOnLine (vscode-file://vscode-app/usr/share/code/resources/app/out/vs/workbench/workbench.desktop.main.js:709:36798)
    at VBt.getViewLineRenderingData (vscode-file://vscode-app/usr/share/code/resources/app/out/vs/workbench/workbench.desktop.main.js:709:79722)
    at rHt.prepareRender (vscode-file://vscode-app/usr/share/code/resources/app/out/vs/workbench/workbench.desktop.main.js:519:186097)
    at dWt.prepareRender (vscode-file://vscode-app/usr/share/code/resources/app/out/vs/workbench/workbench.desktop.main.js:519:31985)
    at Object.prepareRender (vscode-file://vscode-app/usr/share/code/resources/app/out/vs/workbench/workbench.desktop.main.js:671:22802)
    at Object.prepareRender (vscode-file://vscode-app/usr/share/code/resources/app/out/vs/workbench/workbench.desktop.main.js:671:21259)
    at vscode-file://vscode-app/usr/share/code/resources/app/out/vs/workbench/workbench.desktop.main.js:671:27050
    at poe (vscode-file://vscode-app/usr/share/code/resources/app/out/vs/workbench/workbench.desktop.main.js:671:25975)
    at s._onRenderScheduled (vscode-file://vscode-app/usr/share/code/resources/app/out/vs/workbench/workbench.desktop.main.js:671:27040)
    at Zit.e [as _runner] (vscode-file://vscode-app/usr/share/code/resources/app/out/vs/workbench/workbench.desktop.main.js:671:26596)
    at Zit.execute (vscode-file://vscode-app/usr/share/code/resources/app/out/vs/workbench/workbench.desktop.main.js:439:3975)
    at i (vscode-file://vscode-app/usr/share/code/resources/app/out/vs/workbench/workbench.desktop.main.js:439:4220)
    at vscode-file://vscode-app/usr/share/code/resources/app/out/vs/workbench/workbench.desktop.main.js:439:4385
<1> 
    at get value (vscode-file://vscode-app/usr/share/code/resources/app/out/vs/workbench/workbench.desktop.main.js:431:2612)
    at UHt.updateBracketPairsTree (vscode-file://vscode-app/usr/share/code/resources/app/out/vs/workbench/workbench.desktop.main.js:677:14566)
    at UHt.getBracketsInRange (vscode-file://vscode-app/usr/share/code/resources/app/out/vs/workbench/workbench.desktop.main.js:677:15346)
    at zHt.getDecorationsInRange (vscode-file://vscode-app/usr/share/code/resources/app/out/vs/workbench/workbench.desktop.main.js:677:25636)
    at Nh.getDecorationsInRange (vscode-file://vscode-app/usr/share/code/resources/app/out/vs/workbench/workbench.desktop.main.js:708:6465)
    at OBt.getDecorationsInRange (vscode-file://vscode-app/usr/share/code/resources/app/out/vs/workbench/workbench.desktop.main.js:709:57696)
    at Object.getModelDecorations (vscode-file://vscode-app/usr/share/code/resources/app/out/vs/workbench/workbench.desktop.main.js:709:35353)
    at T0t.getDecorations (vscode-file://vscode-app/usr/share/code/resources/app/out/vs/workbench/workbench.desktop.main.js:511:7810)
    at LBt.getDecorationsOnLine (vscode-file://vscode-app/usr/share/code/resources/app/out/vs/workbench/workbench.desktop.main.js:709:36798)
    at VBt.getTextDirection (vscode-file://vscode-app/usr/share/code/resources/app/out/vs/workbench/workbench.desktop.main.js:709:79377)
    at s.isRtl (vscode-file://vscode-app/usr/share/code/resources/app/out/vs/workbench/workbench.desktop.main.js:512:22857)
    at s._hitTestViewLines (vscode-file://vscode-app/usr/share/code/resources/app/out/vs/workbench/workbench.desktop.main.js:513:5641)
    at s._createMouseTarget (vscode-file://vscode-app/usr/share/code/resources/app/out/vs/workbench/workbench.desktop.main.js:513:2613)
    at s.createMouseTarget (vscode-file://vscode-app/usr/share/code/resources/app/out/vs/workbench/workbench.desktop.main.js:513:1828)
    at uLi._createMouseTarget (vscode-file://vscode-app/usr/share/code/resources/app/out/vs/workbench/workbench.desktop.main.js:513:55089)
    at QRi._createMouseTarget (vscode-file://vscode-app/usr/share/code/resources/app/out/vs/workbench/workbench.desktop.main.js:513:52226)
    at QRi._findMousePosition (vscode-file://vscode-app/usr/share/code/resources/app/out/vs/workbench/workbench.desktop.main.js:513:60849)
    at QRi._onMouseDownThenMove (vscode-file://vscode-app/usr/share/code/resources/app/out/vs/workbench/workbench.desktop.main.js:513:57503)
    at vscode-file://vscode-app/usr/share/code/resources/app/out/vs/workbench/workbench.desktop.main.js:513:59118
    at iE._pointerMoveCallback (vscode-file://vscode-app/usr/share/code/resources/app/out/vs/workbench/workbench.desktop.main.js:509:27808)
    at HTMLDivElement.<anonymous> (vscode-file://vscode-app/usr/share/code/resources/app/out/vs/workbench/workbench.desktop.main.js:508:55758)
<1> 
    at hr.setScrollPosition (vscode-file://vscode-app/usr/share/code/resources/app/out/vs/workbench/workbench.desktop.main.js:513:45805)
    at hr.scanDomNode (vscode-file://vscode-app/usr/share/code/resources/app/out/vs/workbench/workbench.desktop.main.js:513:46112)
    at Aoe.onContentsChanged (vscode-file://vscode-app/usr/share/code/resources/app/out/vs/workbench/workbench.desktop.main.js:840:641)
    at U_._layoutContentWidget (vscode-file://vscode-app/usr/share/code/resources/app/out/vs/workbench/workbench.desktop.main.js:937:406278)
    at U_._setHoverWidgetDimensions (vscode-file://vscode-app/usr/share/code/resources/app/out/vs/workbench/workbench.desktop.main.js:937:402627)
    at U_._removeConstraintsRenderNormally (vscode-file://vscode-app/usr/share/code/resources/app/out/vs/workbench/workbench.desktop.main.js:937:408115)
    at U_.handleContentsChanged (vscode-file://vscode-app/usr/share/code/resources/app/out/vs/workbench/workbench.desktop.main.js:937:408574)
    at U_.show (vscode-file://vscode-app/usr/share/code/resources/app/out/vs/workbench/workbench.desktop.main.js:937:407168)
    at VNe._showHover (vscode-file://vscode-app/usr/share/code/resources/app/out/vs/workbench/workbench.desktop.main.js:951:5700)
    at VNe._setCurrentResult (vscode-file://vscode-app/usr/share/code/resources/app/out/vs/workbench/workbench.desktop.main.js:951:4936)
    at VNe._withResult (vscode-file://vscode-app/usr/share/code/resources/app/out/vs/workbench/workbench.desktop.main.js:951:5291)
    at iLe.value (vscode-file://vscode-app/usr/share/code/resources/app/out/vs/workbench/workbench.desktop.main.js:951:3292)
    at D._deliver (vscode-file://vscode-app/usr/share/code/resources/app/out/vs/workbench/workbench.desktop.main.js:433:3642)
    at D.fire (vscode-file://vscode-app/usr/share/code/resources/app/out/vs/workbench/workbench.desktop.main.js:433:3961)
    at fNe._fireResult (vscode-file://vscode-app/usr/share/code/resources/app/out/vs/workbench/workbench.desktop.main.js:937:393941)
    at fNe._setState (vscode-file://vscode-app/usr/share/code/resources/app/out/vs/workbench/workbench.desktop.main.js:937:393123)
    at fNe._triggerSyncComputation (vscode-file://vscode-app/usr/share/code/resources/app/out/vs/workbench/workbench.desktop.main.js:937:393724)
    at vscode-file://vscode-app/usr/share/code/resources/app/out/vs/workbench/workbench.desktop.main.js:937:392526
    at Ct.runner (vscode-file://vscode-app/usr/share/code/resources/app/out/vs/workbench/workbench.desktop.main.js:937:394784)
    at Ct.doRun (vscode-file://vscode-app/usr/share/code/resources/app/out/vs/workbench/workbench.desktop.main.js:434:81723)
    at Ct.onTimeout (vscode-file://vscode-app/usr/share/code/resources/app/out/vs/workbench/workbench.desktop.main.js:434:81694)
<1> 
    at s.equalsArr (vscode-file://vscode-app/usr/share/code/resources/app/out/vs/workbench/workbench.desktop.main.js:511:10808)
    at CA.equals (vscode-file://vscode-app/usr/share/code/resources/app/out/vs/workbench/workbench.desktop.main.js:511:15169)
    at s.renderLine (vscode-file://vscode-app/usr/share/code/resources/app/out/vs/workbench/workbench.desktop.main.js:512:9882)
    at s._finishRendering (vscode-file://vscode-app/usr/share/code/resources/app/out/vs/workbench/workbench.desktop.main.js:519:30273)
    at s.render (vscode-file://vscode-app/usr/share/code/resources/app/out/vs/workbench/workbench.desktop.main.js:519:28601)
    at cPe.renderLines (vscode-file://vscode-app/usr/share/code/resources/app/out/vs/workbench/workbench.desktop.main.js:519:27203)
    at s.renderText (vscode-file://vscode-app/usr/share/code/resources/app/out/vs/workbench/workbench.desktop.main.js:519:98805)
    at Object.renderText (vscode-file://vscode-app/usr/share/code/resources/app/out/vs/workbench/workbench.desktop.main.js:671:22511)
    at vscode-file://vscode-app/usr/share/code/resources/app/out/vs/workbench/workbench.desktop.main.js:671:21493
    at poe (vscode-file://vscode-app/usr/share/code/resources/app/out/vs/workbench/workbench.desktop.main.js:671:25975)
    at PPe._flushAccumulatedAndRenderNow (vscode-file://vscode-app/usr/share/code/resources/app/out/vs/workbench/workbench.desktop.main.js:671:21483)
    at Object.getLineWidth (vscode-file://vscode-app/usr/share/code/resources/app/out/vs/workbench/workbench.desktop.main.js:671:18721)
    at s.getLineWidth (vscode-file://vscode-app/usr/share/code/resources/app/out/vs/workbench/workbench.desktop.main.js:512:22810)
    at s._hitTestViewLines (vscode-file://vscode-app/usr/share/code/resources/app/out/vs/workbench/workbench.desktop.main.js:513:5522)
    at s._createMouseTarget (vscode-file://vscode-app/usr/share/code/resources/app/out/vs/workbench/workbench.desktop.main.js:513:2613)
    at s.createMouseTarget (vscode-file://vscode-app/usr/share/code/resources/app/out/vs/workbench/workbench.desktop.main.js:513:1828)
    at uLi._createMouseTarget (vscode-file://vscode-app/usr/share/code/resources/app/out/vs/workbench/workbench.desktop.main.js:513:55089)
    at uLi._onMouseMove (vscode-file://vscode-app/usr/share/code/resources/app/out/vs/workbench/workbench.desktop.main.js:513:55583)
    at vscode-file://vscode-app/usr/share/code/resources/app/out/vs/workbench/workbench.desktop.main.js:513:52570
    at HTMLDivElement.<anonymous> (vscode-file://vscode-app/usr/share/code/resources/app/out/vs/workbench/workbench.desktop.main.js:509:26995)
<1> 
    at Array.slice (<anonymous>)
    at s.getAnnotationsIntersecting (vscode-file://vscode-app/usr/share/code/resources/app/out/vs/workbench/workbench.desktop.main.js:696:753)
    at s.getDecorationsInRange (vscode-file://vscode-app/usr/share/code/resources/app/out/vs/workbench/workbench.desktop.main.js:696:7134)
    at Nh.getDecorationsInRange (vscode-file://vscode-app/usr/share/code/resources/app/out/vs/workbench/workbench.desktop.main.js:708:6539)
    at OBt.getDecorationsInRange (vscode-file://vscode-app/usr/share/code/resources/app/out/vs/workbench/workbench.desktop.main.js:709:57696)
    at Object.getModelDecorations (vscode-file://vscode-app/usr/share/code/resources/app/out/vs/workbench/workbench.desktop.main.js:709:35353)
    at T0t.getDecorations (vscode-file://vscode-app/usr/share/code/resources/app/out/vs/workbench/workbench.desktop.main.js:511:7810)
    at LBt.getDecorationsOnLine (vscode-file://vscode-app/usr/share/code/resources/app/out/vs/workbench/workbench.desktop.main.js:709:36798)
    at VBt.getViewLineRenderingData (vscode-file://vscode-app/usr/share/code/resources/app/out/vs/workbench/workbench.desktop.main.js:709:79722)
    at rHt.prepareRender (vscode-file://vscode-app/usr/share/code/resources/app/out/vs/workbench/workbench.desktop.main.js:519:186097)
    at dWt.prepareRender (vscode-file://vscode-app/usr/share/code/resources/app/out/vs/workbench/workbench.desktop.main.js:519:31985)
    at Object.prepareRender (vscode-file://vscode-app/usr/share/code/resources/app/out/vs/workbench/workbench.desktop.main.js:671:22802)
    at Object.prepareRender (vscode-file://vscode-app/usr/share/code/resources/app/out/vs/workbench/workbench.desktop.main.js:671:21259)
    at vscode-file://vscode-app/usr/share/code/resources/app/out/vs/workbench/workbench.desktop.main.js:671:27050
    at poe (vscode-file://vscode-app/usr/share/code/resources/app/out/vs/workbench/workbench.desktop.main.js:671:25975)
    at s._onRenderScheduled (vscode-file://vscode-app/usr/share/code/resources/app/out/vs/workbench/workbench.desktop.main.js:671:27040)
    at Zit.e [as _runner] (vscode-file://vscode-app/usr/share/code/resources/app/out/vs/workbench/workbench.desktop.main.js:671:26596)
    at Zit.execute (vscode-file://vscode-app/usr/share/code/resources/app/out/vs/workbench/workbench.desktop.main.js:439:3975)
    at i (vscode-file://vscode-app/usr/share/code/resources/app/out/vs/workbench/workbench.desktop.main.js:439:4220)
    at vscode-file://vscode-app/usr/share/code/resources/app/out/vs/workbench/workbench.desktop.main.js:439:4385
<1> 
    at vscode-file://vscode-app/usr/share/code/resources/app/out/vs/workbench/workbench.desktop.main.js:5647:50602
<1> 
    at new HOe (vscode-file://vscode-app/usr/share/code/resources/app/out/vs/workbench/workbench.desktop.main.js:992:17241)
    at s._createInstance (vscode-file://vscode-app/usr/share/code/resources/app/out/vs/workbench/workbench.desktop.main.js:2293:2000)
    at s.createInstance (vscode-file://vscode-app/usr/share/code/resources/app/out/vs/workbench/workbench.desktop.main.js:2293:1440)
    at vscode-file://vscode-app/usr/share/code/resources/app/out/vs/workbench/workbench.desktop.main.js:992:19317
    at ry._computeFn (vscode-file://vscode-app/usr/share/code/resources/app/out/vs/workbench/workbench.desktop.main.js:435:17242)
    at ry._recompute (vscode-file://vscode-app/usr/share/code/resources/app/out/vs/workbench/workbench.desktop.main.js:435:13171)
    at ry.get (vscode-file://vscode-app/usr/share/code/resources/app/out/vs/workbench/workbench.desktop.main.js:435:12505)
    at ry.reportChanges (vscode-file://vscode-app/usr/share/code/resources/app/out/vs/workbench/workbench.desktop.main.js:435:497)
    at RNt.endUpdate (vscode-file://vscode-app/usr/share/code/resources/app/out/vs/workbench/workbench.desktop.main.js:435:22947)
    at ry.endUpdate (vscode-file://vscode-app/usr/share/code/resources/app/out/vs/workbench/workbench.desktop.main.js:435:14173)
    at ry.endUpdate (vscode-file://vscode-app/usr/share/code/resources/app/out/vs/workbench/workbench.desktop.main.js:435:14173)
    at ry.endUpdate (vscode-file://vscode-app/usr/share/code/resources/app/out/vs/workbench/workbench.desktop.main.js:435:14173)
    at ry.endUpdate (vscode-file://vscode-app/usr/share/code/resources/app/out/vs/workbench/workbench.desktop.main.js:435:14173)
    at ry.endUpdate (vscode-file://vscode-app/usr/share/code/resources/app/out/vs/workbench/workbench.desktop.main.js:435:14173)
    at ry.endUpdate (vscode-file://vscode-app/usr/share/code/resources/app/out/vs/workbench/workbench.desktop.main.js:435:14173)
    at ry.endUpdate (vscode-file://vscode-app/usr/share/code/resources/app/out/vs/workbench/workbench.desktop.main.js:435:14173)
    at ry.endUpdate (vscode-file://vscode-app/usr/share/code/resources/app/out/vs/workbench/workbench.desktop.main.js:435:14173)
    at ry.endUpdate (vscode-file://vscode-app/usr/share/code/resources/app/out/vs/workbench/workbench.desktop.main.js:435:14173)
    at DLe.endUpdate (vscode-file://vscode-app/usr/share/code/resources/app/out/vs/workbench/workbench.desktop.main.js:435:14173)
    at SH.finish (vscode-file://vscode-app/usr/share/code/resources/app/out/vs/workbench/workbench.desktop.main.js:434:110883)
    at Ti (vscode-file://vscode-app/usr/share/code/resources/app/out/vs/workbench/workbench.desktop.main.js:434:110083)
    at vscode-file://vscode-app/usr/share/code/resources/app/out/vs/workbench/workbench.desktop.main.js:983:23042
<1> 
    at xFo (vscode-file://vscode-app/usr/share/code/resources/app/out/vs/workbench/workbench.desktop.main.js:990:107236)
    at new Jbe (vscode-file://vscode-app/usr/share/code/resources/app/out/vs/workbench/workbench.desktop.main.js:990:174086)
    at s._createInstance (vscode-file://vscode-app/usr/share/code/resources/app/out/vs/workbench/workbench.desktop.main.js:2293:2000)
    at s.createInstance (vscode-file://vscode-app/usr/share/code/resources/app/out/vs/workbench/workbench.desktop.main.js:2293:1440)
    at new WOe (vscode-file://vscode-app/usr/share/code/resources/app/out/vs/workbench/workbench.desktop.main.js:992:5383)
    at s._createInstance (vscode-file://vscode-app/usr/share/code/resources/app/out/vs/workbench/workbench.desktop.main.js:2293:2000)
    at s.createInstance (vscode-file://vscode-app/usr/share/code/resources/app/out/vs/workbench/workbench.desktop.main.js:2293:1440)
    at new HOe (vscode-file://vscode-app/usr/share/code/resources/app/out/vs/workbench/workbench.desktop.main.js:992:18333)
    at s._createInstance (vscode-file://vscode-app/usr/share/code/resources/app/out/vs/workbench/workbench.desktop.main.js:2293:2000)
    at s.createInstance (vscode-file://vscode-app/usr/share/code/resources/app/out/vs/workbench/workbench.desktop.main.js:2293:1440)
    at vscode-file://vscode-app/usr/share/code/resources/app/out/vs/workbench/workbench.desktop.main.js:992:19317
    at ry._computeFn (vscode-file://vscode-app/usr/share/code/resources/app/out/vs/workbench/workbench.desktop.main.js:435:17242)
    at ry._recompute (vscode-file://vscode-app/usr/share/code/resources/app/out/vs/workbench/workbench.desktop.main.js:435:13171)
    at ry.get (vscode-file://vscode-app/usr/share/code/resources/app/out/vs/workbench/workbench.desktop.main.js:435:12505)
    at ry.reportChanges (vscode-file://vscode-app/usr/share/code/resources/app/out/vs/workbench/workbench.desktop.main.js:435:497)
    at RNt.endUpdate (vscode-file://vscode-app/usr/share/code/resources/app/out/vs/workbench/workbench.desktop.main.js:435:22947)
    at ry.endUpdate (vscode-file://vscode-app/usr/share/code/resources/app/out/vs/workbench/workbench.desktop.main.js:435:14173)
    at ry.endUpdate (vscode-file://vscode-app/usr/share/code/resources/app/out/vs/workbench/workbench.desktop.main.js:435:14173)
    at ry.endUpdate (vscode-file://vscode-app/usr/share/code/resources/app/out/vs/workbench/workbench.desktop.main.js:435:14173)
    at ry.endUpdate (vscode-file://vscode-app/usr/share/code/resources/app/out/vs/workbench/workbench.desktop.main.js:435:14173)
    at ry.endUpdate (vscode-file://vscode-app/usr/share/code/resources/app/out/vs/workbench/workbench.desktop.main.js:435:14173)
    at ry.endUpdate (vscode-file://vscode-app/usr/share/code/resources/app/out/vs/workbench/workbench.desktop.main.js:435:14173)
    at ry.endUpdate (vscode-file://vscode-app/usr/share/code/resources/app/out/vs/workbench/workbench.desktop.main.js:435:14173)
    at ry.endUpdate (vscode-file://vscode-app/usr/share/code/resources/app/out/vs/workbench/workbench.desktop.main.js:435:14173)
    at ry.endUpdate (vscode-file://vscode-app/usr/share/code/resources/app/out/vs/workbench/workbench.desktop.main.js:435:14173)
    at DLe.endUpdate (vscode-file://vscode-app/usr/share/code/resources/app/out/vs/workbench/workbench.desktop.main.js:435:14173)
    at SH.finish (vscode-file://vscode-app/usr/share/code/resources/app/out/vs/workbench/workbench.desktop.main.js:434:110883)
    at Ti (vscode-file://vscode-app/usr/share/code/resources/app/out/vs/workbench/workbench.desktop.main.js:434:110083)
    at vscode-file://vscode-app/usr/share/code/resources/app/out/vs/workbench/workbench.desktop.main.js:983:23042
<1> 
    at new xKt (vscode-file://vscode-app/usr/share/code/resources/app/out/vs/workbench/workbench.desktop.main.js:990:131792)
    at s._createInstance (vscode-file://vscode-app/usr/share/code/resources/app/out/vs/workbench/workbench.desktop.main.js:2293:2000)
    at s.createInstance (vscode-file://vscode-app/usr/share/code/resources/app/out/vs/workbench/workbench.desktop.main.js:2293:1440)
    at new WOe (vscode-file://vscode-app/usr/share/code/resources/app/out/vs/workbench/workbench.desktop.main.js:992:5670)
    at s._createInstance (vscode-file://vscode-app/usr/share/code/resources/app/out/vs/workbench/workbench.desktop.main.js:2293:2000)
    at s.createInstance (vscode-file://vscode-app/usr/share/code/resources/app/out/vs/workbench/workbench.desktop.main.js:2293:1440)
    at new HOe (vscode-file://vscode-app/usr/share/code/resources/app/out/vs/workbench/workbench.desktop.main.js:992:18333)
    at s._createInstance (vscode-file://vscode-app/usr/share/code/resources/app/out/vs/workbench/workbench.desktop.main.js:2293:2000)
    at s.createInstance (vscode-file://vscode-app/usr/share/code/resources/app/out/vs/workbench/workbench.desktop.main.js:2293:1440)
    at vscode-file://vscode-app/usr/share/code/resources/app/out/vs/workbench/workbench.desktop.main.js:992:19317
    at ry._computeFn (vscode-file://vscode-app/usr/share/code/resources/app/out/vs/workbench/workbench.desktop.main.js:435:17242)
    at ry._recompute (vscode-file://vscode-app/usr/share/code/resources/app/out/vs/workbench/workbench.desktop.main.js:435:13171)
    at ry.get (vscode-file://vscode-app/usr/share/code/resources/app/out/vs/workbench/workbench.desktop.main.js:435:12505)
    at ry.reportChanges (vscode-file://vscode-app/usr/share/code/resources/app/out/vs/workbench/workbench.desktop.main.js:435:497)
    at RNt.endUpdate (vscode-file://vscode-app/usr/share/code/resources/app/out/vs/workbench/workbench.desktop.main.js:435:22947)
    at ry.endUpdate (vscode-file://vscode-app/usr/share/code/resources/app/out/vs/workbench/workbench.desktop.main.js:435:14173)
    at ry.endUpdate (vscode-file://vscode-app/usr/share/code/resources/app/out/vs/workbench/workbench.desktop.main.js:435:14173)
    at ry.endUpdate (vscode-file://vscode-app/usr/share/code/resources/app/out/vs/workbench/workbench.desktop.main.js:435:14173)
    at ry.endUpdate (vscode-file://vscode-app/usr/share/code/resources/app/out/vs/workbench/workbench.desktop.main.js:435:14173)
    at ry.endUpdate (vscode-file://vscode-app/usr/share/code/resources/app/out/vs/workbench/workbench.desktop.main.js:435:14173)
    at ry.endUpdate (vscode-file://vscode-app/usr/share/code/resources/app/out/vs/workbench/workbench.desktop.main.js:435:14173)
    at ry.endUpdate (vscode-file://vscode-app/usr/share/code/resources/app/out/vs/workbench/workbench.desktop.main.js:435:14173)
    at ry.endUpdate (vscode-file://vscode-app/usr/share/code/resources/app/out/vs/workbench/workbench.desktop.main.js:435:14173)
    at ry.endUpdate (vscode-file://vscode-app/usr/share/code/resources/app/out/vs/workbench/workbench.desktop.main.js:435:14173)
    at DLe.endUpdate (vscode-file://vscode-app/usr/share/code/resources/app/out/vs/workbench/workbench.desktop.main.js:435:14173)
    at SH.finish (vscode-file://vscode-app/usr/share/code/resources/app/out/vs/workbench/workbench.desktop.main.js:434:110883)
    at Ti (vscode-file://vscode-app/usr/share/code/resources/app/out/vs/workbench/workbench.desktop.main.js:434:110083)
    at vscode-file://vscode-app/usr/share/code/resources/app/out/vs/workbench/workbench.desktop.main.js:983:23042
<1> 
    at new OOe (vscode-file://vscode-app/usr/share/code/resources/app/out/vs/workbench/workbench.desktop.main.js:990:161698)
    at s._createInstance (vscode-file://vscode-app/usr/share/code/resources/app/out/vs/workbench/workbench.desktop.main.js:2293:2000)
    at s.createInstance (vscode-file://vscode-app/usr/share/code/resources/app/out/vs/workbench/workbench.desktop.main.js:2293:1440)
    at ry._computeFn (vscode-file://vscode-app/usr/share/code/resources/app/out/vs/workbench/workbench.desktop.main.js:992:6850)
    at ry._recompute (vscode-file://vscode-app/usr/share/code/resources/app/out/vs/workbench/workbench.desktop.main.js:435:13171)
    at ry.get (vscode-file://vscode-app/usr/share/code/resources/app/out/vs/workbench/workbench.desktop.main.js:435:12505)
    at ry.reportChanges (vscode-file://vscode-app/usr/share/code/resources/app/out/vs/workbench/workbench.desktop.main.js:435:497)
    at RNt.endUpdate (vscode-file://vscode-app/usr/share/code/resources/app/out/vs/workbench/workbench.desktop.main.js:435:22947)
    at mF (vscode-file://vscode-app/usr/share/code/resources/app/out/vs/workbench/workbench.desktop.main.js:435:22667)
    at ry.recomputeInitiallyAndOnChange (vscode-file://vscode-app/usr/share/code/resources/app/out/vs/workbench/workbench.desktop.main.js:435:1092)
    at new WOe (vscode-file://vscode-app/usr/share/code/resources/app/out/vs/workbench/workbench.desktop.main.js:992:7226)
    at s._createInstance (vscode-file://vscode-app/usr/share/code/resources/app/out/vs/workbench/workbench.desktop.main.js:2293:2000)
    at s.createInstance (vscode-file://vscode-app/usr/share/code/resources/app/out/vs/workbench/workbench.desktop.main.js:2293:1440)
    at new HOe (vscode-file://vscode-app/usr/share/code/resources/app/out/vs/workbench/workbench.desktop.main.js:992:18333)
    at s._createInstance (vscode-file://vscode-app/usr/share/code/resources/app/out/vs/workbench/workbench.desktop.main.js:2293:2000)
    at s.createInstance (vscode-file://vscode-app/usr/share/code/resources/app/out/vs/workbench/workbench.desktop.main.js:2293:1440)
    at vscode-file://vscode-app/usr/share/code/resources/app/out/vs/workbench/workbench.desktop.main.js:992:19317
    at ry._computeFn (vscode-file://vscode-app/usr/share/code/resources/app/out/vs/workbench/workbench.desktop.main.js:435:17242)
    at ry._recompute (vscode-file://vscode-app/usr/share/code/resources/app/out/vs/workbench/workbench.desktop.main.js:435:13171)
    at ry.get (vscode-file://vscode-app/usr/share/code/resources/app/out/vs/workbench/workbench.desktop.main.js:435:12505)
    at ry.reportChanges (vscode-file://vscode-app/usr/share/code/resources/app/out/vs/workbench/workbench.desktop.main.js:435:497)
    at RNt.endUpdate (vscode-file://vscode-app/usr/share/code/resources/app/out/vs/workbench/workbench.desktop.main.js:435:22947)
    at ry.endUpdate (vscode-file://vscode-app/usr/share/code/resources/app/out/vs/workbench/workbench.desktop.main.js:435:14173)
    at ry.endUpdate (vscode-file://vscode-app/usr/share/code/resources/app/out/vs/workbench/workbench.desktop.main.js:435:14173)
    at ry.endUpdate (vscode-file://vscode-app/usr/share/code/resources/app/out/vs/workbench/workbench.desktop.main.js:435:14173)
    at ry.endUpdate (vscode-file://vscode-app/usr/share/code/resources/app/out/vs/workbench/workbench.desktop.main.js:435:14173)
    at ry.endUpdate (vscode-file://vscode-app/usr/share/code/resources/app/out/vs/workbench/workbench.desktop.main.js:435:14173)
    at ry.endUpdate (vscode-file://vscode-app/usr/share/code/resources/app/out/vs/workbench/workbench.desktop.main.js:435:14173)
    at ry.endUpdate (vscode-file://vscode-app/usr/share/code/resources/app/out/vs/workbench/workbench.desktop.main.js:435:14173)
    at ry.endUpdate (vscode-file://vscode-app/usr/share/code/resources/app/out/vs/workbench/workbench.desktop.main.js:435:14173)
    at ry.endUpdate (vscode-file://vscode-app/usr/share/code/resources/app/out/vs/workbench/workbench.desktop.main.js:435:14173)
    at DLe.endUpdate (vscode-file://vscode-app/usr/share/code/resources/app/out/vs/workbench/workbench.desktop.main.js:435:14173)
    at SH.finish (vscode-file://vscode-app/usr/share/code/resources/app/out/vs/workbench/workbench.desktop.main.js:434:110883)
    at Ti (vscode-file://vscode-app/usr/share/code/resources/app/out/vs/workbench/workbench.desktop.main.js:434:110083)
    at vscode-file://vscode-app/usr/share/code/resources/app/out/vs/workbench/workbench.desktop.main.js:983:23042
<1> 
    at hLi.getDomNode (vscode-file://vscode-app/usr/share/code/resources/app/out/vs/workbench/workbench.desktop.main.js:519:32290)
    at s._finishRenderingInvalidLines (vscode-file://vscode-app/usr/share/code/resources/app/out/vs/workbench/workbench.desktop.main.js:519:29776)
    at s._finishRendering (vscode-file://vscode-app/usr/share/code/resources/app/out/vs/workbench/workbench.desktop.main.js:519:30370)
    at s.render (vscode-file://vscode-app/usr/share/code/resources/app/out/vs/workbench/workbench.desktop.main.js:519:28601)
    at cPe.renderLines (vscode-file://vscode-app/usr/share/code/resources/app/out/vs/workbench/workbench.desktop.main.js:519:27203)
    at dWt._viewOverlaysRender (vscode-file://vscode-app/usr/share/code/resources/app/out/vs/workbench/workbench.desktop.main.js:519:32155)
    at dWt._viewOverlaysRender (vscode-file://vscode-app/usr/share/code/resources/app/out/vs/workbench/workbench.desktop.main.js:519:33401)
    at dWt.render (vscode-file://vscode-app/usr/share/code/resources/app/out/vs/workbench/workbench.desktop.main.js:519:32034)
    at Object.render (vscode-file://vscode-app/usr/share/code/resources/app/out/vs/workbench/workbench.desktop.main.js:671:22852)
    at Object.render (vscode-file://vscode-app/usr/share/code/resources/app/out/vs/workbench/workbench.desktop.main.js:671:21342)
    at vscode-file://vscode-app/usr/share/code/resources/app/out/vs/workbench/workbench.desktop.main.js:671:27156
    at poe (vscode-file://vscode-app/usr/share/code/resources/app/out/vs/workbench/workbench.desktop.main.js:671:25975)
    at s._onRenderScheduled (vscode-file://vscode-app/usr/share/code/resources/app/out/vs/workbench/workbench.desktop.main.js:671:27146)
    at Zit.e [as _runner] (vscode-file://vscode-app/usr/share/code/resources/app/out/vs/workbench/workbench.desktop.main.js:671:26596)
    at Zit.execute (vscode-file://vscode-app/usr/share/code/resources/app/out/vs/workbench/workbench.desktop.main.js:439:3975)
    at i (vscode-file://vscode-app/usr/share/code/resources/app/out/vs/workbench/workbench.desktop.main.js:439:4220)
    at vscode-file://vscode-app/usr/share/code/resources/app/out/vs/workbench/workbench.desktop.main.js:439:4385
<1> 
    at Object.entries (<anonymous>)
    at Ro (vscode-file://vscode-app/usr/share/code/resources/app/out/vs/workbench/workbench.desktop.main.js:442:16260)
    at vscode-file://vscode-app/usr/share/code/resources/app/out/vs/workbench/workbench.desktop.main.js:442:16316
    at Array.forEach (<anonymous>)
    at Ro (vscode-file://vscode-app/usr/share/code/resources/app/out/vs/workbench/workbench.desktop.main.js:442:16271)
    at i (vscode-file://vscode-app/usr/share/code/resources/app/out/vs/workbench/workbench.desktop.main.js:5604:15264)
    at s.getContentsForOverrideIdentifer (vscode-file://vscode-app/usr/share/code/resources/app/out/vs/workbench/workbench.desktop.main.js:5604:15408)
    at s.getOverrideValue (vscode-file://vscode-app/usr/share/code/resources/app/out/vs/workbench/workbench.desktop.main.js:5604:13614)
    at $Lt.inspect (vscode-file://vscode-app/usr/share/code/resources/app/out/vs/workbench/workbench.desktop.main.js:5604:25566)
    at $Lt.inspect (vscode-file://vscode-app/usr/share/code/resources/app/out/vs/workbench/workbench.desktop.main.js:5606:1703)
    at Gwi.inspect (vscode-file://vscode-app/usr/share/code/resources/app/out/vs/workbench/workbench.desktop.main.js:5606:44091)
    at fMt.getAccessibilitySupportConfigurationValue (vscode-file://vscode-app/usr/share/code/resources/app/out/vs/workbench/workbench.desktop.main.js:5615:20858)
    at fMt.isScreenReaderOptimized (vscode-file://vscode-app/usr/share/code/resources/app/out/vs/workbench/workbench.desktop.main.js:5615:20677)
    at RPe.updateScreenReaderContent (vscode-file://vscode-app/usr/share/code/resources/app/out/vs/workbench/workbench.desktop.main.js:669:1186)
    at MPe.writeScreenReaderContent (vscode-file://vscode-app/usr/share/code/resources/app/out/vs/workbench/workbench.desktop.main.js:670:4662)
    at MPe.prepareRender (vscode-file://vscode-app/usr/share/code/resources/app/out/vs/workbench/workbench.desktop.main.js:670:3137)
    at bve.prepareRender (vscode-file://vscode-app/usr/share/code/resources/app/out/vs/workbench/workbench.desktop.main.js:671:2623)
    at Object.prepareRender (vscode-file://vscode-app/usr/share/code/resources/app/out/vs/workbench/workbench.desktop.main.js:671:22802)
    at Object.prepareRender (vscode-file://vscode-app/usr/share/code/resources/app/out/vs/workbench/workbench.desktop.main.js:671:21259)
    at vscode-file://vscode-app/usr/share/code/resources/app/out/vs/workbench/workbench.desktop.main.js:671:27050
    at poe (vscode-file://vscode-app/usr/share/code/resources/app/out/vs/workbench/workbench.desktop.main.js:671:25975)
    at s._onRenderScheduled (vscode-file://vscode-app/usr/share/code/resources/app/out/vs/workbench/workbench.desktop.main.js:671:27040)
    at Zit.e [as _runner] (vscode-file://vscode-app/usr/share/code/resources/app/out/vs/workbench/workbench.desktop.main.js:671:26596)
    at Zit.execute (vscode-file://vscode-app/usr/share/code/resources/app/out/vs/workbench/workbench.desktop.main.js:439:3975)
    at i (vscode-file://vscode-app/usr/share/code/resources/app/out/vs/workbench/workbench.desktop.main.js:439:4220)
    at vscode-file://vscode-app/usr/share/code/resources/app/out/vs/workbench/workbench.desktop.main.js:439:4385
<1> 
    at Y (vscode-file://vscode-app/usr/share/code/resources/app/out/vs/workbench/workbench.desktop.main.js:431:1338)
    at Uvt._createHover (vscode-file://vscode-app/usr/share/code/resources/app/out/vs/workbench/workbench.desktop.main.js:2066:121740)
    at Uvt.showInstantHover (vscode-file://vscode-app/usr/share/code/resources/app/out/vs/workbench/workbench.desktop.main.js:2066:117771)
    at Fg.showHover (vscode-file://vscode-app/usr/share/code/resources/app/out/vs/workbench/workbench.desktop.main.js:937:149231)
    at Tei.show (vscode-file://vscode-app/usr/share/code/resources/app/out/vs/workbench/workbench.desktop.main.js:2066:116633)
    at Tei.update (vscode-file://vscode-app/usr/share/code/resources/app/out/vs/workbench/workbench.desktop.main.js:2066:116191)
    at vscode-file://vscode-app/usr/share/code/resources/app/out/vs/workbench/workbench.desktop.main.js:2066:124984
    at vscode-file://vscode-app/usr/share/code/resources/app/out/vs/workbench/workbench.desktop.main.js:434:80717
<1> 
    at iLe.value (vscode-file://vscode-app/usr/share/code/resources/app/out/vs/workbench/workbench.desktop.main.js:1979:76635)
    at D._deliver (vscode-file://vscode-app/usr/share/code/resources/app/out/vs/workbench/workbench.desktop.main.js:433:3642)
    at D._deliverQueue (vscode-file://vscode-app/usr/share/code/resources/app/out/vs/workbench/workbench.desktop.main.js:433:3731)
    at D.fire (vscode-file://vscode-app/usr/share/code/resources/app/out/vs/workbench/workbench.desktop.main.js:433:4066)
    at iLe.value (vscode-file://vscode-app/usr/share/code/resources/app/out/vs/workbench/workbench.desktop.main.js:1979:40505)
    at D._deliver (vscode-file://vscode-app/usr/share/code/resources/app/out/vs/workbench/workbench.desktop.main.js:433:3642)
    at D._deliverQueue (vscode-file://vscode-app/usr/share/code/resources/app/out/vs/workbench/workbench.desktop.main.js:433:3731)
    at D.fire (vscode-file://vscode-app/usr/share/code/resources/app/out/vs/workbench/workbench.desktop.main.js:433:4066)
    at VS.handleOnDidCloseEditor (vscode-file://vscode-app/usr/share/code/resources/app/out/vs/workbench/workbench.desktop.main.js:1487:69665)
    at VS.onDidGroupModelChange (vscode-file://vscode-app/usr/share/code/resources/app/out/vs/workbench/workbench.desktop.main.js:1487:68931)
    at iLe.value (vscode-file://vscode-app/usr/share/code/resources/app/out/vs/workbench/workbench.desktop.main.js:1487:68357)
    at D._deliver (vscode-file://vscode-app/usr/share/code/resources/app/out/vs/workbench/workbench.desktop.main.js:433:3642)
    at D._deliverQueue (vscode-file://vscode-app/usr/share/code/resources/app/out/vs/workbench/workbench.desktop.main.js:433:3731)
    at D.fire (vscode-file://vscode-app/usr/share/code/resources/app/out/vs/workbench/workbench.desktop.main.js:433:4066)
    at v0.closeEditor (vscode-file://vscode-app/usr/share/code/resources/app/out/vs/workbench/workbench.desktop.main.js:1106:23970)
    at VS.doCloseActiveEditor (vscode-file://vscode-app/usr/share/code/resources/app/out/vs/workbench/workbench.desktop.main.js:1487:79608)
    at VS.doCloseEditor (vscode-file://vscode-app/usr/share/code/resources/app/out/vs/workbench/workbench.desktop.main.js:1487:79183)
    at VS.doCloseEditorWithConfirmationHandling (vscode-file://vscode-app/usr/share/code/resources/app/out/vs/workbench/workbench.desktop.main.js:1487:79000)
    at async nce.run (vscode-file://vscode-app/usr/share/code/resources/app/out/vs/workbench/workbench.desktop.main.js:1371:7289)
    at async cce.runAction (vscode-file://vscode-app/usr/share/code/resources/app/out/vs/workbench/workbench.desktop.main.js:439:32184)
    at async cce.run (vscode-file://vscode-app/usr/share/code/resources/app/out/vs/workbench/workbench.desktop.main.js:439:32084)
<1> 
    at QHt.detachView (vscode-file://vscode-app/usr/share/code/resources/app/out/vs/workbench/workbench.desktop.main.js:694:2321)
    at Nh.onBeforeDetached (vscode-file://vscode-app/usr/share/code/resources/app/out/vs/workbench/workbench.desktop.main.js:701:1305)
    at CPi.dispose (vscode-file://vscode-app/usr/share/code/resources/app/out/vs/workbench/workbench.desktop.main.js:712:25610)
    at Qs._detachModel (vscode-file://vscode-app/usr/share/code/resources/app/out/vs/workbench/workbench.desktop.main.js:712:24253)
    at Qs.setModel (vscode-file://vscode-app/usr/share/code/resources/app/out/vs/workbench/workbench.desktop.main.js:712:510)
    at Fee.clearInput (vscode-file://vscode-app/usr/share/code/resources/app/out/vs/workbench/workbench.desktop.main.js:4311:94484)
    at vscode-file://vscode-app/usr/share/code/resources/app/out/vs/workbench/workbench.desktop.main.js:1374:36703
    at bUe.safeRun (vscode-file://vscode-app/usr/share/code/resources/app/out/vs/workbench/workbench.desktop.main.js:1374:37355)
    at bUe.doHideActiveEditorPane (vscode-file://vscode-app/usr/share/code/resources/app/out/vs/workbench/workbench.desktop.main.js:1374:36667)
    at bUe.closeEditor (vscode-file://vscode-app/usr/share/code/resources/app/out/vs/workbench/workbench.desktop.main.js:1374:37032)
    at VS.doCloseActiveEditor (vscode-file://vscode-app/usr/share/code/resources/app/out/vs/workbench/workbench.desktop.main.js:1487:79859)
    at VS.doCloseEditor (vscode-file://vscode-app/usr/share/code/resources/app/out/vs/workbench/workbench.desktop.main.js:1487:79183)
    at VS.doCloseEditorWithConfirmationHandling (vscode-file://vscode-app/usr/share/code/resources/app/out/vs/workbench/workbench.desktop.main.js:1487:79000)
    at async nce.run (vscode-file://vscode-app/usr/share/code/resources/app/out/vs/workbench/workbench.desktop.main.js:1371:7289)
    at async cce.runAction (vscode-file://vscode-app/usr/share/code/resources/app/out/vs/workbench/workbench.desktop.main.js:439:32184)
    at async cce.run (vscode-file://vscode-app/usr/share/code/resources/app/out/vs/workbench/workbench.desktop.main.js:439:32084)
<1> 
    at RBt.getVerticalOffsetForLineNumber (vscode-file://vscode-app/usr/share/code/resources/app/out/vs/workbench/workbench.desktop.main.js:709:33134)
    at jWt._render (vscode-file://vscode-app/usr/share/code/resources/app/out/vs/workbench/workbench.desktop.main.js:519:154918)
    at jWt.render (vscode-file://vscode-app/usr/share/code/resources/app/out/vs/workbench/workbench.desktop.main.js:519:153506)
    at Object.render (vscode-file://vscode-app/usr/share/code/resources/app/out/vs/workbench/workbench.desktop.main.js:671:22852)
    at vscode-file://vscode-app/usr/share/code/resources/app/out/vs/workbench/workbench.desktop.main.js:671:21572
    at poe (vscode-file://vscode-app/usr/share/code/resources/app/out/vs/workbench/workbench.desktop.main.js:671:25975)
    at PPe._flushAccumulatedAndRenderNow (vscode-file://vscode-app/usr/share/code/resources/app/out/vs/workbench/workbench.desktop.main.js:671:21562)
    at PPe.render (vscode-file://vscode-app/usr/share/code/resources/app/out/vs/workbench/workbench.desktop.main.js:671:24285)
    at vscode-file://vscode-app/usr/share/code/resources/app/out/vs/workbench/workbench.desktop.main.js:712:18518
    at vscode-file://vscode-app/usr/share/code/resources/app/out/vs/workbench/workbench.desktop.main.js:710:4754
    at VBt._emitViewEvent (vscode-file://vscode-app/usr/share/code/resources/app/out/vs/workbench/workbench.desktop.main.js:710:4648)
    at vscode-file://vscode-app/usr/share/code/resources/app/out/vs/workbench/workbench.desktop.main.js:710:4550
    at Object.batchChanges (vscode-file://vscode-app/usr/share/code/resources/app/out/vs/workbench/workbench.desktop.main.js:712:19618)
    at VBt._withViewEventsCollector (vscode-file://vscode-app/usr/share/code/resources/app/out/vs/workbench/workbench.desktop.main.js:710:4528)
    at VBt.batchEvents (vscode-file://vscode-app/usr/share/code/resources/app/out/vs/workbench/workbench.desktop.main.js:710:4724)
    at Qs.render (vscode-file://vscode-app/usr/share/code/resources/app/out/vs/workbench/workbench.desktop.main.js:712:18480)
    at Qs.layout (vscode-file://vscode-app/usr/share/code/resources/app/out/vs/workbench/workbench.desktop.main.js:712:14676)
    at Fee.layout (vscode-file://vscode-app/usr/share/code/resources/app/out/vs/workbench/workbench.desktop.main.js:1369:96074)
    at vscode-file://vscode-app/usr/share/code/resources/app/out/vs/workbench/workbench.desktop.main.js:1374:37198
    at bUe.safeRun (vscode-file://vscode-app/usr/share/code/resources/app/out/vs/workbench/workbench.desktop.main.js:1374:37355)
    at bUe.layout (vscode-file://vscode-app/usr/share/code/resources/app/out/vs/workbench/workbench.desktop.main.js:1374:37162)
    at VS.layout (vscode-file://vscode-app/usr/share/code/resources/app/out/vs/workbench/workbench.desktop.main.js:1487:86623)
    at Ay._layout (vscode-file://vscode-app/usr/share/code/resources/app/out/vs/workbench/workbench.desktop.main.js:1362:33586)
    at Ay.layout (vscode-file://vscode-app/usr/share/code/resources/app/out/vs/workbench/workbench.desktop.main.js:1362:33346)
    at ROi.layout (vscode-file://vscode-app/usr/share/code/resources/app/out/vs/workbench/workbench.desktop.main.js:941:61403)
    at im.layoutViews (vscode-file://vscode-app/usr/share/code/resources/app/out/vs/workbench/workbench.desktop.main.js:941:75641)
    at im.relayout (vscode-file://vscode-app/usr/share/code/resources/app/out/vs/workbench/workbench.desktop.main.js:941:73886)
    at im.removeView (vscode-file://vscode-app/usr/share/code/resources/app/out/vs/workbench/workbench.desktop.main.js:941:66001)
    at s.removeChild (vscode-file://vscode-app/usr/share/code/resources/app/out/vs/workbench/workbench.desktop.main.js:1362:25511)
    at s.removeView (vscode-file://vscode-app/usr/share/code/resources/app/out/vs/workbench/workbench.desktop.main.js:1362:37376)
    at s.removeView (vscode-file://vscode-app/usr/share/code/resources/app/out/vs/workbench/workbench.desktop.main.js:1362:47307)
    at _Ue.doRemoveEmptyGroup (vscode-file://vscode-app/usr/share/code/resources/app/out/vs/workbench/workbench.desktop.main.js:1487:115343)
    at _Ue.removeGroup (vscode-file://vscode-app/usr/share/code/resources/app/out/vs/workbench/workbench.desktop.main.js:1487:115006)
    at VS.doCloseActiveEditor (vscode-file://vscode-app/usr/share/code/resources/app/out/vs/workbench/workbench.desktop.main.js:1487:79965)
    at VS.doCloseEditor (vscode-file://vscode-app/usr/share/code/resources/app/out/vs/workbench/workbench.desktop.main.js:1487:79183)
    at VS.doCloseEditorWithConfirmationHandling (vscode-file://vscode-app/usr/share/code/resources/app/out/vs/workbench/workbench.desktop.main.js:1487:79000)
    at async nce.run (vscode-file://vscode-app/usr/share/code/resources/app/out/vs/workbench/workbench.desktop.main.js:1371:7289)
    at async cce.runAction (vscode-file://vscode-app/usr/share/code/resources/app/out/vs/workbench/workbench.desktop.main.js:439:32184)
    at async cce.run (vscode-file://vscode-app/usr/share/code/resources/app/out/vs/workbench/workbench.desktop.main.js:439:32084)
<1> 
    at Object.dispose (vscode-file://vscode-app/usr/share/code/resources/app/out/vs/workbench/workbench.desktop.main.js:1960:25672)
    at tt (vscode-file://vscode-app/usr/share/code/resources/app/out/vs/workbench/workbench.desktop.main.js:431:747)
    at s.clear (vscode-file://vscode-app/usr/share/code/resources/app/out/vs/workbench/workbench.desktop.main.js:431:1634)
    at s.dispose (vscode-file://vscode-app/usr/share/code/resources/app/out/vs/workbench/workbench.desktop.main.js:431:1544)
    at GW.dispose (vscode-file://vscode-app/usr/share/code/resources/app/out/vs/workbench/workbench.desktop.main.js:431:2429)
    at tt (vscode-file://vscode-app/usr/share/code/resources/app/out/vs/workbench/workbench.desktop.main.js:431:747)
    at kt.clearAndDisposeAll (vscode-file://vscode-app/usr/share/code/resources/app/out/vs/workbench/workbench.desktop.main.js:431:4179)
    at kt.dispose (vscode-file://vscode-app/usr/share/code/resources/app/out/vs/workbench/workbench.desktop.main.js:431:4113)
    at tt (vscode-file://vscode-app/usr/share/code/resources/app/out/vs/workbench/workbench.desktop.main.js:431:747)
    at s.clear (vscode-file://vscode-app/usr/share/code/resources/app/out/vs/workbench/workbench.desktop.main.js:431:1634)
    at s.dispose (vscode-file://vscode-app/usr/share/code/resources/app/out/vs/workbench/workbench.desktop.main.js:431:1544)
    at RHt.dispose (vscode-file://vscode-app/usr/share/code/resources/app/out/vs/workbench/workbench.desktop.main.js:431:2429)
    at tt (vscode-file://vscode-app/usr/share/code/resources/app/out/vs/workbench/workbench.desktop.main.js:431:747)
    at s.clear (vscode-file://vscode-app/usr/share/code/resources/app/out/vs/workbench/workbench.desktop.main.js:431:1634)
    at s.dispose (vscode-file://vscode-app/usr/share/code/resources/app/out/vs/workbench/workbench.desktop.main.js:431:1544)
    at Qs.dispose (vscode-file://vscode-app/usr/share/code/resources/app/out/vs/workbench/workbench.desktop.main.js:431:2429)
    at Qs.dispose (vscode-file://vscode-app/usr/share/code/resources/app/out/vs/workbench/workbench.desktop.main.js:710:17607)
    at tt (vscode-file://vscode-app/usr/share/code/resources/app/out/vs/workbench/workbench.desktop.main.js:431:747)
    at s.clear (vscode-file://vscode-app/usr/share/code/resources/app/out/vs/workbench/workbench.desktop.main.js:431:1634)
    at s.dispose (vscode-file://vscode-app/usr/share/code/resources/app/out/vs/workbench/workbench.desktop.main.js:431:1544)
    at Fee.dispose (vscode-file://vscode-app/usr/share/code/resources/app/out/vs/workbench/workbench.desktop.main.js:431:2429)
    at Fee.dispose (vscode-file://vscode-app/usr/share/code/resources/app/out/vs/workbench/workbench.desktop.main.js:1100:51532)
    at Fee.dispose (vscode-file://vscode-app/usr/share/code/resources/app/out/vs/workbench/workbench.desktop.main.js:1100:60965)
    at tt (vscode-file://vscode-app/usr/share/code/resources/app/out/vs/workbench/workbench.desktop.main.js:431:747)
    at s.clear (vscode-file://vscode-app/usr/share/code/resources/app/out/vs/workbench/workbench.desktop.main.js:431:1634)
    at s.dispose (vscode-file://vscode-app/usr/share/code/resources/app/out/vs/workbench/workbench.desktop.main.js:431:1544)
    at bUe.dispose (vscode-file://vscode-app/usr/share/code/resources/app/out/vs/workbench/workbench.desktop.main.js:431:2429)
    at tt (vscode-file://vscode-app/usr/share/code/resources/app/out/vs/workbench/workbench.desktop.main.js:431:747)
    at s.clear (vscode-file://vscode-app/usr/share/code/resources/app/out/vs/workbench/workbench.desktop.main.js:431:1634)
    at s.dispose (vscode-file://vscode-app/usr/share/code/resources/app/out/vs/workbench/workbench.desktop.main.js:431:1544)
    at VS.dispose (vscode-file://vscode-app/usr/share/code/resources/app/out/vs/workbench/workbench.desktop.main.js:431:2429)
    at VS.dispose (vscode-file://vscode-app/usr/share/code/resources/app/out/vs/workbench/workbench.desktop.main.js:1487:87090)
    at _Ue.doRemoveEmptyGroup (vscode-file://vscode-app/usr/share/code/resources/app/out/vs/workbench/workbench.desktop.main.js:1487:115386)
    at _Ue.removeGroup (vscode-file://vscode-app/usr/share/code/resources/app/out/vs/workbench/workbench.desktop.main.js:1487:115006)
    at VS.doCloseActiveEditor (vscode-file://vscode-app/usr/share/code/resources/app/out/vs/workbench/workbench.desktop.main.js:1487:79965)
    at VS.doCloseEditor (vscode-file://vscode-app/usr/share/code/resources/app/out/vs/workbench/workbench.desktop.main.js:1487:79183)
    at VS.doCloseEditorWithConfirmationHandling (vscode-file://vscode-app/usr/share/code/resources/app/out/vs/workbench/workbench.desktop.main.js:1487:79000)
    at async nce.run (vscode-file://vscode-app/usr/share/code/resources/app/out/vs/workbench/workbench.desktop.main.js:1371:7289)
    at async cce.runAction (vscode-file://vscode-app/usr/share/code/resources/app/out/vs/workbench/workbench.desktop.main.js:439:32184)
    at async cce.run (vscode-file://vscode-app/usr/share/code/resources/app/out/vs/workbench/workbench.desktop.main.js:439:32084)
<1> 
    at bve.handleEvents (vscode-file://vscode-app/usr/share/code/resources/app/out/vs/workbench/workbench.desktop.main.js:511:1127)
    at dBt._doConsumeQueue (vscode-file://vscode-app/usr/share/code/resources/app/out/vs/workbench/workbench.desktop.main.js:708:37582)
    at dBt._consumeViewEventQueue (vscode-file://vscode-app/usr/share/code/resources/app/out/vs/workbench/workbench.desktop.main.js:708:37369)
    at dBt._emitMany (vscode-file://vscode-app/usr/share/code/resources/app/out/vs/workbench/workbench.desktop.main.js:708:37275)
    at dBt.endEmitViewEvents (vscode-file://vscode-app/usr/share/code/resources/app/out/vs/workbench/workbench.desktop.main.js:708:36983)
    at iLe.value (vscode-file://vscode-app/usr/share/code/resources/app/out/vs/workbench/workbench.desktop.main.js:709:64765)
    at D._deliver (vscode-file://vscode-app/usr/share/code/resources/app/out/vs/workbench/workbench.desktop.main.js:433:3642)
    at D.fire (vscode-file://vscode-app/usr/share/code/resources/app/out/vs/workbench/workbench.desktop.main.js:433:3961)
    at Kie._recomputeOptions (vscode-file://vscode-app/usr/share/code/resources/app/out/vs/workbench/workbench.desktop.main.js:508:46806)
    at Kie.updateOptions (vscode-file://vscode-app/usr/share/code/resources/app/out/vs/workbench/workbench.desktop.main.js:508:48354)
    at Qs.updateOptions (vscode-file://vscode-app/usr/share/code/resources/app/out/vs/workbench/workbench.desktop.main.js:710:17729)
    at Fee.updateEditorControlOptions (vscode-file://vscode-app/usr/share/code/resources/app/out/vs/workbench/workbench.desktop.main.js:1369:95466)
    at vscode-file://vscode-app/usr/share/code/resources/app/out/vs/workbench/workbench.desktop.main.js:1100:56910
    at iLe.value (vscode-file://vscode-app/usr/share/code/resources/app/out/vs/workbench/workbench.desktop.main.js:431:11960)
    at D._deliver (vscode-file://vscode-app/usr/share/code/resources/app/out/vs/workbench/workbench.desktop.main.js:433:3642)
    at D._deliverQueue (vscode-file://vscode-app/usr/share/code/resources/app/out/vs/workbench/workbench.desktop.main.js:433:3731)
    at D.fire (vscode-file://vscode-app/usr/share/code/resources/app/out/vs/workbench/workbench.desktop.main.js:433:4066)
    at iLe.value (vscode-file://vscode-app/usr/share/code/resources/app/out/vs/workbench/workbench.desktop.main.js:1487:174992)
    at Tg._deliver (vscode-file://vscode-app/usr/share/code/resources/app/out/vs/workbench/workbench.desktop.main.js:433:3642)
    at Tg._deliverQueue (vscode-file://vscode-app/usr/share/code/resources/app/out/vs/workbench/workbench.desktop.main.js:433:3731)
    at Tg.fire (vscode-file://vscode-app/usr/share/code/resources/app/out/vs/workbench/workbench.desktop.main.js:433:4066)
    at Tg.fire (vscode-file://vscode-app/usr/share/code/resources/app/out/vs/workbench/workbench.desktop.main.js:433:5437)
    at _Ue.doRemoveEmptyGroup (vscode-file://vscode-app/usr/share/code/resources/app/out/vs/workbench/workbench.desktop.main.js:1487:115501)
    at _Ue.removeGroup (vscode-file://vscode-app/usr/share/code/resources/app/out/vs/workbench/workbench.desktop.main.js:1487:115006)
    at VS.doCloseActiveEditor (vscode-file://vscode-app/usr/share/code/resources/app/out/vs/workbench/workbench.desktop.main.js:1487:79965)
    at VS.doCloseEditor (vscode-file://vscode-app/usr/share/code/resources/app/out/vs/workbench/workbench.desktop.main.js:1487:79183)
    at VS.doCloseEditorWithConfirmationHandling (vscode-file://vscode-app/usr/share/code/resources/app/out/vs/workbench/workbench.desktop.main.js:1487:79000)
    at async nce.run (vscode-file://vscode-app/usr/share/code/resources/app/out/vs/workbench/workbench.desktop.main.js:1371:7289)
    at async cce.runAction (vscode-file://vscode-app/usr/share/code/resources/app/out/vs/workbench/workbench.desktop.main.js:439:32184)
    at async cce.run (vscode-file://vscode-app/usr/share/code/resources/app/out/vs/workbench/workbench.desktop.main.js:439:32084)
<1> 
    at HTMLDivElement.<anonymous> (vscode-file://vscode-app/usr/share/code/resources/app/out/vs/workbench/workbench.desktop.main.js:1374:64054)
<1> 
    at W0t._register (vscode-file://vscode-app/usr/share/code/resources/app/out/vs/workbench/workbench.desktop.main.js:431:2448)
    at W0t._createSlider (vscode-file://vscode-app/usr/share/code/resources/app/out/vs/workbench/workbench.desktop.main.js:513:25021)
    at new W0t (vscode-file://vscode-app/usr/share/code/resources/app/out/vs/workbench/workbench.desktop.main.js:513:33877)
    at new gnt (vscode-file://vscode-app/usr/share/code/resources/app/out/vs/workbench/workbench.desktop.main.js:513:36946)
    at new hr (vscode-file://vscode-app/usr/share/code/resources/app/out/vs/workbench/workbench.desktop.main.js:513:45567)
    at new Aoe (vscode-file://vscode-app/usr/share/code/resources/app/out/vs/workbench/workbench.desktop.main.js:840:471)
    at new D1e (vscode-file://vscode-app/usr/share/code/resources/app/out/vs/workbench/workbench.desktop.main.js:2066:103626)
    at s._createInstance (vscode-file://vscode-app/usr/share/code/resources/app/out/vs/workbench/workbench.desktop.main.js:2293:2000)
    at s.createInstance (vscode-file://vscode-app/usr/share/code/resources/app/out/vs/workbench/workbench.desktop.main.js:2293:1440)
    at Uvt._createHover (vscode-file://vscode-app/usr/share/code/resources/app/out/vs/workbench/workbench.desktop.main.js:2066:120214)
    at Uvt.showInstantHover (vscode-file://vscode-app/usr/share/code/resources/app/out/vs/workbench/workbench.desktop.main.js:2066:117771)
    at Fg.showHover (vscode-file://vscode-app/usr/share/code/resources/app/out/vs/workbench/workbench.desktop.main.js:937:149231)
    at Tei.show (vscode-file://vscode-app/usr/share/code/resources/app/out/vs/workbench/workbench.desktop.main.js:2066:116633)
    at Tei.update (vscode-file://vscode-app/usr/share/code/resources/app/out/vs/workbench/workbench.desktop.main.js:2066:116191)
    at vscode-file://vscode-app/usr/share/code/resources/app/out/vs/workbench/workbench.desktop.main.js:2066:124984
    at vscode-file://vscode-app/usr/share/code/resources/app/out/vs/workbench/workbench.desktop.main.js:434:80717
<1> 
    at NetworkInformation.r (vscode-file://vscode-app/usr/share/code/resources/app/out/vs/workbench/workbench.desktop.main.js:5612:52400)
<1> 
    at iLe.value (vscode-file://vscode-app/usr/share/code/resources/app/out/vs/workbench/workbench.desktop.main.js:5603:120450)
    at D._deliver (vscode-file://vscode-app/usr/share/code/resources/app/out/vs/workbench/workbench.desktop.main.js:433:3642)
    at D._deliverQueue (vscode-file://vscode-app/usr/share/code/resources/app/out/vs/workbench/workbench.desktop.main.js:433:3731)
    at D.fire (vscode-file://vscode-app/usr/share/code/resources/app/out/vs/workbench/workbench.desktop.main.js:433:4066)
    at Qme.handleBeforeShutdown (vscode-file://vscode-app/usr/share/code/resources/app/out/vs/workbench/workbench.desktop.main.js:5612:14245)
    at vscode-file://vscode-app/usr/share/code/resources/app/out/vs/workbench/workbench.desktop.main.js:5612:13639
<1> 
    at iLe.value (vscode-file://vscode-app/usr/share/code/resources/app/out/vs/workbench/workbench.desktop.main.js:5653:13152)
    at D._deliver (vscode-file://vscode-app/usr/share/code/resources/app/out/vs/workbench/workbench.desktop.main.js:433:3642)
    at D._deliverQueue (vscode-file://vscode-app/usr/share/code/resources/app/out/vs/workbench/workbench.desktop.main.js:433:3731)
    at D.fire (vscode-file://vscode-app/usr/share/code/resources/app/out/vs/workbench/workbench.desktop.main.js:433:4066)
    at Qme.handleWillShutdown (vscode-file://vscode-app/usr/share/code/resources/app/out/vs/workbench/workbench.desktop.main.js:5612:15290)
    at vscode-file://vscode-app/usr/share/code/resources/app/out/vs/workbench/workbench.desktop.main.js:5612:14067
<1> 
    at $wi.emitWillSaveState (vscode-file://vscode-app/usr/share/code/resources/app/out/vs/workbench/workbench.desktop.main.js:937:107124)
    at $wi.close (vscode-file://vscode-app/usr/share/code/resources/app/out/vs/workbench/workbench.desktop.main.js:5606:71946)
    at iLe.value (vscode-file://vscode-app/usr/share/code/resources/app/out/vs/workbench/workbench.desktop.main.js:5606:132643)
    at D._deliver (vscode-file://vscode-app/usr/share/code/resources/app/out/vs/workbench/workbench.desktop.main.js:433:3642)
    at D.fire (vscode-file://vscode-app/usr/share/code/resources/app/out/vs/workbench/workbench.desktop.main.js:433:3961)
    at iLe.value (vscode-file://vscode-app/usr/share/code/resources/app/out/vs/workbench/workbench.desktop.main.js:5603:102018)
    at D._deliver (vscode-file://vscode-app/usr/share/code/resources/app/out/vs/workbench/workbench.desktop.main.js:433:3642)
    at D._deliverQueue (vscode-file://vscode-app/usr/share/code/resources/app/out/vs/workbench/workbench.desktop.main.js:433:3731)
    at D.fire (vscode-file://vscode-app/usr/share/code/resources/app/out/vs/workbench/workbench.desktop.main.js:433:4066)
    at Qme.handleWillShutdown (vscode-file://vscode-app/usr/share/code/resources/app/out/vs/workbench/workbench.desktop.main.js:5612:15290)
    at vscode-file://vscode-app/usr/share/code/resources/app/out/vs/workbench/workbench.desktop.main.js:5612:14067
<1> 
    at iLe.value (vscode-file://vscode-app/usr/share/code/resources/app/out/vs/workbench/workbench.desktop.main.js:3690:40694)
    at D._deliver (vscode-file://vscode-app/usr/share/code/resources/app/out/vs/workbench/workbench.desktop.main.js:433:3642)
    at D._deliverQueue (vscode-file://vscode-app/usr/share/code/resources/app/out/vs/workbench/workbench.desktop.main.js:433:3731)
    at D.fire (vscode-file://vscode-app/usr/share/code/resources/app/out/vs/workbench/workbench.desktop.main.js:433:4066)
    at Qme.handleWillShutdown (vscode-file://vscode-app/usr/share/code/resources/app/out/vs/workbench/workbench.desktop.main.js:5612:15290)
    at vscode-file://vscode-app/usr/share/code/resources/app/out/vs/workbench/workbench.desktop.main.js:5612:14067
<1> 
    at f6e.showCommandGuide (vscode-file://vscode-app/usr/share/code/resources/app/out/vs/workbench/workbench.desktop.main.js:4293:7864)
    at SEi._fn (vscode-file://vscode-app/usr/share/code/resources/app/out/vs/workbench/workbench.desktop.main.js:4762:11401)
    at SEi.dispose (vscode-file://vscode-app/usr/share/code/resources/app/out/vs/workbench/workbench.desktop.main.js:431:1319)
    at tt (vscode-file://vscode-app/usr/share/code/resources/app/out/vs/workbench/workbench.desktop.main.js:431:747)
    at SEi._fn (vscode-file://vscode-app/usr/share/code/resources/app/out/vs/workbench/workbench.desktop.main.js:431:1039)
    at SEi.dispose (vscode-file://vscode-app/usr/share/code/resources/app/out/vs/workbench/workbench.desktop.main.js:431:1319)
    at ce.dispose (vscode-file://vscode-app/usr/share/code/resources/app/out/vs/workbench/workbench.desktop.main.js:431:2837)
    at tt (vscode-file://vscode-app/usr/share/code/resources/app/out/vs/workbench/workbench.desktop.main.js:431:747)
    at s.clear (vscode-file://vscode-app/usr/share/code/resources/app/out/vs/workbench/workbench.desktop.main.js:431:1634)
    at s.dispose (vscode-file://vscode-app/usr/share/code/resources/app/out/vs/workbench/workbench.desktop.main.js:431:1544)
    at cme.dispose (vscode-file://vscode-app/usr/share/code/resources/app/out/vs/workbench/workbench.desktop.main.js:431:2429)
    at iLe.value (vscode-file://vscode-app/usr/share/code/resources/app/out/vs/workbench/workbench.desktop.main.js:4446:27227)
    at D._deliver (vscode-file://vscode-app/usr/share/code/resources/app/out/vs/workbench/workbench.desktop.main.js:433:3642)
    at D._deliverQueue (vscode-file://vscode-app/usr/share/code/resources/app/out/vs/workbench/workbench.desktop.main.js:433:3731)
    at D.fire (vscode-file://vscode-app/usr/share/code/resources/app/out/vs/workbench/workbench.desktop.main.js:433:4066)
    at rS.dispose (vscode-file://vscode-app/usr/share/code/resources/app/out/vs/workbench/workbench.desktop.main.js:4449:5343)
    at Nx._onWillShutdown (vscode-file://vscode-app/usr/share/code/resources/app/out/vs/workbench/workbench.desktop.main.js:4451:47903)
    at iLe.value (vscode-file://vscode-app/usr/share/code/resources/app/out/vs/workbench/workbench.desktop.main.js:4451:34513)
    at D._deliver (vscode-file://vscode-app/usr/share/code/resources/app/out/vs/workbench/workbench.desktop.main.js:433:3642)
    at D._deliverQueue (vscode-file://vscode-app/usr/share/code/resources/app/out/vs/workbench/workbench.desktop.main.js:433:3731)
    at D.fire (vscode-file://vscode-app/usr/share/code/resources/app/out/vs/workbench/workbench.desktop.main.js:433:4066)
    at Qme.handleWillShutdown (vscode-file://vscode-app/usr/share/code/resources/app/out/vs/workbench/workbench.desktop.main.js:5612:15290)
    at vscode-file://vscode-app/usr/share/code/resources/app/out/vs/workbench/workbench.desktop.main.js:5612:14067
<1> 
    at r.dispose (vscode-file://vscode-app/usr/share/code/resources/app/node_modules.asar/@xterm/xterm/lib/xterm.js:1:389860)
    at r.dispose (vscode-file://vscode-app/usr/share/code/resources/app/node_modules.asar/@xterm/xterm/lib/xterm.js:1:283797)
    at F.dispose (vscode-file://vscode-app/usr/share/code/resources/app/node_modules.asar/@xterm/xterm/lib/xterm.js:1:283996)
    at r.dispose (vscode-file://vscode-app/usr/share/code/resources/app/node_modules.asar/@xterm/xterm/lib/xterm.js:1:283797)
    at v.dispose (vscode-file://vscode-app/usr/share/code/resources/app/node_modules.asar/@xterm/xterm/lib/xterm.js:1:283996)
    at v.dispose (vscode-file://vscode-app/usr/share/code/resources/app/node_modules.asar/@xterm/xterm/lib/xterm.js:1:80941)
    at tt (vscode-file://vscode-app/usr/share/code/resources/app/out/vs/workbench/workbench.desktop.main.js:431:747)
    at s.clear (vscode-file://vscode-app/usr/share/code/resources/app/out/vs/workbench/workbench.desktop.main.js:431:1634)
    at s.dispose (vscode-file://vscode-app/usr/share/code/resources/app/out/vs/workbench/workbench.desktop.main.js:431:1544)
    at UO.dispose (vscode-file://vscode-app/usr/share/code/resources/app/out/vs/workbench/workbench.desktop.main.js:431:2429)
    at UO.dispose (vscode-file://vscode-app/usr/share/code/resources/app/out/vs/workbench/workbench.desktop.main.js:4304:14869)
    at rS.dispose (vscode-file://vscode-app/usr/share/code/resources/app/out/vs/workbench/workbench.desktop.main.js:4449:5370)
    at Nx._onWillShutdown (vscode-file://vscode-app/usr/share/code/resources/app/out/vs/workbench/workbench.desktop.main.js:4451:47903)
    at iLe.value (vscode-file://vscode-app/usr/share/code/resources/app/out/vs/workbench/workbench.desktop.main.js:4451:34513)
    at D._deliver (vscode-file://vscode-app/usr/share/code/resources/app/out/vs/workbench/workbench.desktop.main.js:433:3642)
    at D._deliverQueue (vscode-file://vscode-app/usr/share/code/resources/app/out/vs/workbench/workbench.desktop.main.js:433:3731)
    at D.fire (vscode-file://vscode-app/usr/share/code/resources/app/out/vs/workbench/workbench.desktop.main.js:433:4066)
    at Qme.handleWillShutdown (vscode-file://vscode-app/usr/share/code/resources/app/out/vs/workbench/workbench.desktop.main.js:5612:15290)
    at vscode-file://vscode-app/usr/share/code/resources/app/out/vs/workbench/workbench.desktop.main.js:5612:14067
<1> 
    at Object.dispose (vscode-file://vscode-app/usr/share/code/resources/app/node_modules.asar/@xterm/xterm/lib/xterm.js:1:172021)
    at r.dispose (vscode-file://vscode-app/usr/share/code/resources/app/node_modules.asar/@xterm/xterm/lib/xterm.js:1:283797)
    at a.dispose (vscode-file://vscode-app/usr/share/code/resources/app/node_modules.asar/@xterm/xterm/lib/xterm.js:1:283996)
    at r.dispose (vscode-file://vscode-app/usr/share/code/resources/app/node_modules.asar/@xterm/xterm/lib/xterm.js:1:283797)
    at n.dispose (vscode-file://vscode-app/usr/share/code/resources/app/node_modules.asar/@xterm/xterm/lib/xterm.js:1:283996)
    at r.dispose (vscode-file://vscode-app/usr/share/code/resources/app/node_modules.asar/@xterm/xterm/lib/xterm.js:1:283797)
    at F.dispose (vscode-file://vscode-app/usr/share/code/resources/app/node_modules.asar/@xterm/xterm/lib/xterm.js:1:283996)
    at r.dispose (vscode-file://vscode-app/usr/share/code/resources/app/node_modules.asar/@xterm/xterm/lib/xterm.js:1:283797)
    at v.dispose (vscode-file://vscode-app/usr/share/code/resources/app/node_modules.asar/@xterm/xterm/lib/xterm.js:1:283996)
    at v.dispose (vscode-file://vscode-app/usr/share/code/resources/app/node_modules.asar/@xterm/xterm/lib/xterm.js:1:80941)
    at tt (vscode-file://vscode-app/usr/share/code/resources/app/out/vs/workbench/workbench.desktop.main.js:431:747)
    at s.clear (vscode-file://vscode-app/usr/share/code/resources/app/out/vs/workbench/workbench.desktop.main.js:431:1634)
    at s.dispose (vscode-file://vscode-app/usr/share/code/resources/app/out/vs/workbench/workbench.desktop.main.js:431:1544)
    at UO.dispose (vscode-file://vscode-app/usr/share/code/resources/app/out/vs/workbench/workbench.desktop.main.js:431:2429)
    at UO.dispose (vscode-file://vscode-app/usr/share/code/resources/app/out/vs/workbench/workbench.desktop.main.js:4304:14869)
    at rS.dispose (vscode-file://vscode-app/usr/share/code/resources/app/out/vs/workbench/workbench.desktop.main.js:4449:5370)
    at Nx._onWillShutdown (vscode-file://vscode-app/usr/share/code/resources/app/out/vs/workbench/workbench.desktop.main.js:4451:47903)
    at iLe.value (vscode-file://vscode-app/usr/share/code/resources/app/out/vs/workbench/workbench.desktop.main.js:4451:34513)
    at D._deliver (vscode-file://vscode-app/usr/share/code/resources/app/out/vs/workbench/workbench.desktop.main.js:433:3642)
    at D._deliverQueue (vscode-file://vscode-app/usr/share/code/resources/app/out/vs/workbench/workbench.desktop.main.js:433:3731)
    at D.fire (vscode-file://vscode-app/usr/share/code/resources/app/out/vs/workbench/workbench.desktop.main.js:433:4066)
    at Qme.handleWillShutdown (vscode-file://vscode-app/usr/share/code/resources/app/out/vs/workbench/workbench.desktop.main.js:5612:15290)
    at vscode-file://vscode-app/usr/share/code/resources/app/out/vs/workbench/workbench.desktop.main.js:5612:14067
<1> 
    at t.RenderDebouncer.dispose (vscode-file://vscode-app/usr/share/code/resources/app/node_modules.asar/@xterm/xterm/lib/xterm.js:1:48437)
    at r.dispose (vscode-file://vscode-app/usr/share/code/resources/app/node_modules.asar/@xterm/xterm/lib/xterm.js:1:283797)
    at d.dispose (vscode-file://vscode-app/usr/share/code/resources/app/node_modules.asar/@xterm/xterm/lib/xterm.js:1:283996)
    at r.dispose (vscode-file://vscode-app/usr/share/code/resources/app/node_modules.asar/@xterm/xterm/lib/xterm.js:1:283797)
    at F.dispose (vscode-file://vscode-app/usr/share/code/resources/app/node_modules.asar/@xterm/xterm/lib/xterm.js:1:283996)
    at r.dispose (vscode-file://vscode-app/usr/share/code/resources/app/node_modules.asar/@xterm/xterm/lib/xterm.js:1:283797)
    at v.dispose (vscode-file://vscode-app/usr/share/code/resources/app/node_modules.asar/@xterm/xterm/lib/xterm.js:1:283996)
    at v.dispose (vscode-file://vscode-app/usr/share/code/resources/app/node_modules.asar/@xterm/xterm/lib/xterm.js:1:80941)
    at tt (vscode-file://vscode-app/usr/share/code/resources/app/out/vs/workbench/workbench.desktop.main.js:431:747)
    at s.clear (vscode-file://vscode-app/usr/share/code/resources/app/out/vs/workbench/workbench.desktop.main.js:431:1634)
    at s.dispose (vscode-file://vscode-app/usr/share/code/resources/app/out/vs/workbench/workbench.desktop.main.js:431:1544)
    at UO.dispose (vscode-file://vscode-app/usr/share/code/resources/app/out/vs/workbench/workbench.desktop.main.js:431:2429)
    at UO.dispose (vscode-file://vscode-app/usr/share/code/resources/app/out/vs/workbench/workbench.desktop.main.js:4304:14869)
    at rS.dispose (vscode-file://vscode-app/usr/share/code/resources/app/out/vs/workbench/workbench.desktop.main.js:4449:5370)
    at Nx._onWillShutdown (vscode-file://vscode-app/usr/share/code/resources/app/out/vs/workbench/workbench.desktop.main.js:4451:47903)
    at iLe.value (vscode-file://vscode-app/usr/share/code/resources/app/out/vs/workbench/workbench.desktop.main.js:4451:34513)
    at D._deliver (vscode-file://vscode-app/usr/share/code/resources/app/out/vs/workbench/workbench.desktop.main.js:433:3642)
    at D._deliverQueue (vscode-file://vscode-app/usr/share/code/resources/app/out/vs/workbench/workbench.desktop.main.js:433:3731)
    at D.fire (vscode-file://vscode-app/usr/share/code/resources/app/out/vs/workbench/workbench.desktop.main.js:433:4066)
    at Qme.handleWillShutdown (vscode-file://vscode-app/usr/share/code/resources/app/out/vs/workbench/workbench.desktop.main.js:5612:15290)
    at vscode-file://vscode-app/usr/share/code/resources/app/out/vs/workbench/workbench.desktop.main.js:5612:14067
<1> 
    at Object.dispose (vscode-file://vscode-app/usr/share/code/resources/app/node_modules.asar/@xterm/xterm/lib/xterm.js:1:197135)
    at r.dispose (vscode-file://vscode-app/usr/share/code/resources/app/node_modules.asar/@xterm/xterm/lib/xterm.js:1:283797)
    at w.dispose (vscode-file://vscode-app/usr/share/code/resources/app/node_modules.asar/@xterm/xterm/lib/xterm.js:1:283996)
    at r.dispose (vscode-file://vscode-app/usr/share/code/resources/app/node_modules.asar/@xterm/xterm/lib/xterm.js:1:283797)
    at F.dispose (vscode-file://vscode-app/usr/share/code/resources/app/node_modules.asar/@xterm/xterm/lib/xterm.js:1:283996)
    at r.dispose (vscode-file://vscode-app/usr/share/code/resources/app/node_modules.asar/@xterm/xterm/lib/xterm.js:1:283797)
    at v.dispose (vscode-file://vscode-app/usr/share/code/resources/app/node_modules.asar/@xterm/xterm/lib/xterm.js:1:283996)
    at v.dispose (vscode-file://vscode-app/usr/share/code/resources/app/node_modules.asar/@xterm/xterm/lib/xterm.js:1:80941)
    at tt (vscode-file://vscode-app/usr/share/code/resources/app/out/vs/workbench/workbench.desktop.main.js:431:747)
    at s.clear (vscode-file://vscode-app/usr/share/code/resources/app/out/vs/workbench/workbench.desktop.main.js:431:1634)
    at s.dispose (vscode-file://vscode-app/usr/share/code/resources/app/out/vs/workbench/workbench.desktop.main.js:431:1544)
    at UO.dispose (vscode-file://vscode-app/usr/share/code/resources/app/out/vs/workbench/workbench.desktop.main.js:431:2429)
    at UO.dispose (vscode-file://vscode-app/usr/share/code/resources/app/out/vs/workbench/workbench.desktop.main.js:4304:14869)
    at rS.dispose (vscode-file://vscode-app/usr/share/code/resources/app/out/vs/workbench/workbench.desktop.main.js:4449:5370)
    at Nx._onWillShutdown (vscode-file://vscode-app/usr/share/code/resources/app/out/vs/workbench/workbench.desktop.main.js:4451:47903)
    at iLe.value (vscode-file://vscode-app/usr/share/code/resources/app/out/vs/workbench/workbench.desktop.main.js:4451:34513)
    at D._deliver (vscode-file://vscode-app/usr/share/code/resources/app/out/vs/workbench/workbench.desktop.main.js:433:3642)
    at D._deliverQueue (vscode-file://vscode-app/usr/share/code/resources/app/out/vs/workbench/workbench.desktop.main.js:433:3731)
    at D.fire (vscode-file://vscode-app/usr/share/code/resources/app/out/vs/workbench/workbench.desktop.main.js:433:4066)
    at Qme.handleWillShutdown (vscode-file://vscode-app/usr/share/code/resources/app/out/vs/workbench/workbench.desktop.main.js:5612:15290)
    at vscode-file://vscode-app/usr/share/code/resources/app/out/vs/workbench/workbench.desktop.main.js:5612:14067
<1> 
    at Object.dispose (vscode-file://vscode-app/usr/share/code/resources/app/node_modules.asar/@xterm/xterm/lib/xterm.js:1:59103)
    at r.dispose (vscode-file://vscode-app/usr/share/code/resources/app/node_modules.asar/@xterm/xterm/lib/xterm.js:1:283797)
    at h.dispose (vscode-file://vscode-app/usr/share/code/resources/app/node_modules.asar/@xterm/xterm/lib/xterm.js:1:283996)
    at r.dispose (vscode-file://vscode-app/usr/share/code/resources/app/node_modules.asar/@xterm/xterm/lib/xterm.js:1:283797)
    at F.dispose (vscode-file://vscode-app/usr/share/code/resources/app/node_modules.asar/@xterm/xterm/lib/xterm.js:1:283996)
    at r.dispose (vscode-file://vscode-app/usr/share/code/resources/app/node_modules.asar/@xterm/xterm/lib/xterm.js:1:283797)
    at v.dispose (vscode-file://vscode-app/usr/share/code/resources/app/node_modules.asar/@xterm/xterm/lib/xterm.js:1:283996)
    at v.dispose (vscode-file://vscode-app/usr/share/code/resources/app/node_modules.asar/@xterm/xterm/lib/xterm.js:1:80941)
    at tt (vscode-file://vscode-app/usr/share/code/resources/app/out/vs/workbench/workbench.desktop.main.js:431:747)
    at s.clear (vscode-file://vscode-app/usr/share/code/resources/app/out/vs/workbench/workbench.desktop.main.js:431:1634)
    at s.dispose (vscode-file://vscode-app/usr/share/code/resources/app/out/vs/workbench/workbench.desktop.main.js:431:1544)
    at UO.dispose (vscode-file://vscode-app/usr/share/code/resources/app/out/vs/workbench/workbench.desktop.main.js:431:2429)
    at UO.dispose (vscode-file://vscode-app/usr/share/code/resources/app/out/vs/workbench/workbench.desktop.main.js:4304:14869)
    at rS.dispose (vscode-file://vscode-app/usr/share/code/resources/app/out/vs/workbench/workbench.desktop.main.js:4449:5370)
    at Nx._onWillShutdown (vscode-file://vscode-app/usr/share/code/resources/app/out/vs/workbench/workbench.desktop.main.js:4451:47903)
    at iLe.value (vscode-file://vscode-app/usr/share/code/resources/app/out/vs/workbench/workbench.desktop.main.js:4451:34513)
    at D._deliver (vscode-file://vscode-app/usr/share/code/resources/app/out/vs/workbench/workbench.desktop.main.js:433:3642)
    at D._deliverQueue (vscode-file://vscode-app/usr/share/code/resources/app/out/vs/workbench/workbench.desktop.main.js:433:3731)
    at D.fire (vscode-file://vscode-app/usr/share/code/resources/app/out/vs/workbench/workbench.desktop.main.js:433:4066)
    at Qme.handleWillShutdown (vscode-file://vscode-app/usr/share/code/resources/app/out/vs/workbench/workbench.desktop.main.js:5612:15290)
    at vscode-file://vscode-app/usr/share/code/resources/app/out/vs/workbench/workbench.desktop.main.js:5612:14067
<1> 
    at d.dispose (vscode-file://vscode-app/usr/share/code/resources/app/node_modules.asar/@xterm/xterm/lib/xterm.js:1:185780)
    at r.dispose (vscode-file://vscode-app/usr/share/code/resources/app/node_modules.asar/@xterm/xterm/lib/xterm.js:1:283797)
    at F.dispose (vscode-file://vscode-app/usr/share/code/resources/app/node_modules.asar/@xterm/xterm/lib/xterm.js:1:283996)
    at r.dispose (vscode-file://vscode-app/usr/share/code/resources/app/node_modules.asar/@xterm/xterm/lib/xterm.js:1:283797)
    at v.dispose (vscode-file://vscode-app/usr/share/code/resources/app/node_modules.asar/@xterm/xterm/lib/xterm.js:1:283996)
    at v.dispose (vscode-file://vscode-app/usr/share/code/resources/app/node_modules.asar/@xterm/xterm/lib/xterm.js:1:80941)
    at tt (vscode-file://vscode-app/usr/share/code/resources/app/out/vs/workbench/workbench.desktop.main.js:431:747)
    at s.clear (vscode-file://vscode-app/usr/share/code/resources/app/out/vs/workbench/workbench.desktop.main.js:431:1634)
    at s.dispose (vscode-file://vscode-app/usr/share/code/resources/app/out/vs/workbench/workbench.desktop.main.js:431:1544)
    at UO.dispose (vscode-file://vscode-app/usr/share/code/resources/app/out/vs/workbench/workbench.desktop.main.js:431:2429)
    at UO.dispose (vscode-file://vscode-app/usr/share/code/resources/app/out/vs/workbench/workbench.desktop.main.js:4304:14869)
    at rS.dispose (vscode-file://vscode-app/usr/share/code/resources/app/out/vs/workbench/workbench.desktop.main.js:4449:5370)
    at Nx._onWillShutdown (vscode-file://vscode-app/usr/share/code/resources/app/out/vs/workbench/workbench.desktop.main.js:4451:47903)
    at iLe.value (vscode-file://vscode-app/usr/share/code/resources/app/out/vs/workbench/workbench.desktop.main.js:4451:34513)
    at D._deliver (vscode-file://vscode-app/usr/share/code/resources/app/out/vs/workbench/workbench.desktop.main.js:433:3642)
    at D._deliverQueue (vscode-file://vscode-app/usr/share/code/resources/app/out/vs/workbench/workbench.desktop.main.js:433:3731)
    at D.fire (vscode-file://vscode-app/usr/share/code/resources/app/out/vs/workbench/workbench.desktop.main.js:433:4066)
    at Qme.handleWillShutdown (vscode-file://vscode-app/usr/share/code/resources/app/out/vs/workbench/workbench.desktop.main.js:5612:15290)
    at vscode-file://vscode-app/usr/share/code/resources/app/out/vs/workbench/workbench.desktop.main.js:5612:14067
Total Samples: 2483
For full overview of the unresponsive period, capture cpu profile via https://aka.ms/vscode-tracing-cpu-profile
2026-09-16 01:24:00.865 [error] CodeWindow: recovered from unresponsive
2026-09-16 01:24:33.387 [warning] AgentHostProcessManager: agent host did not shut down within 6000ms; terminating it
2026-09-16 01:24:48.049 [info] Extension host with pid 9391 exited with code: 0, signal: unknown.
2026-09-16 01:24:49.692 [warning] [storage main] detected slow close() operation: Time: 23137ms, DB size: 12288b, Large Keys: history.recentlyOpenedPathsList:723, content.trust.model.key:476, __$__targetStorageMarker:110, __$__isNewStorageMarker:5, chat.vscodePet.achievementCatalogVersion:1
2026-09-16 01:24:49.856 [warning] [storage main] detected slow close() operation: Time: 23690ms, DB size: 172032b, Large Keys: iconThemeData:96818, colorThemeData:27175, GitHub.copilot-chat:10473, vscode.github-authentication:2950, memento/customEditors:1685
2026-09-16 01:24:52.559 [warning] [storage main] detected slow close() operation: Time: 26398ms, DB size: 65536b, Large Keys: chat.customModes.local:9473, memento/workbench.editors.files.textFileEditor:8530, __$__targetStorageMarker:1891, terminal.integrated.environmentVariableCollectionsV2:1749, codelens/cache2:1617
2026-09-16 01:24:53.675 [warning] [storage main] detected slow close() operation: Time: 27266ms, DB size: 282624b, Large Keys: iconThemeData:96818, colorThemeData:27175, GitHub.copilot-chat:10324, extensionsEnablement/malicious:9490, memento/experiment.service.memento:9370
