2026-09-15 09:17:12.899 [info] [AutoSync] Using settings sync service https://vscode-sync.trafficmanager.net/
2026-09-15 09:17:12.899 [info] [AutoSync] Enabled.
2026-09-15 09:17:12.899 [info] [AutoSync] Suspended until auth token is available.
2026-09-15 09:17:18.256 [info] Skipping extensions sync because gallery is not configured
2026-09-15 09:18:23.743 [info] [AutoSync] Triggered by Interval
2026-09-15 09:18:24.208 [info] Sync started.
2026-09-15 09:18:30.182 [info] Settings: No changes found during synchronizing settings.
2026-09-15 09:18:30.346 [info] Keybindings: No changes found during synchronizing keybindings.
2026-09-15 09:18:30.395 [info] Snippets: No changes found during synchronizing snippets.
2026-09-15 09:18:30.440 [info] Tasks: No changes found during synchronizing tasks.
2026-09-15 09:18:30.458 [info] Mcp: No changes found during synchronizing mcp.
2026-09-15 09:18:31.181 [info] GlobalState: Updated remote ui state. Updated: cpp.1.lastSessionDate,cpp.1.sessionCount,java.2.lastSessionDate,java.2.sessionCount,javascript.1.lastSessionDate,javascript.1.sessionCount,typescript.1.lastSessionDate,typescript.1.sessionCount,csharp.1.lastSessionDate,csharp.1.sessionCount.
2026-09-15 09:18:31.405 [info] GlobalState: Updated last synchronized ui state
2026-09-15 09:18:32.446 [info] Extensions: No changes found during synchronizing extensions.
2026-09-15 09:18:32.662 [info] Prompts: No changes found during synchronizing prompts.
2026-09-15 09:18:32.835 [info] Profiles: No changes found during synchronizing profiles.
2026-09-15 09:18:33.068 [info] Syncing profile. Agents
2026-09-15 09:18:33.591 [info] GlobalState (Agents): No changes found during synchronizing ui state.
2026-09-15 09:18:33.614 [info] Sync done. Took 9979ms
2026-09-15 09:18:33.681 [info] [AutoSync] Triggered by Activity
2026-09-15 09:18:33.682 [info] Sync started.
2026-09-15 09:18:34.018 [info] Settings: No changes found during synchronizing settings.
2026-09-15 09:18:34.070 [info] Keybindings: No changes found during synchronizing keybindings.
2026-09-15 09:18:34.131 [info] Snippets: No changes found during synchronizing snippets.
2026-09-15 09:18:34.215 [info] Tasks: No changes found during synchronizing tasks.
2026-09-15 09:18:34.335 [info] Mcp: No changes found during synchronizing mcp.
2026-09-15 09:18:34.422 [info] GlobalState: No changes found during synchronizing ui state.
2026-09-15 09:18:34.665 [info] Extensions: No changes found during synchronizing extensions.
2026-09-15 09:18:34.685 [info] Prompts: No changes found during synchronizing prompts.
2026-09-15 09:18:34.696 [info] Profiles: No changes found during synchronizing profiles.
2026-09-15 09:18:34.705 [info] Syncing profile. Agents
2026-09-15 09:18:34.711 [info] GlobalState (Agents): No changes found during synchronizing ui state.
2026-09-15 09:18:34.719 [info] Sync done. Took 1106ms
2026-09-15 09:23:37.442 [info] [AutoSync] Triggered by Interval
2026-09-15 09:23:37.609 [info] Sync started.
2026-09-15 09:23:38.870 [info] Settings: No changes found during synchronizing settings.
2026-09-15 09:23:39.140 [info] Keybindings: No changes found during synchronizing keybindings.
2026-09-15 09:23:39.245 [info] Snippets: No changes found during synchronizing snippets.
2026-09-15 09:23:39.291 [info] Tasks: No changes found during synchronizing tasks.
2026-09-15 09:23:39.318 [info] Mcp: No changes found during synchronizing mcp.
2026-09-15 09:23:39.398 [info] GlobalState: No changes found during synchronizing ui state.
2026-09-15 09:23:40.398 [info] Extensions: No changes found during synchronizing extensions.
2026-09-15 09:23:40.474 [info] Prompts: No changes found during synchronizing prompts.
2026-09-15 09:23:40.822 [info] Profiles: No changes found during synchronizing profiles.
2026-09-15 09:23:40.832 [info] Syncing profile. Agents
2026-09-15 09:23:40.936 [info] GlobalState (Agents): No changes found during synchronizing ui state.
2026-09-15 09:23:40.941 [info] Sync done. Took 5259ms
2026-09-15 09:28:41.093 [info] [AutoSync] Triggered by Interval
2026-09-15 09:28:41.237 [info] Sync started.
2026-09-15 09:28:41.432 [info] Settings: No changes found during synchronizing settings.
2026-09-15 09:28:41.537 [info] Keybindings: No changes found during synchronizing keybindings.
2026-09-15 09:28:41.609 [info] Snippets: No changes found during synchronizing snippets.
2026-09-15 09:28:41.631 [info] Tasks: No changes found during synchronizing tasks.
2026-09-15 09:28:41.646 [info] Mcp: No changes found during synchronizing mcp.
2026-09-15 09:28:41.794 [info] GlobalState: No changes found during synchronizing ui state.
2026-09-15 09:28:42.507 [info] Extensions: No changes found during synchronizing extensions.
2026-09-15 09:28:42.548 [info] Prompts: No changes found during synchronizing prompts.
2026-09-15 09:28:42.620 [info] Profiles: No changes found during synchronizing profiles.
2026-09-15 09:28:42.632 [info] Syncing profile. Agents
2026-09-15 09:28:42.673 [info] GlobalState (Agents): No changes found during synchronizing ui state.
2026-09-15 09:28:42.684 [info] Sync done. Took 1738ms
2026-09-15 09:33:42.835 [info] [AutoSync] Triggered by Interval
2026-09-15 09:33:43.030 [info] Sync started.
2026-09-15 09:33:43.170 [info] Settings: No changes found during synchronizing settings.
2026-09-15 09:33:43.225 [info] Keybindings: No changes found during synchronizing keybindings.
2026-09-15 09:33:43.269 [info] Snippets: No changes found during synchronizing snippets.
2026-09-15 09:33:43.290 [info] Tasks: No changes found during synchronizing tasks.
2026-09-15 09:33:43.313 [info] Mcp: No changes found during synchronizing mcp.
2026-09-15 09:33:43.425 [info] GlobalState: No changes found during synchronizing ui state.
2026-09-15 09:33:47.236 [info] Extensions: No changes found during synchronizing extensions.
2026-09-15 09:33:47.671 [info] Prompts: No changes found during synchronizing prompts.
2026-09-15 09:33:47.733 [info] Profiles: No changes found during synchronizing profiles.
2026-09-15 09:33:47.739 [info] Syncing profile. Agents
2026-09-15 09:33:47.756 [info] GlobalState (Agents): No changes found during synchronizing ui state.
2026-09-15 09:33:47.760 [info] Sync done. Took 5074ms
2026-09-15 09:35:25.540 [info] [AutoSync] Triggered by Activity
2026-09-15 09:35:25.780 [info] Sync started.
2026-09-15 09:35:25.993 [info] Settings: No changes found during synchronizing settings.
2026-09-15 09:35:26.637 [info] Keybindings: No changes found during synchronizing keybindings.
2026-09-15 09:35:27.574 [info] Snippets: No changes found during synchronizing snippets.
2026-09-15 09:35:27.670 [info] Tasks: No changes found during synchronizing tasks.
2026-09-15 09:35:27.816 [info] Mcp: No changes found during synchronizing mcp.
2026-09-15 09:35:27.999 [info] GlobalState: No changes found during synchronizing ui state.
2026-09-15 09:35:29.371 [info] Extensions: No changes found during synchronizing extensions.
2026-09-15 09:35:29.412 [info] Prompts: No changes found during synchronizing prompts.
2026-09-15 09:35:29.447 [info] Profiles: No changes found during synchronizing profiles.
2026-09-15 09:35:29.452 [info] Syncing profile. Agents
2026-09-15 09:35:29.792 [info] GlobalState (Agents): No changes found during synchronizing ui state.
2026-09-15 09:35:29.793 [info] Sync done. Took 5409ms
2026-09-15 09:40:29.746 [info] [AutoSync] Triggered by Interval
2026-09-15 09:40:30.016 [info] Sync started.
2026-09-15 09:40:30.072 [info] Settings: No changes found during synchronizing settings.
2026-09-15 09:40:30.099 [info] Keybindings: No changes found during synchronizing keybindings.
2026-09-15 09:40:30.119 [info] Snippets: No changes found during synchronizing snippets.
2026-09-15 09:40:30.147 [info] Tasks: No changes found during synchronizing tasks.
2026-09-15 09:40:30.189 [info] Mcp: No changes found during synchronizing mcp.
2026-09-15 09:40:30.250 [info] GlobalState: No changes found during synchronizing ui state.
2026-09-15 09:40:30.488 [info] Extensions: No changes found during synchronizing extensions.
2026-09-15 09:40:31.235 [info] Prompts: No changes found during synchronizing prompts.
2026-09-15 09:40:31.236 [info] Profiles: No changes found during synchronizing profiles.
2026-09-15 09:40:31.241 [info] Syncing profile. Agents
2026-09-15 09:40:31.299 [info] GlobalState (Agents): No changes found during synchronizing ui state.
2026-09-15 09:40:31.304 [info] Sync done. Took 1561ms
2026-09-15 09:45:31.650 [info] [AutoSync] Triggered by Interval
2026-09-15 09:45:34.066 [info] Sync started.
2026-09-15 09:45:38.929 [info] Settings: No changes found during synchronizing settings.
2026-09-15 09:45:39.650 [info] Keybindings: No changes found during synchronizing keybindings.
2026-09-15 09:45:40.318 [info] Snippets: No changes found during synchronizing snippets.
2026-09-15 09:45:41.129 [info] Tasks: No changes found during synchronizing tasks.
2026-09-15 09:45:41.386 [info] Mcp: No changes found during synchronizing mcp.
2026-09-15 09:45:41.698 [info] GlobalState: No changes found during synchronizing ui state.
2026-09-15 09:45:46.210 [info] Extensions: No changes found during synchronizing extensions.
2026-09-15 09:45:55.482 [info] Prompts: No changes found during synchronizing prompts.
2026-09-15 09:45:56.194 [info] Profiles: No changes found during synchronizing profiles.
2026-09-15 09:45:56.206 [info] Syncing profile. Agents
2026-09-15 09:45:57.606 [info] GlobalState (Agents): No changes found during synchronizing ui state.
2026-09-15 09:45:57.611 [info] Sync done. Took 26284ms
2026-09-15 09:50:57.617 [info] [AutoSync] Triggered by Interval
2026-09-15 09:50:57.622 [info] Sync started.
2026-09-15 09:50:58.203 [info] Settings: No changes found during synchronizing settings.
2026-09-15 09:50:58.814 [info] Keybindings: No changes found during synchronizing keybindings.
2026-09-15 09:50:59.075 [info] Snippets: No changes found during synchronizing snippets.
2026-09-15 09:50:59.247 [info] Tasks: No changes found during synchronizing tasks.
2026-09-15 09:50:59.262 [info] Mcp: No changes found during synchronizing mcp.
2026-09-15 09:50:59.350 [info] GlobalState: No changes found during synchronizing ui state.
2026-09-15 09:51:00.637 [info] Extensions: No changes found during synchronizing extensions.
2026-09-15 09:51:00.654 [info] Prompts: No changes found during synchronizing prompts.
2026-09-15 09:51:00.667 [info] Profiles: No changes found during synchronizing profiles.
2026-09-15 09:51:00.672 [info] Syncing profile. Agents
2026-09-15 09:51:00.689 [info] GlobalState (Agents): No changes found during synchronizing ui state.
2026-09-15 09:51:00.697 [info] Sync done. Took 3079ms
2026-09-15 09:56:00.770 [info] [AutoSync] Triggered by Interval
2026-09-15 09:56:00.816 [info] Sync started.
2026-09-15 09:56:01.333 [info] Settings: No changes found during synchronizing settings.
2026-09-15 09:56:01.691 [info] Keybindings: No changes found during synchronizing keybindings.
2026-09-15 09:56:01.742 [info] Snippets: No changes found during synchronizing snippets.
2026-09-15 09:56:01.801 [info] Tasks: No changes found during synchronizing tasks.
2026-09-15 09:56:01.837 [info] Mcp: No changes found during synchronizing mcp.
2026-09-15 09:56:02.165 [info] GlobalState: No changes found during synchronizing ui state.
2026-09-15 09:56:05.567 [info] Extensions: No changes found during synchronizing extensions.
2026-09-15 09:56:06.168 [info] Prompts: No changes found during synchronizing prompts.
2026-09-15 09:56:06.377 [info] Profiles: No changes found during synchronizing profiles.
2026-09-15 09:56:06.391 [info] Syncing profile. Agents
2026-09-15 09:56:06.586 [info] GlobalState (Agents): No changes found during synchronizing ui state.
2026-09-15 09:56:06.591 [info] Sync done. Took 5660ms
2026-09-15 10:01:06.378 [info] [AutoSync] Triggered by Interval
2026-09-15 10:01:06.754 [info] Sync started.
2026-09-15 10:01:06.821 [info] Settings: No changes found during synchronizing settings.
2026-09-15 10:01:07.554 [info] Keybindings: No changes found during synchronizing keybindings.
2026-09-15 10:01:08.170 [info] Snippets: No changes found during synchronizing snippets.
2026-09-15 10:01:08.486 [info] Tasks: No changes found during synchronizing tasks.
2026-09-15 10:01:08.946 [info] Mcp: No changes found during synchronizing mcp.
2026-09-15 10:01:10.033 [info] GlobalState: No changes found during synchronizing ui state.
2026-09-15 10:01:20.607 [info] Extensions: No changes found during synchronizing extensions.
2026-09-15 10:01:27.051 [info] Prompts: No changes found during synchronizing prompts.
2026-09-15 10:01:28.069 [info] Profiles: No changes found during synchronizing profiles.
2026-09-15 10:01:28.131 [info] Syncing profile. Agents
2026-09-15 10:01:28.169 [info] GlobalState (Agents): No changes found during synchronizing ui state.
2026-09-15 10:01:28.195 [info] Sync done. Took 21824ms
2026-09-15 10:06:29.487 [info] [AutoSync] Triggered by Interval
2026-09-15 10:06:30.036 [info] Sync started.
2026-09-15 10:06:30.999 [info] Settings: No changes found during synchronizing settings.
2026-09-15 10:06:31.192 [info] Keybindings: No changes found during synchronizing keybindings.
2026-09-15 10:06:31.356 [info] Snippets: No changes found during synchronizing snippets.
2026-09-15 10:06:31.411 [info] Tasks: No changes found during synchronizing tasks.
2026-09-15 10:06:31.461 [info] Mcp: No changes found during synchronizing mcp.
2026-09-15 10:06:31.593 [info] GlobalState: No changes found during synchronizing ui state.
2026-09-15 10:06:33.804 [info] Extensions: No changes found during synchronizing extensions.
2026-09-15 10:06:34.098 [info] Prompts: No changes found during synchronizing prompts.
2026-09-15 10:06:34.155 [info] Profiles: No changes found during synchronizing profiles.
2026-09-15 10:06:34.162 [info] Syncing profile. Agents
2026-09-15 10:06:34.217 [info] GlobalState (Agents): No changes found during synchronizing ui state.
2026-09-15 10:06:34.221 [info] Sync done. Took 6009ms
2026-09-15 10:11:34.226 [info] [AutoSync] Triggered by Interval
2026-09-15 10:11:34.260 [info] Sync started.
2026-09-15 10:11:35.066 [info] Settings: No changes found during synchronizing settings.
2026-09-15 10:11:35.095 [info] Keybindings: No changes found during synchronizing keybindings.
2026-09-15 10:11:35.951 [info] Snippets: No changes found during synchronizing snippets.
2026-09-15 10:11:36.156 [info] Tasks: No changes found during synchronizing tasks.
2026-09-15 10:11:36.247 [info] Mcp: No changes found during synchronizing mcp.
2026-09-15 10:11:36.773 [info] GlobalState: No changes found during synchronizing ui state.
2026-09-15 10:11:39.065 [info] Extensions: No changes found during synchronizing extensions.
2026-09-15 10:11:39.073 [info] Prompts: No changes found during synchronizing prompts.
2026-09-15 10:11:39.104 [info] Profiles: No changes found during synchronizing profiles.
2026-09-15 10:11:39.109 [info] Syncing profile. Agents
2026-09-15 10:11:39.149 [info] GlobalState (Agents): No changes found during synchronizing ui state.
2026-09-15 10:11:39.154 [info] Sync done. Took 4931ms
2026-09-15 10:16:39.163 [info] [AutoSync] Triggered by Interval
2026-09-15 10:16:39.167 [info] Sync started.
2026-09-15 10:16:39.468 [info] Settings: No changes found during synchronizing settings.
2026-09-15 10:16:39.483 [info] Keybindings: No changes found during synchronizing keybindings.
2026-09-15 10:16:39.495 [info] Snippets: No changes found during synchronizing snippets.
2026-09-15 10:16:39.507 [info] Tasks: No changes found during synchronizing tasks.
2026-09-15 10:16:39.519 [info] Mcp: No changes found during synchronizing mcp.
2026-09-15 10:16:39.533 [info] GlobalState: No changes found during synchronizing ui state.
2026-09-15 10:16:39.689 [info] Extensions: No changes found during synchronizing extensions.
2026-09-15 10:16:39.707 [info] Prompts: No changes found during synchronizing prompts.
2026-09-15 10:16:39.720 [info] Profiles: No changes found during synchronizing profiles.
2026-09-15 10:16:39.727 [info] Syncing profile. Agents
2026-09-15 10:16:39.733 [info] GlobalState (Agents): No changes found during synchronizing ui state.
2026-09-15 10:16:39.847 [info] Sync done. Took 582ms
2026-09-15 10:21:39.851 [info] [AutoSync] Triggered by Interval
2026-09-15 10:21:39.905 [info] Sync started.
2026-09-15 10:21:40.238 [info] Settings: No changes found during synchronizing settings.
2026-09-15 10:21:40.262 [info] Keybindings: No changes found during synchronizing keybindings.
2026-09-15 10:21:40.283 [info] Snippets: No changes found during synchronizing snippets.
2026-09-15 10:21:40.329 [info] Tasks: No changes found during synchronizing tasks.
2026-09-15 10:21:40.342 [info] Mcp: No changes found during synchronizing mcp.
2026-09-15 10:21:40.542 [info] GlobalState: No changes found during synchronizing ui state.
2026-09-15 10:21:41.112 [info] Extensions: No changes found during synchronizing extensions.
2026-09-15 10:21:41.135 [info] Prompts: No changes found during synchronizing prompts.
2026-09-15 10:21:41.149 [info] Profiles: No changes found during synchronizing profiles.
2026-09-15 10:21:41.154 [info] Syncing profile. Agents
2026-09-15 10:21:41.173 [info] GlobalState (Agents): No changes found during synchronizing ui state.
2026-09-15 10:21:41.178 [info] Sync done. Took 1332ms
2026-09-15 10:26:43.279 [info] [AutoSync] Triggered by Interval
2026-09-15 10:26:44.859 [info] Sync started.
2026-09-15 10:26:45.164 [info] Settings: No changes found during synchronizing settings.
2026-09-15 10:26:46.149 [info] Keybindings: No changes found during synchronizing keybindings.
2026-09-15 10:26:46.521 [info] Snippets: No changes found during synchronizing snippets.
2026-09-15 10:26:46.739 [info] Tasks: No changes found during synchronizing tasks.
2026-09-15 10:26:46.901 [info] Mcp: No changes found during synchronizing mcp.
2026-09-15 10:26:47.222 [info] GlobalState: No changes found during synchronizing ui state.
2026-09-15 10:26:48.599 [info] Extensions: No changes found during synchronizing extensions.
2026-09-15 10:26:48.799 [info] Prompts: No changes found during synchronizing prompts.
2026-09-15 10:26:49.101 [info] Profiles: No changes found during synchronizing profiles.
2026-09-15 10:26:49.109 [info] Syncing profile. Agents
2026-09-15 10:26:49.182 [info] GlobalState (Agents): No changes found during synchronizing ui state.
2026-09-15 10:26:49.191 [info] Sync done. Took 7994ms
2026-09-15 10:28:20.081 [info] [AutoSync] Triggered by Activity
2026-09-15 10:28:20.813 [info] Sync started.
2026-09-15 10:28:20.905 [info] Settings: No changes found during synchronizing settings.
2026-09-15 10:28:20.947 [info] Keybindings: No changes found during synchronizing keybindings.
2026-09-15 10:28:21.036 [info] Snippets: No changes found during synchronizing snippets.
2026-09-15 10:28:21.183 [info] Tasks: No changes found during synchronizing tasks.
2026-09-15 10:28:21.281 [info] Mcp: No changes found during synchronizing mcp.
2026-09-15 10:28:22.213 [info] GlobalState: No changes found during synchronizing ui state.
2026-09-15 10:28:24.566 [info] Extensions: No changes found during synchronizing extensions.
2026-09-15 10:28:24.610 [info] Prompts: No changes found during synchronizing prompts.
2026-09-15 10:28:24.669 [info] Profiles: No changes found during synchronizing profiles.
2026-09-15 10:28:24.675 [info] Syncing profile. Agents
2026-09-15 10:28:24.948 [info] GlobalState (Agents): No changes found during synchronizing ui state.
2026-09-15 10:28:24.953 [info] Sync done. Took 5229ms
2026-09-15 10:29:53.554 [info] [AutoSync] Triggered by Activity
2026-09-15 10:29:53.604 [info] Sync started.
2026-09-15 10:29:53.908 [info] Settings: No changes found during synchronizing settings.
2026-09-15 10:29:54.089 [info] Keybindings: No changes found during synchronizing keybindings.
2026-09-15 10:29:54.160 [info] Snippets: No changes found during synchronizing snippets.
2026-09-15 10:29:54.205 [info] Tasks: No changes found during synchronizing tasks.
2026-09-15 10:29:54.231 [info] Mcp: No changes found during synchronizing mcp.
2026-09-15 10:29:54.355 [info] GlobalState: No changes found during synchronizing ui state.
2026-09-15 10:29:54.775 [info] Extensions: No changes found during synchronizing extensions.
2026-09-15 10:29:54.835 [info] Prompts: No changes found during synchronizing prompts.
2026-09-15 10:29:54.870 [info] Profiles: No changes found during synchronizing profiles.
2026-09-15 10:29:54.883 [info] Syncing profile. Agents
2026-09-15 10:29:54.892 [info] GlobalState (Agents): No changes found during synchronizing ui state.
2026-09-15 10:29:54.896 [info] Sync done. Took 1346ms
2026-09-15 10:31:05.233 [info] [AutoSync] Triggered by Activity
2026-09-15 10:31:05.234 [info] Sync started.
2026-09-15 10:31:05.529 [info] Settings: No changes found during synchronizing settings.
2026-09-15 10:31:05.546 [info] Keybindings: No changes found during synchronizing keybindings.
2026-09-15 10:31:05.568 [info] Snippets: No changes found during synchronizing snippets.
2026-09-15 10:31:05.585 [info] Tasks: No changes found during synchronizing tasks.
2026-09-15 10:31:05.607 [info] Mcp: No changes found during synchronizing mcp.
2026-09-15 10:31:05.634 [info] GlobalState: No changes found during synchronizing ui state.
2026-09-15 10:31:05.893 [info] Extensions: No changes found during synchronizing extensions.
2026-09-15 10:31:05.902 [info] Prompts: No changes found during synchronizing prompts.
2026-09-15 10:31:05.910 [info] Profiles: No changes found during synchronizing profiles.
2026-09-15 10:31:05.916 [info] Syncing profile. Agents
2026-09-15 10:31:05.923 [info] GlobalState (Agents): No changes found during synchronizing ui state.
2026-09-15 10:31:05.926 [info] Sync done. Took 696ms
2026-09-15 10:36:07.580 [info] [AutoSync] Triggered by Interval
2026-09-15 10:36:08.891 [info] Sync started.
2026-09-15 10:36:09.127 [info] Settings: No changes found during synchronizing settings.
2026-09-15 10:36:09.494 [info] Keybindings: No changes found during synchronizing keybindings.
2026-09-15 10:36:09.869 [info] Snippets: No changes found during synchronizing snippets.
2026-09-15 10:36:09.936 [info] Tasks: No changes found during synchronizing tasks.
2026-09-15 10:36:10.038 [info] Mcp: No changes found during synchronizing mcp.
2026-09-15 10:36:10.358 [info] GlobalState: No changes found during synchronizing ui state.
2026-09-15 10:36:13.134 [info] Extensions: No changes found during synchronizing extensions.
2026-09-15 10:36:13.210 [info] Prompts: No changes found during synchronizing prompts.
2026-09-15 10:36:13.356 [info] Profiles: No changes found during synchronizing profiles.
2026-09-15 10:36:13.366 [info] Syncing profile. Agents
2026-09-15 10:36:13.480 [info] GlobalState (Agents): No changes found during synchronizing ui state.
2026-09-15 10:36:13.495 [info] Sync done. Took 7549ms
2026-09-15 10:41:13.542 [info] [AutoSync] Triggered by Interval
2026-09-15 10:41:14.049 [info] Sync started.
2026-09-15 10:41:14.110 [info] Settings: No changes found during synchronizing settings.
2026-09-15 10:41:14.145 [info] Keybindings: No changes found during synchronizing keybindings.
2026-09-15 10:41:14.196 [info] Snippets: No changes found during synchronizing snippets.
2026-09-15 10:41:14.315 [info] Tasks: No changes found during synchronizing tasks.
2026-09-15 10:41:14.341 [info] Mcp: No changes found during synchronizing mcp.
2026-09-15 10:41:14.406 [info] GlobalState: No changes found during synchronizing ui state.
2026-09-15 10:41:14.768 [info] Extensions: No changes found during synchronizing extensions.
2026-09-15 10:41:14.793 [info] Prompts: No changes found during synchronizing prompts.
2026-09-15 10:41:14.807 [info] Profiles: No changes found during synchronizing profiles.
2026-09-15 10:41:14.815 [info] Syncing profile. Agents
2026-09-15 10:41:14.830 [info] GlobalState (Agents): No changes found during synchronizing ui state.
2026-09-15 10:41:14.833 [info] Sync done. Took 1347ms
2026-09-15 10:46:14.838 [info] [AutoSync] Triggered by Interval
2026-09-15 10:46:14.839 [info] Sync started.
2026-09-15 10:46:15.372 [info] Settings: No changes found during synchronizing settings.
2026-09-15 10:46:15.398 [info] Keybindings: No changes found during synchronizing keybindings.
2026-09-15 10:46:15.409 [info] Snippets: No changes found during synchronizing snippets.
2026-09-15 10:46:15.420 [info] Tasks: No changes found during synchronizing tasks.
2026-09-15 10:46:15.435 [info] Mcp: No changes found during synchronizing mcp.
2026-09-15 10:46:15.451 [info] GlobalState: No changes found during synchronizing ui state.
2026-09-15 10:46:16.301 [info] Extensions: No changes found during synchronizing extensions.
2026-09-15 10:46:16.607 [info] Prompts: No changes found during synchronizing prompts.
2026-09-15 10:46:16.845 [info] Profiles: No changes found during synchronizing profiles.
2026-09-15 10:46:16.983 [info] Syncing profile. Agents
2026-09-15 10:46:16.997 [info] GlobalState (Agents): No changes found during synchronizing ui state.
2026-09-15 10:46:16.998 [info] Sync done. Took 2063ms
2026-09-15 10:51:16.901 [info] [AutoSync] Triggered by Interval
2026-09-15 10:51:16.904 [info] Sync started.
2026-09-15 10:51:17.429 [info] Settings: No changes found during synchronizing settings.
2026-09-15 10:51:17.449 [info] Keybindings: No changes found during synchronizing keybindings.
2026-09-15 10:51:17.462 [info] Snippets: No changes found during synchronizing snippets.
2026-09-15 10:51:17.472 [info] Tasks: No changes found during synchronizing tasks.
2026-09-15 10:51:17.483 [info] Mcp: No changes found during synchronizing mcp.
2026-09-15 10:51:17.497 [info] GlobalState: No changes found during synchronizing ui state.
2026-09-15 10:51:17.625 [info] Extensions: No changes found during synchronizing extensions.
2026-09-15 10:51:17.634 [info] Prompts: No changes found during synchronizing prompts.
2026-09-15 10:51:17.640 [info] Profiles: No changes found during synchronizing profiles.
2026-09-15 10:51:17.647 [info] Syncing profile. Agents
2026-09-15 10:51:17.652 [info] GlobalState (Agents): No changes found during synchronizing ui state.
2026-09-15 10:51:17.656 [info] Sync done. Took 758ms
2026-09-15 10:54:19.569 [info] [AutoSync] Triggered by Activity
2026-09-15 10:54:19.571 [info] Sync started.
2026-09-15 10:54:22.598 [info] Settings: No changes found during synchronizing settings.
2026-09-15 10:54:22.607 [info] Keybindings: No changes found during synchronizing keybindings.
2026-09-15 10:54:22.617 [info] Snippets: No changes found during synchronizing snippets.
2026-09-15 10:54:22.628 [info] Tasks: No changes found during synchronizing tasks.
2026-09-15 10:54:22.638 [info] Mcp: No changes found during synchronizing mcp.
2026-09-15 10:54:22.650 [info] GlobalState: No changes found during synchronizing ui state.
2026-09-15 10:54:22.840 [info] Extensions: No changes found during synchronizing extensions.
2026-09-15 10:54:23.806 [info] Prompts: No changes found during synchronizing prompts.
2026-09-15 10:54:23.811 [info] Profiles: No changes found during synchronizing profiles.
2026-09-15 10:54:23.815 [info] Syncing profile. Agents
2026-09-15 10:54:23.906 [info] GlobalState (Agents): No changes found during synchronizing ui state.
2026-09-15 10:54:23.909 [info] Sync done. Took 4344ms
2026-09-15 10:56:46.227 [info] [AutoSync] Triggered by Activity
2026-09-15 10:56:46.732 [info] Sync started.
2026-09-15 10:56:49.568 [info] Settings: No changes found during synchronizing settings.
2026-09-15 10:56:50.311 [info] Keybindings: No changes found during synchronizing keybindings.
2026-09-15 10:56:50.746 [info] Snippets: No changes found during synchronizing snippets.
2026-09-15 10:56:50.911 [info] Tasks: No changes found during synchronizing tasks.
2026-09-15 10:56:51.187 [info] Mcp: No changes found during synchronizing mcp.
2026-09-15 10:56:51.530 [info] GlobalState: No changes found during synchronizing ui state.
2026-09-15 10:56:54.225 [info] Extensions: No changes found during synchronizing extensions.
2026-09-15 10:56:54.316 [info] Prompts: No changes found during synchronizing prompts.
2026-09-15 10:56:54.419 [info] Profiles: No changes found during synchronizing profiles.
2026-09-15 10:56:54.550 [info] Syncing profile. Agents
2026-09-15 10:56:54.887 [info] GlobalState (Agents): No changes found during synchronizing ui state.
2026-09-15 10:56:54.893 [info] Sync done. Took 11650ms
2026-09-15 11:01:19.734 [info] [AutoSync] Triggered by Activity
2026-09-15 11:01:20.786 [info] Sync started.
2026-09-15 11:01:22.952 [info] Settings: No changes found during synchronizing settings.
2026-09-15 11:01:23.129 [info] Keybindings: No changes found during synchronizing keybindings.
2026-09-15 11:01:23.259 [info] Snippets: No changes found during synchronizing snippets.
2026-09-15 11:01:23.336 [info] Tasks: No changes found during synchronizing tasks.
2026-09-15 11:01:23.428 [info] Mcp: No changes found during synchronizing mcp.
2026-09-15 11:01:23.724 [info] GlobalState: No changes found during synchronizing ui state.
2026-09-15 11:01:27.662 [info] Extensions: No changes found during synchronizing extensions.
2026-09-15 11:01:29.021 [info] Prompts: No changes found during synchronizing prompts.
2026-09-15 11:01:29.437 [info] Profiles: No changes found during synchronizing profiles.
2026-09-15 11:01:30.084 [info] Syncing profile. Agents
2026-09-15 11:01:30.124 [info] GlobalState (Agents): No changes found during synchronizing ui state.
2026-09-15 11:01:30.153 [info] Sync done. Took 11399ms
2026-09-15 11:02:32.783 [info] [AutoSync] Triggered by Activity
2026-09-15 11:02:33.657 [info] Sync started.
2026-09-15 11:02:35.026 [info] Settings: No changes found during synchronizing settings.
2026-09-15 11:02:35.231 [info] Keybindings: No changes found during synchronizing keybindings.
2026-09-15 11:02:35.634 [info] Snippets: No changes found during synchronizing snippets.
2026-09-15 11:02:35.669 [info] Tasks: No changes found during synchronizing tasks.
2026-09-15 11:02:35.717 [info] Mcp: No changes found during synchronizing mcp.
2026-09-15 11:02:36.118 [info] GlobalState: No changes found during synchronizing ui state.
2026-09-15 11:02:42.075 [info] Extensions: No changes found during synchronizing extensions.
2026-09-15 11:02:42.095 [info] Prompts: No changes found during synchronizing prompts.
2026-09-15 11:02:42.565 [info] Profiles: No changes found during synchronizing profiles.
2026-09-15 11:02:42.572 [info] Syncing profile. Agents
2026-09-15 11:02:42.856 [info] GlobalState (Agents): No changes found during synchronizing ui state.
2026-09-15 11:02:42.863 [info] Sync done. Took 11050ms
2026-09-15 11:04:19.637 [info] [AutoSync] Triggered by Activity
2026-09-15 11:04:20.660 [info] Sync started.
2026-09-15 11:04:23.041 [info] Settings: No changes found during synchronizing settings.
2026-09-15 11:04:23.249 [info] Keybindings: No changes found during synchronizing keybindings.
2026-09-15 11:04:23.862 [info] Snippets: No changes found during synchronizing snippets.
2026-09-15 11:04:23.985 [info] Tasks: No changes found during synchronizing tasks.
2026-09-15 11:04:24.243 [info] Mcp: No changes found during synchronizing mcp.
2026-09-15 11:04:25.481 [info] GlobalState: No changes found during synchronizing ui state.
2026-09-15 11:04:29.253 [info] Extensions: No changes found during synchronizing extensions.
2026-09-15 11:04:29.306 [info] Prompts: No changes found during synchronizing prompts.
2026-09-15 11:04:29.366 [info] Profiles: No changes found during synchronizing profiles.
2026-09-15 11:04:29.379 [info] Syncing profile. Agents
2026-09-15 11:04:29.434 [info] GlobalState (Agents): No changes found during synchronizing ui state.
2026-09-15 11:04:29.439 [info] Sync done. Took 10251ms
2026-09-15 11:09:30.633 [info] [AutoSync] Triggered by Interval
2026-09-15 11:09:31.590 [info] Sync started.
2026-09-15 11:09:32.053 [info] Settings: No changes found during synchronizing settings.
2026-09-15 11:09:32.726 [info] Keybindings: No changes found during synchronizing keybindings.
2026-09-15 11:09:33.023 [info] Snippets: No changes found during synchronizing snippets.
2026-09-15 11:09:33.079 [info] Tasks: No changes found during synchronizing tasks.
2026-09-15 11:09:33.132 [info] Mcp: No changes found during synchronizing mcp.
2026-09-15 11:09:33.308 [info] GlobalState: No changes found during synchronizing ui state.
2026-09-15 11:09:36.868 [info] Extensions: No changes found during synchronizing extensions.
2026-09-15 11:09:36.941 [info] Prompts: No changes found during synchronizing prompts.
2026-09-15 11:09:37.110 [info] Profiles: No changes found during synchronizing profiles.
2026-09-15 11:09:38.381 [info] Syncing profile. Agents
2026-09-15 11:09:39.211 [info] GlobalState (Agents): No changes found during synchronizing ui state.
2026-09-15 11:09:39.215 [info] Sync done. Took 9770ms
2026-09-15 11:10:48.412 [info] [AutoSync] Triggered by Activity
2026-09-15 11:10:49.176 [info] Sync started.
2026-09-15 11:10:50.928 [info] Settings: No changes found during synchronizing settings.
2026-09-15 11:10:51.113 [info] Keybindings: No changes found during synchronizing keybindings.
2026-09-15 11:10:51.455 [info] Snippets: No changes found during synchronizing snippets.
2026-09-15 11:10:51.728 [info] Tasks: No changes found during synchronizing tasks.
2026-09-15 11:10:51.969 [info] Mcp: No changes found during synchronizing mcp.
2026-09-15 11:10:52.464 [info] GlobalState: No changes found during synchronizing ui state.
2026-09-15 11:11:03.791 [info] Extensions: No changes found during synchronizing extensions.
2026-09-15 11:11:05.191 [info] Prompts: No changes found during synchronizing prompts.
2026-09-15 11:11:10.324 [info] Profiles: No changes found during synchronizing profiles.
2026-09-15 11:11:10.575 [info] Syncing profile. Agents
2026-09-15 11:11:10.645 [info] GlobalState (Agents): No changes found during synchronizing ui state.
2026-09-15 11:11:10.682 [info] Sync done. Took 24787ms
2026-09-15 11:16:10.663 [info] [AutoSync] Triggered by Interval
2026-09-15 11:16:10.977 [info] Sync started.
2026-09-15 11:16:12.734 [info] Settings: No changes found during synchronizing settings.
2026-09-15 11:16:13.998 [info] Keybindings: No changes found during synchronizing keybindings.
2026-09-15 11:16:14.276 [info] Snippets: No changes found during synchronizing snippets.
2026-09-15 11:16:14.469 [info] Tasks: No changes found during synchronizing tasks.
2026-09-15 11:16:15.157 [info] Mcp: No changes found during synchronizing mcp.
2026-09-15 11:16:15.441 [info] GlobalState: No changes found during synchronizing ui state.
2026-09-15 11:16:18.295 [info] Extensions: No changes found during synchronizing extensions.
2026-09-15 11:16:18.525 [info] Prompts: No changes found during synchronizing prompts.
2026-09-15 11:16:18.552 [info] Profiles: No changes found during synchronizing profiles.
2026-09-15 11:16:18.557 [info] Syncing profile. Agents
2026-09-15 11:16:18.575 [info] GlobalState (Agents): No changes found during synchronizing ui state.
2026-09-15 11:16:18.584 [info] Sync done. Took 7982ms
2026-09-15 11:21:20.280 [info] [AutoSync] Triggered by Interval
2026-09-15 11:21:23.563 [info] Sync started.
2026-09-15 11:21:27.445 [info] Settings: No changes found during synchronizing settings.
2026-09-15 11:21:28.564 [info] Keybindings: No changes found during synchronizing keybindings.
2026-09-15 11:21:29.885 [info] Snippets: No changes found during synchronizing snippets.
2026-09-15 11:21:30.042 [info] Tasks: No changes found during synchronizing tasks.
2026-09-15 11:21:30.353 [info] Mcp: No changes found during synchronizing mcp.
2026-09-15 11:21:30.532 [info] GlobalState: No changes found during synchronizing ui state.
2026-09-15 11:21:38.066 [info] Extensions: No changes found during synchronizing extensions.
2026-09-15 11:21:38.818 [info] Prompts: No changes found during synchronizing prompts.
2026-09-15 11:21:39.282 [info] Profiles: No changes found during synchronizing profiles.
2026-09-15 11:21:39.288 [info] Syncing profile. Agents
2026-09-15 11:21:40.120 [info] GlobalState (Agents): No changes found during synchronizing ui state.
2026-09-15 11:21:40.792 [info] Sync done. Took 21541ms
2026-09-15 11:26:44.362 [info] [AutoSync] Triggered by Interval
2026-09-15 11:26:45.773 [info] Sync started.
2026-09-15 11:26:52.106 [info] Settings: No changes found during synchronizing settings.
2026-09-15 11:26:54.612 [info] Keybindings: No changes found during synchronizing keybindings.
2026-09-15 11:26:55.973 [info] Snippets: No changes found during synchronizing snippets.
2026-09-15 11:26:56.093 [info] Tasks: No changes found during synchronizing tasks.
2026-09-15 11:26:56.716 [info] Mcp: No changes found during synchronizing mcp.
2026-09-15 11:26:57.433 [info] GlobalState: No changes found during synchronizing ui state.
2026-09-15 11:27:01.640 [info] Extensions: No changes found during synchronizing extensions.
2026-09-15 11:27:03.434 [info] Prompts: No changes found during synchronizing prompts.
2026-09-15 11:27:03.867 [info] Profiles: No changes found during synchronizing profiles.
2026-09-15 11:27:03.873 [info] Syncing profile. Agents
2026-09-15 11:27:03.912 [info] GlobalState (Agents): No changes found during synchronizing ui state.
2026-09-15 11:27:03.916 [info] Sync done. Took 22244ms
2026-09-15 11:31:29.541 [info] [AutoSync] Triggered by Activity
2026-09-15 11:31:30.348 [info] Sync started.
2026-09-15 11:31:31.276 [info] Settings: No changes found during synchronizing settings.
2026-09-15 11:31:31.599 [info] Keybindings: No changes found during synchronizing keybindings.
2026-09-15 11:31:31.989 [info] Snippets: No changes found during synchronizing snippets.
2026-09-15 11:31:32.145 [info] Tasks: No changes found during synchronizing tasks.
2026-09-15 11:31:32.309 [info] Mcp: No changes found during synchronizing mcp.
2026-09-15 11:31:32.634 [info] GlobalState: No changes found during synchronizing ui state.
2026-09-15 11:31:36.729 [info] Extensions: No changes found during synchronizing extensions.
2026-09-15 11:31:42.462 [info] Prompts: No changes found during synchronizing prompts.
2026-09-15 11:31:46.397 [info] Profiles: No changes found during synchronizing profiles.
2026-09-15 11:31:46.405 [info] Syncing profile. Agents
2026-09-15 11:31:46.414 [info] GlobalState (Agents): No changes found during synchronizing ui state.
2026-09-15 11:31:46.415 [info] Sync done. Took 7816ms
2026-09-15 11:36:37.590 [info] [AutoSync] Triggered by Interval
2026-09-15 11:36:38.216 [info] Sync started.
2026-09-15 11:36:41.020 [info] Settings: No changes found during synchronizing settings.
2026-09-15 11:36:41.520 [info] Keybindings: No changes found during synchronizing keybindings.
2026-09-15 11:36:41.770 [info] Snippets: No changes found during synchronizing snippets.
2026-09-15 11:36:41.941 [info] Tasks: No changes found during synchronizing tasks.
2026-09-15 11:36:42.004 [info] Mcp: No changes found during synchronizing mcp.
2026-09-15 11:36:43.523 [info] GlobalState: No changes found during synchronizing ui state.
2026-09-15 11:36:46.688 [info] Extensions: No changes found during synchronizing extensions.
2026-09-15 11:36:46.845 [info] Prompts: No changes found during synchronizing prompts.
2026-09-15 11:36:46.936 [info] Profiles: No changes found during synchronizing profiles.
2026-09-15 11:36:46.942 [info] Syncing profile. Agents
2026-09-15 11:36:47.071 [info] GlobalState (Agents): No changes found during synchronizing ui state.
2026-09-15 11:36:47.075 [info] Sync done. Took 9756ms
2026-09-15 11:41:47.404 [info] [AutoSync] Triggered by Interval
2026-09-15 11:41:47.695 [info] Sync started.
2026-09-15 11:41:48.539 [info] Settings: No changes found during synchronizing settings.
2026-09-15 11:41:48.622 [info] Keybindings: No changes found during synchronizing keybindings.
2026-09-15 11:41:48.700 [info] Snippets: No changes found during synchronizing snippets.
2026-09-15 11:41:48.797 [info] Tasks: No changes found during synchronizing tasks.
2026-09-15 11:41:48.844 [info] Mcp: No changes found during synchronizing mcp.
2026-09-15 11:41:48.931 [info] GlobalState: No changes found during synchronizing ui state.
2026-09-15 11:41:50.229 [info] Extensions: No changes found during synchronizing extensions.
2026-09-15 11:41:50.307 [info] Prompts: No changes found during synchronizing prompts.
2026-09-15 11:41:50.331 [info] Profiles: No changes found during synchronizing profiles.
2026-09-15 11:41:50.341 [info] Syncing profile. Agents
2026-09-15 11:41:50.390 [info] GlobalState (Agents): No changes found during synchronizing ui state.
2026-09-15 11:41:50.397 [info] Sync done. Took 3313ms
2026-09-15 11:46:50.421 [info] [AutoSync] Triggered by Interval
2026-09-15 11:46:50.662 [info] Sync started.
2026-09-15 11:46:50.938 [info] Settings: No changes found during synchronizing settings.
2026-09-15 11:46:51.038 [info] Keybindings: No changes found during synchronizing keybindings.
2026-09-15 11:46:51.109 [info] Snippets: No changes found during synchronizing snippets.
2026-09-15 11:46:51.169 [info] Tasks: No changes found during synchronizing tasks.
2026-09-15 11:46:51.209 [info] Mcp: No changes found during synchronizing mcp.
2026-09-15 11:46:51.296 [info] GlobalState: No changes found during synchronizing ui state.
2026-09-15 11:46:51.863 [info] Extensions: No changes found during synchronizing extensions.
2026-09-15 11:46:51.935 [info] Prompts: No changes found during synchronizing prompts.
2026-09-15 11:46:51.949 [info] Profiles: No changes found during synchronizing profiles.
2026-09-15 11:46:51.955 [info] Syncing profile. Agents
2026-09-15 11:46:51.984 [info] GlobalState (Agents): No changes found during synchronizing ui state.
2026-09-15 11:46:51.991 [info] Sync done. Took 1586ms
2026-09-15 11:51:53.224 [info] [AutoSync] Triggered by Interval
2026-09-15 11:51:53.945 [info] Sync started.
2026-09-15 11:51:54.497 [info] Settings: No changes found during synchronizing settings.
2026-09-15 11:51:54.588 [info] Keybindings: No changes found during synchronizing keybindings.
2026-09-15 11:51:54.723 [info] Snippets: No changes found during synchronizing snippets.
2026-09-15 11:51:54.800 [info] Tasks: No changes found during synchronizing tasks.
2026-09-15 11:51:54.826 [info] Mcp: No changes found during synchronizing mcp.
2026-09-15 11:51:54.977 [info] GlobalState: No changes found during synchronizing ui state.
2026-09-15 11:51:55.487 [info] Extensions: No changes found during synchronizing extensions.
2026-09-15 11:51:55.509 [info] Prompts: No changes found during synchronizing prompts.
2026-09-15 11:51:55.567 [info] Profiles: No changes found during synchronizing profiles.
2026-09-15 11:51:55.571 [info] Syncing profile. Agents
2026-09-15 11:51:55.589 [info] GlobalState (Agents): No changes found during synchronizing ui state.
2026-09-15 11:51:55.594 [info] Sync done. Took 3604ms
2026-09-15 11:56:55.726 [info] [AutoSync] Triggered by Interval
2026-09-15 11:56:55.859 [info] Sync started.
2026-09-15 11:56:56.212 [info] Settings: No changes found during synchronizing settings.
2026-09-15 11:56:56.248 [info] Keybindings: No changes found during synchronizing keybindings.
2026-09-15 11:56:56.288 [info] Snippets: No changes found during synchronizing snippets.
2026-09-15 11:56:56.356 [info] Tasks: No changes found during synchronizing tasks.
2026-09-15 11:56:56.378 [info] Mcp: No changes found during synchronizing mcp.
2026-09-15 11:56:56.452 [info] GlobalState: No changes found during synchronizing ui state.
2026-09-15 11:56:56.887 [info] Extensions: No changes found during synchronizing extensions.
2026-09-15 11:56:56.916 [info] Prompts: No changes found during synchronizing prompts.
2026-09-15 11:56:56.952 [info] Profiles: No changes found during synchronizing profiles.
2026-09-15 11:56:56.958 [info] Syncing profile. Agents
2026-09-15 11:56:56.986 [info] GlobalState (Agents): No changes found during synchronizing ui state.
2026-09-15 11:56:56.991 [info] Sync done. Took 1392ms
2026-09-15 12:01:57.072 [info] [AutoSync] Triggered by Interval
2026-09-15 12:01:57.458 [info] Sync started.
2026-09-15 12:01:57.682 [info] Settings: No changes found during synchronizing settings.
2026-09-15 12:02:01.352 [info] Keybindings: No changes found during synchronizing keybindings.
2026-09-15 12:02:01.861 [info] Snippets: No changes found during synchronizing snippets.
2026-09-15 12:02:01.983 [info] Tasks: No changes found during synchronizing tasks.
2026-09-15 12:02:02.295 [info] Mcp: No changes found during synchronizing mcp.
2026-09-15 12:02:02.469 [info] GlobalState: No changes found during synchronizing ui state.
2026-09-15 12:02:04.652 [info] Extensions: No changes found during synchronizing extensions.
2026-09-15 12:02:04.715 [info] Prompts: No changes found during synchronizing prompts.
2026-09-15 12:02:04.770 [info] Profiles: No changes found during synchronizing profiles.
2026-09-15 12:02:04.819 [info] Syncing profile. Agents
2026-09-15 12:02:04.880 [info] GlobalState (Agents): No changes found during synchronizing ui state.
2026-09-15 12:02:04.931 [info] Sync done. Took 7872ms
2026-09-15 12:02:42.480 [info] [AutoSync] Triggered by Activity
2026-09-15 12:02:42.641 [info] Sync started.
2026-09-15 12:02:42.893 [info] Settings: No changes found during synchronizing settings.
2026-09-15 12:02:43.035 [info] Keybindings: No changes found during synchronizing keybindings.
2026-09-15 12:02:43.471 [info] Snippets: No changes found during synchronizing snippets.
2026-09-15 12:02:43.595 [info] Tasks: No changes found during synchronizing tasks.
2026-09-15 12:02:43.749 [info] Mcp: No changes found during synchronizing mcp.
2026-09-15 12:02:43.955 [info] GlobalState: No changes found during synchronizing ui state.
2026-09-15 12:02:48.139 [info] Extensions: No changes found during synchronizing extensions.
2026-09-15 12:02:50.892 [info] Prompts: No changes found during synchronizing prompts.
2026-09-15 12:02:57.461 [info] Profiles: No changes found during synchronizing profiles.
2026-09-15 12:02:57.467 [info] Syncing profile. Agents
2026-09-15 12:02:57.649 [info] GlobalState (Agents): No changes found during synchronizing ui state.
2026-09-15 12:02:57.710 [info] Sync done. Took 15179ms
2026-09-15 12:04:20.910 [info] [AutoSync] Triggered by Activity
2026-09-15 12:04:20.976 [info] Sync started.
2026-09-15 12:04:21.687 [info] Settings: No changes found during synchronizing settings.
2026-09-15 12:04:22.004 [info] Keybindings: No changes found during synchronizing keybindings.
2026-09-15 12:04:22.218 [info] Snippets: No changes found during synchronizing snippets.
2026-09-15 12:04:22.342 [info] Tasks: No changes found during synchronizing tasks.
2026-09-15 12:04:22.430 [info] Mcp: No changes found during synchronizing mcp.
2026-09-15 12:04:22.856 [info] GlobalState: No changes found during synchronizing ui state.
2026-09-15 12:04:27.255 [info] Extensions: No changes found during synchronizing extensions.
2026-09-15 12:04:30.412 [info] Prompts: No changes found during synchronizing prompts.
2026-09-15 12:04:34.093 [info] Profiles: No changes found during synchronizing profiles.
2026-09-15 12:04:34.098 [info] Syncing profile. Agents
2026-09-15 12:04:34.397 [info] GlobalState (Agents): No changes found during synchronizing ui state.
2026-09-15 12:04:34.401 [info] Sync done. Took 13495ms
2026-09-15 12:04:52.240 [info] [AutoSync] Triggered by Activity
2026-09-15 12:04:52.241 [info] Sync started.
2026-09-15 12:04:52.447 [info] Settings: No changes found during synchronizing settings.
2026-09-15 12:04:52.464 [info] Keybindings: No changes found during synchronizing keybindings.
2026-09-15 12:04:52.483 [info] Snippets: No changes found during synchronizing snippets.
2026-09-15 12:04:52.495 [info] Tasks: No changes found during synchronizing tasks.
2026-09-15 12:04:52.515 [info] Mcp: No changes found during synchronizing mcp.
2026-09-15 12:04:52.540 [info] GlobalState: No changes found during synchronizing ui state.
2026-09-15 12:04:52.671 [info] Extensions: No changes found during synchronizing extensions.
2026-09-15 12:04:52.681 [info] Prompts: No changes found during synchronizing prompts.
2026-09-15 12:04:52.688 [info] Profiles: No changes found during synchronizing profiles.
2026-09-15 12:04:52.695 [info] Syncing profile. Agents
2026-09-15 12:04:52.702 [info] GlobalState (Agents): No changes found during synchronizing ui state.
2026-09-15 12:04:52.718 [info] Sync done. Took 477ms
2026-09-15 12:05:21.793 [info] [AutoSync] Triggered by Activity
2026-09-15 12:05:21.794 [info] Sync started.
2026-09-15 12:05:21.858 [info] Settings: No changes found during synchronizing settings.
2026-09-15 12:05:21.874 [info] Keybindings: No changes found during synchronizing keybindings.
2026-09-15 12:05:21.899 [info] Snippets: No changes found during synchronizing snippets.
2026-09-15 12:05:21.908 [info] Tasks: No changes found during synchronizing tasks.
2026-09-15 12:05:21.922 [info] Mcp: No changes found during synchronizing mcp.
2026-09-15 12:05:21.937 [info] GlobalState: No changes found during synchronizing ui state.
2026-09-15 12:05:22.056 [info] Extensions: No changes found during synchronizing extensions.
2026-09-15 12:05:22.064 [info] Prompts: No changes found during synchronizing prompts.
2026-09-15 12:05:22.068 [info] Profiles: No changes found during synchronizing profiles.
2026-09-15 12:05:22.074 [info] Syncing profile. Agents
2026-09-15 12:05:22.079 [info] GlobalState (Agents): No changes found during synchronizing ui state.
2026-09-15 12:05:22.082 [info] Sync done. Took 293ms
2026-09-15 12:07:27.987 [info] [AutoSync] Triggered by Activity
2026-09-15 12:07:28.196 [info] Sync started.
2026-09-15 12:07:28.713 [info] Settings: No changes found during synchronizing settings.
2026-09-15 12:07:28.998 [info] Keybindings: No changes found during synchronizing keybindings.
2026-09-15 12:07:29.198 [info] Snippets: No changes found during synchronizing snippets.
2026-09-15 12:07:29.428 [info] Tasks: No changes found during synchronizing tasks.
2026-09-15 12:07:29.478 [info] Mcp: No changes found during synchronizing mcp.
2026-09-15 12:07:29.618 [info] GlobalState: No changes found during synchronizing ui state.
2026-09-15 12:07:34.296 [info] Extensions: No changes found during synchronizing extensions.
2026-09-15 12:07:34.418 [info] Prompts: No changes found during synchronizing prompts.
2026-09-15 12:07:41.675 [info] Profiles: No changes found during synchronizing profiles.
2026-09-15 12:07:41.714 [info] Syncing profile. Agents
2026-09-15 12:07:41.853 [info] GlobalState (Agents): No changes found during synchronizing ui state.
2026-09-15 12:07:41.862 [info] Sync done. Took 13883ms
2026-09-15 12:12:32.740 [info] [AutoSync] Triggered by Activity
2026-09-15 12:12:33.435 [info] Sync started.
2026-09-15 12:12:40.753 [info] Settings: No changes found during synchronizing settings.
2026-09-15 12:12:40.977 [info] Keybindings: No changes found during synchronizing keybindings.
2026-09-15 12:12:41.375 [info] Snippets: No changes found during synchronizing snippets.
2026-09-15 12:12:41.709 [info] Tasks: No changes found during synchronizing tasks.
2026-09-15 12:12:41.898 [info] Mcp: No changes found during synchronizing mcp.
2026-09-15 12:12:42.485 [info] GlobalState: No changes found during synchronizing ui state.
2026-09-15 12:12:50.134 [info] Extensions: No changes found during synchronizing extensions.
2026-09-15 12:12:53.162 [info] Prompts: No changes found during synchronizing prompts.
2026-09-15 12:12:56.716 [info] Profiles: No changes found during synchronizing profiles.
2026-09-15 12:12:56.808 [info] Syncing profile. Agents
2026-09-15 12:12:57.242 [info] GlobalState (Agents): No changes found during synchronizing ui state.
2026-09-15 12:12:57.248 [info] Sync done. Took 26426ms
2026-09-15 12:12:57.252 [info] [AutoSync] Triggered by Interval
2026-09-15 12:12:57.253 [info] Sync started.
2026-09-15 12:12:57.597 [info] Settings: No changes found during synchronizing settings.
2026-09-15 12:12:57.674 [info] Keybindings: No changes found during synchronizing keybindings.
2026-09-15 12:12:57.804 [info] Snippets: No changes found during synchronizing snippets.
2026-09-15 12:12:57.954 [info] Tasks: No changes found during synchronizing tasks.
2026-09-15 12:12:57.995 [info] Mcp: No changes found during synchronizing mcp.
2026-09-15 12:12:58.146 [info] GlobalState: No changes found during synchronizing ui state.
2026-09-15 12:12:58.498 [info] Extensions: No changes found during synchronizing extensions.
2026-09-15 12:12:58.508 [info] Prompts: No changes found during synchronizing prompts.
2026-09-15 12:12:58.514 [info] Profiles: No changes found during synchronizing profiles.
2026-09-15 12:12:58.519 [info] Syncing profile. Agents
2026-09-15 12:12:58.527 [info] GlobalState (Agents): No changes found during synchronizing ui state.
2026-09-15 12:12:58.531 [info] Sync done. Took 1283ms
2026-09-15 12:17:58.573 [info] [AutoSync] Triggered by Interval
2026-09-15 12:17:58.830 [info] Sync started.
2026-09-15 12:17:59.079 [info] Settings: No changes found during synchronizing settings.
2026-09-15 12:17:59.131 [info] Keybindings: No changes found during synchronizing keybindings.
2026-09-15 12:17:59.260 [info] Snippets: No changes found during synchronizing snippets.
2026-09-15 12:17:59.305 [info] Tasks: No changes found during synchronizing tasks.
2026-09-15 12:17:59.325 [info] Mcp: No changes found during synchronizing mcp.
2026-09-15 12:17:59.470 [info] GlobalState: No changes found during synchronizing ui state.
2026-09-15 12:18:00.494 [info] Extensions: No changes found during synchronizing extensions.
2026-09-15 12:18:00.522 [info] Prompts: No changes found during synchronizing prompts.
2026-09-15 12:18:00.546 [info] Profiles: No changes found during synchronizing profiles.
2026-09-15 12:18:00.553 [info] Syncing profile. Agents
2026-09-15 12:18:00.582 [info] GlobalState (Agents): No changes found during synchronizing ui state.
2026-09-15 12:18:00.586 [info] Sync done. Took 2046ms
2026-09-15 12:23:02.645 [info] [AutoSync] Triggered by Interval
2026-09-15 12:23:03.253 [info] Sync started.
2026-09-15 12:23:05.005 [info] Settings: No changes found during synchronizing settings.
2026-09-15 12:23:05.203 [info] Keybindings: No changes found during synchronizing keybindings.
2026-09-15 12:23:05.380 [info] Snippets: No changes found during synchronizing snippets.
2026-09-15 12:23:05.579 [info] Tasks: No changes found during synchronizing tasks.
2026-09-15 12:23:05.648 [info] Mcp: No changes found during synchronizing mcp.
2026-09-15 12:23:06.569 [info] GlobalState: No changes found during synchronizing ui state.
2026-09-15 12:23:08.661 [info] Extensions: No changes found during synchronizing extensions.
2026-09-15 12:23:08.741 [info] Prompts: No changes found during synchronizing prompts.
2026-09-15 12:23:08.832 [info] Profiles: No changes found during synchronizing profiles.
2026-09-15 12:23:08.840 [info] Syncing profile. Agents
2026-09-15 12:23:09.316 [info] GlobalState (Agents): No changes found during synchronizing ui state.
2026-09-15 12:23:09.324 [info] Sync done. Took 8726ms
2026-09-15 12:24:11.589 [info] [AutoSync] Triggered by Activity
2026-09-15 12:24:11.656 [info] Sync started.
2026-09-15 12:24:11.914 [info] Settings: No changes found during synchronizing settings.
2026-09-15 12:24:11.965 [info] Keybindings: No changes found during synchronizing keybindings.
2026-09-15 12:24:12.244 [info] Snippets: No changes found during synchronizing snippets.
2026-09-15 12:24:12.328 [info] Tasks: No changes found during synchronizing tasks.
2026-09-15 12:24:12.510 [info] Mcp: No changes found during synchronizing mcp.
2026-09-15 12:24:12.874 [info] GlobalState: No changes found during synchronizing ui state.
2026-09-15 12:24:13.917 [info] Extensions: No changes found during synchronizing extensions.
2026-09-15 12:24:13.953 [info] Prompts: No changes found during synchronizing prompts.
2026-09-15 12:24:13.988 [info] Profiles: No changes found during synchronizing profiles.
2026-09-15 12:24:13.994 [info] Syncing profile. Agents
2026-09-15 12:24:14.033 [info] GlobalState (Agents): No changes found during synchronizing ui state.
2026-09-15 12:24:14.037 [info] Sync done. Took 2595ms
2026-09-15 12:25:25.827 [info] [AutoSync] Triggered by Activity
2026-09-15 12:25:26.433 [info] Sync started.
2026-09-15 12:25:27.400 [info] Settings: No changes found during synchronizing settings.
2026-09-15 12:25:27.492 [info] Keybindings: No changes found during synchronizing keybindings.
2026-09-15 12:25:27.534 [info] Snippets: No changes found during synchronizing snippets.
2026-09-15 12:25:27.581 [info] Tasks: No changes found during synchronizing tasks.
2026-09-15 12:25:27.602 [info] Mcp: No changes found during synchronizing mcp.
2026-09-15 12:25:27.674 [info] GlobalState: No changes found during synchronizing ui state.
2026-09-15 12:25:31.864 [info] Extensions: No changes found during synchronizing extensions.
2026-09-15 12:25:31.945 [info] Prompts: No changes found during synchronizing prompts.
2026-09-15 12:25:32.013 [info] Profiles: No changes found during synchronizing profiles.
2026-09-15 12:25:32.100 [info] Syncing profile. Agents
2026-09-15 12:25:32.325 [info] GlobalState (Agents): No changes found during synchronizing ui state.
2026-09-15 12:25:32.327 [info] Sync done. Took 6230ms
2026-09-15 12:30:32.055 [info] [AutoSync] Triggered by Interval
2026-09-15 12:30:32.224 [info] Sync started.
2026-09-15 12:30:34.055 [info] Settings: No changes found during synchronizing settings.
2026-09-15 12:30:34.124 [info] Keybindings: No changes found during synchronizing keybindings.
2026-09-15 12:30:34.153 [info] Snippets: No changes found during synchronizing snippets.
2026-09-15 12:30:34.200 [info] Tasks: No changes found during synchronizing tasks.
2026-09-15 12:30:34.219 [info] Mcp: No changes found during synchronizing mcp.
2026-09-15 12:30:34.293 [info] GlobalState: No changes found during synchronizing ui state.
2026-09-15 12:30:34.731 [info] Extensions: No changes found during synchronizing extensions.
2026-09-15 12:30:34.771 [info] Prompts: No changes found during synchronizing prompts.
2026-09-15 12:30:34.786 [info] Profiles: No changes found during synchronizing profiles.
2026-09-15 12:30:34.793 [info] Syncing profile. Agents
2026-09-15 12:30:34.854 [info] GlobalState (Agents): No changes found during synchronizing ui state.
2026-09-15 12:30:34.867 [info] Sync done. Took 2815ms
2026-09-15 12:35:34.871 [info] [AutoSync] Triggered by Interval
2026-09-15 12:35:35.675 [info] Sync started.
2026-09-15 12:35:36.016 [info] Settings: No changes found during synchronizing settings.
2026-09-15 12:35:36.637 [info] Keybindings: No changes found during synchronizing keybindings.
2026-09-15 12:35:37.204 [info] Snippets: No changes found during synchronizing snippets.
2026-09-15 12:35:37.237 [info] Tasks: No changes found during synchronizing tasks.
2026-09-15 12:35:37.282 [info] Mcp: No changes found during synchronizing mcp.
2026-09-15 12:35:37.822 [info] GlobalState: No changes found during synchronizing ui state.
2026-09-15 12:35:41.011 [info] Extensions: No changes found during synchronizing extensions.
2026-09-15 12:35:41.047 [info] Prompts: No changes found during synchronizing prompts.
2026-09-15 12:35:41.070 [info] Profiles: No changes found during synchronizing profiles.
2026-09-15 12:35:41.078 [info] Syncing profile. Agents
2026-09-15 12:35:41.105 [info] GlobalState (Agents): No changes found during synchronizing ui state.
2026-09-15 12:35:41.109 [info] Sync done. Took 6241ms
2026-09-15 12:40:41.114 [info] [AutoSync] Triggered by Interval
2026-09-15 12:40:41.126 [info] Sync started.
2026-09-15 12:40:41.850 [info] Settings: No changes found during synchronizing settings.
2026-09-15 12:40:41.892 [info] Keybindings: No changes found during synchronizing keybindings.
2026-09-15 12:40:41.921 [info] Snippets: No changes found during synchronizing snippets.
2026-09-15 12:40:41.970 [info] Tasks: No changes found during synchronizing tasks.
2026-09-15 12:40:41.987 [info] Mcp: No changes found during synchronizing mcp.
2026-09-15 12:40:42.055 [info] GlobalState: No changes found during synchronizing ui state.
2026-09-15 12:40:42.307 [info] Extensions: No changes found during synchronizing extensions.
2026-09-15 12:40:42.340 [info] Prompts: No changes found during synchronizing prompts.
2026-09-15 12:40:42.354 [info] Profiles: No changes found during synchronizing profiles.
2026-09-15 12:40:42.360 [info] Syncing profile. Agents
2026-09-15 12:40:42.443 [info] GlobalState (Agents): No changes found during synchronizing ui state.
2026-09-15 12:40:42.445 [info] Sync done. Took 1336ms
2026-09-15 12:45:42.486 [info] [AutoSync] Triggered by Interval
2026-09-15 12:45:43.013 [info] Sync started.
2026-09-15 12:45:43.665 [info] Settings: No changes found during synchronizing settings.
2026-09-15 12:45:43.782 [info] Keybindings: No changes found during synchronizing keybindings.
2026-09-15 12:45:43.908 [info] Snippets: No changes found during synchronizing snippets.
2026-09-15 12:45:44.035 [info] Tasks: No changes found during synchronizing tasks.
2026-09-15 12:45:44.485 [info] Mcp: No changes found during synchronizing mcp.
2026-09-15 12:45:44.603 [info] GlobalState: No changes found during synchronizing ui state.
2026-09-15 12:45:47.905 [info] Extensions: No changes found during synchronizing extensions.
2026-09-15 12:45:48.016 [info] Prompts: No changes found during synchronizing prompts.
2026-09-15 12:45:48.096 [info] Profiles: No changes found during synchronizing profiles.
2026-09-15 12:45:48.104 [info] Syncing profile. Agents
2026-09-15 12:45:48.198 [info] GlobalState (Agents): No changes found during synchronizing ui state.
2026-09-15 12:45:48.204 [info] Sync done. Took 5754ms
2026-09-15 12:50:48.211 [info] [AutoSync] Triggered by Interval
2026-09-15 12:50:48.247 [info] Sync started.
2026-09-15 12:50:48.612 [info] Settings: No changes found during synchronizing settings.
2026-09-15 12:50:48.673 [info] Keybindings: No changes found during synchronizing keybindings.
2026-09-15 12:50:48.736 [info] Snippets: No changes found during synchronizing snippets.
2026-09-15 12:50:48.758 [info] Tasks: No changes found during synchronizing tasks.
2026-09-15 12:50:48.772 [info] Mcp: No changes found during synchronizing mcp.
2026-09-15 12:50:48.952 [info] GlobalState: No changes found during synchronizing ui state.
2026-09-15 12:50:49.649 [info] Extensions: No changes found during synchronizing extensions.
2026-09-15 12:50:49.721 [info] Prompts: No changes found during synchronizing prompts.
2026-09-15 12:50:49.768 [info] Profiles: No changes found during synchronizing profiles.
2026-09-15 12:50:49.784 [info] Syncing profile. Agents
2026-09-15 12:50:49.867 [info] GlobalState (Agents): No changes found during synchronizing ui state.
2026-09-15 12:50:49.871 [info] Sync done. Took 1667ms
2026-09-15 12:55:51.217 [info] [AutoSync] Triggered by Interval
2026-09-15 12:55:51.966 [info] Sync started.
2026-09-15 12:55:54.160 [info] Settings: No changes found during synchronizing settings.
2026-09-15 12:55:54.762 [info] Keybindings: No changes found during synchronizing keybindings.
2026-09-15 12:55:56.231 [info] Snippets: No changes found during synchronizing snippets.
2026-09-15 12:55:56.598 [info] Tasks: No changes found during synchronizing tasks.
2026-09-15 12:55:56.885 [info] Mcp: No changes found during synchronizing mcp.
2026-09-15 12:55:57.762 [info] GlobalState: No changes found during synchronizing ui state.
2026-09-15 12:56:00.488 [info] Extensions: No changes found during synchronizing extensions.
2026-09-15 12:56:00.594 [info] Prompts: No changes found during synchronizing prompts.
2026-09-15 12:56:00.877 [info] Profiles: No changes found during synchronizing profiles.
2026-09-15 12:56:00.882 [info] Syncing profile. Agents
2026-09-15 12:56:01.377 [info] GlobalState (Agents): No changes found during synchronizing ui state.
2026-09-15 12:56:01.381 [info] Sync done. Took 11494ms
2026-09-15 13:01:01.593 [info] [AutoSync] Triggered by Interval
2026-09-15 13:01:02.132 [info] Sync started.
2026-09-15 13:01:03.321 [info] Settings: No changes found during synchronizing settings.
2026-09-15 13:01:03.419 [info] Keybindings: No changes found during synchronizing keybindings.
2026-09-15 13:01:03.728 [info] Snippets: No changes found during synchronizing snippets.
2026-09-15 13:01:03.843 [info] Tasks: No changes found during synchronizing tasks.
2026-09-15 13:01:04.061 [info] Mcp: No changes found during synchronizing mcp.
2026-09-15 13:01:04.464 [info] GlobalState: No changes found during synchronizing ui state.
2026-09-15 13:01:07.443 [info] Extensions: No changes found during synchronizing extensions.
2026-09-15 13:01:07.691 [info] Prompts: No changes found during synchronizing prompts.
2026-09-15 13:01:07.793 [info] Profiles: No changes found during synchronizing profiles.
2026-09-15 13:01:07.801 [info] Syncing profile. Agents
2026-09-15 13:01:07.925 [info] GlobalState (Agents): No changes found during synchronizing ui state.
2026-09-15 13:01:07.930 [info] Sync done. Took 6541ms
2026-09-15 13:06:07.978 [info] [AutoSync] Triggered by Interval
2026-09-15 13:06:08.101 [info] Sync started.
2026-09-15 13:06:08.228 [info] Settings: No changes found during synchronizing settings.
2026-09-15 13:06:08.527 [info] Keybindings: No changes found during synchronizing keybindings.
2026-09-15 13:06:08.577 [info] Snippets: No changes found during synchronizing snippets.
2026-09-15 13:06:08.601 [info] Tasks: No changes found during synchronizing tasks.
2026-09-15 13:06:08.618 [info] Mcp: No changes found during synchronizing mcp.
2026-09-15 13:06:08.672 [info] GlobalState: No changes found during synchronizing ui state.
2026-09-15 13:06:09.175 [info] Extensions: No changes found during synchronizing extensions.
2026-09-15 13:06:09.206 [info] Prompts: No changes found during synchronizing prompts.
2026-09-15 13:06:09.221 [info] Profiles: No changes found during synchronizing profiles.
2026-09-15 13:06:09.226 [info] Syncing profile. Agents
2026-09-15 13:06:09.243 [info] GlobalState (Agents): No changes found during synchronizing ui state.
2026-09-15 13:06:09.246 [info] Sync done. Took 1317ms
2026-09-15 13:11:09.252 [info] [AutoSync] Triggered by Interval
2026-09-15 13:11:09.254 [info] Sync started.
2026-09-15 13:11:09.416 [info] Settings: No changes found during synchronizing settings.
2026-09-15 13:11:09.446 [info] Keybindings: No changes found during synchronizing keybindings.
2026-09-15 13:11:09.456 [info] Snippets: No changes found during synchronizing snippets.
2026-09-15 13:11:09.467 [info] Tasks: No changes found during synchronizing tasks.
2026-09-15 13:11:09.482 [info] Mcp: No changes found during synchronizing mcp.
2026-09-15 13:11:09.496 [info] GlobalState: No changes found during synchronizing ui state.
2026-09-15 13:11:09.661 [info] Extensions: No changes found during synchronizing extensions.
2026-09-15 13:11:09.670 [info] Prompts: No changes found during synchronizing prompts.
2026-09-15 13:11:09.677 [info] Profiles: No changes found during synchronizing profiles.
2026-09-15 13:11:09.683 [info] Syncing profile. Agents
2026-09-15 13:11:09.689 [info] GlobalState (Agents): No changes found during synchronizing ui state.
2026-09-15 13:11:09.693 [info] Sync done. Took 444ms
2026-09-15 13:16:09.846 [info] [AutoSync] Triggered by Interval
2026-09-15 13:16:10.067 [info] Sync started.
2026-09-15 13:16:10.560 [info] Settings: No changes found during synchronizing settings.
2026-09-15 13:16:10.630 [info] Keybindings: No changes found during synchronizing keybindings.
2026-09-15 13:16:10.735 [info] Snippets: No changes found during synchronizing snippets.
2026-09-15 13:16:10.796 [info] Tasks: No changes found during synchronizing tasks.
2026-09-15 13:16:10.823 [info] Mcp: No changes found during synchronizing mcp.
2026-09-15 13:16:10.943 [info] GlobalState: No changes found during synchronizing ui state.
2026-09-15 13:16:12.371 [info] Extensions: No changes found during synchronizing extensions.
2026-09-15 13:16:12.409 [info] Prompts: No changes found during synchronizing prompts.
2026-09-15 13:16:12.479 [info] Profiles: No changes found during synchronizing profiles.
2026-09-15 13:16:12.485 [info] Syncing profile. Agents
2026-09-15 13:16:12.526 [info] GlobalState (Agents): No changes found during synchronizing ui state.
2026-09-15 13:16:12.530 [info] Sync done. Took 2836ms
2026-09-15 13:21:18.542 [info] [AutoSync] Triggered by Interval
2026-09-15 13:21:19.111 [info] Sync started.
2026-09-15 13:21:21.003 [info] Settings: No changes found during synchronizing settings.
2026-09-15 13:21:21.191 [info] Keybindings: No changes found during synchronizing keybindings.
2026-09-15 13:21:21.478 [info] Snippets: No changes found during synchronizing snippets.
2026-09-15 13:21:21.779 [info] Tasks: No changes found during synchronizing tasks.
2026-09-15 13:21:21.959 [info] Mcp: No changes found during synchronizing mcp.
2026-09-15 13:21:22.204 [info] GlobalState: No changes found during synchronizing ui state.
2026-09-15 13:21:25.934 [info] Extensions: No changes found during synchronizing extensions.
2026-09-15 13:21:28.537 [info] Prompts: No changes found during synchronizing prompts.
2026-09-15 13:21:33.274 [info] Profiles: No changes found during synchronizing profiles.
2026-09-15 13:21:33.376 [info] Syncing profile. Agents
2026-09-15 13:21:33.646 [info] GlobalState (Agents): No changes found during synchronizing ui state.
2026-09-15 13:21:33.666 [info] Sync done. Took 19204ms
2026-09-15 13:26:34.450 [info] [AutoSync] Triggered by Interval
2026-09-15 13:26:35.272 [info] Sync started.
2026-09-15 13:26:40.570 [info] Settings: No changes found during synchronizing settings.
2026-09-15 13:26:41.064 [info] Keybindings: No changes found during synchronizing keybindings.
2026-09-15 13:26:42.261 [info] Snippets: No changes found during synchronizing snippets.
2026-09-15 13:26:42.785 [info] Tasks: No changes found during synchronizing tasks.
2026-09-15 13:26:43.150 [info] Mcp: No changes found during synchronizing mcp.
2026-09-15 13:26:43.614 [info] GlobalState: No changes found during synchronizing ui state.
2026-09-15 13:26:52.367 [info] Extensions: No changes found during synchronizing extensions.
2026-09-15 13:26:52.588 [info] Prompts: No changes found during synchronizing prompts.
2026-09-15 13:26:57.053 [info] Profiles: No changes found during synchronizing profiles.
2026-09-15 13:27:04.912 [info] Syncing profile. Agents
2026-09-15 13:27:05.500 [info] GlobalState (Agents): No changes found during synchronizing ui state.
2026-09-15 13:27:05.503 [info] Sync done. Took 31748ms
2026-09-15 13:32:06.274 [info] [AutoSync] Triggered by Interval
2026-09-15 13:32:06.754 [info] Sync started.
2026-09-15 13:32:08.601 [info] Settings: No changes found during synchronizing settings.
2026-09-15 13:32:08.693 [info] Keybindings: No changes found during synchronizing keybindings.
2026-09-15 13:32:08.745 [info] Snippets: No changes found during synchronizing snippets.
2026-09-15 13:32:08.774 [info] Tasks: No changes found during synchronizing tasks.
2026-09-15 13:32:08.789 [info] Mcp: No changes found during synchronizing mcp.
2026-09-15 13:32:08.867 [info] GlobalState: No changes found during synchronizing ui state.
2026-09-15 13:32:09.376 [info] Extensions: No changes found during synchronizing extensions.
2026-09-15 13:32:09.410 [info] Prompts: No changes found during synchronizing prompts.
2026-09-15 13:32:09.422 [info] Profiles: No changes found during synchronizing profiles.
2026-09-15 13:32:09.429 [info] Syncing profile. Agents
2026-09-15 13:32:09.513 [info] GlobalState (Agents): No changes found during synchronizing ui state.
2026-09-15 13:32:09.516 [info] Sync done. Took 4011ms
2026-09-15 13:37:09.520 [info] [AutoSync] Triggered by Interval
2026-09-15 13:37:09.537 [info] Sync started.
2026-09-15 13:37:09.773 [info] Settings: No changes found during synchronizing settings.
2026-09-15 13:37:09.831 [info] Keybindings: No changes found during synchronizing keybindings.
2026-09-15 13:37:09.853 [info] Snippets: No changes found during synchronizing snippets.
2026-09-15 13:37:09.876 [info] Tasks: No changes found during synchronizing tasks.
2026-09-15 13:37:09.895 [info] Mcp: No changes found during synchronizing mcp.
2026-09-15 13:37:09.971 [info] GlobalState: No changes found during synchronizing ui state.
2026-09-15 13:37:10.331 [info] Extensions: No changes found during synchronizing extensions.
2026-09-15 13:37:10.492 [info] Prompts: No changes found during synchronizing prompts.
2026-09-15 13:37:10.528 [info] Profiles: No changes found during synchronizing profiles.
2026-09-15 13:37:10.536 [info] Syncing profile. Agents
2026-09-15 13:37:10.596 [info] GlobalState (Agents): No changes found during synchronizing ui state.
2026-09-15 13:37:10.606 [info] Sync done. Took 1082ms
2026-09-15 13:42:10.981 [info] [AutoSync] Triggered by Interval
2026-09-15 13:42:11.711 [info] Sync started.
2026-09-15 13:42:12.071 [info] Settings: No changes found during synchronizing settings.
2026-09-15 13:42:12.131 [info] Keybindings: No changes found during synchronizing keybindings.
2026-09-15 13:42:12.169 [info] Snippets: No changes found during synchronizing snippets.
2026-09-15 13:42:12.214 [info] Tasks: No changes found during synchronizing tasks.
2026-09-15 13:42:12.256 [info] Mcp: No changes found during synchronizing mcp.
2026-09-15 13:42:12.394 [info] GlobalState: No changes found during synchronizing ui state.
2026-09-15 13:42:12.892 [info] Extensions: No changes found during synchronizing extensions.
2026-09-15 13:42:12.958 [info] Prompts: No changes found during synchronizing prompts.
2026-09-15 13:42:13.091 [info] Profiles: No changes found during synchronizing profiles.
2026-09-15 13:42:13.098 [info] Syncing profile. Agents
2026-09-15 13:42:13.139 [info] GlobalState (Agents): No changes found during synchronizing ui state.
2026-09-15 13:42:13.143 [info] Sync done. Took 2438ms
2026-09-15 13:47:14.062 [info] [AutoSync] Triggered by Interval
2026-09-15 13:47:14.444 [info] Sync started.
2026-09-15 13:47:16.701 [info] Settings: No changes found during synchronizing settings.
2026-09-15 13:47:16.936 [info] Keybindings: No changes found during synchronizing keybindings.
2026-09-15 13:47:17.203 [info] Snippets: No changes found during synchronizing snippets.
2026-09-15 13:47:17.412 [info] Tasks: No changes found during synchronizing tasks.
2026-09-15 13:47:17.521 [info] Mcp: No changes found during synchronizing mcp.
2026-09-15 13:47:18.157 [info] GlobalState: No changes found during synchronizing ui state.
2026-09-15 13:47:21.327 [info] Extensions: No changes found during synchronizing extensions.
2026-09-15 13:47:21.541 [info] Prompts: No changes found during synchronizing prompts.
2026-09-15 13:47:21.764 [info] Profiles: No changes found during synchronizing profiles.
2026-09-15 13:47:21.770 [info] Syncing profile. Agents
2026-09-15 13:47:23.465 [info] GlobalState (Agents): No changes found during synchronizing ui state.
2026-09-15 13:47:24.474 [info] Sync done. Took 11324ms
2026-09-15 13:52:31.751 [info] [AutoSync] Triggered by Interval
2026-09-15 13:52:33.339 [info] Sync started.
2026-09-15 13:52:45.080 [info] Settings: No changes found during synchronizing settings.
2026-09-15 13:52:49.949 [info] Keybindings: No changes found during synchronizing keybindings.
2026-09-15 13:52:52.175 [info] Snippets: No changes found during synchronizing snippets.
2026-09-15 13:52:53.697 [info] Tasks: No changes found during synchronizing tasks.
2026-09-15 13:52:53.988 [info] Mcp: No changes found during synchronizing mcp.
2026-09-15 13:52:55.426 [info] GlobalState: No changes found during synchronizing ui state.
2026-09-15 13:53:18.585 [info] Extensions: No changes found during synchronizing extensions.
2026-09-15 13:53:18.731 [info] Prompts: No changes found during synchronizing prompts.
2026-09-15 13:53:30.421 [info] Profiles: No changes found during synchronizing profiles.
2026-09-15 13:53:30.427 [info] Syncing profile. Agents
2026-09-15 13:53:30.809 [info] GlobalState (Agents): No changes found during synchronizing ui state.
2026-09-15 13:53:30.809 [info] Sync done. Took 65051ms
2026-09-15 13:58:32.136 [info] [AutoSync] Triggered by Interval
2026-09-15 13:58:33.592 [info] Sync started.
2026-09-15 13:58:36.552 [info] Settings: No changes found during synchronizing settings.
2026-09-15 13:58:37.062 [info] Keybindings: No changes found during synchronizing keybindings.
2026-09-15 13:58:37.299 [info] Snippets: No changes found during synchronizing snippets.
2026-09-15 13:58:37.338 [info] Tasks: No changes found during synchronizing tasks.
2026-09-15 13:58:37.483 [info] Mcp: No changes found during synchronizing mcp.
2026-09-15 13:58:38.170 [info] GlobalState: No changes found during synchronizing ui state.
2026-09-15 13:58:39.996 [info] Extensions: No changes found during synchronizing extensions.
2026-09-15 13:58:40.344 [info] Prompts: No changes found during synchronizing prompts.
2026-09-15 13:58:40.436 [info] Profiles: No changes found during synchronizing profiles.
2026-09-15 13:58:40.442 [info] Syncing profile. Agents
2026-09-15 13:58:40.502 [info] GlobalState (Agents): No changes found during synchronizing ui state.
2026-09-15 13:58:40.503 [info] Sync done. Took 9616ms
2026-09-15 14:03:45.222 [info] [AutoSync] Triggered by Interval
2026-09-15 14:03:46.709 [info] Sync started.
2026-09-15 14:03:53.188 [info] Settings: No changes found during synchronizing settings.
2026-09-15 14:03:53.935 [info] Keybindings: No changes found during synchronizing keybindings.
2026-09-15 14:03:54.121 [info] Snippets: No changes found during synchronizing snippets.
2026-09-15 14:03:54.269 [info] Tasks: No changes found during synchronizing tasks.
2026-09-15 14:03:54.328 [info] Mcp: No changes found during synchronizing mcp.
2026-09-15 14:03:55.214 [info] GlobalState: No changes found during synchronizing ui state.
2026-09-15 14:03:59.760 [info] Extensions: No changes found during synchronizing extensions.
2026-09-15 14:04:01.730 [info] Prompts: No changes found during synchronizing prompts.
2026-09-15 14:04:01.831 [info] Profiles: No changes found during synchronizing profiles.
2026-09-15 14:04:01.835 [info] Syncing profile. Agents
2026-09-15 14:04:02.018 [info] GlobalState (Agents): No changes found during synchronizing ui state.
2026-09-15 14:04:02.704 [info] Sync done. Took 21822ms
2026-09-15 14:09:03.395 [info] [AutoSync] Triggered by Interval
2026-09-15 14:09:03.714 [info] Sync started.
2026-09-15 14:09:04.623 [info] Settings: No changes found during synchronizing settings.
2026-09-15 14:09:05.096 [info] Keybindings: No changes found during synchronizing keybindings.
2026-09-15 14:09:05.175 [info] Snippets: No changes found during synchronizing snippets.
2026-09-15 14:09:05.231 [info] Tasks: No changes found during synchronizing tasks.
2026-09-15 14:09:05.271 [info] Mcp: No changes found during synchronizing mcp.
2026-09-15 14:09:05.370 [info] GlobalState: No changes found during synchronizing ui state.
2026-09-15 14:09:05.839 [info] Extensions: No changes found during synchronizing extensions.
2026-09-15 14:09:05.913 [info] Prompts: No changes found during synchronizing prompts.
2026-09-15 14:09:05.949 [info] Profiles: No changes found during synchronizing profiles.
2026-09-15 14:09:05.953 [info] Syncing profile. Agents
2026-09-15 14:09:05.982 [info] GlobalState (Agents): No changes found during synchronizing ui state.
2026-09-15 14:09:05.985 [info] Sync done. Took 3263ms
2026-09-15 14:14:07.803 [info] [AutoSync] Triggered by Interval
2026-09-15 14:14:08.323 [info] Sync started.
2026-09-15 14:14:08.467 [info] Settings: No changes found during synchronizing settings.
2026-09-15 14:14:09.066 [info] Keybindings: No changes found during synchronizing keybindings.
2026-09-15 14:14:09.268 [info] Snippets: No changes found during synchronizing snippets.
2026-09-15 14:14:09.360 [info] Tasks: No changes found during synchronizing tasks.
2026-09-15 14:14:09.455 [info] Mcp: No changes found during synchronizing mcp.
2026-09-15 14:14:09.643 [info] GlobalState: No changes found during synchronizing ui state.
2026-09-15 14:14:11.695 [info] Extensions: No changes found during synchronizing extensions.
2026-09-15 14:14:11.888 [info] Prompts: No changes found during synchronizing prompts.
2026-09-15 14:14:11.923 [info] Profiles: No changes found during synchronizing profiles.
2026-09-15 14:14:11.930 [info] Syncing profile. Agents
2026-09-15 14:14:11.982 [info] GlobalState (Agents): No changes found during synchronizing ui state.
2026-09-15 14:14:11.986 [info] Sync done. Took 5996ms
2026-09-15 14:19:12.082 [info] [AutoSync] Triggered by Interval
2026-09-15 14:19:12.143 [info] Sync started.
2026-09-15 14:19:12.655 [info] Settings: No changes found during synchronizing settings.
2026-09-15 14:19:12.899 [info] Keybindings: No changes found during synchronizing keybindings.
2026-09-15 14:19:12.922 [info] Snippets: No changes found during synchronizing snippets.
2026-09-15 14:19:12.977 [info] Tasks: No changes found during synchronizing tasks.
2026-09-15 14:19:12.992 [info] Mcp: No changes found during synchronizing mcp.
2026-09-15 14:19:13.124 [info] GlobalState: No changes found during synchronizing ui state.
2026-09-15 14:19:15.684 [info] Extensions: No changes found during synchronizing extensions.
2026-09-15 14:19:15.742 [info] Prompts: No changes found during synchronizing prompts.
2026-09-15 14:19:15.785 [info] Profiles: No changes found during synchronizing profiles.
2026-09-15 14:19:15.791 [info] Syncing profile. Agents
2026-09-15 14:19:15.888 [info] GlobalState (Agents): No changes found during synchronizing ui state.
2026-09-15 14:19:15.893 [info] Sync done. Took 3902ms
2026-09-15 14:24:18.371 [info] [AutoSync] Triggered by Interval
2026-09-15 14:24:19.536 [info] Sync started.
2026-09-15 14:24:19.947 [info] Settings: No changes found during synchronizing settings.
2026-09-15 14:24:20.571 [info] Keybindings: No changes found during synchronizing keybindings.
2026-09-15 14:24:20.873 [info] Snippets: No changes found during synchronizing snippets.
2026-09-15 14:24:21.516 [info] Tasks: No changes found during synchronizing tasks.
2026-09-15 14:24:21.616 [info] Mcp: No changes found during synchronizing mcp.
2026-09-15 14:24:21.818 [info] GlobalState: No changes found during synchronizing ui state.
2026-09-15 14:24:24.665 [info] Extensions: No changes found during synchronizing extensions.
2026-09-15 14:24:24.745 [info] Prompts: No changes found during synchronizing prompts.
2026-09-15 14:24:24.781 [info] Profiles: No changes found during synchronizing profiles.
2026-09-15 14:24:24.787 [info] Syncing profile. Agents
2026-09-15 14:24:24.875 [info] GlobalState (Agents): No changes found during synchronizing ui state.
2026-09-15 14:24:24.879 [info] Sync done. Took 8974ms
2026-09-15 14:29:27.100 [info] [AutoSync] Triggered by Interval
2026-09-15 14:29:27.990 [info] Sync started.
2026-09-15 14:29:30.433 [info] Settings: No changes found during synchronizing settings.
2026-09-15 14:29:31.060 [info] Keybindings: No changes found during synchronizing keybindings.
2026-09-15 14:29:31.336 [info] Snippets: No changes found during synchronizing snippets.
2026-09-15 14:29:31.391 [info] Tasks: No changes found during synchronizing tasks.
2026-09-15 14:29:31.580 [info] Mcp: No changes found during synchronizing mcp.
2026-09-15 14:29:31.912 [info] GlobalState: No changes found during synchronizing ui state.
2026-09-15 14:29:34.754 [info] Extensions: No changes found during synchronizing extensions.
2026-09-15 14:29:34.864 [info] Prompts: No changes found during synchronizing prompts.
2026-09-15 14:29:34.966 [info] Profiles: No changes found during synchronizing profiles.
2026-09-15 14:29:34.972 [info] Syncing profile. Agents
2026-09-15 14:29:35.049 [info] GlobalState (Agents): No changes found during synchronizing ui state.
2026-09-15 14:29:35.050 [info] Sync done. Took 10159ms
2026-09-15 14:34:36.117 [info] [AutoSync] Triggered by Interval
2026-09-15 14:34:36.808 [info] Sync started.
2026-09-15 14:34:43.081 [info] Settings: No changes found during synchronizing settings.
2026-09-15 14:34:43.220 [info] Keybindings: No changes found during synchronizing keybindings.
2026-09-15 14:34:43.364 [info] Snippets: No changes found during synchronizing snippets.
2026-09-15 14:34:43.453 [info] Tasks: No changes found during synchronizing tasks.
2026-09-15 14:34:43.496 [info] Mcp: No changes found during synchronizing mcp.
2026-09-15 14:34:44.020 [info] GlobalState: No changes found during synchronizing ui state.
2026-09-15 14:34:49.374 [info] Extensions: No changes found during synchronizing extensions.
2026-09-15 14:34:50.567 [info] Prompts: No changes found during synchronizing prompts.
2026-09-15 14:34:52.062 [info] Profiles: No changes found during synchronizing profiles.
2026-09-15 14:34:52.068 [info] Syncing profile. Agents
2026-09-15 14:34:52.185 [info] GlobalState (Agents): No changes found during synchronizing ui state.
2026-09-15 14:34:52.189 [info] Sync done. Took 17137ms
2026-09-15 14:39:52.195 [info] [AutoSync] Triggered by Interval
2026-09-15 14:39:52.196 [info] Sync started.
2026-09-15 14:39:52.347 [info] Settings: No changes found during synchronizing settings.
2026-09-15 14:39:52.364 [info] Keybindings: No changes found during synchronizing keybindings.
2026-09-15 14:39:52.374 [info] Snippets: No changes found during synchronizing snippets.
2026-09-15 14:39:52.383 [info] Tasks: No changes found during synchronizing tasks.
2026-09-15 14:39:52.393 [info] Mcp: No changes found during synchronizing mcp.
2026-09-15 14:39:52.406 [info] GlobalState: No changes found during synchronizing ui state.
2026-09-15 14:39:53.017 [info] Extensions: No changes found during synchronizing extensions.
2026-09-15 14:39:53.042 [info] Prompts: No changes found during synchronizing prompts.
2026-09-15 14:39:53.046 [info] Profiles: No changes found during synchronizing profiles.
2026-09-15 14:39:53.049 [info] Syncing profile. Agents
2026-09-15 14:39:53.053 [info] GlobalState (Agents): No changes found during synchronizing ui state.
2026-09-15 14:39:53.055 [info] Sync done. Took 865ms
2026-09-15 14:44:53.060 [info] [AutoSync] Triggered by Interval
2026-09-15 14:44:53.062 [info] Sync started.
2026-09-15 14:44:53.301 [info] Settings: No changes found during synchronizing settings.
2026-09-15 14:44:53.319 [info] Keybindings: No changes found during synchronizing keybindings.
2026-09-15 14:44:53.386 [info] Snippets: No changes found during synchronizing snippets.
2026-09-15 14:44:53.433 [info] Tasks: No changes found during synchronizing tasks.
2026-09-15 14:44:53.450 [info] Mcp: No changes found during synchronizing mcp.
2026-09-15 14:44:53.528 [info] GlobalState: No changes found during synchronizing ui state.
2026-09-15 14:44:53.874 [info] Extensions: No changes found during synchronizing extensions.
2026-09-15 14:44:53.904 [info] Prompts: No changes found during synchronizing prompts.
2026-09-15 14:44:53.918 [info] Profiles: No changes found during synchronizing profiles.
2026-09-15 14:44:53.924 [info] Syncing profile. Agents
2026-09-15 14:44:53.940 [info] GlobalState (Agents): No changes found during synchronizing ui state.
2026-09-15 14:44:53.943 [info] Sync done. Took 887ms
2026-09-15 14:49:53.966 [info] [AutoSync] Triggered by Interval
2026-09-15 14:49:53.990 [info] Sync started.
2026-09-15 14:49:54.132 [info] Settings: No changes found during synchronizing settings.
2026-09-15 14:49:54.160 [info] Keybindings: No changes found during synchronizing keybindings.
2026-09-15 14:49:54.181 [info] Snippets: No changes found during synchronizing snippets.
2026-09-15 14:49:54.205 [info] Tasks: No changes found during synchronizing tasks.
2026-09-15 14:49:54.218 [info] Mcp: No changes found during synchronizing mcp.
2026-09-15 14:49:54.289 [info] GlobalState: No changes found during synchronizing ui state.
2026-09-15 14:49:54.506 [info] Extensions: No changes found during synchronizing extensions.
2026-09-15 14:49:54.555 [info] Prompts: No changes found during synchronizing prompts.
2026-09-15 14:49:54.569 [info] Profiles: No changes found during synchronizing profiles.
2026-09-15 14:49:54.574 [info] Syncing profile. Agents
2026-09-15 14:49:54.591 [info] GlobalState (Agents): No changes found during synchronizing ui state.
2026-09-15 14:49:54.594 [info] Sync done. Took 649ms
2026-09-15 14:54:54.598 [info] [AutoSync] Triggered by Interval
2026-09-15 14:54:54.600 [info] Sync started.
2026-09-15 14:54:54.901 [info] Settings: No changes found during synchronizing settings.
2026-09-15 14:54:54.917 [info] Keybindings: No changes found during synchronizing keybindings.
2026-09-15 14:54:54.932 [info] Snippets: No changes found during synchronizing snippets.
2026-09-15 14:54:54.941 [info] Tasks: No changes found during synchronizing tasks.
2026-09-15 14:54:54.956 [info] Mcp: No changes found during synchronizing mcp.
2026-09-15 14:54:54.970 [info] GlobalState: No changes found during synchronizing ui state.
2026-09-15 14:54:55.214 [info] Extensions: No changes found during synchronizing extensions.
2026-09-15 14:54:55.226 [info] Prompts: No changes found during synchronizing prompts.
2026-09-15 14:54:55.232 [info] Profiles: No changes found during synchronizing profiles.
2026-09-15 14:54:55.237 [info] Syncing profile. Agents
2026-09-15 14:54:55.242 [info] GlobalState (Agents): No changes found during synchronizing ui state.
2026-09-15 14:54:55.244 [info] Sync done. Took 649ms
2026-09-15 14:59:55.249 [info] [AutoSync] Triggered by Interval
2026-09-15 14:59:55.250 [info] Sync started.
2026-09-15 14:59:55.401 [info] Settings: No changes found during synchronizing settings.
2026-09-15 14:59:55.412 [info] Keybindings: No changes found during synchronizing keybindings.
2026-09-15 14:59:55.422 [info] Snippets: No changes found during synchronizing snippets.
2026-09-15 14:59:55.432 [info] Tasks: No changes found during synchronizing tasks.
2026-09-15 14:59:55.444 [info] Mcp: No changes found during synchronizing mcp.
2026-09-15 14:59:55.459 [info] GlobalState: No changes found during synchronizing ui state.
2026-09-15 14:59:55.633 [info] Extensions: No changes found during synchronizing extensions.
2026-09-15 14:59:55.647 [info] Prompts: No changes found during synchronizing prompts.
2026-09-15 14:59:55.654 [info] Profiles: No changes found during synchronizing profiles.
2026-09-15 14:59:55.661 [info] Syncing profile. Agents
2026-09-15 14:59:55.669 [info] GlobalState (Agents): No changes found during synchronizing ui state.
2026-09-15 14:59:55.674 [info] Sync done. Took 429ms
2026-09-15 15:04:55.679 [info] [AutoSync] Triggered by Interval
2026-09-15 15:04:55.680 [info] Sync started.
2026-09-15 15:04:55.859 [info] Settings: No changes found during synchronizing settings.
2026-09-15 15:04:55.877 [info] Keybindings: No changes found during synchronizing keybindings.
2026-09-15 15:04:55.895 [info] Snippets: No changes found during synchronizing snippets.
2026-09-15 15:04:55.913 [info] Tasks: No changes found during synchronizing tasks.
2026-09-15 15:04:55.932 [info] Mcp: No changes found during synchronizing mcp.
2026-09-15 15:04:55.956 [info] GlobalState: No changes found during synchronizing ui state.
2026-09-15 15:04:56.102 [info] Extensions: No changes found during synchronizing extensions.
2026-09-15 15:04:56.139 [info] Prompts: No changes found during synchronizing prompts.
2026-09-15 15:04:56.145 [info] Profiles: No changes found during synchronizing profiles.
2026-09-15 15:04:56.154 [info] Syncing profile. Agents
2026-09-15 15:04:56.158 [info] GlobalState (Agents): No changes found during synchronizing ui state.
2026-09-15 15:04:56.177 [info] Sync done. Took 496ms
2026-09-15 15:09:56.177 [info] [AutoSync] Triggered by Interval
2026-09-15 15:09:56.179 [info] Sync started.
2026-09-15 15:09:56.361 [info] Settings: No changes found during synchronizing settings.
2026-09-15 15:09:56.374 [info] Keybindings: No changes found during synchronizing keybindings.
2026-09-15 15:09:56.387 [info] Snippets: No changes found during synchronizing snippets.
2026-09-15 15:09:56.403 [info] Tasks: No changes found during synchronizing tasks.
2026-09-15 15:09:56.414 [info] Mcp: No changes found during synchronizing mcp.
2026-09-15 15:09:56.427 [info] GlobalState: No changes found during synchronizing ui state.
2026-09-15 15:09:56.587 [info] Extensions: No changes found during synchronizing extensions.
2026-09-15 15:09:56.622 [info] Prompts: No changes found during synchronizing prompts.
2026-09-15 15:09:56.628 [info] Profiles: No changes found during synchronizing profiles.
2026-09-15 15:09:56.633 [info] Syncing profile. Agents
2026-09-15 15:09:56.636 [info] GlobalState (Agents): No changes found during synchronizing ui state.
2026-09-15 15:09:56.640 [info] Sync done. Took 465ms
2026-09-15 15:14:56.643 [info] [AutoSync] Triggered by Interval
2026-09-15 15:14:56.645 [info] Sync started.
2026-09-15 15:14:56.806 [info] Settings: No changes found during synchronizing settings.
2026-09-15 15:14:56.819 [info] Keybindings: No changes found during synchronizing keybindings.
2026-09-15 15:14:56.828 [info] Snippets: No changes found during synchronizing snippets.
2026-09-15 15:14:56.839 [info] Tasks: No changes found during synchronizing tasks.
2026-09-15 15:14:56.852 [info] Mcp: No changes found during synchronizing mcp.
2026-09-15 15:14:56.869 [info] GlobalState: No changes found during synchronizing ui state.
2026-09-15 15:14:57.007 [info] Extensions: No changes found during synchronizing extensions.
2026-09-15 15:14:57.044 [info] Prompts: No changes found during synchronizing prompts.
2026-09-15 15:14:57.071 [info] Profiles: No changes found during synchronizing profiles.
2026-09-15 15:14:57.078 [info] Syncing profile. Agents
2026-09-15 15:14:57.081 [info] GlobalState (Agents): No changes found during synchronizing ui state.
2026-09-15 15:14:57.084 [info] Sync done. Took 444ms
2026-09-15 15:19:57.089 [info] [AutoSync] Triggered by Interval
2026-09-15 15:19:57.090 [info] Sync started.
2026-09-15 15:19:57.245 [info] Settings: No changes found during synchronizing settings.
2026-09-15 15:19:57.258 [info] Keybindings: No changes found during synchronizing keybindings.
2026-09-15 15:19:57.272 [info] Snippets: No changes found during synchronizing snippets.
2026-09-15 15:19:57.284 [info] Tasks: No changes found during synchronizing tasks.
2026-09-15 15:19:57.294 [info] Mcp: No changes found during synchronizing mcp.
2026-09-15 15:19:57.310 [info] GlobalState: No changes found during synchronizing ui state.
2026-09-15 15:19:57.452 [info] Extensions: No changes found during synchronizing extensions.
2026-09-15 15:19:57.497 [info] Prompts: No changes found during synchronizing prompts.
2026-09-15 15:19:57.503 [info] Profiles: No changes found during synchronizing profiles.
2026-09-15 15:19:57.510 [info] Syncing profile. Agents
2026-09-15 15:19:57.515 [info] GlobalState (Agents): No changes found during synchronizing ui state.
2026-09-15 15:19:57.519 [info] Sync done. Took 433ms
2026-09-15 15:24:57.523 [info] [AutoSync] Triggered by Interval
2026-09-15 15:24:57.524 [info] Sync started.
2026-09-15 15:24:57.741 [info] Settings: No changes found during synchronizing settings.
2026-09-15 15:24:57.757 [info] Keybindings: No changes found during synchronizing keybindings.
2026-09-15 15:24:57.769 [info] Snippets: No changes found during synchronizing snippets.
2026-09-15 15:24:57.781 [info] Tasks: No changes found during synchronizing tasks.
2026-09-15 15:24:57.791 [info] Mcp: No changes found during synchronizing mcp.
2026-09-15 15:24:57.806 [info] GlobalState: No changes found during synchronizing ui state.
2026-09-15 15:24:57.944 [info] Extensions: No changes found during synchronizing extensions.
2026-09-15 15:24:58.004 [info] Prompts: No changes found during synchronizing prompts.
2026-09-15 15:24:58.011 [info] Profiles: No changes found during synchronizing profiles.
2026-09-15 15:24:58.015 [info] Syncing profile. Agents
2026-09-15 15:24:58.019 [info] GlobalState (Agents): No changes found during synchronizing ui state.
2026-09-15 15:24:58.022 [info] Sync done. Took 501ms
2026-09-15 15:29:58.027 [info] [AutoSync] Triggered by Interval
2026-09-15 15:29:58.028 [info] Sync started.
2026-09-15 15:29:58.197 [info] Settings: No changes found during synchronizing settings.
2026-09-15 15:29:58.212 [info] Keybindings: No changes found during synchronizing keybindings.
2026-09-15 15:29:58.225 [info] Snippets: No changes found during synchronizing snippets.
2026-09-15 15:29:58.237 [info] Tasks: No changes found during synchronizing tasks.
2026-09-15 15:29:58.247 [info] Mcp: No changes found during synchronizing mcp.
2026-09-15 15:29:58.263 [info] GlobalState: No changes found during synchronizing ui state.
2026-09-15 15:29:58.444 [info] Extensions: No changes found during synchronizing extensions.
2026-09-15 15:29:58.455 [info] Prompts: No changes found during synchronizing prompts.
2026-09-15 15:29:58.461 [info] Profiles: No changes found during synchronizing profiles.
2026-09-15 15:29:58.466 [info] Syncing profile. Agents
2026-09-15 15:29:58.471 [info] GlobalState (Agents): No changes found during synchronizing ui state.
2026-09-15 15:29:58.475 [info] Sync done. Took 452ms
2026-09-15 15:34:58.479 [info] [AutoSync] Triggered by Interval
2026-09-15 15:34:58.482 [info] Sync started.
2026-09-15 15:34:58.711 [info] Settings: No changes found during synchronizing settings.
2026-09-15 15:34:58.739 [info] Keybindings: No changes found during synchronizing keybindings.
2026-09-15 15:34:58.782 [info] Snippets: No changes found during synchronizing snippets.
2026-09-15 15:34:58.849 [info] Tasks: No changes found during synchronizing tasks.
2026-09-15 15:34:58.879 [info] Mcp: No changes found during synchronizing mcp.
2026-09-15 15:34:58.909 [info] GlobalState: No changes found during synchronizing ui state.
2026-09-15 15:34:59.235 [info] Extensions: No changes found during synchronizing extensions.
2026-09-15 15:34:59.311 [info] Prompts: No changes found during synchronizing prompts.
2026-09-15 15:34:59.335 [info] Profiles: No changes found during synchronizing profiles.
2026-09-15 15:34:59.380 [info] Syncing profile. Agents
2026-09-15 15:34:59.385 [info] GlobalState (Agents): No changes found during synchronizing ui state.
2026-09-15 15:34:59.388 [info] Sync done. Took 913ms
2026-09-15 15:39:59.392 [info] [AutoSync] Triggered by Interval
2026-09-15 15:39:59.416 [info] Sync started.
2026-09-15 15:39:59.564 [info] Settings: No changes found during synchronizing settings.
2026-09-15 15:39:59.582 [info] Keybindings: No changes found during synchronizing keybindings.
2026-09-15 15:39:59.598 [info] Snippets: No changes found during synchronizing snippets.
2026-09-15 15:39:59.609 [info] Tasks: No changes found during synchronizing tasks.
2026-09-15 15:39:59.621 [info] Mcp: No changes found during synchronizing mcp.
2026-09-15 15:39:59.639 [info] GlobalState: No changes found during synchronizing ui state.
2026-09-15 15:39:59.777 [info] Extensions: No changes found during synchronizing extensions.
2026-09-15 15:39:59.823 [info] Prompts: No changes found during synchronizing prompts.
2026-09-15 15:39:59.836 [info] Profiles: No changes found during synchronizing profiles.
2026-09-15 15:39:59.844 [info] Syncing profile. Agents
2026-09-15 15:39:59.848 [info] GlobalState (Agents): No changes found during synchronizing ui state.
2026-09-15 15:39:59.852 [info] Sync done. Took 463ms
2026-09-15 15:45:00.013 [info] [AutoSync] Triggered by Interval
2026-09-15 15:45:00.312 [info] Sync started.
2026-09-15 15:45:00.395 [info] Settings: No changes found during synchronizing settings.
2026-09-15 15:45:00.487 [info] Keybindings: No changes found during synchronizing keybindings.
2026-09-15 15:45:00.548 [info] Snippets: No changes found during synchronizing snippets.
2026-09-15 15:45:00.571 [info] Tasks: No changes found during synchronizing tasks.
2026-09-15 15:45:00.592 [info] Mcp: No changes found during synchronizing mcp.
2026-09-15 15:45:00.688 [info] GlobalState: No changes found during synchronizing ui state.
2026-09-15 15:45:02.010 [info] Extensions: No changes found during synchronizing extensions.
2026-09-15 15:45:02.056 [info] Prompts: No changes found during synchronizing prompts.
2026-09-15 15:45:02.068 [info] Profiles: No changes found during synchronizing profiles.
2026-09-15 15:45:02.073 [info] Syncing profile. Agents
2026-09-15 15:45:02.129 [info] GlobalState (Agents): No changes found during synchronizing ui state.
2026-09-15 15:45:02.134 [info] Sync done. Took 2274ms
2026-09-15 15:50:02.138 [info] [AutoSync] Triggered by Interval
2026-09-15 15:50:02.139 [info] Sync started.
2026-09-15 15:50:02.306 [info] Settings: No changes found during synchronizing settings.
2026-09-15 15:50:02.320 [info] Keybindings: No changes found during synchronizing keybindings.
2026-09-15 15:50:02.334 [info] Snippets: No changes found during synchronizing snippets.
2026-09-15 15:50:02.344 [info] Tasks: No changes found during synchronizing tasks.
2026-09-15 15:50:02.354 [info] Mcp: No changes found during synchronizing mcp.
2026-09-15 15:50:02.367 [info] GlobalState: No changes found during synchronizing ui state.
2026-09-15 15:50:02.548 [info] Extensions: No changes found during synchronizing extensions.
2026-09-15 15:50:02.556 [info] Prompts: No changes found during synchronizing prompts.
2026-09-15 15:50:02.561 [info] Profiles: No changes found during synchronizing profiles.
2026-09-15 15:50:02.565 [info] Syncing profile. Agents
2026-09-15 15:50:02.589 [info] GlobalState (Agents): No changes found during synchronizing ui state.
2026-09-15 15:50:02.592 [info] Sync done. Took 456ms
2026-09-15 15:55:02.598 [info] [AutoSync] Triggered by Interval
2026-09-15 15:55:02.599 [info] Sync started.
2026-09-15 15:55:02.767 [info] Settings: No changes found during synchronizing settings.
2026-09-15 15:55:02.779 [info] Keybindings: No changes found during synchronizing keybindings.
2026-09-15 15:55:02.791 [info] Snippets: No changes found during synchronizing snippets.
2026-09-15 15:55:02.799 [info] Tasks: No changes found during synchronizing tasks.
2026-09-15 15:55:02.810 [info] Mcp: No changes found during synchronizing mcp.
2026-09-15 15:55:02.826 [info] GlobalState: No changes found during synchronizing ui state.
2026-09-15 15:55:02.979 [info] Extensions: No changes found during synchronizing extensions.
2026-09-15 15:55:03.011 [info] Prompts: No changes found during synchronizing prompts.
2026-09-15 15:55:03.020 [info] Profiles: No changes found during synchronizing profiles.
2026-09-15 15:55:03.025 [info] Syncing profile. Agents
2026-09-15 15:55:03.030 [info] GlobalState (Agents): No changes found during synchronizing ui state.
2026-09-15 15:55:03.034 [info] Sync done. Took 442ms
2026-09-15 16:00:04.387 [info] [AutoSync] Triggered by Interval
2026-09-15 16:00:04.973 [info] Sync started.
2026-09-15 16:00:05.082 [info] Settings: No changes found during synchronizing settings.
2026-09-15 16:00:05.122 [info] Keybindings: No changes found during synchronizing keybindings.
2026-09-15 16:00:05.219 [info] Snippets: No changes found during synchronizing snippets.
2026-09-15 16:00:05.297 [info] Tasks: No changes found during synchronizing tasks.
2026-09-15 16:00:05.312 [info] Mcp: No changes found during synchronizing mcp.
2026-09-15 16:00:05.470 [info] GlobalState: No changes found during synchronizing ui state.
2026-09-15 16:00:06.553 [info] Extensions: No changes found during synchronizing extensions.
2026-09-15 16:00:06.594 [info] Prompts: No changes found during synchronizing prompts.
2026-09-15 16:00:06.630 [info] Profiles: No changes found during synchronizing profiles.
2026-09-15 16:00:06.636 [info] Syncing profile. Agents
2026-09-15 16:00:06.676 [info] GlobalState (Agents): No changes found during synchronizing ui state.
2026-09-15 16:00:06.680 [info] Sync done. Took 3643ms
2026-09-15 16:04:41.415 [info] [AutoSync] Triggered by Activity
2026-09-15 16:04:42.423 [info] Sync started.
2026-09-15 16:04:43.774 [info] Settings: No changes found during synchronizing settings.
2026-09-15 16:04:45.061 [info] Keybindings: No changes found during synchronizing keybindings.
2026-09-15 16:04:45.358 [info] Snippets: No changes found during synchronizing snippets.
2026-09-15 16:04:45.516 [info] Tasks: No changes found during synchronizing tasks.
2026-09-15 16:04:45.916 [info] Mcp: No changes found during synchronizing mcp.
2026-09-15 16:04:46.408 [info] GlobalState: No changes found during synchronizing ui state.
2026-09-15 16:05:14.101 [info] Extensions: No changes found during synchronizing extensions.
2026-09-15 16:05:18.994 [info] Prompts: No changes found during synchronizing prompts.
2026-09-15 16:05:19.259 [info] Profiles: No changes found during synchronizing profiles.
2026-09-15 16:05:19.265 [info] Syncing profile. Agents
2026-09-15 16:05:19.937 [info] GlobalState (Agents): No changes found during synchronizing ui state.
2026-09-15 16:05:19.940 [info] Sync done. Took 39745ms
2026-09-15 16:05:20.062 [info] [AutoSync] Triggered by Interval
2026-09-15 16:05:20.065 [info] Sync started.
2026-09-15 16:05:20.065 [info] [AutoSync] Triggered by Activity
2026-09-15 16:05:20.066 [info] Sync started.
2026-09-15 16:05:22.922 [info] Settings: No changes found during synchronizing settings.
2026-09-15 16:05:22.923 [info] Settings: Skipped synchronizing settings as it is running already.
2026-09-15 16:05:22.930 [info] Keybindings: Skipped synchronizing keybindings as it is running already.
2026-09-15 16:05:22.941 [info] Keybindings: No changes found during synchronizing keybindings.
2026-09-15 16:05:22.943 [info] Snippets: No changes found during synchronizing snippets.
2026-09-15 16:05:22.957 [info] Tasks: No changes found during synchronizing tasks.
2026-09-15 16:05:22.971 [info] Snippets: No changes found during synchronizing snippets.
2026-09-15 16:05:22.979 [info] Mcp: No changes found during synchronizing mcp.
2026-09-15 16:05:22.990 [info] Tasks: No changes found during synchronizing tasks.
2026-09-15 16:05:23.008 [info] GlobalState: No changes found during synchronizing ui state.
2026-09-15 16:05:23.018 [info] Mcp: No changes found during synchronizing mcp.
2026-09-15 16:05:23.050 [info] GlobalState: No changes found during synchronizing ui state.
2026-09-15 16:05:23.052 [info] Extensions: Skipped synchronizing extensions as it is running already.
2026-09-15 16:05:23.147 [info] Extensions: No changes found during synchronizing extensions.
2026-09-15 16:05:23.161 [info] Prompts: Skipped synchronizing prompts as it is running already.
2026-09-15 16:05:23.165 [info] Profiles: No changes found during synchronizing profiles.
2026-09-15 16:05:23.167 [info] Prompts: No changes found during synchronizing prompts.
2026-09-15 16:05:23.175 [info] Syncing profile. Agents
2026-09-15 16:05:23.176 [info] Profiles: No changes found during synchronizing profiles.
2026-09-15 16:05:23.187 [info] GlobalState (Agents): No changes found during synchronizing ui state.
2026-09-15 16:05:23.192 [info] Sync done. Took 3131ms
2026-09-15 16:05:23.194 [info] Syncing profile. Agents
2026-09-15 16:05:23.197 [info] GlobalState (Agents): No changes found during synchronizing ui state.
2026-09-15 16:05:23.234 [info] Sync done. Took 3259ms
2026-09-15 16:07:55.161 [info] [AutoSync] Triggered by Activity
2026-09-15 16:07:55.519 [info] Sync started.
2026-09-15 16:07:56.458 [info] Settings: No changes found during synchronizing settings.
2026-09-15 16:07:56.991 [info] Keybindings: No changes found during synchronizing keybindings.
2026-09-15 16:07:57.653 [info] Snippets: No changes found during synchronizing snippets.
2026-09-15 16:07:57.847 [info] Tasks: No changes found during synchronizing tasks.
2026-09-15 16:07:57.956 [info] Mcp: No changes found during synchronizing mcp.
2026-09-15 16:07:58.267 [info] GlobalState: No changes found during synchronizing ui state.
2026-09-15 16:08:03.186 [info] Extensions: No changes found during synchronizing extensions.
2026-09-15 16:08:10.082 [info] Prompts: No changes found during synchronizing prompts.
2026-09-15 16:08:12.743 [info] Profiles: No changes found during synchronizing profiles.
2026-09-15 16:08:12.764 [info] Syncing profile. Agents
2026-09-15 16:08:13.054 [info] GlobalState (Agents): No changes found during synchronizing ui state.
2026-09-15 16:08:13.058 [info] Sync done. Took 18448ms
2026-09-15 16:11:52.392 [info] [AutoSync] Triggered by Activity
2026-09-15 16:11:52.566 [info] Sync started.
2026-09-15 16:11:53.067 [info] Settings: No changes found during synchronizing settings.
2026-09-15 16:11:53.202 [info] Keybindings: No changes found during synchronizing keybindings.
2026-09-15 16:11:53.823 [info] Snippets: No changes found during synchronizing snippets.
2026-09-15 16:11:54.214 [info] Tasks: No changes found during synchronizing tasks.
2026-09-15 16:11:54.332 [info] Mcp: No changes found during synchronizing mcp.
2026-09-15 16:11:56.668 [info] GlobalState: Updated remote ui state. Updated: workbench.scm.views.state.hidden.
2026-09-15 16:11:57.273 [info] GlobalState: Updated last synchronized ui state
2026-09-15 16:12:02.304 [info] Extensions: No changes found during synchronizing extensions.
2026-09-15 16:12:04.032 [info] Prompts: No changes found during synchronizing prompts.
2026-09-15 16:12:05.479 [info] Profiles: No changes found during synchronizing profiles.
2026-09-15 16:12:05.592 [info] Syncing profile. Agents
2026-09-15 16:12:05.628 [info] GlobalState (Agents): No changes found during synchronizing ui state.
2026-09-15 16:12:05.633 [info] Sync done. Took 13252ms
2026-09-15 16:12:36.290 [info] [AutoSync] Triggered by Activity
2026-09-15 16:12:36.423 [info] Sync started.
2026-09-15 16:12:36.959 [info] Settings: Updated remote settings
2026-09-15 16:12:37.330 [info] Settings: Updated last synchronized settings
2026-09-15 16:12:37.757 [info] Keybindings: No changes found during synchronizing keybindings.
2026-09-15 16:12:38.275 [info] Snippets: No changes found during synchronizing snippets.
2026-09-15 16:12:38.746 [info] Tasks: No changes found during synchronizing tasks.
2026-09-15 16:12:38.969 [info] Mcp: No changes found during synchronizing mcp.
2026-09-15 16:12:39.879 [info] GlobalState: No changes found during synchronizing ui state.
2026-09-15 16:12:44.461 [info] Extensions: No changes found during synchronizing extensions.
2026-09-15 16:12:44.612 [info] Prompts: No changes found during synchronizing prompts.
2026-09-15 16:12:44.714 [info] Profiles: No changes found during synchronizing profiles.
2026-09-15 16:12:44.719 [info] Syncing profile. Agents
2026-09-15 16:12:44.835 [info] GlobalState (Agents): No changes found during synchronizing ui state.
2026-09-15 16:12:44.839 [info] Sync done. Took 8553ms
2026-09-15 16:12:44.846 [info] [AutoSync] Triggered by Activity
2026-09-15 16:12:44.847 [info] Sync started.
2026-09-15 16:12:45.231 [info] Settings: No changes found during synchronizing settings.
2026-09-15 16:12:45.591 [info] Keybindings: No changes found during synchronizing keybindings.
2026-09-15 16:12:45.824 [info] Snippets: No changes found during synchronizing snippets.
2026-09-15 16:12:50.385 [info] Tasks: No changes found during synchronizing tasks.
2026-09-15 16:12:50.726 [info] Mcp: No changes found during synchronizing mcp.
2026-09-15 16:12:51.040 [info] GlobalState: No changes found during synchronizing ui state.
2026-09-15 16:13:24.395 [info] Extensions: No changes found during synchronizing extensions.
2026-09-15 16:13:30.546 [info] Prompts: No changes found during synchronizing prompts.
2026-09-15 16:13:30.789 [info] Profiles: No changes found during synchronizing profiles.
2026-09-15 16:13:30.803 [info] Syncing profile. Agents
2026-09-15 16:13:30.903 [info] GlobalState (Agents): No changes found during synchronizing ui state.
2026-09-15 16:13:30.906 [info] Sync done. Took 46065ms
2026-09-15 16:15:38.296 [info] [AutoSync] Triggered by Activity
2026-09-15 16:15:38.297 [info] Sync started.
2026-09-15 16:15:39.709 [info] Settings: No changes found during synchronizing settings.
2026-09-15 16:15:39.963 [info] Keybindings: No changes found during synchronizing keybindings.
2026-09-15 16:15:39.985 [info] Snippets: No changes found during synchronizing snippets.
2026-09-15 16:15:40.039 [info] Tasks: No changes found during synchronizing tasks.
2026-09-15 16:15:40.053 [info] Mcp: No changes found during synchronizing mcp.
2026-09-15 16:15:40.089 [info] GlobalState: No changes found during synchronizing ui state.
2026-09-15 16:15:40.426 [info] Extensions: No changes found during synchronizing extensions.
2026-09-15 16:15:40.480 [info] Prompts: No changes found during synchronizing prompts.
2026-09-15 16:15:40.509 [info] Profiles: No changes found during synchronizing profiles.
2026-09-15 16:15:40.517 [info] Syncing profile. Agents
2026-09-15 16:15:40.539 [info] GlobalState (Agents): No changes found during synchronizing ui state.
2026-09-15 16:15:40.543 [info] Sync done. Took 2284ms
2026-09-15 16:16:23.916 [info] [AutoSync] Triggered by Activity
2026-09-15 16:16:24.150 [info] Sync started.
2026-09-15 16:16:24.170 [info] Settings: No changes found during synchronizing settings.
2026-09-15 16:16:24.184 [info] Keybindings: No changes found during synchronizing keybindings.
2026-09-15 16:16:24.199 [info] Snippets: No changes found during synchronizing snippets.
2026-09-15 16:16:24.208 [info] Tasks: No changes found during synchronizing tasks.
2026-09-15 16:16:24.217 [info] Mcp: No changes found during synchronizing mcp.
2026-09-15 16:16:24.230 [info] GlobalState: No changes found during synchronizing ui state.
2026-09-15 16:16:26.314 [info] Extensions: No changes found during synchronizing extensions.
2026-09-15 16:16:26.481 [info] Prompts: No changes found during synchronizing prompts.
2026-09-15 16:16:26.584 [info] Profiles: No changes found during synchronizing profiles.
2026-09-15 16:16:26.592 [info] Syncing profile. Agents
2026-09-15 16:16:26.880 [info] GlobalState (Agents): No changes found during synchronizing ui state.
2026-09-15 16:16:26.882 [info] Sync done. Took 2976ms
2026-09-15 16:16:49.264 [info] [AutoSync] Triggered by Activity
2026-09-15 16:16:49.265 [info] Sync started.
2026-09-15 16:16:51.414 [info] Settings: Updated remote settings
2026-09-15 16:16:52.065 [info] Settings: Updated last synchronized settings
2026-09-15 16:16:53.086 [info] Keybindings: No changes found during synchronizing keybindings.
2026-09-15 16:16:53.179 [info] Snippets: No changes found during synchronizing snippets.
2026-09-15 16:16:53.308 [info] Tasks: No changes found during synchronizing tasks.
2026-09-15 16:16:53.449 [info] Mcp: No changes found during synchronizing mcp.
2026-09-15 16:16:53.677 [info] GlobalState: No changes found during synchronizing ui state.
2026-09-15 16:16:55.415 [info] Extensions: No changes found during synchronizing extensions.
2026-09-15 16:16:55.512 [info] Prompts: No changes found during synchronizing prompts.
2026-09-15 16:16:55.730 [info] Profiles: No changes found during synchronizing profiles.
2026-09-15 16:16:55.735 [info] Syncing profile. Agents
2026-09-15 16:16:55.930 [info] GlobalState (Agents): No changes found during synchronizing ui state.
2026-09-15 16:16:55.935 [info] Sync done. Took 6672ms
2026-09-15 16:16:55.939 [info] [AutoSync] Triggered by Activity
2026-09-15 16:16:55.941 [info] Sync started.
2026-09-15 16:16:56.114 [info] Settings: No changes found during synchronizing settings.
2026-09-15 16:16:56.135 [info] Keybindings: No changes found during synchronizing keybindings.
2026-09-15 16:16:56.157 [info] Snippets: No changes found during synchronizing snippets.
2026-09-15 16:16:56.174 [info] Tasks: No changes found during synchronizing tasks.
2026-09-15 16:16:56.194 [info] Mcp: No changes found during synchronizing mcp.
2026-09-15 16:16:56.209 [info] GlobalState: No changes found during synchronizing ui state.
2026-09-15 16:16:56.525 [info] Extensions: No changes found during synchronizing extensions.
2026-09-15 16:16:56.547 [info] Prompts: No changes found during synchronizing prompts.
2026-09-15 16:16:56.557 [info] Profiles: No changes found during synchronizing profiles.
2026-09-15 16:16:56.564 [info] Syncing profile. Agents
2026-09-15 16:16:56.571 [info] GlobalState (Agents): No changes found during synchronizing ui state.
2026-09-15 16:16:56.576 [info] Sync done. Took 642ms
2026-09-15 16:21:56.601 [info] [AutoSync] Triggered by Interval
2026-09-15 16:21:56.728 [info] Sync started.
2026-09-15 16:21:56.991 [info] Settings: No changes found during synchronizing settings.
2026-09-15 16:21:57.036 [info] Keybindings: No changes found during synchronizing keybindings.
2026-09-15 16:21:57.127 [info] Snippets: No changes found during synchronizing snippets.
2026-09-15 16:21:57.172 [info] Tasks: No changes found during synchronizing tasks.
2026-09-15 16:21:57.194 [info] Mcp: No changes found during synchronizing mcp.
2026-09-15 16:21:57.282 [info] GlobalState: No changes found during synchronizing ui state.
2026-09-15 16:21:57.895 [info] Extensions: No changes found during synchronizing extensions.
2026-09-15 16:21:58.015 [info] Prompts: No changes found during synchronizing prompts.
2026-09-15 16:21:58.070 [info] Profiles: No changes found during synchronizing profiles.
2026-09-15 16:21:58.077 [info] Syncing profile. Agents
2026-09-15 16:21:58.097 [info] GlobalState (Agents): No changes found during synchronizing ui state.
2026-09-15 16:21:58.101 [info] Sync done. Took 1520ms
2026-09-15 16:26:35.987 [info] [AutoSync] Triggered by Activity
2026-09-15 16:26:37.198 [info] Sync started.
2026-09-15 16:26:38.458 [info] Settings: No changes found during synchronizing settings.
2026-09-15 16:26:50.784 [info] Keybindings: No changes found during synchronizing keybindings.
2026-09-15 16:26:51.302 [info] Snippets: No changes found during synchronizing snippets.
2026-09-15 16:26:51.468 [info] Tasks: No changes found during synchronizing tasks.
2026-09-15 16:26:51.544 [info] Mcp: No changes found during synchronizing mcp.
2026-09-15 16:26:52.948 [info] GlobalState: No changes found during synchronizing ui state.
2026-09-15 16:27:00.196 [info] Extensions: No changes found during synchronizing extensions.
2026-09-15 16:27:00.417 [info] Prompts: No changes found during synchronizing prompts.
2026-09-15 16:27:04.072 [info] Profiles: No changes found during synchronizing profiles.
2026-09-15 16:27:07.583 [info] Syncing profile. Agents
2026-09-15 16:27:08.063 [info] GlobalState (Agents): No changes found during synchronizing ui state.
2026-09-15 16:27:08.068 [info] Sync done. Took 32496ms
2026-09-15 16:27:08.071 [info] [AutoSync] Triggered by Interval
2026-09-15 16:27:08.072 [info] Sync started.
2026-09-15 16:27:08.716 [info] Settings: No changes found during synchronizing settings.
2026-09-15 16:27:08.847 [info] Keybindings: No changes found during synchronizing keybindings.
2026-09-15 16:27:09.032 [info] Snippets: No changes found during synchronizing snippets.
2026-09-15 16:27:09.224 [info] Tasks: No changes found during synchronizing tasks.
2026-09-15 16:27:09.479 [info] Mcp: No changes found during synchronizing mcp.
2026-09-15 16:27:09.704 [info] GlobalState: No changes found during synchronizing ui state.
2026-09-15 16:27:13.113 [info] Extensions: No changes found during synchronizing extensions.
2026-09-15 16:27:13.197 [info] Prompts: No changes found during synchronizing prompts.
2026-09-15 16:27:13.202 [info] Profiles: No changes found during synchronizing profiles.
2026-09-15 16:27:13.209 [info] Syncing profile. Agents
2026-09-15 16:27:13.218 [info] GlobalState (Agents): No changes found during synchronizing ui state.
2026-09-15 16:27:13.221 [info] Sync done. Took 5154ms
2026-09-15 16:32:14.784 [info] [AutoSync] Triggered by Interval
2026-09-15 16:32:16.268 [info] Sync started.
2026-09-15 16:32:17.077 [info] Settings: No changes found during synchronizing settings.
2026-09-15 16:32:17.217 [info] Keybindings: No changes found during synchronizing keybindings.
2026-09-15 16:32:17.376 [info] Snippets: No changes found during synchronizing snippets.
2026-09-15 16:32:17.455 [info] Tasks: No changes found during synchronizing tasks.
2026-09-15 16:32:17.576 [info] Mcp: No changes found during synchronizing mcp.
2026-09-15 16:32:17.725 [info] GlobalState: No changes found during synchronizing ui state.
2026-09-15 16:32:18.994 [info] Extensions: No changes found during synchronizing extensions.
2026-09-15 16:32:19.080 [info] Prompts: No changes found during synchronizing prompts.
2026-09-15 16:32:19.172 [info] Profiles: No changes found during synchronizing profiles.
2026-09-15 16:32:19.179 [info] Syncing profile. Agents
2026-09-15 16:32:19.434 [info] GlobalState (Agents): No changes found during synchronizing ui state.
2026-09-15 16:32:19.440 [info] Sync done. Took 6143ms
2026-09-15 16:33:07.267 [info] [AutoSync] Triggered by Activity
2026-09-15 16:33:07.518 [info] Sync started.
2026-09-15 16:33:07.785 [info] Settings: No changes found during synchronizing settings.
2026-09-15 16:33:07.933 [info] Keybindings: No changes found during synchronizing keybindings.
2026-09-15 16:33:08.088 [info] Snippets: No changes found during synchronizing snippets.
2026-09-15 16:33:08.260 [info] Tasks: No changes found during synchronizing tasks.
2026-09-15 16:33:08.324 [info] Mcp: No changes found during synchronizing mcp.
2026-09-15 16:33:08.616 [info] GlobalState: No changes found during synchronizing ui state.
2026-09-15 16:33:12.783 [info] Extensions: No changes found during synchronizing extensions.
2026-09-15 16:33:13.103 [info] Prompts: No changes found during synchronizing prompts.
2026-09-15 16:33:17.885 [info] Profiles: No changes found during synchronizing profiles.
2026-09-15 16:33:18.448 [info] Syncing profile. Agents
2026-09-15 16:33:19.025 [info] GlobalState (Agents): No changes found during synchronizing ui state.
2026-09-15 16:33:19.037 [info] Sync done. Took 12066ms
2026-09-15 16:38:19.043 [info] [AutoSync] Triggered by Interval
2026-09-15 16:38:19.290 [info] Sync started.
2026-09-15 16:38:20.085 [info] Settings: No changes found during synchronizing settings.
2026-09-15 16:38:20.293 [info] Keybindings: No changes found during synchronizing keybindings.
2026-09-15 16:38:20.435 [info] Snippets: No changes found during synchronizing snippets.
2026-09-15 16:38:20.508 [info] Tasks: No changes found during synchronizing tasks.
2026-09-15 16:38:20.605 [info] Mcp: No changes found during synchronizing mcp.
2026-09-15 16:38:21.178 [info] GlobalState: No changes found during synchronizing ui state.
2026-09-15 16:38:22.024 [info] Extensions: No changes found during synchronizing extensions.
2026-09-15 16:38:22.112 [info] Prompts: No changes found during synchronizing prompts.
2026-09-15 16:38:22.202 [info] Profiles: No changes found during synchronizing profiles.
2026-09-15 16:38:22.213 [info] Syncing profile. Agents
2026-09-15 16:38:22.259 [info] GlobalState (Agents): No changes found during synchronizing ui state.
2026-09-15 16:38:22.275 [info] Sync done. Took 3237ms
2026-09-15 16:43:22.876 [info] [AutoSync] Triggered by Interval
2026-09-15 16:43:23.320 [info] Sync started.
2026-09-15 16:43:23.749 [info] Settings: No changes found during synchronizing settings.
2026-09-15 16:43:24.768 [info] Keybindings: No changes found during synchronizing keybindings.
2026-09-15 16:43:25.056 [info] Snippets: No changes found during synchronizing snippets.
2026-09-15 16:43:25.130 [info] Tasks: No changes found during synchronizing tasks.
2026-09-15 16:43:25.143 [info] Mcp: No changes found during synchronizing mcp.
2026-09-15 16:43:25.256 [info] GlobalState: No changes found during synchronizing ui state.
2026-09-15 16:43:26.437 [info] Extensions: No changes found during synchronizing extensions.
2026-09-15 16:43:26.519 [info] Prompts: No changes found during synchronizing prompts.
2026-09-15 16:43:26.542 [info] Profiles: No changes found during synchronizing profiles.
2026-09-15 16:43:26.548 [info] Syncing profile. Agents
2026-09-15 16:43:26.599 [info] GlobalState (Agents): No changes found during synchronizing ui state.
2026-09-15 16:43:26.603 [info] Sync done. Took 4324ms
2026-09-15 16:48:29.423 [info] [AutoSync] Triggered by Interval
2026-09-15 16:48:30.174 [info] Sync started.
2026-09-15 16:48:31.123 [info] Settings: No changes found during synchronizing settings.
2026-09-15 16:48:31.251 [info] Keybindings: No changes found during synchronizing keybindings.
2026-09-15 16:48:31.296 [info] Snippets: No changes found during synchronizing snippets.
2026-09-15 16:48:31.319 [info] Tasks: No changes found during synchronizing tasks.
2026-09-15 16:48:31.379 [info] Mcp: No changes found during synchronizing mcp.
2026-09-15 16:48:31.568 [info] GlobalState: No changes found during synchronizing ui state.
2026-09-15 16:48:32.499 [info] Extensions: No changes found during synchronizing extensions.
2026-09-15 16:48:32.546 [info] Prompts: No changes found during synchronizing prompts.
2026-09-15 16:48:32.560 [info] Profiles: No changes found during synchronizing profiles.
2026-09-15 16:48:32.569 [info] Syncing profile. Agents
2026-09-15 16:48:32.582 [info] GlobalState (Agents): No changes found during synchronizing ui state.
2026-09-15 16:48:32.585 [info] Sync done. Took 5977ms
2026-09-15 16:53:33.263 [info] [AutoSync] Triggered by Interval
2026-09-15 16:53:33.843 [info] Sync started.
2026-09-15 16:53:35.007 [info] Settings: No changes found during synchronizing settings.
2026-09-15 16:53:35.255 [info] Keybindings: No changes found during synchronizing keybindings.
2026-09-15 16:53:35.479 [info] Snippets: No changes found during synchronizing snippets.
2026-09-15 16:53:35.813 [info] Tasks: No changes found during synchronizing tasks.
2026-09-15 16:53:36.087 [info] Mcp: No changes found during synchronizing mcp.
2026-09-15 16:53:37.188 [info] GlobalState: No changes found during synchronizing ui state.
2026-09-15 16:53:40.223 [info] Extensions: No changes found during synchronizing extensions.
2026-09-15 16:53:40.483 [info] Prompts: No changes found during synchronizing prompts.
2026-09-15 16:53:40.533 [info] Profiles: No changes found during synchronizing profiles.
2026-09-15 16:53:40.545 [info] Syncing profile. Agents
2026-09-15 16:53:40.644 [info] GlobalState (Agents): No changes found during synchronizing ui state.
2026-09-15 16:53:40.648 [info] Sync done. Took 8056ms
2026-09-15 16:58:41.563 [info] [AutoSync] Triggered by Interval
2026-09-15 16:58:41.839 [info] Sync started.
2026-09-15 16:58:41.914 [info] Settings: No changes found during synchronizing settings.
2026-09-15 16:58:42.091 [info] Keybindings: No changes found during synchronizing keybindings.
2026-09-15 16:58:42.230 [info] Snippets: No changes found during synchronizing snippets.
2026-09-15 16:58:42.258 [info] Tasks: No changes found during synchronizing tasks.
2026-09-15 16:58:42.321 [info] Mcp: No changes found during synchronizing mcp.
2026-09-15 16:58:42.584 [info] GlobalState: No changes found during synchronizing ui state.
2026-09-15 16:58:43.802 [info] Extensions: No changes found during synchronizing extensions.
2026-09-15 16:58:43.893 [info] Prompts: No changes found during synchronizing prompts.
2026-09-15 16:58:43.962 [info] Profiles: No changes found during synchronizing profiles.
2026-09-15 16:58:43.970 [info] Syncing profile. Agents
2026-09-15 16:58:43.986 [info] GlobalState (Agents): No changes found during synchronizing ui state.
2026-09-15 16:58:43.999 [info] Sync done. Took 3348ms
2026-09-15 17:03:44.006 [info] [AutoSync] Triggered by Interval
2026-09-15 17:03:44.101 [info] Sync started.
2026-09-15 17:03:44.240 [info] Settings: No changes found during synchronizing settings.
2026-09-15 17:03:44.305 [info] Keybindings: No changes found during synchronizing keybindings.
2026-09-15 17:03:44.349 [info] Snippets: No changes found during synchronizing snippets.
2026-09-15 17:03:44.417 [info] Tasks: No changes found during synchronizing tasks.
2026-09-15 17:03:44.579 [info] Mcp: No changes found during synchronizing mcp.
2026-09-15 17:03:44.898 [info] GlobalState: No changes found during synchronizing ui state.
2026-09-15 17:03:45.197 [info] Extensions: No changes found during synchronizing extensions.
2026-09-15 17:03:45.231 [info] Prompts: No changes found during synchronizing prompts.
2026-09-15 17:03:45.245 [info] Profiles: No changes found during synchronizing profiles.
2026-09-15 17:03:45.255 [info] Syncing profile. Agents
2026-09-15 17:03:45.268 [info] GlobalState (Agents): No changes found during synchronizing ui state.
2026-09-15 17:03:45.275 [info] Sync done. Took 1273ms
2026-09-15 17:08:45.431 [info] [AutoSync] Triggered by Interval
2026-09-15 17:08:45.676 [info] Sync started.
2026-09-15 17:08:46.372 [info] Settings: No changes found during synchronizing settings.
2026-09-15 17:08:46.478 [info] Keybindings: No changes found during synchronizing keybindings.
2026-09-15 17:08:46.532 [info] Snippets: No changes found during synchronizing snippets.
2026-09-15 17:08:46.600 [info] Tasks: No changes found during synchronizing tasks.
2026-09-15 17:08:46.629 [info] Mcp: No changes found during synchronizing mcp.
2026-09-15 17:08:46.695 [info] GlobalState: No changes found during synchronizing ui state.
2026-09-15 17:08:47.149 [info] Extensions: No changes found during synchronizing extensions.
2026-09-15 17:08:47.214 [info] Prompts: No changes found during synchronizing prompts.
2026-09-15 17:08:47.287 [info] Profiles: No changes found during synchronizing profiles.
2026-09-15 17:08:47.300 [info] Syncing profile. Agents
2026-09-15 17:08:47.477 [info] GlobalState (Agents): No changes found during synchronizing ui state.
2026-09-15 17:08:47.482 [info] Sync done. Took 2205ms
2026-09-15 17:13:47.486 [info] [AutoSync] Triggered by Interval
2026-09-15 17:13:47.487 [info] Sync started.
2026-09-15 17:13:47.647 [info] Settings: No changes found during synchronizing settings.
2026-09-15 17:13:47.660 [info] Keybindings: No changes found during synchronizing keybindings.
2026-09-15 17:13:47.675 [info] Snippets: No changes found during synchronizing snippets.
2026-09-15 17:13:47.689 [info] Tasks: No changes found during synchronizing tasks.
2026-09-15 17:13:47.700 [info] Mcp: No changes found during synchronizing mcp.
2026-09-15 17:13:47.717 [info] GlobalState: No changes found during synchronizing ui state.
2026-09-15 17:13:48.054 [info] Extensions: No changes found during synchronizing extensions.
2026-09-15 17:13:48.178 [info] Prompts: No changes found during synchronizing prompts.
2026-09-15 17:13:48.185 [info] Profiles: No changes found during synchronizing profiles.
2026-09-15 17:13:48.190 [info] Syncing profile. Agents
2026-09-15 17:13:48.194 [info] GlobalState (Agents): No changes found during synchronizing ui state.
2026-09-15 17:13:48.198 [info] Sync done. Took 715ms
2026-09-15 17:18:48.276 [info] [AutoSync] Triggered by Interval
2026-09-15 17:18:48.277 [info] Sync started.
2026-09-15 17:18:48.422 [info] Settings: No changes found during synchronizing settings.
2026-09-15 17:18:48.436 [info] Keybindings: No changes found during synchronizing keybindings.
2026-09-15 17:18:48.450 [info] Snippets: No changes found during synchronizing snippets.
2026-09-15 17:18:48.463 [info] Tasks: No changes found during synchronizing tasks.
2026-09-15 17:18:48.476 [info] Mcp: No changes found during synchronizing mcp.
2026-09-15 17:18:48.491 [info] GlobalState: No changes found during synchronizing ui state.
2026-09-15 17:18:48.769 [info] Extensions: No changes found during synchronizing extensions.
2026-09-15 17:18:48.806 [info] Prompts: No changes found during synchronizing prompts.
2026-09-15 17:18:48.819 [info] Profiles: No changes found during synchronizing profiles.
2026-09-15 17:18:48.825 [info] Syncing profile. Agents
2026-09-15 17:18:48.842 [info] GlobalState (Agents): No changes found during synchronizing ui state.
2026-09-15 17:18:48.845 [info] Sync done. Took 646ms
2026-09-15 17:23:48.850 [info] [AutoSync] Triggered by Interval
2026-09-15 17:23:48.895 [info] Sync started.
2026-09-15 17:23:49.088 [info] Settings: No changes found during synchronizing settings.
2026-09-15 17:23:49.114 [info] Keybindings: No changes found during synchronizing keybindings.
2026-09-15 17:23:49.140 [info] Snippets: No changes found during synchronizing snippets.
2026-09-15 17:23:49.294 [info] Tasks: No changes found during synchronizing tasks.
2026-09-15 17:23:49.316 [info] Mcp: No changes found during synchronizing mcp.
2026-09-15 17:23:49.367 [info] GlobalState: No changes found during synchronizing ui state.
2026-09-15 17:23:49.558 [info] Extensions: No changes found during synchronizing extensions.
2026-09-15 17:23:49.567 [info] Prompts: No changes found during synchronizing prompts.
2026-09-15 17:23:49.575 [info] Profiles: No changes found during synchronizing profiles.
2026-09-15 17:23:49.582 [info] Syncing profile. Agents
2026-09-15 17:23:49.587 [info] GlobalState (Agents): No changes found during synchronizing ui state.
2026-09-15 17:23:49.592 [info] Sync done. Took 746ms
2026-09-15 17:28:49.596 [info] [AutoSync] Triggered by Interval
2026-09-15 17:28:49.597 [info] Sync started.
2026-09-15 17:28:49.765 [info] Settings: No changes found during synchronizing settings.
2026-09-15 17:28:49.776 [info] Keybindings: No changes found during synchronizing keybindings.
2026-09-15 17:28:49.788 [info] Snippets: No changes found during synchronizing snippets.
2026-09-15 17:28:49.800 [info] Tasks: No changes found during synchronizing tasks.
2026-09-15 17:28:49.812 [info] Mcp: No changes found during synchronizing mcp.
2026-09-15 17:28:49.829 [info] GlobalState: No changes found during synchronizing ui state.
2026-09-15 17:28:50.045 [info] Extensions: No changes found during synchronizing extensions.
2026-09-15 17:28:50.106 [info] Prompts: No changes found during synchronizing prompts.
2026-09-15 17:28:50.123 [info] Profiles: No changes found during synchronizing profiles.
2026-09-15 17:28:50.128 [info] Syncing profile. Agents
2026-09-15 17:28:50.142 [info] GlobalState (Agents): No changes found during synchronizing ui state.
2026-09-15 17:28:50.146 [info] Sync done. Took 552ms
2026-09-15 17:33:50.150 [info] [AutoSync] Triggered by Interval
2026-09-15 17:33:50.173 [info] Sync started.
2026-09-15 17:33:50.309 [info] Settings: No changes found during synchronizing settings.
2026-09-15 17:33:50.320 [info] Keybindings: No changes found during synchronizing keybindings.
2026-09-15 17:33:50.332 [info] Snippets: No changes found during synchronizing snippets.
2026-09-15 17:33:50.342 [info] Tasks: No changes found during synchronizing tasks.
2026-09-15 17:33:50.355 [info] Mcp: No changes found during synchronizing mcp.
2026-09-15 17:33:50.369 [info] GlobalState: No changes found during synchronizing ui state.
2026-09-15 17:33:50.506 [info] Extensions: No changes found during synchronizing extensions.
2026-09-15 17:33:50.557 [info] Prompts: No changes found during synchronizing prompts.
2026-09-15 17:33:50.565 [info] Profiles: No changes found during synchronizing profiles.
2026-09-15 17:33:50.571 [info] Syncing profile. Agents
2026-09-15 17:33:50.581 [info] GlobalState (Agents): No changes found during synchronizing ui state.
2026-09-15 17:33:50.584 [info] Sync done. Took 437ms
2026-09-15 17:38:50.643 [info] [AutoSync] Triggered by Interval
2026-09-15 17:38:50.715 [info] Sync started.
2026-09-15 17:38:51.825 [info] Settings: No changes found during synchronizing settings.
2026-09-15 17:38:52.674 [info] Keybindings: No changes found during synchronizing keybindings.
2026-09-15 17:38:52.812 [info] Snippets: No changes found during synchronizing snippets.
2026-09-15 17:38:52.836 [info] Tasks: No changes found during synchronizing tasks.
2026-09-15 17:38:52.850 [info] Mcp: No changes found during synchronizing mcp.
2026-09-15 17:38:52.949 [info] GlobalState: No changes found during synchronizing ui state.
2026-09-15 17:38:54.262 [info] Extensions: No changes found during synchronizing extensions.
2026-09-15 17:38:54.329 [info] Prompts: No changes found during synchronizing prompts.
2026-09-15 17:38:54.357 [info] Profiles: No changes found during synchronizing profiles.
2026-09-15 17:38:54.360 [info] Syncing profile. Agents
2026-09-15 17:38:54.392 [info] GlobalState (Agents): No changes found during synchronizing ui state.
2026-09-15 17:38:54.395 [info] Sync done. Took 3809ms
2026-09-15 17:43:54.403 [info] [AutoSync] Triggered by Interval
2026-09-15 17:43:54.985 [info] Sync started.
2026-09-15 17:43:55.025 [info] Settings: No changes found during synchronizing settings.
2026-09-15 17:43:55.218 [info] Keybindings: No changes found during synchronizing keybindings.
2026-09-15 17:43:55.236 [info] Snippets: No changes found during synchronizing snippets.
2026-09-15 17:43:55.741 [info] Tasks: No changes found during synchronizing tasks.
2026-09-15 17:43:56.517 [info] Mcp: No changes found during synchronizing mcp.
2026-09-15 17:43:57.203 [info] GlobalState: No changes found during synchronizing ui state.
2026-09-15 17:43:58.376 [info] Extensions: No changes found during synchronizing extensions.
2026-09-15 17:43:58.726 [info] Prompts: No changes found during synchronizing prompts.
2026-09-15 17:43:58.861 [info] Profiles: No changes found during synchronizing profiles.
2026-09-15 17:43:58.868 [info] Syncing profile. Agents
2026-09-15 17:43:59.263 [info] GlobalState (Agents): No changes found during synchronizing ui state.
2026-09-15 17:43:59.267 [info] Sync done. Took 4869ms
2026-09-15 17:49:00.201 [info] [AutoSync] Triggered by Interval
2026-09-15 17:49:00.926 [info] Sync started.
2026-09-15 17:49:01.161 [info] Settings: No changes found during synchronizing settings.
2026-09-15 17:49:01.314 [info] Keybindings: No changes found during synchronizing keybindings.
2026-09-15 17:49:01.334 [info] Snippets: No changes found during synchronizing snippets.
2026-09-15 17:49:01.358 [info] Tasks: No changes found during synchronizing tasks.
2026-09-15 17:49:01.388 [info] Mcp: No changes found during synchronizing mcp.
2026-09-15 17:49:01.454 [info] GlobalState: No changes found during synchronizing ui state.
2026-09-15 17:49:01.820 [info] Extensions: No changes found during synchronizing extensions.
2026-09-15 17:49:01.886 [info] Prompts: No changes found during synchronizing prompts.
2026-09-15 17:49:01.944 [info] Profiles: No changes found during synchronizing profiles.
2026-09-15 17:49:01.954 [info] Syncing profile. Agents
2026-09-15 17:49:01.989 [info] GlobalState (Agents): No changes found during synchronizing ui state.
2026-09-15 17:49:02.028 [info] Sync done. Took 2728ms
2026-09-15 17:54:02.035 [info] [AutoSync] Triggered by Interval
2026-09-15 17:54:02.053 [info] Sync started.
2026-09-15 17:54:02.255 [info] Settings: No changes found during synchronizing settings.
2026-09-15 17:54:02.285 [info] Keybindings: No changes found during synchronizing keybindings.
2026-09-15 17:54:02.303 [info] Snippets: No changes found during synchronizing snippets.
2026-09-15 17:54:02.317 [info] Tasks: No changes found during synchronizing tasks.
2026-09-15 17:54:02.333 [info] Mcp: No changes found during synchronizing mcp.
2026-09-15 17:54:02.391 [info] GlobalState: No changes found during synchronizing ui state.
2026-09-15 17:54:02.576 [info] Extensions: No changes found during synchronizing extensions.
2026-09-15 17:54:02.636 [info] Prompts: No changes found during synchronizing prompts.
2026-09-15 17:54:02.662 [info] Profiles: No changes found during synchronizing profiles.
2026-09-15 17:54:02.681 [info] Syncing profile. Agents
2026-09-15 17:54:02.705 [info] GlobalState (Agents): No changes found during synchronizing ui state.
2026-09-15 17:54:02.711 [info] Sync done. Took 681ms
2026-09-15 17:59:02.715 [info] [AutoSync] Triggered by Interval
2026-09-15 17:59:02.716 [info] Sync started.
2026-09-15 17:59:02.901 [info] Settings: No changes found during synchronizing settings.
2026-09-15 17:59:02.914 [info] Keybindings: No changes found during synchronizing keybindings.
2026-09-15 17:59:02.926 [info] Snippets: No changes found during synchronizing snippets.
2026-09-15 17:59:02.937 [info] Tasks: No changes found during synchronizing tasks.
2026-09-15 17:59:02.949 [info] Mcp: No changes found during synchronizing mcp.
2026-09-15 17:59:02.963 [info] GlobalState: No changes found during synchronizing ui state.
2026-09-15 17:59:03.165 [info] Extensions: No changes found during synchronizing extensions.
2026-09-15 17:59:03.174 [info] Prompts: No changes found during synchronizing prompts.
2026-09-15 17:59:03.180 [info] Profiles: No changes found during synchronizing profiles.
2026-09-15 17:59:03.186 [info] Syncing profile. Agents
2026-09-15 17:59:03.191 [info] GlobalState (Agents): No changes found during synchronizing ui state.
2026-09-15 17:59:03.195 [info] Sync done. Took 483ms
2026-09-15 18:04:03.200 [info] [AutoSync] Triggered by Interval
2026-09-15 18:04:03.201 [info] Sync started.
2026-09-15 18:04:03.367 [info] Settings: No changes found during synchronizing settings.
2026-09-15 18:04:03.380 [info] Keybindings: No changes found during synchronizing keybindings.
2026-09-15 18:04:03.391 [info] Snippets: No changes found during synchronizing snippets.
2026-09-15 18:04:03.402 [info] Tasks: No changes found during synchronizing tasks.
2026-09-15 18:04:03.415 [info] Mcp: No changes found during synchronizing mcp.
2026-09-15 18:04:03.428 [info] GlobalState: No changes found during synchronizing ui state.
2026-09-15 18:04:03.592 [info] Extensions: No changes found during synchronizing extensions.
2026-09-15 18:04:03.628 [info] Prompts: No changes found during synchronizing prompts.
2026-09-15 18:04:03.636 [info] Profiles: No changes found during synchronizing profiles.
2026-09-15 18:04:03.641 [info] Syncing profile. Agents
2026-09-15 18:04:03.648 [info] GlobalState (Agents): No changes found during synchronizing ui state.
2026-09-15 18:04:03.650 [info] Sync done. Took 455ms
2026-09-15 18:09:03.655 [info] [AutoSync] Triggered by Interval
2026-09-15 18:09:03.656 [info] Sync started.
2026-09-15 18:09:03.913 [info] Settings: No changes found during synchronizing settings.
2026-09-15 18:09:03.935 [info] Keybindings: No changes found during synchronizing keybindings.
2026-09-15 18:09:03.947 [info] Snippets: No changes found during synchronizing snippets.
2026-09-15 18:09:03.956 [info] Tasks: No changes found during synchronizing tasks.
2026-09-15 18:09:03.968 [info] Mcp: No changes found during synchronizing mcp.
2026-09-15 18:09:03.987 [info] GlobalState: No changes found during synchronizing ui state.
2026-09-15 18:09:04.110 [info] Extensions: No changes found during synchronizing extensions.
2026-09-15 18:09:04.142 [info] Prompts: No changes found during synchronizing prompts.
2026-09-15 18:09:04.151 [info] Profiles: No changes found during synchronizing profiles.
2026-09-15 18:09:04.164 [info] Syncing profile. Agents
2026-09-15 18:09:04.186 [info] GlobalState (Agents): No changes found during synchronizing ui state.
2026-09-15 18:09:04.190 [info] Sync done. Took 539ms
2026-09-15 18:14:04.195 [info] [AutoSync] Triggered by Interval
2026-09-15 18:14:04.197 [info] Sync started.
2026-09-15 18:14:04.386 [info] Settings: No changes found during synchronizing settings.
2026-09-15 18:14:04.399 [info] Keybindings: No changes found during synchronizing keybindings.
2026-09-15 18:14:04.410 [info] Snippets: No changes found during synchronizing snippets.
2026-09-15 18:14:04.420 [info] Tasks: No changes found during synchronizing tasks.
2026-09-15 18:14:04.433 [info] Mcp: No changes found during synchronizing mcp.
2026-09-15 18:14:04.449 [info] GlobalState: No changes found during synchronizing ui state.
2026-09-15 18:14:04.613 [info] Extensions: No changes found during synchronizing extensions.
2026-09-15 18:14:04.628 [info] Prompts: No changes found during synchronizing prompts.
2026-09-15 18:14:04.635 [info] Profiles: No changes found during synchronizing profiles.
2026-09-15 18:14:04.643 [info] Syncing profile. Agents
2026-09-15 18:14:04.645 [info] GlobalState (Agents): No changes found during synchronizing ui state.
2026-09-15 18:14:04.649 [info] Sync done. Took 457ms
2026-09-15 18:19:04.653 [info] [AutoSync] Triggered by Interval
2026-09-15 18:19:04.655 [info] Sync started.
2026-09-15 18:19:04.805 [info] Settings: No changes found during synchronizing settings.
2026-09-15 18:19:04.815 [info] Keybindings: No changes found during synchronizing keybindings.
2026-09-15 18:19:04.827 [info] Snippets: No changes found during synchronizing snippets.
2026-09-15 18:19:04.836 [info] Tasks: No changes found during synchronizing tasks.
2026-09-15 18:19:04.864 [info] Mcp: No changes found during synchronizing mcp.
2026-09-15 18:19:04.867 [info] GlobalState: No changes found during synchronizing ui state.
2026-09-15 18:19:05.035 [info] Extensions: No changes found during synchronizing extensions.
2026-09-15 18:19:05.045 [info] Prompts: No changes found during synchronizing prompts.
2026-09-15 18:19:05.050 [info] Profiles: No changes found during synchronizing profiles.
2026-09-15 18:19:05.057 [info] Syncing profile. Agents
2026-09-15 18:19:05.061 [info] GlobalState (Agents): No changes found during synchronizing ui state.
2026-09-15 18:19:05.063 [info] Sync done. Took 414ms
2026-09-15 18:24:05.097 [info] [AutoSync] Triggered by Interval
2026-09-15 18:24:05.243 [info] Sync started.
2026-09-15 18:24:05.306 [info] Settings: No changes found during synchronizing settings.
2026-09-15 18:24:05.481 [info] Keybindings: No changes found during synchronizing keybindings.
2026-09-15 18:24:05.529 [info] Snippets: No changes found during synchronizing snippets.
2026-09-15 18:24:05.576 [info] Tasks: No changes found during synchronizing tasks.
2026-09-15 18:24:05.590 [info] Mcp: No changes found during synchronizing mcp.
2026-09-15 18:24:05.638 [info] GlobalState: No changes found during synchronizing ui state.
2026-09-15 18:24:05.905 [info] Extensions: No changes found during synchronizing extensions.
2026-09-15 18:24:05.981 [info] Prompts: No changes found during synchronizing prompts.
2026-09-15 18:24:05.995 [info] Profiles: No changes found during synchronizing profiles.
2026-09-15 18:24:06.000 [info] Syncing profile. Agents
2026-09-15 18:24:06.017 [info] GlobalState (Agents): No changes found during synchronizing ui state.
2026-09-15 18:24:06.019 [info] Sync done. Took 955ms
2026-09-15 18:29:06.024 [info] [AutoSync] Triggered by Interval
2026-09-15 18:29:06.048 [info] Sync started.
2026-09-15 18:29:06.224 [info] Settings: No changes found during synchronizing settings.
2026-09-15 18:29:06.294 [info] Keybindings: No changes found during synchronizing keybindings.
2026-09-15 18:29:06.324 [info] Snippets: No changes found during synchronizing snippets.
2026-09-15 18:29:06.347 [info] Tasks: No changes found during synchronizing tasks.
2026-09-15 18:29:06.363 [info] Mcp: No changes found during synchronizing mcp.
2026-09-15 18:29:06.407 [info] GlobalState: No changes found during synchronizing ui state.
2026-09-15 18:29:06.765 [info] Extensions: No changes found during synchronizing extensions.
2026-09-15 18:29:06.788 [info] Prompts: No changes found during synchronizing prompts.
2026-09-15 18:29:06.801 [info] Profiles: No changes found during synchronizing profiles.
2026-09-15 18:29:06.806 [info] Syncing profile. Agents
2026-09-15 18:29:06.823 [info] GlobalState (Agents): No changes found during synchronizing ui state.
2026-09-15 18:29:06.828 [info] Sync done. Took 806ms
2026-09-15 18:30:25.593 [info] [AutoSync] Triggered by Activity
2026-09-15 18:30:25.866 [info] Sync started.
2026-09-15 18:30:25.917 [info] Settings: No changes found during synchronizing settings.
2026-09-15 18:30:26.282 [info] Keybindings: No changes found during synchronizing keybindings.
2026-09-15 18:30:28.181 [info] Snippets: No changes found during synchronizing snippets.
2026-09-15 18:30:28.270 [info] Tasks: No changes found during synchronizing tasks.
2026-09-15 18:30:28.327 [info] Mcp: No changes found during synchronizing mcp.
2026-09-15 18:30:28.476 [info] GlobalState: No changes found during synchronizing ui state.
2026-09-15 18:30:30.196 [info] Extensions: No changes found during synchronizing extensions.
2026-09-15 18:30:30.224 [info] Prompts: No changes found during synchronizing prompts.
2026-09-15 18:30:30.281 [info] Profiles: No changes found during synchronizing profiles.
2026-09-15 18:30:30.286 [info] Syncing profile. Agents
2026-09-15 18:30:30.382 [info] GlobalState (Agents): No changes found during synchronizing ui state.
2026-09-15 18:30:30.386 [info] Sync done. Took 4799ms
2026-09-15 18:32:07.800 [info] [AutoSync] Triggered by Activity
2026-09-15 18:32:08.009 [info] Sync started.
2026-09-15 18:32:08.061 [info] Settings: No changes found during synchronizing settings.
2026-09-15 18:32:08.107 [info] Keybindings: No changes found during synchronizing keybindings.
2026-09-15 18:32:08.133 [info] Snippets: No changes found during synchronizing snippets.
2026-09-15 18:32:08.598 [info] Tasks: No changes found during synchronizing tasks.
2026-09-15 18:32:08.640 [info] Mcp: No changes found during synchronizing mcp.
2026-09-15 18:32:08.724 [info] GlobalState: No changes found during synchronizing ui state.
2026-09-15 18:32:08.964 [info] Extensions: No changes found during synchronizing extensions.
2026-09-15 18:32:09.091 [info] Prompts: No changes found during synchronizing prompts.
2026-09-15 18:32:09.096 [info] Profiles: No changes found during synchronizing profiles.
2026-09-15 18:32:09.101 [info] Syncing profile. Agents
2026-09-15 18:32:09.240 [info] GlobalState (Agents): No changes found during synchronizing ui state.
2026-09-15 18:32:09.243 [info] Sync done. Took 2433ms
2026-09-15 18:32:50.286 [info] [AutoSync] Triggered by Activity
2026-09-15 18:32:50.308 [info] Sync started.
2026-09-15 18:32:50.552 [info] Settings: No changes found during synchronizing settings.
2026-09-15 18:32:50.627 [info] Keybindings: No changes found during synchronizing keybindings.
2026-09-15 18:32:50.852 [info] Snippets: No changes found during synchronizing snippets.
2026-09-15 18:32:50.981 [info] Tasks: No changes found during synchronizing tasks.
2026-09-15 18:32:51.058 [info] Mcp: No changes found during synchronizing mcp.
2026-09-15 18:32:51.156 [info] GlobalState: No changes found during synchronizing ui state.
2026-09-15 18:32:51.433 [info] Extensions: No changes found during synchronizing extensions.
2026-09-15 18:32:51.458 [info] Prompts: No changes found during synchronizing prompts.
2026-09-15 18:32:51.472 [info] Profiles: No changes found during synchronizing profiles.
2026-09-15 18:32:51.477 [info] Syncing profile. Agents
2026-09-15 18:32:51.495 [info] GlobalState (Agents): No changes found during synchronizing ui state.
2026-09-15 18:32:51.500 [info] Sync done. Took 1222ms
2026-09-15 18:36:24.421 [info] [AutoSync] Triggered by Activity
2026-09-15 18:36:25.780 [info] Sync started.
2026-09-15 18:36:25.943 [info] Settings: No changes found during synchronizing settings.
2026-09-15 18:36:26.311 [info] Keybindings: No changes found during synchronizing keybindings.
2026-09-15 18:36:26.467 [info] Snippets: No changes found during synchronizing snippets.
2026-09-15 18:36:26.511 [info] Tasks: No changes found during synchronizing tasks.
2026-09-15 18:36:26.633 [info] Mcp: No changes found during synchronizing mcp.
2026-09-15 18:36:26.811 [info] GlobalState: No changes found during synchronizing ui state.
2026-09-15 18:36:28.155 [info] Extensions: No changes found during synchronizing extensions.
2026-09-15 18:36:28.185 [info] Prompts: No changes found during synchronizing prompts.
2026-09-15 18:36:28.211 [info] Profiles: No changes found during synchronizing profiles.
2026-09-15 18:36:28.217 [info] Syncing profile. Agents
2026-09-15 18:36:28.233 [info] GlobalState (Agents): No changes found during synchronizing ui state.
2026-09-15 18:36:28.236 [info] Sync done. Took 4040ms
2026-09-15 18:36:55.125 [info] [AutoSync] Triggered by Activity
2026-09-15 18:36:55.125 [info] Sync started.
2026-09-15 18:36:55.323 [info] Settings: No changes found during synchronizing settings.
2026-09-15 18:36:55.339 [info] Keybindings: No changes found during synchronizing keybindings.
2026-09-15 18:36:55.351 [info] Snippets: No changes found during synchronizing snippets.
2026-09-15 18:36:55.363 [info] Tasks: No changes found during synchronizing tasks.
2026-09-15 18:36:55.384 [info] Mcp: No changes found during synchronizing mcp.
2026-09-15 18:36:55.403 [info] GlobalState: No changes found during synchronizing ui state.
2026-09-15 18:36:55.973 [info] Extensions: No changes found during synchronizing extensions.
2026-09-15 18:36:55.989 [info] Prompts: No changes found during synchronizing prompts.
2026-09-15 18:36:55.996 [info] Profiles: No changes found during synchronizing profiles.
2026-09-15 18:36:56.002 [info] Syncing profile. Agents
2026-09-15 18:36:56.009 [info] GlobalState (Agents): No changes found during synchronizing ui state.
2026-09-15 18:36:56.012 [info] Sync done. Took 890ms
2026-09-15 18:39:05.423 [info] [AutoSync] Triggered by Activity
2026-09-15 18:39:06.019 [info] Sync started.
2026-09-15 18:39:12.522 [info] Settings: No changes found during synchronizing settings.
2026-09-15 18:39:12.846 [info] Keybindings: No changes found during synchronizing keybindings.
2026-09-15 18:39:14.284 [info] Snippets: No changes found during synchronizing snippets.
2026-09-15 18:39:14.594 [info] Tasks: No changes found during synchronizing tasks.
2026-09-15 18:39:14.945 [info] Mcp: No changes found during synchronizing mcp.
2026-09-15 18:39:16.025 [info] GlobalState: No changes found during synchronizing ui state.
2026-09-15 18:39:29.594 [info] Extensions: No changes found during synchronizing extensions.
2026-09-15 18:39:37.708 [info] Prompts: No changes found during synchronizing prompts.
2026-09-15 18:39:37.978 [info] Profiles: No changes found during synchronizing profiles.
2026-09-15 18:39:38.003 [info] Syncing profile. Agents
2026-09-15 18:39:38.235 [info] GlobalState (Agents): No changes found during synchronizing ui state.
2026-09-15 18:39:38.239 [info] Sync done. Took 37715ms
2026-09-15 18:39:52.117 [info] [AutoSync] Triggered by Activity
2026-09-15 18:39:52.118 [info] Sync started.
2026-09-15 18:39:52.495 [info] Settings: No changes found during synchronizing settings.
2026-09-15 18:39:52.570 [info] Keybindings: No changes found during synchronizing keybindings.
2026-09-15 18:39:52.683 [info] Snippets: No changes found during synchronizing snippets.
2026-09-15 18:39:52.760 [info] Tasks: No changes found during synchronizing tasks.
2026-09-15 18:39:52.826 [info] Mcp: No changes found during synchronizing mcp.
2026-09-15 18:39:52.987 [info] GlobalState: No changes found during synchronizing ui state.
2026-09-15 18:39:53.508 [info] Extensions: No changes found during synchronizing extensions.
2026-09-15 18:39:53.533 [info] Prompts: No changes found during synchronizing prompts.
2026-09-15 18:39:53.538 [info] Profiles: No changes found during synchronizing profiles.
2026-09-15 18:39:53.543 [info] Syncing profile. Agents
2026-09-15 18:39:53.551 [info] GlobalState (Agents): No changes found during synchronizing ui state.
2026-09-15 18:39:53.569 [info] Sync done. Took 1453ms
2026-09-15 18:42:06.162 [info] [AutoSync] Triggered by Activity
2026-09-15 18:42:06.254 [info] Sync started.
2026-09-15 18:42:06.930 [info] Settings: No changes found during synchronizing settings.
2026-09-15 18:42:06.988 [info] Keybindings: No changes found during synchronizing keybindings.
2026-09-15 18:42:07.873 [info] Snippets: No changes found during synchronizing snippets.
2026-09-15 18:42:08.277 [info] Tasks: No changes found during synchronizing tasks.
2026-09-15 18:42:08.452 [info] Mcp: No changes found during synchronizing mcp.
2026-09-15 18:42:09.310 [info] GlobalState: No changes found during synchronizing ui state.
2026-09-15 18:42:11.851 [info] Extensions: No changes found during synchronizing extensions.
2026-09-15 18:42:11.921 [info] Prompts: No changes found during synchronizing prompts.
2026-09-15 18:42:12.073 [info] Profiles: No changes found during synchronizing profiles.
2026-09-15 18:42:12.080 [info] Syncing profile. Agents
2026-09-15 18:42:12.130 [info] GlobalState (Agents): No changes found during synchronizing ui state.
2026-09-15 18:42:12.135 [info] Sync done. Took 5991ms
2026-09-15 18:47:12.173 [info] [AutoSync] Triggered by Interval
2026-09-15 18:47:12.616 [info] Sync started.
2026-09-15 18:47:13.010 [info] Settings: No changes found during synchronizing settings.
2026-09-15 18:47:13.512 [info] Keybindings: No changes found during synchronizing keybindings.
2026-09-15 18:47:13.736 [info] Snippets: No changes found during synchronizing snippets.
2026-09-15 18:47:13.861 [info] Tasks: No changes found during synchronizing tasks.
2026-09-15 18:47:13.901 [info] Mcp: No changes found during synchronizing mcp.
2026-09-15 18:47:14.146 [info] GlobalState: No changes found during synchronizing ui state.
2026-09-15 18:47:16.566 [info] Extensions: No changes found during synchronizing extensions.
2026-09-15 18:47:16.979 [info] Prompts: No changes found during synchronizing prompts.
2026-09-15 18:47:17.293 [info] Profiles: No changes found during synchronizing profiles.
2026-09-15 18:47:17.304 [info] Syncing profile. Agents
2026-09-15 18:47:17.502 [info] GlobalState (Agents): No changes found during synchronizing ui state.
2026-09-15 18:47:17.508 [info] Sync done. Took 5367ms
2026-09-15 18:52:17.537 [info] [AutoSync] Triggered by Interval
2026-09-15 18:52:17.766 [info] Sync started.
2026-09-15 18:52:18.204 [info] Settings: No changes found during synchronizing settings.
2026-09-15 18:52:18.233 [info] Keybindings: No changes found during synchronizing keybindings.
2026-09-15 18:52:18.266 [info] Snippets: No changes found during synchronizing snippets.
2026-09-15 18:52:18.400 [info] Tasks: No changes found during synchronizing tasks.
2026-09-15 18:52:18.432 [info] Mcp: No changes found during synchronizing mcp.
2026-09-15 18:52:18.503 [info] GlobalState: No changes found during synchronizing ui state.
2026-09-15 18:52:19.085 [info] Extensions: No changes found during synchronizing extensions.
2026-09-15 18:52:19.129 [info] Prompts: No changes found during synchronizing prompts.
2026-09-15 18:52:19.152 [info] Profiles: No changes found during synchronizing profiles.
2026-09-15 18:52:19.158 [info] Syncing profile. Agents
2026-09-15 18:52:19.229 [info] GlobalState (Agents): No changes found during synchronizing ui state.
2026-09-15 18:52:19.235 [info] Sync done. Took 1726ms
2026-09-15 18:57:20.494 [info] [AutoSync] Triggered by Interval
2026-09-15 18:57:21.574 [info] Sync started.
2026-09-15 18:57:26.370 [info] Settings: No changes found during synchronizing settings.
2026-09-15 18:57:26.579 [info] Keybindings: No changes found during synchronizing keybindings.
2026-09-15 18:57:27.273 [info] Snippets: No changes found during synchronizing snippets.
2026-09-15 18:57:27.393 [info] Tasks: No changes found during synchronizing tasks.
2026-09-15 18:57:27.658 [info] Mcp: No changes found during synchronizing mcp.
2026-09-15 18:57:28.568 [info] GlobalState: No changes found during synchronizing ui state.
2026-09-15 18:57:32.719 [info] Extensions: No changes found during synchronizing extensions.
2026-09-15 18:57:32.969 [info] Prompts: No changes found during synchronizing prompts.
2026-09-15 18:57:34.967 [info] Profiles: No changes found during synchronizing profiles.
2026-09-15 18:57:35.313 [info] Syncing profile. Agents
2026-09-15 18:57:35.614 [info] GlobalState (Agents): No changes found during synchronizing ui state.
2026-09-15 18:57:35.618 [info] Sync done. Took 16100ms
2026-09-15 19:02:39.256 [info] [AutoSync] Triggered by Interval
2026-09-15 19:02:39.956 [info] Sync started.
2026-09-15 19:02:41.732 [info] Settings: No changes found during synchronizing settings.
2026-09-15 19:02:42.361 [info] Keybindings: No changes found during synchronizing keybindings.
2026-09-15 19:02:42.715 [info] Snippets: No changes found during synchronizing snippets.
2026-09-15 19:02:43.239 [info] Tasks: No changes found during synchronizing tasks.
2026-09-15 19:02:43.630 [info] Mcp: No changes found during synchronizing mcp.
2026-09-15 19:02:44.231 [info] GlobalState: No changes found during synchronizing ui state.
2026-09-15 19:02:46.774 [info] Extensions: No changes found during synchronizing extensions.
2026-09-15 19:02:46.807 [info] Prompts: No changes found during synchronizing prompts.
2026-09-15 19:02:46.832 [info] Profiles: No changes found during synchronizing profiles.
2026-09-15 19:02:46.840 [info] Syncing profile. Agents
2026-09-15 19:02:46.895 [info] GlobalState (Agents): No changes found during synchronizing ui state.
2026-09-15 19:02:46.900 [info] Sync done. Took 11270ms
2026-09-15 19:05:18.866 [info] [AutoSync] Triggered by Activity
2026-09-15 19:05:19.720 [info] Sync started.
2026-09-15 19:05:20.612 [info] Settings: No changes found during synchronizing settings.
2026-09-15 19:05:21.537 [info] Keybindings: No changes found during synchronizing keybindings.
2026-09-15 19:05:22.283 [info] Snippets: No changes found during synchronizing snippets.
2026-09-15 19:05:22.584 [info] Tasks: No changes found during synchronizing tasks.
2026-09-15 19:05:22.849 [info] Mcp: No changes found during synchronizing mcp.
2026-09-15 19:05:24.126 [info] GlobalState: No changes found during synchronizing ui state.
2026-09-15 19:05:32.704 [info] Extensions: No changes found during synchronizing extensions.
2026-09-15 19:05:34.992 [info] Prompts: No changes found during synchronizing prompts.
2026-09-15 19:05:35.639 [info] Profiles: No changes found during synchronizing profiles.
2026-09-15 19:05:35.640 [info] Syncing profile. Agents
2026-09-15 19:05:35.641 [info] GlobalState (Agents): No changes found during synchronizing ui state.
2026-09-15 19:05:35.642 [info] Sync done. Took 16373ms
2026-09-15 19:10:34.574 [info] [AutoSync] Triggered by Interval
2026-09-15 19:10:34.680 [info] Sync started.
2026-09-15 19:10:35.518 [info] Settings: No changes found during synchronizing settings.
2026-09-15 19:10:35.640 [info] Keybindings: No changes found during synchronizing keybindings.
2026-09-15 19:10:35.746 [info] Snippets: No changes found during synchronizing snippets.
2026-09-15 19:10:35.793 [info] Tasks: No changes found during synchronizing tasks.
2026-09-15 19:10:35.846 [info] Mcp: No changes found during synchronizing mcp.
2026-09-15 19:10:35.954 [info] GlobalState: No changes found during synchronizing ui state.
2026-09-15 19:10:37.654 [info] Extensions: No changes found during synchronizing extensions.
2026-09-15 19:10:37.742 [info] Prompts: No changes found during synchronizing prompts.
2026-09-15 19:10:37.789 [info] Profiles: No changes found during synchronizing profiles.
2026-09-15 19:10:37.797 [info] Syncing profile. Agents
2026-09-15 19:10:37.846 [info] GlobalState (Agents): No changes found during synchronizing ui state.
2026-09-15 19:10:37.851 [info] Sync done. Took 3283ms
2026-09-15 19:15:37.869 [info] [AutoSync] Triggered by Interval
2026-09-15 19:15:37.957 [info] Sync started.
2026-09-15 19:15:38.231 [info] Settings: No changes found during synchronizing settings.
2026-09-15 19:15:38.294 [info] Keybindings: No changes found during synchronizing keybindings.
2026-09-15 19:15:38.653 [info] Snippets: No changes found during synchronizing snippets.
2026-09-15 19:15:38.720 [info] Tasks: No changes found during synchronizing tasks.
2026-09-15 19:15:38.752 [info] Mcp: No changes found during synchronizing mcp.
2026-09-15 19:15:38.827 [info] GlobalState: No changes found during synchronizing ui state.
2026-09-15 19:15:40.548 [info] Extensions: No changes found during synchronizing extensions.
2026-09-15 19:15:40.592 [info] Prompts: No changes found during synchronizing prompts.
2026-09-15 19:15:40.639 [info] Profiles: No changes found during synchronizing profiles.
2026-09-15 19:15:40.646 [info] Syncing profile. Agents
2026-09-15 19:15:40.683 [info] GlobalState (Agents): No changes found during synchronizing ui state.
2026-09-15 19:15:40.689 [info] Sync done. Took 2835ms
2026-09-15 19:20:40.737 [info] [AutoSync] Triggered by Interval
2026-09-15 19:20:41.272 [info] Sync started.
2026-09-15 19:20:41.536 [info] Settings: No changes found during synchronizing settings.
2026-09-15 19:20:41.721 [info] Keybindings: No changes found during synchronizing keybindings.
2026-09-15 19:20:42.034 [info] Snippets: No changes found during synchronizing snippets.
2026-09-15 19:20:42.136 [info] Tasks: No changes found during synchronizing tasks.
2026-09-15 19:20:42.213 [info] Mcp: No changes found during synchronizing mcp.
2026-09-15 19:20:42.449 [info] GlobalState: No changes found during synchronizing ui state.
2026-09-15 19:20:45.948 [info] Extensions: No changes found during synchronizing extensions.
2026-09-15 19:20:47.948 [info] Prompts: No changes found during synchronizing prompts.
2026-09-15 19:20:48.466 [info] Profiles: No changes found during synchronizing profiles.
2026-09-15 19:20:48.571 [info] Syncing profile. Agents
2026-09-15 19:20:51.149 [info] GlobalState (Agents): No changes found during synchronizing ui state.
2026-09-15 19:20:51.247 [info] Sync done. Took 10501ms
2026-09-15 19:25:51.961 [info] [AutoSync] Triggered by Interval
2026-09-15 19:25:53.104 [info] Sync started.
2026-09-15 19:25:55.752 [info] Settings: No changes found during synchronizing settings.
2026-09-15 19:25:59.671 [info] Keybindings: No changes found during synchronizing keybindings.
2026-09-15 19:26:00.316 [info] Snippets: No changes found during synchronizing snippets.
2026-09-15 19:26:00.696 [info] Tasks: No changes found during synchronizing tasks.
2026-09-15 19:26:00.943 [info] Mcp: No changes found during synchronizing mcp.
2026-09-15 19:26:02.416 [info] GlobalState: No changes found during synchronizing ui state.
2026-09-15 19:27:37.371 [info] Extensions: No changes found during synchronizing extensions.
2026-09-15 19:28:35.912 [info] Prompts: No changes found during synchronizing prompts.
2026-09-15 19:28:51.425 [info] Profiles: No changes found during synchronizing profiles.
2026-09-15 19:28:51.771 [info] Syncing profile. Agents
2026-09-15 19:28:57.623 [info] GlobalState (Agents): No changes found during synchronizing ui state.
2026-09-15 19:28:59.470 [info] Sync done. Took 186067ms
2026-09-15 19:34:00.866 [info] [AutoSync] Triggered by Interval
2026-09-15 19:34:01.078 [info] Sync started.
2026-09-15 19:34:12.302 [info] Settings: No changes found during synchronizing settings.
2026-09-15 19:34:12.901 [info] Keybindings: No changes found during synchronizing keybindings.
2026-09-15 19:34:13.703 [info] Snippets: No changes found during synchronizing snippets.
2026-09-15 19:34:14.066 [info] Tasks: No changes found during synchronizing tasks.
2026-09-15 19:34:15.244 [info] Mcp: No changes found during synchronizing mcp.
2026-09-15 19:34:18.083 [info] GlobalState: No changes found during synchronizing ui state.
2026-09-15 19:34:39.673 [info] Extensions: No changes found during synchronizing extensions.
2026-09-15 19:34:54.789 [info] Prompts: No changes found during synchronizing prompts.
2026-09-15 19:35:03.264 [info] Profiles: No changes found during synchronizing profiles.
2026-09-15 19:35:03.268 [info] Syncing profile. Agents
2026-09-15 19:35:03.621 [info] GlobalState (Agents): No changes found during synchronizing ui state.
2026-09-15 19:35:03.624 [info] Sync done. Took 64524ms
2026-09-15 19:40:03.919 [info] [AutoSync] Triggered by Interval
2026-09-15 19:40:04.375 [info] Sync started.
2026-09-15 19:40:06.809 [info] Settings: No changes found during synchronizing settings.
2026-09-15 19:40:07.429 [info] Keybindings: No changes found during synchronizing keybindings.
2026-09-15 19:40:08.130 [info] Snippets: No changes found during synchronizing snippets.
2026-09-15 19:40:08.442 [info] Tasks: No changes found during synchronizing tasks.
2026-09-15 19:40:08.939 [info] Mcp: No changes found during synchronizing mcp.
2026-09-15 19:40:09.820 [info] GlobalState: No changes found during synchronizing ui state.
2026-09-15 19:40:16.181 [info] Extensions: No changes found during synchronizing extensions.
2026-09-15 19:40:20.578 [info] Prompts: No changes found during synchronizing prompts.
2026-09-15 19:40:25.695 [info] Profiles: No changes found during synchronizing profiles.
2026-09-15 19:40:25.699 [info] Syncing profile. Agents
2026-09-15 19:40:27.947 [info] GlobalState (Agents): No changes found during synchronizing ui state.
2026-09-15 19:40:27.950 [info] Sync done. Took 24319ms
2026-09-15 19:45:29.291 [info] [AutoSync] Triggered by Interval
2026-09-15 19:45:29.916 [info] Sync started.
2026-09-15 19:45:39.125 [info] Settings: No changes found during synchronizing settings.
2026-09-15 19:45:39.528 [info] Keybindings: No changes found during synchronizing keybindings.
2026-09-15 19:45:40.191 [info] Snippets: No changes found during synchronizing snippets.
2026-09-15 19:45:40.515 [info] Tasks: No changes found during synchronizing tasks.
2026-09-15 19:45:40.703 [info] Mcp: No changes found during synchronizing mcp.
2026-09-15 19:45:41.639 [info] GlobalState: No changes found during synchronizing ui state.
2026-09-15 19:45:51.146 [info] Extensions: No changes found during synchronizing extensions.
2026-09-15 19:46:03.803 [info] Prompts: No changes found during synchronizing prompts.
2026-09-15 19:46:07.051 [info] Profiles: No changes found during synchronizing profiles.
2026-09-15 19:46:07.058 [info] Syncing profile. Agents
2026-09-15 19:46:08.785 [info] GlobalState (Agents): No changes found during synchronizing ui state.
2026-09-15 19:46:08.791 [info] Sync done. Took 40837ms
2026-09-15 19:51:08.876 [info] [AutoSync] Triggered by Interval
2026-09-15 19:51:09.312 [info] Sync started.
2026-09-15 19:51:09.425 [info] Settings: No changes found during synchronizing settings.
2026-09-15 19:51:09.599 [info] Keybindings: No changes found during synchronizing keybindings.
2026-09-15 19:51:09.698 [info] Snippets: No changes found during synchronizing snippets.
2026-09-15 19:51:09.756 [info] Tasks: No changes found during synchronizing tasks.
2026-09-15 19:51:09.792 [info] Mcp: No changes found during synchronizing mcp.
2026-09-15 19:51:09.871 [info] GlobalState: No changes found during synchronizing ui state.
2026-09-15 19:51:11.189 [info] Extensions: No changes found during synchronizing extensions.
2026-09-15 19:51:11.308 [info] Prompts: No changes found during synchronizing prompts.
2026-09-15 19:51:11.342 [info] Profiles: No changes found during synchronizing profiles.
2026-09-15 19:51:11.348 [info] Syncing profile. Agents
2026-09-15 19:51:11.390 [info] GlobalState (Agents): No changes found during synchronizing ui state.
2026-09-15 19:51:11.397 [info] Sync done. Took 2605ms
2026-09-15 19:56:20.638 [info] [AutoSync] Triggered by Interval
2026-09-15 19:56:20.788 [info] Sync started.
2026-09-15 19:56:21.068 [info] Settings: No changes found during synchronizing settings.
2026-09-15 19:56:21.266 [info] Keybindings: No changes found during synchronizing keybindings.
2026-09-15 19:56:21.361 [info] Snippets: No changes found during synchronizing snippets.
2026-09-15 19:56:21.416 [info] Tasks: No changes found during synchronizing tasks.
2026-09-15 19:56:21.473 [info] Mcp: No changes found during synchronizing mcp.
2026-09-15 19:56:21.633 [info] GlobalState: No changes found during synchronizing ui state.
2026-09-15 19:56:22.103 [info] Extensions: No changes found during synchronizing extensions.
2026-09-15 19:56:22.190 [info] Prompts: No changes found during synchronizing prompts.
2026-09-15 19:56:22.326 [info] Profiles: No changes found during synchronizing profiles.
2026-09-15 19:56:22.333 [info] Syncing profile. Agents
2026-09-15 19:56:22.372 [info] GlobalState (Agents): No changes found during synchronizing ui state.
2026-09-15 19:56:22.375 [info] Sync done. Took 10710ms
2026-09-15 20:01:22.471 [info] [AutoSync] Triggered by Interval
2026-09-15 20:01:22.648 [info] Sync started.
2026-09-15 20:01:22.718 [info] Settings: No changes found during synchronizing settings.
2026-09-15 20:01:22.780 [info] Keybindings: No changes found during synchronizing keybindings.
2026-09-15 20:01:22.811 [info] Snippets: No changes found during synchronizing snippets.
2026-09-15 20:01:22.833 [info] Tasks: No changes found during synchronizing tasks.
2026-09-15 20:01:22.845 [info] Mcp: No changes found during synchronizing mcp.
2026-09-15 20:01:22.882 [info] GlobalState: No changes found during synchronizing ui state.
2026-09-15 20:01:23.212 [info] Extensions: No changes found during synchronizing extensions.
2026-09-15 20:01:23.263 [info] Prompts: No changes found during synchronizing prompts.
2026-09-15 20:01:23.288 [info] Profiles: No changes found during synchronizing profiles.
2026-09-15 20:01:23.294 [info] Syncing profile. Agents
2026-09-15 20:01:23.310 [info] GlobalState (Agents): No changes found during synchronizing ui state.
2026-09-15 20:01:23.314 [info] Sync done. Took 937ms
2026-09-15 20:06:24.951 [info] [AutoSync] Triggered by Interval
2026-09-15 20:06:25.243 [info] Sync started.
2026-09-15 20:06:32.952 [info] Settings: No changes found during synchronizing settings.
2026-09-15 20:06:33.849 [info] Keybindings: No changes found during synchronizing keybindings.
2026-09-15 20:06:34.008 [info] Snippets: No changes found during synchronizing snippets.
2026-09-15 20:06:34.768 [info] Tasks: No changes found during synchronizing tasks.
2026-09-15 20:06:34.842 [info] Mcp: No changes found during synchronizing mcp.
2026-09-15 20:06:36.141 [info] GlobalState: No changes found during synchronizing ui state.
2026-09-15 20:06:43.334 [info] Extensions: No changes found during synchronizing extensions.
2026-09-15 20:06:45.369 [info] Prompts: No changes found during synchronizing prompts.
2026-09-15 20:06:48.259 [info] Profiles: No changes found during synchronizing profiles.
2026-09-15 20:06:55.269 [info] Syncing profile. Agents
2026-09-15 20:06:55.512 [info] GlobalState (Agents): No changes found during synchronizing ui state.
2026-09-15 20:06:55.522 [info] Sync done. Took 31692ms
2026-09-15 20:08:37.863 [info] [AutoSync] Triggered by Activity
2026-09-15 20:08:38.319 [info] Sync started.
2026-09-15 20:08:39.164 [info] Settings: No changes found during synchronizing settings.
2026-09-15 20:08:39.257 [info] Keybindings: No changes found during synchronizing keybindings.
2026-09-15 20:08:39.378 [info] Snippets: No changes found during synchronizing snippets.
2026-09-15 20:08:39.535 [info] Tasks: No changes found during synchronizing tasks.
2026-09-15 20:08:39.704 [info] Mcp: No changes found during synchronizing mcp.
2026-09-15 20:08:40.006 [info] GlobalState: No changes found during synchronizing ui state.
2026-09-15 20:08:41.774 [info] Extensions: No changes found during synchronizing extensions.
2026-09-15 20:08:41.928 [info] Prompts: No changes found during synchronizing prompts.
2026-09-15 20:08:41.999 [info] Profiles: No changes found during synchronizing profiles.
2026-09-15 20:08:42.006 [info] Syncing profile. Agents
2026-09-15 20:08:42.088 [info] GlobalState (Agents): No changes found during synchronizing ui state.
2026-09-15 20:08:42.093 [info] Sync done. Took 5757ms
2026-09-15 20:12:16.963 [info] [AutoSync] Triggered by Activity
2026-09-15 20:12:17.651 [info] Sync started.
2026-09-15 20:12:17.869 [info] Settings: No changes found during synchronizing settings.
2026-09-15 20:12:18.390 [info] Keybindings: No changes found during synchronizing keybindings.
2026-09-15 20:12:18.659 [info] Snippets: No changes found during synchronizing snippets.
2026-09-15 20:12:18.779 [info] Tasks: No changes found during synchronizing tasks.
2026-09-15 20:12:18.839 [info] Mcp: No changes found during synchronizing mcp.
2026-09-15 20:12:19.045 [info] GlobalState: No changes found during synchronizing ui state.
2026-09-15 20:12:26.765 [info] Extensions: No changes found during synchronizing extensions.
2026-09-15 20:12:29.602 [info] Prompts: No changes found during synchronizing prompts.
2026-09-15 20:12:32.192 [info] Profiles: No changes found during synchronizing profiles.
2026-09-15 20:12:32.278 [info] Syncing profile. Agents
2026-09-15 20:12:32.347 [info] GlobalState (Agents): No changes found during synchronizing ui state.
2026-09-15 20:12:32.348 [info] Sync done. Took 15857ms
2026-09-15 20:12:37.920 [info] [AutoSync] Triggered by Activity
2026-09-15 20:12:37.966 [info] Sync started.
2026-09-15 20:12:38.765 [info] Settings: No changes found during synchronizing settings.
2026-09-15 20:12:39.074 [info] Keybindings: No changes found during synchronizing keybindings.
2026-09-15 20:12:39.355 [info] Snippets: No changes found during synchronizing snippets.
2026-09-15 20:12:39.622 [info] Tasks: No changes found during synchronizing tasks.
2026-09-15 20:12:39.904 [info] Mcp: No changes found during synchronizing mcp.
2026-09-15 20:12:40.321 [info] GlobalState: No changes found during synchronizing ui state.
2026-09-15 20:12:40.948 [info] Extensions: No changes found during synchronizing extensions.
2026-09-15 20:12:41.691 [info] Prompts: No changes found during synchronizing prompts.
2026-09-15 20:12:44.068 [info] Profiles: No changes found during synchronizing profiles.
2026-09-15 20:12:44.069 [info] Syncing profile. Agents
2026-09-15 20:12:44.070 [info] GlobalState (Agents): No changes found during synchronizing ui state.
2026-09-15 20:12:44.071 [info] Sync done. Took 3698ms
2026-09-15 20:17:41.611 [info] [AutoSync] Triggered by Interval
2026-09-15 20:17:41.635 [info] Sync started.
2026-09-15 20:17:41.753 [info] Settings: No changes found during synchronizing settings.
2026-09-15 20:17:41.805 [info] Keybindings: No changes found during synchronizing keybindings.
2026-09-15 20:17:41.822 [info] Snippets: No changes found during synchronizing snippets.
2026-09-15 20:17:41.838 [info] Tasks: No changes found during synchronizing tasks.
2026-09-15 20:17:41.852 [info] Mcp: No changes found during synchronizing mcp.
2026-09-15 20:17:41.867 [info] GlobalState: No changes found during synchronizing ui state.
2026-09-15 20:17:42.046 [info] Extensions: No changes found during synchronizing extensions.
2026-09-15 20:17:42.057 [info] Prompts: No changes found during synchronizing prompts.
2026-09-15 20:17:42.062 [info] Profiles: No changes found during synchronizing profiles.
2026-09-15 20:17:42.066 [info] Syncing profile. Agents
2026-09-15 20:17:42.070 [info] GlobalState (Agents): No changes found during synchronizing ui state.
2026-09-15 20:17:42.074 [info] Sync done. Took 465ms
2026-09-15 20:22:42.077 [info] [AutoSync] Triggered by Interval
2026-09-15 20:22:42.078 [info] Sync started.
2026-09-15 20:22:42.226 [info] Settings: No changes found during synchronizing settings.
2026-09-15 20:22:42.239 [info] Keybindings: No changes found during synchronizing keybindings.
2026-09-15 20:22:42.255 [info] Snippets: No changes found during synchronizing snippets.
2026-09-15 20:22:42.268 [info] Tasks: No changes found during synchronizing tasks.
2026-09-15 20:22:42.281 [info] Mcp: No changes found during synchronizing mcp.
2026-09-15 20:22:42.295 [info] GlobalState: No changes found during synchronizing ui state.
2026-09-15 20:22:42.495 [info] Extensions: No changes found during synchronizing extensions.
2026-09-15 20:22:42.505 [info] Prompts: No changes found during synchronizing prompts.
2026-09-15 20:22:42.512 [info] Profiles: No changes found during synchronizing profiles.
2026-09-15 20:22:42.517 [info] Syncing profile. Agents
2026-09-15 20:22:42.522 [info] GlobalState (Agents): No changes found during synchronizing ui state.
2026-09-15 20:22:42.526 [info] Sync done. Took 450ms
2026-09-15 20:27:42.529 [info] [AutoSync] Triggered by Interval
2026-09-15 20:27:42.531 [info] Sync started.
2026-09-15 20:27:42.693 [info] Settings: No changes found during synchronizing settings.
2026-09-15 20:27:42.708 [info] Keybindings: No changes found during synchronizing keybindings.
2026-09-15 20:27:42.718 [info] Snippets: No changes found during synchronizing snippets.
2026-09-15 20:27:42.729 [info] Tasks: No changes found during synchronizing tasks.
2026-09-15 20:27:42.743 [info] Mcp: No changes found during synchronizing mcp.
2026-09-15 20:27:42.759 [info] GlobalState: No changes found during synchronizing ui state.
2026-09-15 20:27:42.962 [info] Extensions: No changes found during synchronizing extensions.
2026-09-15 20:27:42.973 [info] Prompts: No changes found during synchronizing prompts.
2026-09-15 20:27:42.978 [info] Profiles: No changes found during synchronizing profiles.
2026-09-15 20:27:42.985 [info] Syncing profile. Agents
2026-09-15 20:27:42.989 [info] GlobalState (Agents): No changes found during synchronizing ui state.
2026-09-15 20:27:42.993 [info] Sync done. Took 466ms
2026-09-15 20:32:42.997 [info] [AutoSync] Triggered by Interval
2026-09-15 20:32:42.998 [info] Sync started.
2026-09-15 20:32:43.177 [info] Settings: No changes found during synchronizing settings.
2026-09-15 20:32:43.193 [info] Keybindings: No changes found during synchronizing keybindings.
2026-09-15 20:32:43.205 [info] Snippets: No changes found during synchronizing snippets.
2026-09-15 20:32:43.214 [info] Tasks: No changes found during synchronizing tasks.
2026-09-15 20:32:43.226 [info] Mcp: No changes found during synchronizing mcp.
2026-09-15 20:32:43.242 [info] GlobalState: No changes found during synchronizing ui state.
2026-09-15 20:32:43.380 [info] Extensions: No changes found during synchronizing extensions.
2026-09-15 20:32:43.424 [info] Prompts: No changes found during synchronizing prompts.
2026-09-15 20:32:43.430 [info] Profiles: No changes found during synchronizing profiles.
2026-09-15 20:32:43.437 [info] Syncing profile. Agents
2026-09-15 20:32:43.445 [info] GlobalState (Agents): No changes found during synchronizing ui state.
2026-09-15 20:32:43.450 [info] Sync done. Took 457ms
2026-09-15 20:37:43.454 [info] [AutoSync] Triggered by Interval
2026-09-15 20:37:43.456 [info] Sync started.
2026-09-15 20:37:43.636 [info] Settings: No changes found during synchronizing settings.
2026-09-15 20:37:43.653 [info] Keybindings: No changes found during synchronizing keybindings.
2026-09-15 20:37:43.671 [info] Snippets: No changes found during synchronizing snippets.
2026-09-15 20:37:43.685 [info] Tasks: No changes found during synchronizing tasks.
2026-09-15 20:37:43.697 [info] Mcp: No changes found during synchronizing mcp.
2026-09-15 20:37:43.710 [info] GlobalState: No changes found during synchronizing ui state.
2026-09-15 20:37:43.841 [info] Extensions: No changes found during synchronizing extensions.
2026-09-15 20:37:43.892 [info] Prompts: No changes found during synchronizing prompts.
2026-09-15 20:37:43.898 [info] Profiles: No changes found during synchronizing profiles.
2026-09-15 20:37:43.909 [info] Syncing profile. Agents
2026-09-15 20:37:43.914 [info] GlobalState (Agents): No changes found during synchronizing ui state.
2026-09-15 20:37:43.918 [info] Sync done. Took 468ms
2026-09-15 20:42:43.922 [info] [AutoSync] Triggered by Interval
2026-09-15 20:42:43.924 [info] Sync started.
2026-09-15 20:42:44.077 [info] Settings: No changes found during synchronizing settings.
2026-09-15 20:42:44.090 [info] Keybindings: No changes found during synchronizing keybindings.
2026-09-15 20:42:44.101 [info] Snippets: No changes found during synchronizing snippets.
2026-09-15 20:42:44.117 [info] Tasks: No changes found during synchronizing tasks.
2026-09-15 20:42:44.128 [info] Mcp: No changes found during synchronizing mcp.
2026-09-15 20:42:44.144 [info] GlobalState: No changes found during synchronizing ui state.
2026-09-15 20:42:44.577 [info] Extensions: No changes found during synchronizing extensions.
2026-09-15 20:42:44.607 [info] Prompts: No changes found during synchronizing prompts.
2026-09-15 20:42:44.621 [info] Profiles: No changes found during synchronizing profiles.
2026-09-15 20:42:44.641 [info] Syncing profile. Agents
2026-09-15 20:42:44.653 [info] GlobalState (Agents): No changes found during synchronizing ui state.
2026-09-15 20:42:44.661 [info] Sync done. Took 737ms
2026-09-15 20:47:44.662 [info] [AutoSync] Triggered by Interval
2026-09-15 20:47:44.665 [info] Sync started.
2026-09-15 20:47:44.908 [info] Settings: No changes found during synchronizing settings.
2026-09-15 20:47:44.919 [info] Keybindings: No changes found during synchronizing keybindings.
2026-09-15 20:47:44.929 [info] Snippets: No changes found during synchronizing snippets.
2026-09-15 20:47:44.941 [info] Tasks: No changes found during synchronizing tasks.
2026-09-15 20:47:44.953 [info] Mcp: No changes found during synchronizing mcp.
2026-09-15 20:47:44.969 [info] GlobalState: No changes found during synchronizing ui state.
2026-09-15 20:47:45.105 [info] Extensions: No changes found during synchronizing extensions.
2026-09-15 20:47:45.147 [info] Prompts: No changes found during synchronizing prompts.
2026-09-15 20:47:45.155 [info] Profiles: No changes found during synchronizing profiles.
2026-09-15 20:47:45.160 [info] Syncing profile. Agents
2026-09-15 20:47:45.166 [info] GlobalState (Agents): No changes found during synchronizing ui state.
2026-09-15 20:47:45.169 [info] Sync done. Took 512ms
2026-09-15 20:52:45.175 [info] [AutoSync] Triggered by Interval
2026-09-15 20:52:45.199 [info] Sync started.
2026-09-15 20:52:45.335 [info] Settings: No changes found during synchronizing settings.
2026-09-15 20:52:45.352 [info] Keybindings: No changes found during synchronizing keybindings.
2026-09-15 20:52:45.363 [info] Snippets: No changes found during synchronizing snippets.
2026-09-15 20:52:45.377 [info] Tasks: No changes found during synchronizing tasks.
2026-09-15 20:52:45.389 [info] Mcp: No changes found during synchronizing mcp.
2026-09-15 20:52:45.405 [info] GlobalState: No changes found during synchronizing ui state.
2026-09-15 20:52:45.534 [info] Extensions: No changes found during synchronizing extensions.
2026-09-15 20:52:45.542 [info] Prompts: No changes found during synchronizing prompts.
2026-09-15 20:52:45.549 [info] Profiles: No changes found during synchronizing profiles.
2026-09-15 20:52:45.557 [info] Syncing profile. Agents
2026-09-15 20:52:45.561 [info] GlobalState (Agents): No changes found during synchronizing ui state.
2026-09-15 20:52:45.564 [info] Sync done. Took 394ms
2026-09-15 20:57:45.569 [info] [AutoSync] Triggered by Interval
2026-09-15 20:57:45.570 [info] Sync started.
2026-09-15 20:57:45.765 [info] Settings: No changes found during synchronizing settings.
2026-09-15 20:57:45.777 [info] Keybindings: No changes found during synchronizing keybindings.
2026-09-15 20:57:45.790 [info] Snippets: No changes found during synchronizing snippets.
2026-09-15 20:57:45.802 [info] Tasks: No changes found during synchronizing tasks.
2026-09-15 20:57:45.813 [info] Mcp: No changes found during synchronizing mcp.
2026-09-15 20:57:45.830 [info] GlobalState: No changes found during synchronizing ui state.
2026-09-15 20:57:45.959 [info] Extensions: No changes found during synchronizing extensions.
2026-09-15 20:57:45.993 [info] Prompts: No changes found during synchronizing prompts.
2026-09-15 20:57:46.016 [info] Profiles: No changes found during synchronizing profiles.
2026-09-15 20:57:46.021 [info] Syncing profile. Agents
2026-09-15 20:57:46.026 [info] GlobalState (Agents): No changes found during synchronizing ui state.
2026-09-15 20:57:46.030 [info] Sync done. Took 463ms
2026-09-15 21:02:46.033 [info] [AutoSync] Triggered by Interval
2026-09-15 21:02:46.035 [info] Sync started.
2026-09-15 21:02:46.205 [info] Settings: No changes found during synchronizing settings.
2026-09-15 21:02:46.220 [info] Keybindings: No changes found during synchronizing keybindings.
2026-09-15 21:02:46.231 [info] Snippets: No changes found during synchronizing snippets.
2026-09-15 21:02:46.241 [info] Tasks: No changes found during synchronizing tasks.
2026-09-15 21:02:46.255 [info] Mcp: No changes found during synchronizing mcp.
2026-09-15 21:02:46.269 [info] GlobalState: No changes found during synchronizing ui state.
2026-09-15 21:02:46.445 [info] Extensions: No changes found during synchronizing extensions.
2026-09-15 21:02:46.454 [info] Prompts: No changes found during synchronizing prompts.
2026-09-15 21:02:46.459 [info] Profiles: No changes found during synchronizing profiles.
2026-09-15 21:02:46.464 [info] Syncing profile. Agents
2026-09-15 21:02:46.470 [info] GlobalState (Agents): No changes found during synchronizing ui state.
2026-09-15 21:02:46.473 [info] Sync done. Took 443ms
2026-09-15 21:07:46.478 [info] [AutoSync] Triggered by Interval
2026-09-15 21:07:46.479 [info] Sync started.
2026-09-15 21:07:46.633 [info] Settings: No changes found during synchronizing settings.
2026-09-15 21:07:46.645 [info] Keybindings: No changes found during synchronizing keybindings.
2026-09-15 21:07:46.658 [info] Snippets: No changes found during synchronizing snippets.
2026-09-15 21:07:46.673 [info] Tasks: No changes found during synchronizing tasks.
2026-09-15 21:07:46.690 [info] Mcp: No changes found during synchronizing mcp.
2026-09-15 21:07:46.704 [info] GlobalState: No changes found during synchronizing ui state.
2026-09-15 21:07:46.828 [info] Extensions: No changes found during synchronizing extensions.
2026-09-15 21:07:46.866 [info] Prompts: No changes found during synchronizing prompts.
2026-09-15 21:07:46.887 [info] Profiles: No changes found during synchronizing profiles.
2026-09-15 21:07:46.895 [info] Syncing profile. Agents
2026-09-15 21:07:46.900 [info] GlobalState (Agents): No changes found during synchronizing ui state.
2026-09-15 21:07:46.904 [info] Sync done. Took 429ms
2026-09-15 21:12:46.910 [info] [AutoSync] Triggered by Interval
2026-09-15 21:12:46.911 [info] Sync started.
2026-09-15 21:12:47.095 [info] Settings: No changes found during synchronizing settings.
2026-09-15 21:12:47.112 [info] Keybindings: No changes found during synchronizing keybindings.
2026-09-15 21:12:47.123 [info] Snippets: No changes found during synchronizing snippets.
2026-09-15 21:12:47.133 [info] Tasks: No changes found during synchronizing tasks.
2026-09-15 21:12:47.146 [info] Mcp: No changes found during synchronizing mcp.
2026-09-15 21:12:47.162 [info] GlobalState: No changes found during synchronizing ui state.
2026-09-15 21:12:47.324 [info] Extensions: No changes found during synchronizing extensions.
2026-09-15 21:12:47.378 [info] Prompts: No changes found during synchronizing prompts.
2026-09-15 21:12:47.383 [info] Profiles: No changes found during synchronizing profiles.
2026-09-15 21:12:47.388 [info] Syncing profile. Agents
2026-09-15 21:12:47.393 [info] GlobalState (Agents): No changes found during synchronizing ui state.
2026-09-15 21:12:47.397 [info] Sync done. Took 491ms
2026-09-15 21:17:47.402 [info] [AutoSync] Triggered by Interval
2026-09-15 21:17:47.403 [info] Sync started.
2026-09-15 21:17:47.630 [info] Settings: No changes found during synchronizing settings.
2026-09-15 21:17:47.645 [info] Keybindings: No changes found during synchronizing keybindings.
2026-09-15 21:17:47.659 [info] Snippets: No changes found during synchronizing snippets.
2026-09-15 21:17:47.676 [info] Tasks: No changes found during synchronizing tasks.
2026-09-15 21:17:47.688 [info] Mcp: No changes found during synchronizing mcp.
2026-09-15 21:17:47.706 [info] GlobalState: No changes found during synchronizing ui state.
2026-09-15 21:17:47.835 [info] Extensions: No changes found during synchronizing extensions.
2026-09-15 21:17:47.893 [info] Prompts: No changes found during synchronizing prompts.
2026-09-15 21:17:47.900 [info] Profiles: No changes found during synchronizing profiles.
2026-09-15 21:17:47.903 [info] Syncing profile. Agents
2026-09-15 21:17:47.910 [info] GlobalState (Agents): No changes found during synchronizing ui state.
2026-09-15 21:17:47.913 [info] Sync done. Took 515ms
2026-09-15 21:22:47.917 [info] [AutoSync] Triggered by Interval
2026-09-15 21:22:47.918 [info] Sync started.
2026-09-15 21:22:48.294 [info] Settings: No changes found during synchronizing settings.
2026-09-15 21:22:48.312 [info] Keybindings: No changes found during synchronizing keybindings.
2026-09-15 21:22:48.329 [info] Snippets: No changes found during synchronizing snippets.
2026-09-15 21:22:48.341 [info] Tasks: No changes found during synchronizing tasks.
2026-09-15 21:22:48.352 [info] Mcp: No changes found during synchronizing mcp.
2026-09-15 21:22:48.367 [info] GlobalState: No changes found during synchronizing ui state.
2026-09-15 21:22:48.488 [info] Extensions: No changes found during synchronizing extensions.
2026-09-15 21:22:48.532 [info] Prompts: No changes found during synchronizing prompts.
2026-09-15 21:22:48.550 [info] Profiles: No changes found during synchronizing profiles.
2026-09-15 21:22:48.555 [info] Syncing profile. Agents
2026-09-15 21:22:48.560 [info] GlobalState (Agents): No changes found during synchronizing ui state.
2026-09-15 21:22:48.567 [info] Sync done. Took 651ms
2026-09-15 21:27:49.926 [info] [AutoSync] Triggered by Interval
2026-09-15 21:27:50.495 [info] Sync started.
2026-09-15 21:27:52.581 [info] Settings: No changes found during synchronizing settings.
2026-09-15 21:27:52.851 [info] Keybindings: No changes found during synchronizing keybindings.
2026-09-15 21:27:53.003 [info] Snippets: No changes found during synchronizing snippets.
2026-09-15 21:27:53.082 [info] Tasks: No changes found during synchronizing tasks.
2026-09-15 21:27:53.135 [info] Mcp: No changes found during synchronizing mcp.
2026-09-15 21:27:53.727 [info] GlobalState: No changes found during synchronizing ui state.
2026-09-15 21:27:56.599 [info] Extensions: No changes found during synchronizing extensions.
2026-09-15 21:27:56.744 [info] Prompts: No changes found during synchronizing prompts.
2026-09-15 21:27:56.814 [info] Profiles: No changes found during synchronizing profiles.
2026-09-15 21:27:56.821 [info] Syncing profile. Agents
2026-09-15 21:27:56.954 [info] GlobalState (Agents): No changes found during synchronizing ui state.
2026-09-15 21:27:56.957 [info] Sync done. Took 8391ms
2026-09-15 21:32:56.961 [info] [AutoSync] Triggered by Interval
2026-09-15 21:32:56.962 [info] Sync started.
2026-09-15 21:32:57.167 [info] Settings: No changes found during synchronizing settings.
2026-09-15 21:32:57.179 [info] Keybindings: No changes found during synchronizing keybindings.
2026-09-15 21:32:57.191 [info] Snippets: No changes found during synchronizing snippets.
2026-09-15 21:32:57.206 [info] Tasks: No changes found during synchronizing tasks.
2026-09-15 21:32:57.220 [info] Mcp: No changes found during synchronizing mcp.
2026-09-15 21:32:57.237 [info] GlobalState: No changes found during synchronizing ui state.
2026-09-15 21:32:57.398 [info] Extensions: No changes found during synchronizing extensions.
2026-09-15 21:32:57.410 [info] Prompts: No changes found during synchronizing prompts.
2026-09-15 21:32:57.420 [info] Profiles: No changes found during synchronizing profiles.
2026-09-15 21:32:57.428 [info] Syncing profile. Agents
2026-09-15 21:32:57.432 [info] GlobalState (Agents): No changes found during synchronizing ui state.
2026-09-15 21:32:57.436 [info] Sync done. Took 478ms
2026-09-15 21:37:40.848 [info] [AutoSync] Triggered by Activity
2026-09-15 21:37:41.408 [info] Sync started.
2026-09-15 21:37:41.878 [info] Settings: No changes found during synchronizing settings.
2026-09-15 21:37:42.174 [info] Keybindings: No changes found during synchronizing keybindings.
2026-09-15 21:37:42.671 [info] Snippets: No changes found during synchronizing snippets.
2026-09-15 21:37:43.021 [info] Tasks: No changes found during synchronizing tasks.
2026-09-15 21:37:43.115 [info] Mcp: No changes found during synchronizing mcp.
2026-09-15 21:37:43.944 [info] GlobalState: No changes found during synchronizing ui state.
2026-09-15 21:37:58.054 [info] Extensions: No changes found during synchronizing extensions.
2026-09-15 21:37:58.214 [info] Prompts: No changes found during synchronizing prompts.
2026-09-15 21:37:58.695 [info] Profiles: No changes found during synchronizing profiles.
2026-09-15 21:38:03.000 [info] Syncing profile. Agents
2026-09-15 21:38:03.707 [info] GlobalState (Agents): No changes found during synchronizing ui state.
2026-09-15 21:38:03.714 [info] Sync done. Took 22873ms
2026-09-15 21:38:03.730 [info] [AutoSync] Triggered by Interval
2026-09-15 21:38:03.732 [info] Sync started.
2026-09-15 21:38:05.540 [info] Settings: No changes found during synchronizing settings.
2026-09-15 21:38:06.016 [info] Keybindings: No changes found during synchronizing keybindings.
2026-09-15 21:38:06.294 [info] Snippets: No changes found during synchronizing snippets.
2026-09-15 21:38:06.357 [info] Tasks: No changes found during synchronizing tasks.
2026-09-15 21:38:06.428 [info] Mcp: No changes found during synchronizing mcp.
2026-09-15 21:38:06.500 [info] GlobalState: No changes found during synchronizing ui state.
2026-09-15 21:38:06.624 [info] Extensions: No changes found during synchronizing extensions.
2026-09-15 21:38:06.631 [info] Prompts: No changes found during synchronizing prompts.
2026-09-15 21:38:06.635 [info] Profiles: No changes found during synchronizing profiles.
2026-09-15 21:38:06.639 [info] Syncing profile. Agents
2026-09-15 21:38:06.644 [info] GlobalState (Agents): No changes found during synchronizing ui state.
2026-09-15 21:38:06.646 [info] Sync done. Took 2929ms
2026-09-15 21:43:06.758 [info] [AutoSync] Triggered by Interval
2026-09-15 21:43:07.334 [info] Sync started.
2026-09-15 21:43:07.481 [info] Settings: No changes found during synchronizing settings.
2026-09-15 21:43:08.143 [info] Keybindings: No changes found during synchronizing keybindings.
2026-09-15 21:43:08.488 [info] Snippets: No changes found during synchronizing snippets.
2026-09-15 21:43:08.915 [info] Tasks: No changes found during synchronizing tasks.
2026-09-15 21:43:09.424 [info] Mcp: No changes found during synchronizing mcp.
2026-09-15 21:43:09.795 [info] GlobalState: No changes found during synchronizing ui state.
2026-09-15 21:43:16.724 [info] Extensions: No changes found during synchronizing extensions.
2026-09-15 21:43:21.734 [info] Prompts: No changes found during synchronizing prompts.
2026-09-15 21:43:24.922 [info] Profiles: No changes found during synchronizing profiles.
2026-09-15 21:43:24.928 [info] Syncing profile. Agents
2026-09-15 21:43:25.169 [info] GlobalState (Agents): No changes found during synchronizing ui state.
2026-09-15 21:43:25.174 [info] Sync done. Took 18524ms
2026-09-15 21:48:25.178 [info] [AutoSync] Triggered by Interval
2026-09-15 21:48:25.198 [info] Sync started.
2026-09-15 21:48:25.625 [info] Settings: No changes found during synchronizing settings.
2026-09-15 21:48:25.689 [info] Keybindings: No changes found during synchronizing keybindings.
2026-09-15 21:48:25.773 [info] Snippets: No changes found during synchronizing snippets.
2026-09-15 21:48:25.797 [info] Tasks: No changes found during synchronizing tasks.
2026-09-15 21:48:25.823 [info] Mcp: No changes found during synchronizing mcp.
2026-09-15 21:48:25.993 [info] GlobalState: No changes found during synchronizing ui state.
2026-09-15 21:48:26.724 [info] Extensions: No changes found during synchronizing extensions.
2026-09-15 21:48:26.758 [info] Prompts: No changes found during synchronizing prompts.
2026-09-15 21:48:26.783 [info] Profiles: No changes found during synchronizing profiles.
2026-09-15 21:48:26.789 [info] Syncing profile. Agents
2026-09-15 21:48:26.805 [info] GlobalState (Agents): No changes found during synchronizing ui state.
2026-09-15 21:48:26.808 [info] Sync done. Took 1635ms
2026-09-15 21:53:26.813 [info] [AutoSync] Triggered by Interval
2026-09-15 21:53:26.838 [info] Sync started.
2026-09-15 21:53:27.622 [info] Settings: No changes found during synchronizing settings.
2026-09-15 21:53:27.804 [info] Keybindings: No changes found during synchronizing keybindings.
2026-09-15 21:53:27.891 [info] Snippets: No changes found during synchronizing snippets.
2026-09-15 21:53:27.937 [info] Tasks: No changes found during synchronizing tasks.
2026-09-15 21:53:27.959 [info] Mcp: No changes found during synchronizing mcp.
2026-09-15 21:53:28.041 [info] GlobalState: No changes found during synchronizing ui state.
2026-09-15 21:53:28.742 [info] Extensions: No changes found during synchronizing extensions.
2026-09-15 21:53:28.788 [info] Prompts: No changes found during synchronizing prompts.
2026-09-15 21:53:29.063 [info] Profiles: No changes found during synchronizing profiles.
2026-09-15 21:53:29.076 [info] Syncing profile. Agents
2026-09-15 21:53:29.367 [info] GlobalState (Agents): No changes found during synchronizing ui state.
2026-09-15 21:53:29.543 [info] Sync done. Took 2560ms
2026-09-15 21:58:29.374 [info] [AutoSync] Triggered by Interval
2026-09-15 21:58:29.400 [info] Sync started.
2026-09-15 21:58:29.626 [info] Settings: No changes found during synchronizing settings.
2026-09-15 21:58:29.653 [info] Keybindings: No changes found during synchronizing keybindings.
2026-09-15 21:58:29.686 [info] Snippets: No changes found during synchronizing snippets.
2026-09-15 21:58:29.707 [info] Tasks: No changes found during synchronizing tasks.
2026-09-15 21:58:29.721 [info] Mcp: No changes found during synchronizing mcp.
2026-09-15 21:58:29.756 [info] GlobalState: No changes found during synchronizing ui state.
2026-09-15 21:58:30.020 [info] Extensions: No changes found during synchronizing extensions.
2026-09-15 21:58:30.048 [info] Prompts: No changes found during synchronizing prompts.
2026-09-15 21:58:30.062 [info] Profiles: No changes found during synchronizing profiles.
2026-09-15 21:58:30.069 [info] Syncing profile. Agents
2026-09-15 21:58:30.084 [info] GlobalState (Agents): No changes found during synchronizing ui state.
2026-09-15 21:58:30.089 [info] Sync done. Took 716ms
2026-09-15 22:03:30.092 [info] [AutoSync] Triggered by Interval
2026-09-15 22:03:30.093 [info] Sync started.
2026-09-15 22:03:30.288 [info] Settings: No changes found during synchronizing settings.
2026-09-15 22:03:30.303 [info] Keybindings: No changes found during synchronizing keybindings.
2026-09-15 22:03:30.315 [info] Snippets: No changes found during synchronizing snippets.
2026-09-15 22:03:30.328 [info] Tasks: No changes found during synchronizing tasks.
2026-09-15 22:03:30.338 [info] Mcp: No changes found during synchronizing mcp.
2026-09-15 22:03:30.356 [info] GlobalState: No changes found during synchronizing ui state.
2026-09-15 22:03:30.802 [info] Extensions: No changes found during synchronizing extensions.
2026-09-15 22:03:30.952 [info] Prompts: No changes found during synchronizing prompts.
2026-09-15 22:03:31.060 [info] Profiles: No changes found during synchronizing profiles.
2026-09-15 22:03:31.061 [info] Syncing profile. Agents
2026-09-15 22:03:31.062 [info] GlobalState (Agents): No changes found during synchronizing ui state.
2026-09-15 22:03:31.063 [info] Sync done. Took 847ms
2026-09-15 22:08:30.939 [info] [AutoSync] Triggered by Interval
2026-09-15 22:08:30.956 [info] Sync started.
2026-09-15 22:08:31.150 [info] Settings: No changes found during synchronizing settings.
2026-09-15 22:08:31.221 [info] Keybindings: No changes found during synchronizing keybindings.
2026-09-15 22:08:31.240 [info] Snippets: No changes found during synchronizing snippets.
2026-09-15 22:08:31.277 [info] Tasks: No changes found during synchronizing tasks.
2026-09-15 22:08:31.296 [info] Mcp: No changes found during synchronizing mcp.
2026-09-15 22:08:31.355 [info] GlobalState: No changes found during synchronizing ui state.
2026-09-15 22:08:31.690 [info] Extensions: No changes found during synchronizing extensions.
2026-09-15 22:08:31.838 [info] Prompts: No changes found during synchronizing prompts.
2026-09-15 22:08:31.974 [info] Profiles: No changes found during synchronizing profiles.
2026-09-15 22:08:31.982 [info] Syncing profile. Agents
2026-09-15 22:08:32.086 [info] GlobalState (Agents): No changes found during synchronizing ui state.
2026-09-15 22:08:32.093 [info] Sync done. Took 1154ms
2026-09-15 22:13:32.095 [info] [AutoSync] Triggered by Interval
2026-09-15 22:13:32.118 [info] Sync started.
2026-09-15 22:13:32.312 [info] Settings: No changes found during synchronizing settings.
2026-09-15 22:13:32.376 [info] Keybindings: No changes found during synchronizing keybindings.
2026-09-15 22:13:32.393 [info] Snippets: No changes found during synchronizing snippets.
2026-09-15 22:13:32.435 [info] Tasks: No changes found during synchronizing tasks.
2026-09-15 22:13:32.446 [info] Mcp: No changes found during synchronizing mcp.
2026-09-15 22:13:32.503 [info] GlobalState: No changes found during synchronizing ui state.
2026-09-15 22:13:32.795 [info] Extensions: No changes found during synchronizing extensions.
2026-09-15 22:13:32.844 [info] Prompts: No changes found during synchronizing prompts.
2026-09-15 22:13:32.857 [info] Profiles: No changes found during synchronizing profiles.
2026-09-15 22:13:32.863 [info] Syncing profile. Agents
2026-09-15 22:13:32.880 [info] GlobalState (Agents): No changes found during synchronizing ui state.
2026-09-15 22:13:32.882 [info] Sync done. Took 792ms
2026-09-15 22:18:32.965 [info] [AutoSync] Triggered by Interval
2026-09-15 22:18:33.335 [info] Sync started.
2026-09-15 22:18:33.834 [info] Settings: No changes found during synchronizing settings.
2026-09-15 22:18:34.021 [info] Keybindings: No changes found during synchronizing keybindings.
2026-09-15 22:18:34.165 [info] Snippets: No changes found during synchronizing snippets.
2026-09-15 22:18:34.189 [info] Tasks: No changes found during synchronizing tasks.
2026-09-15 22:18:34.211 [info] Mcp: No changes found during synchronizing mcp.
2026-09-15 22:18:34.315 [info] GlobalState: No changes found during synchronizing ui state.
2026-09-15 22:18:34.660 [info] Extensions: No changes found during synchronizing extensions.
2026-09-15 22:18:34.876 [info] Prompts: No changes found during synchronizing prompts.
2026-09-15 22:18:34.889 [info] Profiles: No changes found during synchronizing profiles.
2026-09-15 22:18:34.898 [info] Syncing profile. Agents
2026-09-15 22:18:34.945 [info] GlobalState (Agents): No changes found during synchronizing ui state.
2026-09-15 22:18:34.949 [info] Sync done. Took 2065ms
2026-09-15 22:23:35.111 [info] [AutoSync] Triggered by Interval
2026-09-15 22:23:35.220 [info] Sync started.
2026-09-15 22:23:35.339 [info] Settings: No changes found during synchronizing settings.
2026-09-15 22:23:35.468 [info] Keybindings: No changes found during synchronizing keybindings.
2026-09-15 22:23:35.648 [info] Snippets: No changes found during synchronizing snippets.
2026-09-15 22:23:35.672 [info] Tasks: No changes found during synchronizing tasks.
2026-09-15 22:23:35.688 [info] Mcp: No changes found during synchronizing mcp.
2026-09-15 22:23:35.719 [info] GlobalState: No changes found during synchronizing ui state.
2026-09-15 22:23:36.243 [info] Extensions: No changes found during synchronizing extensions.
2026-09-15 22:23:36.268 [info] Prompts: No changes found during synchronizing prompts.
2026-09-15 22:23:36.281 [info] Profiles: No changes found during synchronizing profiles.
2026-09-15 22:23:36.289 [info] Syncing profile. Agents
2026-09-15 22:23:36.303 [info] GlobalState (Agents): No changes found during synchronizing ui state.
2026-09-15 22:23:36.307 [info] Sync done. Took 1358ms
2026-09-15 22:28:36.311 [info] [AutoSync] Triggered by Interval
2026-09-15 22:28:36.312 [info] Sync started.
2026-09-15 22:28:36.598 [info] Settings: No changes found during synchronizing settings.
2026-09-15 22:28:36.675 [info] Keybindings: No changes found during synchronizing keybindings.
2026-09-15 22:28:36.712 [info] Snippets: No changes found during synchronizing snippets.
2026-09-15 22:28:36.785 [info] Tasks: No changes found during synchronizing tasks.
2026-09-15 22:28:36.838 [info] Mcp: No changes found during synchronizing mcp.
2026-09-15 22:28:36.892 [info] GlobalState: No changes found during synchronizing ui state.
2026-09-15 22:28:37.555 [info] Extensions: No changes found during synchronizing extensions.
2026-09-15 22:28:37.565 [info] Prompts: No changes found during synchronizing prompts.
2026-09-15 22:28:37.574 [info] Profiles: No changes found during synchronizing profiles.
2026-09-15 22:28:37.580 [info] Syncing profile. Agents
2026-09-15 22:28:37.585 [info] GlobalState (Agents): No changes found during synchronizing ui state.
2026-09-15 22:28:37.589 [info] Sync done. Took 1280ms
2026-09-15 22:33:37.594 [info] [AutoSync] Triggered by Interval
2026-09-15 22:33:37.665 [info] Sync started.
2026-09-15 22:33:37.811 [info] Settings: No changes found during synchronizing settings.
2026-09-15 22:33:37.841 [info] Keybindings: No changes found during synchronizing keybindings.
2026-09-15 22:33:37.870 [info] Snippets: No changes found during synchronizing snippets.
2026-09-15 22:33:37.894 [info] Tasks: No changes found during synchronizing tasks.
2026-09-15 22:33:37.909 [info] Mcp: No changes found during synchronizing mcp.
2026-09-15 22:33:37.965 [info] GlobalState: No changes found during synchronizing ui state.
2026-09-15 22:33:39.282 [info] Extensions: No changes found during synchronizing extensions.
2026-09-15 22:33:39.314 [info] Prompts: No changes found during synchronizing prompts.
2026-09-15 22:33:39.326 [info] Profiles: No changes found during synchronizing profiles.
2026-09-15 22:33:39.334 [info] Syncing profile. Agents
2026-09-15 22:33:39.406 [info] GlobalState (Agents): No changes found during synchronizing ui state.
2026-09-15 22:33:39.407 [info] Sync done. Took 1797ms
2026-09-15 22:36:19.570 [info] [AutoSync] Triggered by Activity
2026-09-15 22:36:20.067 [info] Sync started.
2026-09-15 22:36:20.194 [info] Settings: No changes found during synchronizing settings.
2026-09-15 22:36:20.293 [info] Keybindings: No changes found during synchronizing keybindings.
2026-09-15 22:36:20.507 [info] Snippets: No changes found during synchronizing snippets.
2026-09-15 22:36:20.633 [info] Tasks: No changes found during synchronizing tasks.
2026-09-15 22:36:20.709 [info] Mcp: No changes found during synchronizing mcp.
2026-09-15 22:36:21.078 [info] GlobalState: No changes found during synchronizing ui state.
2026-09-15 22:36:27.110 [info] Extensions: No changes found during synchronizing extensions.
2026-09-15 22:36:27.565 [info] Prompts: No changes found during synchronizing prompts.
2026-09-15 22:36:30.247 [info] Profiles: No changes found during synchronizing profiles.
2026-09-15 22:36:33.044 [info] Syncing profile. Agents
2026-09-15 22:36:33.863 [info] GlobalState (Agents): No changes found during synchronizing ui state.
2026-09-15 22:36:33.866 [info] Sync done. Took 14313ms
2026-09-15 22:41:36.827 [info] [AutoSync] Triggered by Interval
2026-09-15 22:41:38.077 [info] Sync started.
2026-09-15 22:41:43.175 [info] Settings: No changes found during synchronizing settings.
2026-09-15 22:41:43.909 [info] Keybindings: No changes found during synchronizing keybindings.
2026-09-15 22:41:44.805 [info] Snippets: No changes found during synchronizing snippets.
2026-09-15 22:41:45.599 [info] Tasks: No changes found during synchronizing tasks.
2026-09-15 22:41:46.436 [info] Mcp: No changes found during synchronizing mcp.
2026-09-15 22:41:47.669 [info] GlobalState: No changes found during synchronizing ui state.
2026-09-15 22:42:13.021 [info] Extensions: No changes found during synchronizing extensions.
2026-09-15 22:42:14.228 [info] Prompts: No changes found during synchronizing prompts.
2026-09-15 22:42:19.567 [info] Profiles: No changes found during synchronizing profiles.
2026-09-15 22:42:19.572 [info] Syncing profile. Agents
2026-09-15 22:42:19.740 [info] GlobalState (Agents): No changes found during synchronizing ui state.
2026-09-15 22:42:19.827 [info] Sync done. Took 45732ms
2026-09-15 22:46:14.565 [info] [AutoSync] Triggered by Activity
2026-09-15 22:46:15.203 [info] Sync started.
2026-09-15 22:46:18.720 [info] Settings: No changes found during synchronizing settings.
2026-09-15 22:46:19.582 [info] Keybindings: No changes found during synchronizing keybindings.
2026-09-15 22:46:20.411 [info] Snippets: No changes found during synchronizing snippets.
2026-09-15 22:46:21.286 [info] Tasks: No changes found during synchronizing tasks.
2026-09-15 22:46:22.516 [info] Mcp: No changes found during synchronizing mcp.
2026-09-15 22:46:25.804 [info] GlobalState: No changes found during synchronizing ui state.
2026-09-15 22:46:42.339 [info] Extensions: No changes found during synchronizing extensions.
2026-09-15 22:46:51.146 [info] Prompts: No changes found during synchronizing prompts.
2026-09-15 22:46:51.778 [info] Profiles: No changes found during synchronizing profiles.
2026-09-15 22:46:51.783 [info] Syncing profile. Agents
2026-09-15 22:46:52.169 [info] GlobalState (Agents): No changes found during synchronizing ui state.
2026-09-15 22:46:52.376 [info] Sync done. Took 38588ms
2026-09-15 22:51:53.251 [info] [AutoSync] Triggered by Interval
2026-09-15 22:51:54.238 [info] Sync started.
2026-09-15 22:52:14.418 [info] Settings: No changes found during synchronizing settings.
2026-09-15 22:52:15.854 [info] Keybindings: No changes found during synchronizing keybindings.
2026-09-15 22:52:16.299 [info] Snippets: No changes found during synchronizing snippets.
2026-09-15 22:52:17.076 [info] Tasks: No changes found during synchronizing tasks.
2026-09-15 22:52:17.907 [info] Mcp: No changes found during synchronizing mcp.
2026-09-15 22:52:20.053 [info] GlobalState: No changes found during synchronizing ui state.
2026-09-15 22:52:56.140 [info] Extensions: No changes found during synchronizing extensions.
2026-09-15 22:53:02.193 [info] Prompts: No changes found during synchronizing prompts.
2026-09-15 22:53:02.662 [info] Profiles: No changes found during synchronizing profiles.
2026-09-15 22:53:02.672 [info] Syncing profile. Agents
2026-09-15 22:53:03.182 [info] GlobalState (Agents): No changes found during synchronizing ui state.
2026-09-15 22:53:03.194 [info] Sync done. Took 70857ms
2026-09-15 22:58:04.294 [info] [AutoSync] Triggered by Interval
2026-09-15 22:58:05.097 [info] Sync started.
2026-09-15 22:58:05.609 [info] Settings: No changes found during synchronizing settings.
2026-09-15 22:58:05.682 [info] Keybindings: No changes found during synchronizing keybindings.
2026-09-15 22:58:05.817 [info] Snippets: No changes found during synchronizing snippets.
2026-09-15 22:58:05.838 [info] Tasks: No changes found during synchronizing tasks.
2026-09-15 22:58:05.857 [info] Mcp: No changes found during synchronizing mcp.
2026-09-15 22:58:06.002 [info] GlobalState: No changes found during synchronizing ui state.
2026-09-15 22:58:07.707 [info] Extensions: No changes found during synchronizing extensions.
2026-09-15 22:58:08.573 [info] Prompts: No changes found during synchronizing prompts.
2026-09-15 22:58:08.670 [info] Profiles: No changes found during synchronizing profiles.
2026-09-15 22:58:08.693 [info] Syncing profile. Agents
2026-09-15 22:58:08.750 [info] GlobalState (Agents): No changes found during synchronizing ui state.
2026-09-15 22:58:08.756 [info] Sync done. Took 5562ms
2026-09-15 22:59:29.039 [info] [AutoSync] Triggered by Activity
2026-09-15 22:59:29.783 [info] Sync started.
2026-09-15 22:59:30.070 [info] Settings: No changes found during synchronizing settings.
2026-09-15 22:59:30.241 [info] Keybindings: No changes found during synchronizing keybindings.
2026-09-15 22:59:30.998 [info] Snippets: No changes found during synchronizing snippets.
2026-09-15 22:59:31.699 [info] Tasks: No changes found during synchronizing tasks.
2026-09-15 22:59:31.873 [info] Mcp: No changes found during synchronizing mcp.
2026-09-15 22:59:32.290 [info] GlobalState: No changes found during synchronizing ui state.
2026-09-15 22:59:38.448 [info] Extensions: No changes found during synchronizing extensions.
2026-09-15 22:59:49.246 [info] Prompts: No changes found during synchronizing prompts.
2026-09-15 22:59:49.537 [info] Profiles: No changes found during synchronizing profiles.
2026-09-15 22:59:49.544 [info] Syncing profile. Agents
2026-09-15 22:59:49.662 [info] GlobalState (Agents): No changes found during synchronizing ui state.
2026-09-15 22:59:49.829 [info] Sync done. Took 21668ms
2026-09-15 23:04:49.758 [info] [AutoSync] Triggered by Interval
2026-09-15 23:04:49.807 [info] Sync started.
2026-09-15 23:04:50.238 [info] Settings: No changes found during synchronizing settings.
2026-09-15 23:04:50.391 [info] Keybindings: No changes found during synchronizing keybindings.
2026-09-15 23:04:50.515 [info] Snippets: No changes found during synchronizing snippets.
2026-09-15 23:04:50.535 [info] Tasks: No changes found during synchronizing tasks.
2026-09-15 23:04:50.688 [info] Mcp: No changes found during synchronizing mcp.
2026-09-15 23:04:50.834 [info] GlobalState: No changes found during synchronizing ui state.
2026-09-15 23:04:54.089 [info] Extensions: No changes found during synchronizing extensions.
2026-09-15 23:04:54.277 [info] Prompts: No changes found during synchronizing prompts.
2026-09-15 23:04:54.422 [info] Profiles: No changes found during synchronizing profiles.
2026-09-15 23:04:54.489 [info] Syncing profile. Agents
2026-09-15 23:04:54.697 [info] GlobalState (Agents): No changes found during synchronizing ui state.
2026-09-15 23:04:54.864 [info] Sync done. Took 5189ms
2026-09-15 23:06:22.050 [info] [AutoSync] Triggered by Activity
2026-09-15 23:06:22.987 [info] Sync started.
2026-09-15 23:06:26.721 [info] Settings: No changes found during synchronizing settings.
2026-09-15 23:06:26.926 [info] Keybindings: No changes found during synchronizing keybindings.
2026-09-15 23:06:27.048 [info] Snippets: No changes found during synchronizing snippets.
2026-09-15 23:06:27.384 [info] Tasks: No changes found during synchronizing tasks.
2026-09-15 23:06:27.694 [info] Mcp: No changes found during synchronizing mcp.
2026-09-15 23:06:29.213 [info] GlobalState: No changes found during synchronizing ui state.
2026-09-15 23:06:35.392 [info] Extensions: No changes found during synchronizing extensions.
2026-09-15 23:06:35.480 [info] Prompts: No changes found during synchronizing prompts.
2026-09-15 23:06:35.804 [info] Profiles: No changes found during synchronizing profiles.
2026-09-15 23:06:35.811 [info] Syncing profile. Agents
2026-09-15 23:06:36.079 [info] GlobalState (Agents): No changes found during synchronizing ui state.
2026-09-15 23:06:36.120 [info] Sync done. Took 15916ms
2026-09-15 23:11:36.478 [info] [AutoSync] Triggered by Interval
2026-09-15 23:11:36.681 [info] Sync started.
2026-09-15 23:11:37.275 [info] Settings: No changes found during synchronizing settings.
2026-09-15 23:11:37.370 [info] Keybindings: No changes found during synchronizing keybindings.
2026-09-15 23:11:37.644 [info] Snippets: No changes found during synchronizing snippets.
2026-09-15 23:11:37.929 [info] Tasks: No changes found during synchronizing tasks.
2026-09-15 23:11:38.066 [info] Mcp: No changes found during synchronizing mcp.
2026-09-15 23:11:38.567 [info] GlobalState: No changes found during synchronizing ui state.
2026-09-15 23:11:40.242 [info] Extensions: No changes found during synchronizing extensions.
2026-09-15 23:11:40.357 [info] Prompts: No changes found during synchronizing prompts.
2026-09-15 23:11:40.620 [info] Profiles: No changes found during synchronizing profiles.
2026-09-15 23:11:40.632 [info] Syncing profile. Agents
2026-09-15 23:11:40.665 [info] GlobalState (Agents): No changes found during synchronizing ui state.
2026-09-15 23:11:40.671 [info] Sync done. Took 4546ms
2026-09-15 23:16:46.294 [info] [AutoSync] Triggered by Interval
2026-09-15 23:16:47.469 [info] Sync started.
2026-09-15 23:16:49.013 [info] Settings: No changes found during synchronizing settings.
2026-09-15 23:16:49.197 [info] Keybindings: No changes found during synchronizing keybindings.
2026-09-15 23:16:49.977 [info] Snippets: No changes found during synchronizing snippets.
2026-09-15 23:16:50.109 [info] Tasks: No changes found during synchronizing tasks.
2026-09-15 23:16:50.208 [info] Mcp: No changes found during synchronizing mcp.
2026-09-15 23:16:50.571 [info] GlobalState: No changes found during synchronizing ui state.
2026-09-15 23:17:00.325 [info] Extensions: No changes found during synchronizing extensions.
2026-09-15 23:17:03.309 [info] Prompts: No changes found during synchronizing prompts.
2026-09-15 23:17:08.802 [info] Profiles: No changes found during synchronizing profiles.
2026-09-15 23:17:08.949 [info] Syncing profile. Agents
2026-09-15 23:17:09.016 [info] GlobalState (Agents): No changes found during synchronizing ui state.
2026-09-15 23:17:09.017 [info] Sync done. Took 28218ms
2026-09-15 23:17:49.254 [info] [AutoSync] Triggered by Activity
2026-09-15 23:17:49.787 [info] Sync started.
2026-09-15 23:17:50.124 [info] Settings: No changes found during synchronizing settings.
2026-09-15 23:17:50.488 [info] Keybindings: No changes found during synchronizing keybindings.
2026-09-15 23:17:51.385 [info] Snippets: No changes found during synchronizing snippets.
2026-09-15 23:17:51.829 [info] Tasks: No changes found during synchronizing tasks.
2026-09-15 23:17:52.294 [info] Mcp: No changes found during synchronizing mcp.
2026-09-15 23:17:52.772 [info] GlobalState: No changes found during synchronizing ui state.
2026-09-15 23:17:59.248 [info] Extensions: No changes found during synchronizing extensions.
2026-09-15 23:18:02.286 [info] Prompts: No changes found during synchronizing prompts.
2026-09-15 23:18:05.003 [info] Profiles: No changes found during synchronizing profiles.
2026-09-15 23:18:05.293 [info] Syncing profile. Agents
2026-09-15 23:18:05.362 [info] GlobalState (Agents): No changes found during synchronizing ui state.
2026-09-15 23:18:05.369 [info] Sync done. Took 16851ms
2026-09-15 23:23:06.163 [info] [AutoSync] Triggered by Interval
2026-09-15 23:23:06.675 [info] Sync started.
2026-09-15 23:23:07.518 [info] Settings: No changes found during synchronizing settings.
2026-09-15 23:23:07.875 [info] Keybindings: No changes found during synchronizing keybindings.
2026-09-15 23:23:08.093 [info] Snippets: No changes found during synchronizing snippets.
2026-09-15 23:23:08.174 [info] Tasks: No changes found during synchronizing tasks.
2026-09-15 23:23:08.258 [info] Mcp: No changes found during synchronizing mcp.
2026-09-15 23:23:08.501 [info] GlobalState: No changes found during synchronizing ui state.
2026-09-15 23:23:14.037 [info] Extensions: No changes found during synchronizing extensions.
2026-09-15 23:23:20.722 [info] Prompts: No changes found during synchronizing prompts.
2026-09-15 23:23:21.402 [info] Profiles: No changes found during synchronizing profiles.
2026-09-15 23:23:21.474 [info] Syncing profile. Agents
2026-09-15 23:23:21.516 [info] GlobalState (Agents): No changes found during synchronizing ui state.
2026-09-15 23:23:21.583 [info] Sync done. Took 16199ms
2026-09-15 23:28:27.290 [info] [AutoSync] Triggered by Interval
2026-09-15 23:28:27.346 [info] Sync started.
2026-09-15 23:28:35.653 [info] Settings: No changes found during synchronizing settings.
2026-09-15 23:28:35.934 [info] Keybindings: No changes found during synchronizing keybindings.
2026-09-15 23:28:36.098 [info] Snippets: No changes found during synchronizing snippets.
2026-09-15 23:28:36.137 [info] Tasks: No changes found during synchronizing tasks.
2026-09-15 23:28:36.204 [info] Mcp: No changes found during synchronizing mcp.
2026-09-15 23:28:36.458 [info] GlobalState: No changes found during synchronizing ui state.
2026-09-15 23:28:38.825 [info] Extensions: No changes found during synchronizing extensions.
2026-09-15 23:28:38.899 [info] Prompts: No changes found during synchronizing prompts.
2026-09-15 23:28:39.086 [info] Profiles: No changes found during synchronizing profiles.
2026-09-15 23:28:39.093 [info] Syncing profile. Agents
2026-09-15 23:28:39.354 [info] GlobalState (Agents): No changes found during synchronizing ui state.
2026-09-15 23:28:39.359 [info] Sync done. Took 16600ms
2026-09-15 23:33:49.968 [info] [AutoSync] Triggered by Interval
2026-09-15 23:33:50.201 [info] Sync started.
2026-09-15 23:33:55.067 [info] Settings: No changes found during synchronizing settings.
2026-09-15 23:33:55.402 [info] Keybindings: No changes found during synchronizing keybindings.
2026-09-15 23:33:55.829 [info] Snippets: No changes found during synchronizing snippets.
2026-09-15 23:33:55.897 [info] Tasks: No changes found during synchronizing tasks.
2026-09-15 23:33:55.986 [info] Mcp: No changes found during synchronizing mcp.
2026-09-15 23:33:56.568 [info] GlobalState: No changes found during synchronizing ui state.
2026-09-15 23:34:00.878 [info] Extensions: No changes found during synchronizing extensions.
2026-09-15 23:34:01.014 [info] Prompts: No changes found during synchronizing prompts.
2026-09-15 23:34:01.255 [info] Profiles: No changes found during synchronizing profiles.
2026-09-15 23:34:01.528 [info] Syncing profile. Agents
2026-09-15 23:34:06.653 [info] GlobalState (Agents): No changes found during synchronizing ui state.
2026-09-15 23:34:07.661 [info] Sync done. Took 18799ms
2026-09-15 23:39:07.667 [info] [AutoSync] Triggered by Interval
2026-09-15 23:39:07.736 [info] Sync started.
2026-09-15 23:39:08.010 [info] Settings: No changes found during synchronizing settings.
2026-09-15 23:39:08.100 [info] Keybindings: No changes found during synchronizing keybindings.
2026-09-15 23:39:08.147 [info] Snippets: No changes found during synchronizing snippets.
2026-09-15 23:39:08.180 [info] Tasks: No changes found during synchronizing tasks.
2026-09-15 23:39:08.205 [info] Mcp: No changes found during synchronizing mcp.
2026-09-15 23:39:08.265 [info] GlobalState: No changes found during synchronizing ui state.
2026-09-15 23:39:09.364 [info] Extensions: No changes found during synchronizing extensions.
2026-09-15 23:39:09.477 [info] Prompts: No changes found during synchronizing prompts.
2026-09-15 23:39:09.532 [info] Profiles: No changes found during synchronizing profiles.
2026-09-15 23:39:09.541 [info] Syncing profile. Agents
2026-09-15 23:39:09.581 [info] GlobalState (Agents): No changes found during synchronizing ui state.
2026-09-15 23:39:09.588 [info] Sync done. Took 1927ms
2026-09-15 23:44:09.792 [info] [AutoSync] Triggered by Interval
2026-09-15 23:44:10.224 [info] Sync started.
2026-09-15 23:44:11.299 [info] Settings: No changes found during synchronizing settings.
2026-09-15 23:44:11.591 [info] Keybindings: No changes found during synchronizing keybindings.
2026-09-15 23:44:11.898 [info] Snippets: No changes found during synchronizing snippets.
2026-09-15 23:44:11.965 [info] Tasks: No changes found during synchronizing tasks.
2026-09-15 23:44:12.230 [info] Mcp: No changes found during synchronizing mcp.
2026-09-15 23:44:12.438 [info] GlobalState: No changes found during synchronizing ui state.
2026-09-15 23:44:20.793 [info] Extensions: No changes found during synchronizing extensions.
2026-09-15 23:44:22.068 [info] Prompts: No changes found during synchronizing prompts.
2026-09-15 23:44:23.496 [info] Profiles: No changes found during synchronizing profiles.
2026-09-15 23:44:23.510 [info] Syncing profile. Agents
2026-09-15 23:44:23.788 [info] GlobalState (Agents): No changes found during synchronizing ui state.
2026-09-15 23:44:23.796 [info] Sync done. Took 14204ms
2026-09-15 23:49:24.093 [info] [AutoSync] Triggered by Interval
2026-09-15 23:49:24.186 [info] Sync started.
2026-09-15 23:49:24.443 [info] Settings: No changes found during synchronizing settings.
2026-09-15 23:49:24.509 [info] Keybindings: No changes found during synchronizing keybindings.
2026-09-15 23:49:24.569 [info] Snippets: No changes found during synchronizing snippets.
2026-09-15 23:49:24.664 [info] Tasks: No changes found during synchronizing tasks.
2026-09-15 23:49:24.696 [info] Mcp: No changes found during synchronizing mcp.
2026-09-15 23:49:24.801 [info] GlobalState: No changes found during synchronizing ui state.
2026-09-15 23:49:25.853 [info] Extensions: No changes found during synchronizing extensions.
2026-09-15 23:49:25.922 [info] Prompts: No changes found during synchronizing prompts.
2026-09-15 23:49:25.971 [info] Profiles: No changes found during synchronizing profiles.
2026-09-15 23:49:25.983 [info] Syncing profile. Agents
2026-09-15 23:49:26.037 [info] GlobalState (Agents): No changes found during synchronizing ui state.
2026-09-15 23:49:26.043 [info] Sync done. Took 2245ms
2026-09-15 23:54:30.811 [info] [AutoSync] Triggered by Interval
2026-09-15 23:54:31.720 [info] Sync started.
2026-09-15 23:54:38.414 [info] Settings: No changes found during synchronizing settings.
2026-09-15 23:54:41.908 [info] Keybindings: No changes found during synchronizing keybindings.
2026-09-15 23:54:44.214 [info] Snippets: No changes found during synchronizing snippets.
2026-09-15 23:54:45.527 [info] Tasks: No changes found during synchronizing tasks.
2026-09-15 23:54:45.834 [info] Mcp: No changes found during synchronizing mcp.
2026-09-15 23:54:46.445 [info] GlobalState: No changes found during synchronizing ui state.
2026-09-15 23:54:49.215 [info] Extensions: No changes found during synchronizing extensions.
2026-09-15 23:54:50.120 [info] Prompts: No changes found during synchronizing prompts.
2026-09-15 23:54:50.976 [info] Profiles: No changes found during synchronizing profiles.
2026-09-15 23:54:50.981 [info] Syncing profile. Agents
2026-09-15 23:54:53.097 [info] GlobalState (Agents): No changes found during synchronizing ui state.
2026-09-15 23:54:53.463 [info] Sync done. Took 26327ms
2026-09-15 23:59:56.886 [info] [AutoSync] Triggered by Interval
2026-09-15 23:59:58.400 [info] Sync started.
2026-09-16 00:00:08.909 [info] Settings: No changes found during synchronizing settings.
2026-09-16 00:00:10.378 [info] Keybindings: No changes found during synchronizing keybindings.
2026-09-16 00:00:11.416 [info] Snippets: No changes found during synchronizing snippets.
2026-09-16 00:00:11.553 [info] Tasks: No changes found during synchronizing tasks.
2026-09-16 00:00:11.838 [info] Mcp: No changes found during synchronizing mcp.
2026-09-16 00:00:13.014 [info] GlobalState: No changes found during synchronizing ui state.
2026-09-16 00:00:56.033 [info] Extensions: No changes found during synchronizing extensions.
2026-09-16 00:01:16.815 [info] Prompts: No changes found during synchronizing prompts.
2026-09-16 00:01:29.245 [info] Profiles: No changes found during synchronizing profiles.
2026-09-16 00:01:29.249 [info] Syncing profile. Agents
2026-09-16 00:01:29.846 [info] GlobalState (Agents): No changes found during synchronizing ui state.
2026-09-16 00:01:29.850 [info] Sync done. Took 95048ms
2026-09-16 00:02:45.760 [info] [AutoSync] Triggered by Activity
2026-09-16 00:02:45.762 [info] Sync started.
2026-09-16 00:02:46.687 [info] Settings: No changes found during synchronizing settings.
2026-09-16 00:02:47.473 [info] Keybindings: No changes found during synchronizing keybindings.
2026-09-16 00:02:47.943 [info] Snippets: No changes found during synchronizing snippets.
2026-09-16 00:02:48.151 [info] Tasks: No changes found during synchronizing tasks.
2026-09-16 00:02:48.964 [info] Mcp: No changes found during synchronizing mcp.
2026-09-16 00:02:49.437 [info] GlobalState: No changes found during synchronizing ui state.
2026-09-16 00:02:51.094 [info] Extensions: No changes found during synchronizing extensions.
2026-09-16 00:02:51.363 [info] Prompts: No changes found during synchronizing prompts.
2026-09-16 00:02:51.367 [info] Profiles: No changes found during synchronizing profiles.
2026-09-16 00:02:51.371 [info] Syncing profile. Agents
2026-09-16 00:02:51.378 [info] GlobalState (Agents): No changes found during synchronizing ui state.
2026-09-16 00:02:51.381 [info] Sync done. Took 5860ms
2026-09-16 00:03:20.806 [info] [AutoSync] Triggered by Activity
2026-09-16 00:03:20.807 [info] Sync started.
2026-09-16 00:03:20.891 [info] Settings: No changes found during synchronizing settings.
2026-09-16 00:03:20.904 [info] Keybindings: No changes found during synchronizing keybindings.
2026-09-16 00:03:20.916 [info] Snippets: No changes found during synchronizing snippets.
2026-09-16 00:03:20.925 [info] Tasks: No changes found during synchronizing tasks.
2026-09-16 00:03:20.933 [info] Mcp: No changes found during synchronizing mcp.
2026-09-16 00:03:20.947 [info] GlobalState: No changes found during synchronizing ui state.
2026-09-16 00:03:23.646 [info] Extensions: No changes found during synchronizing extensions.
2026-09-16 00:03:24.539 [info] Prompts: No changes found during synchronizing prompts.
2026-09-16 00:03:24.796 [info] Profiles: No changes found during synchronizing profiles.
2026-09-16 00:03:24.796 [info] Syncing profile. Agents
2026-09-16 00:03:24.797 [info] GlobalState (Agents): No changes found during synchronizing ui state.
2026-09-16 00:03:24.798 [info] Sync done. Took 3712ms
2026-09-16 00:08:24.738 [info] [AutoSync] Triggered by Interval
2026-09-16 00:08:25.078 [info] Sync started.
2026-09-16 00:08:25.706 [info] Settings: No changes found during synchronizing settings.
2026-09-16 00:08:25.826 [info] Keybindings: No changes found during synchronizing keybindings.
2026-09-16 00:08:26.063 [info] Snippets: No changes found during synchronizing snippets.
2026-09-16 00:08:26.141 [info] Tasks: No changes found during synchronizing tasks.
2026-09-16 00:08:26.162 [info] Mcp: No changes found during synchronizing mcp.
2026-09-16 00:08:26.324 [info] GlobalState: No changes found during synchronizing ui state.
2026-09-16 00:08:30.465 [info] Extensions: No changes found during synchronizing extensions.
2026-09-16 00:08:30.514 [info] Prompts: No changes found during synchronizing prompts.
2026-09-16 00:08:30.574 [info] Profiles: No changes found during synchronizing profiles.
2026-09-16 00:08:30.585 [info] Syncing profile. Agents
2026-09-16 00:08:30.665 [info] GlobalState (Agents): No changes found during synchronizing ui state.
2026-09-16 00:08:30.670 [info] Sync done. Took 6149ms
2026-09-16 00:13:31.091 [info] [AutoSync] Triggered by Interval
2026-09-16 00:13:33.444 [info] Sync started.
2026-09-16 00:13:37.458 [info] Settings: No changes found during synchronizing settings.
2026-09-16 00:13:37.883 [info] Keybindings: No changes found during synchronizing keybindings.
2026-09-16 00:13:38.397 [info] Snippets: No changes found during synchronizing snippets.
2026-09-16 00:13:39.296 [info] Tasks: No changes found during synchronizing tasks.
2026-09-16 00:13:39.581 [info] Mcp: No changes found during synchronizing mcp.
2026-09-16 00:13:39.912 [info] GlobalState: No changes found during synchronizing ui state.
2026-09-16 00:13:48.114 [info] Extensions: No changes found during synchronizing extensions.
2026-09-16 00:13:49.204 [info] Prompts: No changes found during synchronizing prompts.
2026-09-16 00:13:53.225 [info] Profiles: No changes found during synchronizing profiles.
2026-09-16 00:13:56.445 [info] Syncing profile. Agents
2026-09-16 00:13:58.628 [info] GlobalState (Agents): No changes found during synchronizing ui state.
2026-09-16 00:13:58.634 [info] Sync done. Took 27812ms
2026-09-16 00:14:38.032 [info] [AutoSync] Triggered by Activity
2026-09-16 00:14:38.033 [info] Sync started.
2026-09-16 00:14:38.936 [info] Settings: No changes found during synchronizing settings.
2026-09-16 00:14:39.347 [info] Keybindings: No changes found during synchronizing keybindings.
2026-09-16 00:14:39.503 [info] Snippets: No changes found during synchronizing snippets.
2026-09-16 00:14:39.581 [info] Tasks: No changes found during synchronizing tasks.
2026-09-16 00:14:39.736 [info] Mcp: No changes found during synchronizing mcp.
2026-09-16 00:14:39.965 [info] GlobalState: No changes found during synchronizing ui state.
2026-09-16 00:14:41.389 [info] Extensions: No changes found during synchronizing extensions.
2026-09-16 00:14:41.463 [info] Prompts: No changes found during synchronizing prompts.
2026-09-16 00:14:41.469 [info] Profiles: No changes found during synchronizing profiles.
2026-09-16 00:14:41.542 [info] Syncing profile. Agents
2026-09-16 00:14:41.547 [info] GlobalState (Agents): No changes found during synchronizing ui state.
2026-09-16 00:14:41.553 [info] Sync done. Took 3521ms
2026-09-16 00:16:33.012 [info] [AutoSync] Triggered by Activity
2026-09-16 00:16:33.654 [info] Sync started.
2026-09-16 00:16:35.791 [info] Settings: No changes found during synchronizing settings.
2026-09-16 00:16:36.031 [info] Keybindings: No changes found during synchronizing keybindings.
2026-09-16 00:16:36.150 [info] Snippets: No changes found during synchronizing snippets.
2026-09-16 00:16:36.210 [info] Tasks: No changes found during synchronizing tasks.
2026-09-16 00:16:36.251 [info] Mcp: No changes found during synchronizing mcp.
2026-09-16 00:16:36.368 [info] GlobalState: No changes found during synchronizing ui state.
2026-09-16 00:16:43.654 [info] Extensions: No changes found during synchronizing extensions.
2026-09-16 00:16:53.212 [info] Prompts: No changes found during synchronizing prompts.
2026-09-16 00:16:53.718 [info] Profiles: No changes found during synchronizing profiles.
2026-09-16 00:16:53.759 [info] Syncing profile. Agents
2026-09-16 00:16:53.989 [info] GlobalState (Agents): No changes found during synchronizing ui state.
2026-09-16 00:16:53.997 [info] Sync done. Took 21005ms
2026-09-16 00:21:57.027 [info] [AutoSync] Triggered by Interval
2026-09-16 00:21:57.930 [info] Sync started.
2026-09-16 00:22:05.247 [info] Settings: No changes found during synchronizing settings.
2026-09-16 00:22:05.755 [info] Keybindings: No changes found during synchronizing keybindings.
2026-09-16 00:22:06.493 [info] Snippets: No changes found during synchronizing snippets.
2026-09-16 00:22:06.882 [info] Tasks: No changes found during synchronizing tasks.
2026-09-16 00:22:07.081 [info] Mcp: No changes found during synchronizing mcp.
2026-09-16 00:22:08.626 [info] GlobalState: No changes found during synchronizing ui state.
2026-09-16 00:22:14.391 [info] Extensions: No changes found during synchronizing extensions.
2026-09-16 00:22:18.628 [info] Prompts: No changes found during synchronizing prompts.
2026-09-16 00:22:19.391 [info] Profiles: No changes found during synchronizing profiles.
2026-09-16 00:22:19.396 [info] Syncing profile. Agents
2026-09-16 00:22:19.583 [info] GlobalState (Agents): No changes found during synchronizing ui state.
2026-09-16 00:22:19.586 [info] Sync done. Took 25584ms
2026-09-16 00:27:19.715 [info] [AutoSync] Triggered by Interval
2026-09-16 00:27:20.137 [info] Sync started.
2026-09-16 00:27:23.809 [info] Settings: No changes found during synchronizing settings.
2026-09-16 00:27:24.032 [info] Keybindings: No changes found during synchronizing keybindings.
2026-09-16 00:27:24.722 [info] Snippets: No changes found during synchronizing snippets.
2026-09-16 00:27:25.557 [info] Tasks: No changes found during synchronizing tasks.
2026-09-16 00:27:25.854 [info] Mcp: No changes found during synchronizing mcp.
2026-09-16 00:27:26.255 [info] GlobalState: No changes found during synchronizing ui state.
2026-09-16 00:27:33.065 [info] Extensions: No changes found during synchronizing extensions.
2026-09-16 00:27:38.216 [info] Prompts: No changes found during synchronizing prompts.
2026-09-16 00:27:41.094 [info] Profiles: No changes found during synchronizing profiles.
2026-09-16 00:27:41.517 [info] Syncing profile. Agents
2026-09-16 00:27:41.799 [info] GlobalState (Agents): No changes found during synchronizing ui state.
2026-09-16 00:27:41.803 [info] Sync done. Took 22210ms
2026-09-16 00:32:42.011 [info] [AutoSync] Triggered by Interval
2026-09-16 00:32:42.234 [info] Sync started.
2026-09-16 00:32:42.904 [info] Settings: No changes found during synchronizing settings.
2026-09-16 00:32:43.081 [info] Keybindings: No changes found during synchronizing keybindings.
2026-09-16 00:32:43.263 [info] Snippets: No changes found during synchronizing snippets.
2026-09-16 00:32:43.308 [info] Tasks: No changes found during synchronizing tasks.
2026-09-16 00:32:43.351 [info] Mcp: No changes found during synchronizing mcp.
2026-09-16 00:32:43.475 [info] GlobalState: No changes found during synchronizing ui state.
2026-09-16 00:32:44.990 [info] Extensions: No changes found during synchronizing extensions.
2026-09-16 00:32:45.070 [info] Prompts: No changes found during synchronizing prompts.
2026-09-16 00:32:45.095 [info] Profiles: No changes found during synchronizing profiles.
2026-09-16 00:32:45.136 [info] Syncing profile. Agents
2026-09-16 00:32:45.189 [info] GlobalState (Agents): No changes found during synchronizing ui state.
2026-09-16 00:32:45.193 [info] Sync done. Took 3382ms
2026-09-16 00:37:48.532 [info] [AutoSync] Triggered by Interval
2026-09-16 00:37:50.419 [info] Sync started.
2026-09-16 00:38:05.398 [info] Request failed https://vscode-sync.trafficmanager.net/v1/manifest
2026-09-16 00:38:05.779 [error] RequestFailed (UserDataSyncError) syncResource:unknown operationId:unknown: Connection refused for the request 'https://vscode-sync.trafficmanager.net/v1/manifest'.
    at nl.request (file:///usr/share/code/resources/app/out/vs/code/electron-utility/sharedProcess/sharedProcessMain.js:510:26345)
    at async nl.manifest (file:///usr/share/code/resources/app/out/vs/code/electron-utility/sharedProcess/sharedProcessMain.js:510:22975)
    at async gl.createSyncTask (file:///usr/share/code/resources/app/out/vs/code/electron-utility/sharedProcess/sharedProcessMain.js:510:156724)
    at async i.createAndRunSyncTask (file:///usr/share/code/resources/app/out/vs/code/electron-utility/sharedProcess/sharedProcessMain.js:542:19061)
    at async i.doSync (file:///usr/share/code/resources/app/out/vs/code/electron-utility/sharedProcess/sharedProcessMain.js:542:18572)
2026-09-16 00:38:05.788 [error] RequestFailed (UserDataSyncError) syncResource:unknown operationId:unknown: Connection refused for the request 'https://vscode-sync.trafficmanager.net/v1/manifest'.
    at nl.request (file:///usr/share/code/resources/app/out/vs/code/electron-utility/sharedProcess/sharedProcessMain.js:510:26345)
    at async nl.manifest (file:///usr/share/code/resources/app/out/vs/code/electron-utility/sharedProcess/sharedProcessMain.js:510:22975)
    at async gl.createSyncTask (file:///usr/share/code/resources/app/out/vs/code/electron-utility/sharedProcess/sharedProcessMain.js:510:156724)
    at async i.createAndRunSyncTask (file:///usr/share/code/resources/app/out/vs/code/electron-utility/sharedProcess/sharedProcessMain.js:542:19061)
    at async i.doSync (file:///usr/share/code/resources/app/out/vs/code/electron-utility/sharedProcess/sharedProcessMain.js:542:18572)
2026-09-16 00:43:08.609 [info] [AutoSync] Triggered by Interval
2026-09-16 00:43:09.566 [info] Sync started.
2026-09-16 00:43:27.707 [info] Settings: No changes found during synchronizing settings.
2026-09-16 00:43:35.795 [info] Keybindings: No changes found during synchronizing keybindings.
2026-09-16 00:43:36.816 [info] Snippets: No changes found during synchronizing snippets.
2026-09-16 00:43:37.471 [info] Tasks: No changes found during synchronizing tasks.
2026-09-16 00:43:37.614 [info] Mcp: No changes found during synchronizing mcp.
2026-09-16 00:43:41.947 [info] GlobalState: No changes found during synchronizing ui state.
2026-09-16 00:44:09.554 [info] Extensions: No changes found during synchronizing extensions.
2026-09-16 00:44:12.886 [info] Prompts: No changes found during synchronizing prompts.
2026-09-16 00:44:16.423 [info] Profiles: No changes found during synchronizing profiles.
2026-09-16 00:44:16.487 [info] Syncing profile. Agents
2026-09-16 00:44:16.617 [info] GlobalState (Agents): No changes found during synchronizing ui state.
2026-09-16 00:44:16.620 [info] Sync done. Took 71219ms
2026-09-16 00:49:19.187 [info] [AutoSync] Triggered by Interval
2026-09-16 00:49:20.702 [info] Sync started.
2026-09-16 00:49:24.114 [info] Settings: No changes found during synchronizing settings.
2026-09-16 00:49:25.125 [info] Keybindings: No changes found during synchronizing keybindings.
2026-09-16 00:49:26.390 [info] Snippets: No changes found during synchronizing snippets.
2026-09-16 00:49:26.485 [info] Tasks: No changes found during synchronizing tasks.
2026-09-16 00:49:26.706 [info] Mcp: No changes found during synchronizing mcp.
2026-09-16 00:49:27.378 [info] GlobalState: No changes found during synchronizing ui state.
2026-09-16 00:49:31.479 [info] Extensions: No changes found during synchronizing extensions.
2026-09-16 00:49:38.212 [info] Prompts: No changes found during synchronizing prompts.
2026-09-16 00:49:38.595 [info] Profiles: No changes found during synchronizing profiles.
2026-09-16 00:49:38.603 [info] Syncing profile. Agents
2026-09-16 00:49:38.719 [info] GlobalState (Agents): No changes found during synchronizing ui state.
2026-09-16 00:49:38.725 [info] Sync done. Took 22043ms
2026-09-16 00:53:50.426 [info] [AutoSync] Triggered by Activity
2026-09-16 00:53:51.006 [info] Sync started.
2026-09-16 00:53:53.976 [info] Settings: No changes found during synchronizing settings.
2026-09-16 00:53:56.416 [info] Keybindings: No changes found during synchronizing keybindings.
2026-09-16 00:53:56.990 [info] Snippets: No changes found during synchronizing snippets.
2026-09-16 00:53:58.216 [info] Tasks: No changes found during synchronizing tasks.
2026-09-16 00:53:58.750 [info] Mcp: No changes found during synchronizing mcp.
2026-09-16 00:54:00.074 [info] GlobalState: No changes found during synchronizing ui state.
2026-09-16 00:54:03.830 [info] Extensions: No changes found during synchronizing extensions.
2026-09-16 00:54:03.944 [info] Prompts: No changes found during synchronizing prompts.
2026-09-16 00:54:04.046 [info] Profiles: No changes found during synchronizing profiles.
2026-09-16 00:54:04.052 [info] Syncing profile. Agents
2026-09-16 00:54:04.223 [info] GlobalState (Agents): No changes found during synchronizing ui state.
2026-09-16 00:54:04.229 [info] Sync done. Took 14213ms
2026-09-16 00:59:06.666 [info] [AutoSync] Triggered by Interval
2026-09-16 00:59:07.693 [info] Sync started.
2026-09-16 00:59:11.737 [info] Settings: No changes found during synchronizing settings.
2026-09-16 00:59:11.821 [info] Keybindings: No changes found during synchronizing keybindings.
2026-09-16 00:59:12.454 [info] Snippets: No changes found during synchronizing snippets.
2026-09-16 00:59:12.866 [info] Tasks: No changes found during synchronizing tasks.
2026-09-16 00:59:12.974 [info] Mcp: No changes found during synchronizing mcp.
2026-09-16 00:59:13.193 [info] GlobalState: No changes found during synchronizing ui state.
2026-09-16 00:59:13.856 [info] Extensions: No changes found during synchronizing extensions.
2026-09-16 00:59:13.974 [info] Prompts: No changes found during synchronizing prompts.
2026-09-16 00:59:14.064 [info] Profiles: No changes found during synchronizing profiles.
2026-09-16 00:59:14.070 [info] Syncing profile. Agents
2026-09-16 00:59:14.132 [info] GlobalState (Agents): No changes found during synchronizing ui state.
2026-09-16 00:59:14.135 [info] Sync done. Took 9879ms
2026-09-16 00:59:32.650 [info] [AutoSync] Triggered by Activity
2026-09-16 00:59:32.651 [info] Sync started.
2026-09-16 00:59:33.752 [info] Settings: No changes found during synchronizing settings.
2026-09-16 00:59:33.989 [info] Keybindings: No changes found during synchronizing keybindings.
2026-09-16 00:59:34.209 [info] Snippets: No changes found during synchronizing snippets.
2026-09-16 00:59:34.343 [info] Tasks: No changes found during synchronizing tasks.
2026-09-16 00:59:34.360 [info] Mcp: No changes found during synchronizing mcp.
2026-09-16 00:59:34.625 [info] GlobalState: No changes found during synchronizing ui state.
2026-09-16 00:59:36.330 [info] Extensions: No changes found during synchronizing extensions.
2026-09-16 00:59:36.999 [info] Prompts: No changes found during synchronizing prompts.
2026-09-16 00:59:37.002 [info] Profiles: No changes found during synchronizing profiles.
2026-09-16 00:59:37.005 [info] Syncing profile. Agents
2026-09-16 00:59:37.031 [info] GlobalState (Agents): No changes found during synchronizing ui state.
2026-09-16 00:59:37.036 [info] Sync done. Took 4389ms
2026-09-16 01:04:37.321 [info] [AutoSync] Triggered by Interval
2026-09-16 01:04:38.905 [info] Sync started.
2026-09-16 01:04:39.605 [info] Settings: No changes found during synchronizing settings.
2026-09-16 01:04:39.940 [info] Keybindings: No changes found during synchronizing keybindings.
2026-09-16 01:04:40.383 [info] Snippets: No changes found during synchronizing snippets.
2026-09-16 01:04:40.428 [info] Tasks: No changes found during synchronizing tasks.
2026-09-16 01:04:40.535 [info] Mcp: No changes found during synchronizing mcp.
2026-09-16 01:04:41.050 [info] GlobalState: No changes found during synchronizing ui state.
2026-09-16 01:04:45.776 [info] Extensions: No changes found during synchronizing extensions.
2026-09-16 01:04:45.972 [info] Prompts: No changes found during synchronizing prompts.
2026-09-16 01:04:52.464 [info] Profiles: No changes found during synchronizing profiles.
2026-09-16 01:04:52.775 [info] Syncing profile. Agents
2026-09-16 01:04:52.848 [info] GlobalState (Agents): No changes found during synchronizing ui state.
2026-09-16 01:04:52.856 [info] Sync done. Took 15812ms
2026-09-16 01:09:56.333 [info] [AutoSync] Triggered by Interval
2026-09-16 01:09:58.540 [info] Sync started.
2026-09-16 01:10:00.614 [info] Settings: No changes found during synchronizing settings.
2026-09-16 01:10:01.296 [info] Keybindings: No changes found during synchronizing keybindings.
2026-09-16 01:10:03.863 [info] Snippets: No changes found during synchronizing snippets.
2026-09-16 01:10:05.794 [info] Tasks: No changes found during synchronizing tasks.
2026-09-16 01:10:19.078 [info] Mcp: No changes found during synchronizing mcp.
2026-09-16 01:10:20.953 [info] GlobalState: No changes found during synchronizing ui state.
2026-09-16 01:10:52.637 [info] Extensions: No changes found during synchronizing extensions.
2026-09-16 01:11:00.670 [info] Prompts: No changes found during synchronizing prompts.
2026-09-16 01:11:01.480 [info] Profiles: No changes found during synchronizing profiles.
2026-09-16 01:11:01.976 [info] Syncing profile. Agents
2026-09-16 01:11:01.977 [info] GlobalState (Agents): No changes found during synchronizing ui state.
2026-09-16 01:11:01.978 [info] Sync done. Took 68978ms
2026-09-16 01:16:01.951 [info] [AutoSync] Triggered by Interval
2026-09-16 01:16:02.203 [info] Sync started.
2026-09-16 01:16:03.230 [info] Settings: No changes found during synchronizing settings.
2026-09-16 01:16:04.483 [info] Keybindings: No changes found during synchronizing keybindings.
2026-09-16 01:16:05.424 [info] Snippets: No changes found during synchronizing snippets.
2026-09-16 01:16:05.806 [info] Tasks: No changes found during synchronizing tasks.
2026-09-16 01:16:06.138 [info] Mcp: No changes found during synchronizing mcp.
2026-09-16 01:16:06.813 [info] GlobalState: No changes found during synchronizing ui state.
2026-09-16 01:16:14.730 [info] Extensions: No changes found during synchronizing extensions.
2026-09-16 01:16:28.879 [info] Prompts: No changes found during synchronizing prompts.
2026-09-16 01:16:30.443 [info] Profiles: No changes found during synchronizing profiles.
2026-09-16 01:16:30.451 [info] Syncing profile. Agents
2026-09-16 01:16:31.592 [info] GlobalState (Agents): No changes found during synchronizing ui state.
2026-09-16 01:16:31.597 [info] Sync done. Took 29752ms
2026-09-16 01:21:32.803 [info] [AutoSync] Triggered by Interval
2026-09-16 01:21:33.256 [info] Sync started.
2026-09-16 01:21:35.139 [info] Settings: No changes found during synchronizing settings.
2026-09-16 01:21:35.486 [info] Keybindings: No changes found during synchronizing keybindings.
2026-09-16 01:21:36.520 [info] Snippets: No changes found during synchronizing snippets.
2026-09-16 01:21:36.719 [info] Tasks: No changes found during synchronizing tasks.
2026-09-16 01:21:36.821 [info] Mcp: No changes found during synchronizing mcp.
2026-09-16 01:21:37.237 [info] GlobalState: No changes found during synchronizing ui state.
2026-09-16 01:21:45.971 [info] Extensions: No changes found during synchronizing extensions.
2026-09-16 01:21:46.015 [info] Prompts: No changes found during synchronizing prompts.
2026-09-16 01:21:46.084 [info] Profiles: No changes found during synchronizing profiles.
2026-09-16 01:21:46.091 [info] Syncing profile. Agents
2026-09-16 01:21:46.119 [info] GlobalState (Agents): No changes found during synchronizing ui state.
2026-09-16 01:21:46.123 [info] Sync done. Took 14524ms
2026-09-16 01:24:33.844 [info] [AutoSync] Triggered by Activity
2026-09-16 01:24:48.002 [info] Sync started.
2026-09-16 01:24:49.861 [info] Settings: No changes found during synchronizing settings.
2026-09-16 01:24:50.068 [info] Keybindings: No changes found during synchronizing keybindings.
2026-09-16 01:24:50.243 [info] Snippets: No changes found during synchronizing snippets.
2026-09-16 01:24:50.623 [info] Tasks: No changes found during synchronizing tasks.
2026-09-16 01:24:50.834 [info] Mcp: No changes found during synchronizing mcp.
2026-09-16 01:24:52.896 [info] GlobalState: Updated remote ui state. Updated: commandPalette.mru.cache,commandPalette.mru.counter.
