2026-09-13 17:48:09.656 [info] [AutoSync] Using settings sync service https://vscode-sync.trafficmanager.net/
2026-09-13 17:48:09.656 [info] [AutoSync] Enabled.
2026-09-13 17:48:09.656 [info] [AutoSync] Suspended until auth token is available.
2026-09-13 17:48:44.308 [info] [AutoSync] Triggered by Interval
2026-09-13 17:48:44.383 [info] Sync started.
2026-09-13 17:48:46.205 [error] LocalInvalidContent (UserDataSyncError) syncResource:settings operationId:unknown: Unable to sync settings as there are errors/warning in settings file.
    at us.validateContent (file:///usr/share/code/resources/app/out/vs/code/electron-utility/sharedProcess/sharedProcessMain.js:510:124710)
    at us.generateSyncPreview (file:///usr/share/code/resources/app/out/vs/code/electron-utility/sharedProcess/sharedProcessMain.js:510:119159)
    at async us.doGenerateSyncResourcePreview (file:///usr/share/code/resources/app/out/vs/code/electron-utility/sharedProcess/sharedProcessMain.js:510:45909)
2026-09-13 17:48:46.207 [error] settings: Unable to sync settings as there are errors/warning in settings file.
2026-09-13 17:48:46.311 [info] Keybindings: No changes found during synchronizing keybindings.
2026-09-13 17:48:46.436 [info] Snippets: No changes found during synchronizing snippets.
2026-09-13 17:48:46.501 [info] Tasks: No changes found during synchronizing tasks.
2026-09-13 17:48:46.530 [info] Mcp: No changes found during synchronizing mcp.
2026-09-13 17:48:46.783 [info] GlobalState: No changes found during synchronizing ui state.
2026-09-13 17:48:47.181 [info] Extensions: No changes found during synchronizing extensions.
2026-09-13 17:48:47.208 [info] Prompts: No changes found during synchronizing prompts.
2026-09-13 17:48:47.244 [info] Profiles: No changes found during synchronizing profiles.
2026-09-13 17:48:47.256 [info] Syncing profile. Agents
2026-09-13 17:48:48.331 [info] GlobalState (Agents): No changes found during synchronizing ui state.
2026-09-13 17:48:48.343 [info] Sync done. Took 4799ms
2026-09-13 17:49:11.122 [info] [AutoSync] Triggered by Activity
2026-09-13 17:49:11.123 [info] Sync started.
2026-09-13 17:49:11.402 [error] LocalInvalidContent (UserDataSyncError) syncResource:settings operationId:unknown: Unable to sync settings as there are errors/warning in settings file.
    at us.validateContent (file:///usr/share/code/resources/app/out/vs/code/electron-utility/sharedProcess/sharedProcessMain.js:510:124710)
    at us.generateSyncPreview (file:///usr/share/code/resources/app/out/vs/code/electron-utility/sharedProcess/sharedProcessMain.js:510:119159)
    at async us.doGenerateSyncResourcePreview (file:///usr/share/code/resources/app/out/vs/code/electron-utility/sharedProcess/sharedProcessMain.js:510:45909)
2026-09-13 17:49:11.407 [error] settings: Unable to sync settings as there are errors/warning in settings file.
2026-09-13 17:49:11.451 [info] Keybindings: No changes found during synchronizing keybindings.
2026-09-13 17:49:11.714 [info] Snippets: No changes found during synchronizing snippets.
2026-09-13 17:49:11.847 [info] Tasks: No changes found during synchronizing tasks.
2026-09-13 17:49:11.961 [info] Mcp: No changes found during synchronizing mcp.
2026-09-13 17:49:12.032 [info] GlobalState: No changes found during synchronizing ui state.
2026-09-13 17:49:12.440 [info] Extensions: No changes found during synchronizing extensions.
2026-09-13 17:49:12.633 [info] Prompts: No changes found during synchronizing prompts.
2026-09-13 17:49:12.684 [info] Profiles: No changes found during synchronizing profiles.
2026-09-13 17:49:12.707 [info] Syncing profile. Agents
2026-09-13 17:49:12.761 [info] GlobalState (Agents): No changes found during synchronizing ui state.
2026-09-13 17:49:12.778 [info] Sync done. Took 1655ms
2026-09-13 17:50:04.574 [info] [AutoSync] Triggered by Activity
2026-09-13 17:50:04.610 [info] Sync started.
2026-09-13 17:50:05.068 [info] Settings: Updated remote settings
2026-09-13 17:50:05.169 [info] Settings: Updated last synchronized settings
2026-09-13 17:50:05.211 [info] Keybindings: No changes found during synchronizing keybindings.
2026-09-13 17:50:05.243 [info] Snippets: No changes found during synchronizing snippets.
2026-09-13 17:50:05.273 [info] Tasks: No changes found during synchronizing tasks.
2026-09-13 17:50:05.295 [info] Mcp: No changes found during synchronizing mcp.
2026-09-13 17:50:05.386 [info] GlobalState: No changes found during synchronizing ui state.
2026-09-13 17:50:05.621 [info] Extensions: No changes found during synchronizing extensions.
2026-09-13 17:50:05.663 [info] Prompts: No changes found during synchronizing prompts.
2026-09-13 17:50:05.677 [info] Profiles: No changes found during synchronizing profiles.
2026-09-13 17:50:05.683 [info] Syncing profile. Agents
2026-09-13 17:50:05.699 [info] GlobalState (Agents): No changes found during synchronizing ui state.
2026-09-13 17:50:05.704 [info] Sync done. Took 1150ms
2026-09-13 17:50:07.709 [info] [AutoSync] Triggered by Activity
2026-09-13 17:50:07.709 [info] Sync started.
2026-09-13 17:50:07.776 [info] Settings: No changes found during synchronizing settings.
2026-09-13 17:50:07.786 [info] Keybindings: No changes found during synchronizing keybindings.
2026-09-13 17:50:07.796 [info] Snippets: No changes found during synchronizing snippets.
2026-09-13 17:50:07.806 [info] Tasks: No changes found during synchronizing tasks.
2026-09-13 17:50:07.818 [info] Mcp: No changes found during synchronizing mcp.
2026-09-13 17:50:07.834 [info] GlobalState: No changes found during synchronizing ui state.
2026-09-13 17:50:07.986 [info] Extensions: No changes found during synchronizing extensions.
2026-09-13 17:50:07.998 [info] Prompts: No changes found during synchronizing prompts.
2026-09-13 17:50:08.005 [info] Profiles: No changes found during synchronizing profiles.
2026-09-13 17:50:08.010 [info] Syncing profile. Agents
2026-09-13 17:50:08.019 [info] GlobalState (Agents): No changes found during synchronizing ui state.
2026-09-13 17:50:08.022 [info] Sync done. Took 318ms
2026-09-13 17:51:00.645 [info] [AutoSync] Triggered by Activity
2026-09-13 17:51:00.646 [info] Sync started.
2026-09-13 17:51:00.997 [info] Settings: No changes found during synchronizing settings.
2026-09-13 17:51:01.018 [info] Keybindings: No changes found during synchronizing keybindings.
2026-09-13 17:51:01.025 [info] Snippets: No changes found during synchronizing snippets.
2026-09-13 17:51:01.036 [info] Tasks: No changes found during synchronizing tasks.
2026-09-13 17:51:01.050 [info] Mcp: No changes found during synchronizing mcp.
2026-09-13 17:51:01.510 [info] GlobalState: Updated remote ui state. Updated: chat.tip.lastTipId.
2026-09-13 17:51:01.550 [info] GlobalState: Updated last synchronized ui state
2026-09-13 17:51:01.709 [info] Extensions: No changes found during synchronizing extensions.
2026-09-13 17:51:01.749 [info] Prompts: No changes found during synchronizing prompts.
2026-09-13 17:51:01.787 [info] Profiles: No changes found during synchronizing profiles.
2026-09-13 17:51:01.795 [info] Syncing profile. Agents
2026-09-13 17:51:01.801 [info] GlobalState (Agents): No changes found during synchronizing ui state.
2026-09-13 17:51:01.803 [info] Sync done. Took 1164ms
2026-09-13 17:51:31.886 [info] [AutoSync] Triggered by Activity
2026-09-13 17:51:31.887 [info] Sync started.
2026-09-13 17:51:46.996 [info] Settings: Updated remote settings
2026-09-13 17:51:47.195 [info] Settings: Updated last synchronized settings
2026-09-13 17:51:47.781 [info] Keybindings: No changes found during synchronizing keybindings.
2026-09-13 17:51:48.082 [info] Snippets: No changes found during synchronizing snippets.
2026-09-13 17:51:48.234 [info] Tasks: No changes found during synchronizing tasks.
2026-09-13 17:51:48.352 [info] Mcp: No changes found during synchronizing mcp.
2026-09-13 17:51:48.795 [info] GlobalState: No changes found during synchronizing ui state.
2026-09-13 17:51:51.463 [info] Extensions: No changes found during synchronizing extensions.
2026-09-13 17:51:52.379 [info] Prompts: No changes found during synchronizing prompts.
2026-09-13 17:51:52.876 [info] Profiles: No changes found during synchronizing profiles.
2026-09-13 17:51:52.895 [info] Syncing profile. Agents
2026-09-13 17:51:52.899 [info] GlobalState (Agents): No changes found during synchronizing ui state.
2026-09-13 17:51:52.901 [info] Sync done. Took 21235ms
2026-09-13 17:51:52.910 [info] [AutoSync] Triggered by Activity
2026-09-13 17:51:52.911 [info] Sync started.
2026-09-13 17:51:53.712 [info] Settings: No changes found during synchronizing settings.
2026-09-13 17:51:54.232 [info] Keybindings: No changes found during synchronizing keybindings.
2026-09-13 17:51:58.465 [info] Snippets: No changes found during synchronizing snippets.
2026-09-13 17:51:58.495 [info] [AutoSync] Suspended until auth token is available.
2026-09-13 17:51:58.497 [info] [AutoSync] Cancelled sync that is in progress
2026-09-13 17:51:58.498 [info] [AutoSync] Stopped
2026-09-13 17:51:58.500 [error] Canceled: Canceled
    at Us.value (file:///usr/share/code/resources/app/out/vs/code/electron-utility/sharedProcess/sharedProcessMain.js:432:91062)
    at x._deliver (file:///usr/share/code/resources/app/out/vs/code/electron-utility/sharedProcess/sharedProcessMain.js:432:3617)
    at x.fire (file:///usr/share/code/resources/app/out/vs/code/electron-utility/sharedProcess/sharedProcessMain.js:432:3935)
    at Ms.cancel (file:///usr/share/code/resources/app/out/vs/code/electron-utility/sharedProcess/sharedProcessMain.js:432:7017)
    at at.cancel (file:///usr/share/code/resources/app/out/vs/code/electron-utility/sharedProcess/sharedProcessMain.js:432:7555)
    at Object.cancel (file:///usr/share/code/resources/app/out/vs/code/electron-utility/sharedProcess/sharedProcessMain.js:432:91216)
    at fl.stop (file:///usr/share/code/resources/app/out/vs/code/electron-utility/sharedProcess/sharedProcessMain.js:510:50495)
    at yo.stop (file:///usr/share/code/resources/app/out/vs/code/electron-utility/sharedProcess/sharedProcessMain.js:510:171424)
    at file:///usr/share/code/resources/app/out/vs/code/electron-utility/sharedProcess/sharedProcessMain.js:510:160494
    at Array.map (<anonymous>)
    at gl.stop (file:///usr/share/code/resources/app/out/vs/code/electron-utility/sharedProcess/sharedProcessMain.js:510:160485)
    at Object.stop (file:///usr/share/code/resources/app/out/vs/code/electron-utility/sharedProcess/sharedProcessMain.js:510:157163)
    at Rh._fn (file:///usr/share/code/resources/app/out/vs/code/electron-utility/sharedProcess/sharedProcessMain.js:542:17500)
    at Rh.dispose (file:///usr/share/code/resources/app/out/vs/code/electron-utility/sharedProcess/sharedProcessMain.js:430:1201)
    at Xt (file:///usr/share/code/resources/app/out/vs/code/electron-utility/sharedProcess/sharedProcessMain.js:430:689)
    at i.clear (file:///usr/share/code/resources/app/out/vs/code/electron-utility/sharedProcess/sharedProcessMain.js:430:1516)
    at i.dispose (file:///usr/share/code/resources/app/out/vs/code/electron-utility/sharedProcess/sharedProcessMain.js:430:1426)
    at i.dispose (file:///usr/share/code/resources/app/out/vs/code/electron-utility/sharedProcess/sharedProcessMain.js:430:2312)
    at set value (file:///usr/share/code/resources/app/out/vs/code/electron-utility/sharedProcess/sharedProcessMain.js:430:2603)
    at Ct.clear (file:///usr/share/code/resources/app/out/vs/code/electron-utility/sharedProcess/sharedProcessMain.js:430:2660)
    at Xl.updateAutoSync (file:///usr/share/code/resources/app/out/vs/code/electron-utility/sharedProcess/sharedProcessMain.js:542:11509)
    at Us.value (file:///usr/share/code/resources/app/out/vs/code/electron-utility/sharedProcess/sharedProcessMain.js:542:9952)
    at x._deliver (file:///usr/share/code/resources/app/out/vs/code/electron-utility/sharedProcess/sharedProcessMain.js:432:3617)
    at x._deliverQueue (file:///usr/share/code/resources/app/out/vs/code/electron-utility/sharedProcess/sharedProcessMain.js:432:3706)
    at x.fire (file:///usr/share/code/resources/app/out/vs/code/electron-utility/sharedProcess/sharedProcessMain.js:432:4040)
    at Ya.updateAccount (file:///usr/share/code/resources/app/out/vs/code/electron-utility/sharedProcess/sharedProcessMain.js:510:11659)
    at hm.call (file:///usr/share/code/resources/app/out/vs/code/electron-utility/sharedProcess/sharedProcessMain.js:510:30595)
    at cp.onPromise (file:///usr/share/code/resources/app/out/vs/code/electron-utility/sharedProcess/sharedProcessMain.js:432:117203)
    at cp.onRawMessage (file:///usr/share/code/resources/app/out/vs/code/electron-utility/sharedProcess/sharedProcessMain.js:432:116626)
    at Us.value (file:///usr/share/code/resources/app/out/vs/code/electron-utility/sharedProcess/sharedProcessMain.js:432:115892)
    at x._deliver (file:///usr/share/code/resources/app/out/vs/code/electron-utility/sharedProcess/sharedProcessMain.js:432:3617)
    at x._deliverQueue (file:///usr/share/code/resources/app/out/vs/code/electron-utility/sharedProcess/sharedProcessMain.js:432:3706)
    at x.fire (file:///usr/share/code/resources/app/out/vs/code/electron-utility/sharedProcess/sharedProcessMain.js:432:4040)
    at MessagePortMain.q (file:///usr/share/code/resources/app/out/vs/code/electron-utility/sharedProcess/sharedProcessMain.js:430:12754)
    at MessagePortMain.emit (node:events:509:28)
    at Object.emit (node:electron/js2c/utility_init:2:2934)
2026-09-13 17:51:58.501 [error] tasks: Canceled
2026-09-13 17:51:58.503 [error] Canceled: Canceled
    at Us.value (file:///usr/share/code/resources/app/out/vs/code/electron-utility/sharedProcess/sharedProcessMain.js:432:91062)
    at x._deliver (file:///usr/share/code/resources/app/out/vs/code/electron-utility/sharedProcess/sharedProcessMain.js:432:3617)
    at x.fire (file:///usr/share/code/resources/app/out/vs/code/electron-utility/sharedProcess/sharedProcessMain.js:432:3935)
    at Ms.cancel (file:///usr/share/code/resources/app/out/vs/code/electron-utility/sharedProcess/sharedProcessMain.js:432:7017)
    at at.cancel (file:///usr/share/code/resources/app/out/vs/code/electron-utility/sharedProcess/sharedProcessMain.js:432:7555)
    at Object.cancel (file:///usr/share/code/resources/app/out/vs/code/electron-utility/sharedProcess/sharedProcessMain.js:432:91216)
    at Object.stop (file:///usr/share/code/resources/app/out/vs/code/electron-utility/sharedProcess/sharedProcessMain.js:510:157152)
    at Rh._fn (file:///usr/share/code/resources/app/out/vs/code/electron-utility/sharedProcess/sharedProcessMain.js:542:17500)
    at Rh.dispose (file:///usr/share/code/resources/app/out/vs/code/electron-utility/sharedProcess/sharedProcessMain.js:430:1201)
    at Xt (file:///usr/share/code/resources/app/out/vs/code/electron-utility/sharedProcess/sharedProcessMain.js:430:689)
    at i.clear (file:///usr/share/code/resources/app/out/vs/code/electron-utility/sharedProcess/sharedProcessMain.js:430:1516)
    at i.dispose (file:///usr/share/code/resources/app/out/vs/code/electron-utility/sharedProcess/sharedProcessMain.js:430:1426)
    at i.dispose (file:///usr/share/code/resources/app/out/vs/code/electron-utility/sharedProcess/sharedProcessMain.js:430:2312)
    at set value (file:///usr/share/code/resources/app/out/vs/code/electron-utility/sharedProcess/sharedProcessMain.js:430:2603)
    at Ct.clear (file:///usr/share/code/resources/app/out/vs/code/electron-utility/sharedProcess/sharedProcessMain.js:430:2660)
    at Xl.updateAutoSync (file:///usr/share/code/resources/app/out/vs/code/electron-utility/sharedProcess/sharedProcessMain.js:542:11509)
    at Us.value (file:///usr/share/code/resources/app/out/vs/code/electron-utility/sharedProcess/sharedProcessMain.js:542:9952)
    at x._deliver (file:///usr/share/code/resources/app/out/vs/code/electron-utility/sharedProcess/sharedProcessMain.js:432:3617)
    at x._deliverQueue (file:///usr/share/code/resources/app/out/vs/code/electron-utility/sharedProcess/sharedProcessMain.js:432:3706)
    at x.fire (file:///usr/share/code/resources/app/out/vs/code/electron-utility/sharedProcess/sharedProcessMain.js:432:4040)
    at Ya.updateAccount (file:///usr/share/code/resources/app/out/vs/code/electron-utility/sharedProcess/sharedProcessMain.js:510:11659)
    at hm.call (file:///usr/share/code/resources/app/out/vs/code/electron-utility/sharedProcess/sharedProcessMain.js:510:30595)
    at cp.onPromise (file:///usr/share/code/resources/app/out/vs/code/electron-utility/sharedProcess/sharedProcessMain.js:432:117203)
    at cp.onRawMessage (file:///usr/share/code/resources/app/out/vs/code/electron-utility/sharedProcess/sharedProcessMain.js:432:116626)
    at Us.value (file:///usr/share/code/resources/app/out/vs/code/electron-utility/sharedProcess/sharedProcessMain.js:432:115892)
    at x._deliver (file:///usr/share/code/resources/app/out/vs/code/electron-utility/sharedProcess/sharedProcessMain.js:432:3617)
    at x._deliverQueue (file:///usr/share/code/resources/app/out/vs/code/electron-utility/sharedProcess/sharedProcessMain.js:432:3706)
    at x.fire (file:///usr/share/code/resources/app/out/vs/code/electron-utility/sharedProcess/sharedProcessMain.js:432:4040)
    at MessagePortMain.q (file:///usr/share/code/resources/app/out/vs/code/electron-utility/sharedProcess/sharedProcessMain.js:430:12754)
    at MessagePortMain.emit (node:events:509:28)
    at Object.emit (node:electron/js2c/utility_init:2:2934)
2026-09-13 17:51:58.504 [info] Tasks: Stopped synchronizing tasks.
2026-09-13 18:43:43.734 [info] [AutoSync] Triggered by Interval
2026-09-13 18:43:43.752 [info] Sync started.
2026-09-13 18:43:44.469 [info] Settings: Updated remote settings
2026-09-13 18:43:44.526 [info] Settings: Updated last synchronized settings
2026-09-13 18:43:44.562 [info] Keybindings: No changes found during synchronizing keybindings.
2026-09-13 18:43:44.596 [info] Snippets: No changes found during synchronizing snippets.
2026-09-13 18:43:44.715 [info] Tasks: No changes found during synchronizing tasks.
2026-09-13 18:43:44.811 [info] Mcp: No changes found during synchronizing mcp.
2026-09-13 18:43:45.419 [info] GlobalState: Updated remote ui state. Updated: workbench.explorer.views.state.hidden,workbench.activity.pinnedViewlets2,chat.tip.lastTipId.
2026-09-13 18:43:45.777 [info] GlobalState: Updated last synchronized ui state
2026-09-13 18:43:47.341 [info] Extensions: No changes found during synchronizing extensions.
2026-09-13 18:43:47.424 [info] Prompts: No changes found during synchronizing prompts.
2026-09-13 18:43:47.487 [info] Profiles: No changes found during synchronizing profiles.
2026-09-13 18:43:47.493 [info] Syncing profile. Agents
2026-09-13 18:43:47.547 [info] GlobalState (Agents): No changes found during synchronizing ui state.
2026-09-13 18:43:47.548 [info] Sync done. Took 3821ms
2026-09-13 18:43:55.406 [info] [AutoSync] Triggered by Activity
2026-09-13 18:43:55.409 [info] Sync started.
2026-09-13 18:43:55.938 [info] Settings: Updated remote settings
2026-09-13 18:43:56.096 [info] Settings: Updated last synchronized settings
2026-09-13 18:43:56.116 [info] Keybindings: No changes found during synchronizing keybindings.
2026-09-13 18:43:56.126 [info] Snippets: No changes found during synchronizing snippets.
2026-09-13 18:43:56.135 [info] Tasks: No changes found during synchronizing tasks.
2026-09-13 18:43:56.145 [info] Mcp: No changes found during synchronizing mcp.
2026-09-13 18:43:56.381 [info] GlobalState: No changes found during synchronizing ui state.
2026-09-13 18:43:57.242 [info] Extensions: No changes found during synchronizing extensions.
2026-09-13 18:43:57.251 [info] Prompts: No changes found during synchronizing prompts.
2026-09-13 18:43:57.257 [info] Profiles: No changes found during synchronizing profiles.
2026-09-13 18:43:57.262 [info] Syncing profile. Agents
2026-09-13 18:43:57.268 [info] GlobalState (Agents): No changes found during synchronizing ui state.
2026-09-13 18:43:57.272 [info] Sync done. Took 1868ms
2026-09-13 18:44:05.018 [info] [AutoSync] Triggered by Activity
2026-09-13 18:44:05.022 [info] Sync started.
2026-09-13 18:44:05.125 [info] Settings: No changes found during synchronizing settings.
2026-09-13 18:44:05.165 [info] Keybindings: No changes found during synchronizing keybindings.
2026-09-13 18:44:05.200 [info] Snippets: No changes found during synchronizing snippets.
2026-09-13 18:44:05.278 [info] Tasks: No changes found during synchronizing tasks.
2026-09-13 18:44:05.311 [info] Mcp: No changes found during synchronizing mcp.
2026-09-13 18:44:06.021 [info] GlobalState: Updated remote ui state. Updated: workbench.activity.pinnedViewlets2.
2026-09-13 18:44:06.431 [info] GlobalState: Updated last synchronized ui state
2026-09-13 18:44:07.121 [info] Extensions: No changes found during synchronizing extensions.
2026-09-13 18:44:07.149 [info] Prompts: No changes found during synchronizing prompts.
2026-09-13 18:44:09.217 [info] Profiles: No changes found during synchronizing profiles.
2026-09-13 18:44:09.469 [info] Syncing profile. Agents
2026-09-13 18:44:09.585 [info] GlobalState (Agents): No changes found during synchronizing ui state.
2026-09-13 18:44:09.592 [info] Sync done. Took 4587ms
2026-09-13 18:48:33.128 [info] [AutoSync] Triggered by Activity
2026-09-13 18:48:33.148 [info] Sync started.
2026-09-13 18:48:33.657 [info] Settings: Updated remote settings
2026-09-13 18:48:33.710 [info] Settings: Updated last synchronized settings
2026-09-13 18:48:33.737 [info] Keybindings: No changes found during synchronizing keybindings.
2026-09-13 18:48:33.753 [info] Snippets: No changes found during synchronizing snippets.
2026-09-13 18:48:33.770 [info] Tasks: No changes found during synchronizing tasks.
2026-09-13 18:48:33.781 [info] Mcp: No changes found during synchronizing mcp.
2026-09-13 18:48:33.817 [info] GlobalState: No changes found during synchronizing ui state.
2026-09-13 18:48:34.001 [info] Extensions: No changes found during synchronizing extensions.
2026-09-13 18:48:34.043 [info] Prompts: No changes found during synchronizing prompts.
2026-09-13 18:48:34.069 [info] Profiles: No changes found during synchronizing profiles.
2026-09-13 18:48:34.078 [info] Syncing profile. Agents
2026-09-13 18:48:34.091 [info] GlobalState (Agents): No changes found during synchronizing ui state.
2026-09-13 18:48:34.096 [info] Sync done. Took 968ms
2026-09-13 18:48:36.170 [info] [AutoSync] Triggered by Activity
2026-09-13 18:48:36.172 [info] Sync started.
2026-09-13 18:48:36.224 [info] Settings: No changes found during synchronizing settings.
2026-09-13 18:48:36.241 [info] Keybindings: No changes found during synchronizing keybindings.
2026-09-13 18:48:36.253 [info] Snippets: No changes found during synchronizing snippets.
2026-09-13 18:48:36.266 [info] Tasks: No changes found during synchronizing tasks.
2026-09-13 18:48:36.276 [info] Mcp: No changes found during synchronizing mcp.
2026-09-13 18:48:36.289 [info] GlobalState: No changes found during synchronizing ui state.
2026-09-13 18:48:36.425 [info] Extensions: No changes found during synchronizing extensions.
2026-09-13 18:48:36.469 [info] Prompts: No changes found during synchronizing prompts.
2026-09-13 18:48:36.494 [info] Profiles: No changes found during synchronizing profiles.
2026-09-13 18:48:36.500 [info] Syncing profile. Agents
2026-09-13 18:48:36.506 [info] GlobalState (Agents): No changes found during synchronizing ui state.
2026-09-13 18:48:36.511 [info] Sync done. Took 344ms
2026-09-13 18:48:47.048 [info] [AutoSync] Triggered by Activity
2026-09-13 18:48:47.051 [info] Sync started.
2026-09-13 18:48:47.588 [info] Settings: Updated remote settings
2026-09-13 18:48:47.651 [info] Settings: Updated last synchronized settings
2026-09-13 18:48:47.662 [info] Keybindings: No changes found during synchronizing keybindings.
2026-09-13 18:48:47.679 [info] Snippets: No changes found during synchronizing snippets.
2026-09-13 18:48:47.689 [info] Tasks: No changes found during synchronizing tasks.
2026-09-13 18:48:47.706 [info] Mcp: No changes found during synchronizing mcp.
2026-09-13 18:48:47.733 [info] GlobalState: No changes found during synchronizing ui state.
2026-09-13 18:48:47.925 [info] Extensions: No changes found during synchronizing extensions.
2026-09-13 18:48:47.933 [info] Prompts: No changes found during synchronizing prompts.
2026-09-13 18:48:47.942 [info] Profiles: No changes found during synchronizing profiles.
2026-09-13 18:48:47.945 [info] Syncing profile. Agents
2026-09-13 18:48:47.951 [info] GlobalState (Agents): No changes found during synchronizing ui state.
2026-09-13 18:48:47.953 [info] Sync done. Took 931ms
2026-09-13 18:48:50.093 [info] [AutoSync] Triggered by Activity
2026-09-13 18:48:50.094 [info] Sync started.
2026-09-13 18:48:50.150 [info] Settings: No changes found during synchronizing settings.
2026-09-13 18:48:50.162 [info] Keybindings: No changes found during synchronizing keybindings.
2026-09-13 18:48:50.172 [info] Snippets: No changes found during synchronizing snippets.
2026-09-13 18:48:50.182 [info] Tasks: No changes found during synchronizing tasks.
2026-09-13 18:48:50.193 [info] Mcp: No changes found during synchronizing mcp.
2026-09-13 18:48:50.207 [info] GlobalState: No changes found during synchronizing ui state.
2026-09-13 18:48:50.372 [info] Extensions: No changes found during synchronizing extensions.
2026-09-13 18:48:50.441 [info] Prompts: No changes found during synchronizing prompts.
2026-09-13 18:48:50.448 [info] Profiles: No changes found during synchronizing profiles.
2026-09-13 18:48:50.452 [info] Syncing profile. Agents
2026-09-13 18:48:50.458 [info] GlobalState (Agents): No changes found during synchronizing ui state.
2026-09-13 18:48:50.462 [info] Sync done. Took 370ms
2026-09-13 18:49:21.148 [info] [AutoSync] Triggered by Activity
2026-09-13 18:49:21.151 [info] Sync started.
2026-09-13 18:49:21.327 [info] Settings: No changes found during synchronizing settings.
2026-09-13 18:49:21.339 [info] Keybindings: No changes found during synchronizing keybindings.
2026-09-13 18:49:21.357 [info] Snippets: No changes found during synchronizing snippets.
2026-09-13 18:49:21.373 [info] Tasks: No changes found during synchronizing tasks.
2026-09-13 18:49:21.401 [info] Mcp: No changes found during synchronizing mcp.
2026-09-13 18:49:21.421 [info] GlobalState: No changes found during synchronizing ui state.
2026-09-13 18:49:22.120 [info] Extensions: No changes found during synchronizing extensions.
2026-09-13 18:49:22.147 [info] Prompts: No changes found during synchronizing prompts.
2026-09-13 18:49:22.158 [info] Profiles: No changes found during synchronizing profiles.
2026-09-13 18:49:22.166 [info] Syncing profile. Agents
2026-09-13 18:49:22.173 [info] GlobalState (Agents): No changes found during synchronizing ui state.
2026-09-13 18:49:22.182 [info] Sync done. Took 1038ms
2026-09-13 18:54:22.185 [info] [AutoSync] Triggered by Interval
2026-09-13 18:54:22.187 [info] Sync started.
2026-09-13 18:54:22.367 [info] Settings: No changes found during synchronizing settings.
2026-09-13 18:54:22.379 [info] Keybindings: No changes found during synchronizing keybindings.
2026-09-13 18:54:22.390 [info] Snippets: No changes found during synchronizing snippets.
2026-09-13 18:54:22.403 [info] Tasks: No changes found during synchronizing tasks.
2026-09-13 18:54:22.415 [info] Mcp: No changes found during synchronizing mcp.
2026-09-13 18:54:22.431 [info] GlobalState: No changes found during synchronizing ui state.
2026-09-13 18:54:22.565 [info] Extensions: No changes found during synchronizing extensions.
2026-09-13 18:54:22.605 [info] Prompts: No changes found during synchronizing prompts.
2026-09-13 18:54:22.614 [info] Profiles: No changes found during synchronizing profiles.
2026-09-13 18:54:22.637 [info] Syncing profile. Agents
2026-09-13 18:54:22.646 [info] GlobalState (Agents): No changes found during synchronizing ui state.
2026-09-13 18:54:22.650 [info] Sync done. Took 468ms
2026-09-13 18:59:22.842 [info] [AutoSync] Triggered by Interval
2026-09-13 18:59:23.185 [info] Sync started.
2026-09-13 18:59:23.626 [info] Settings: No changes found during synchronizing settings.
2026-09-13 18:59:23.731 [info] Keybindings: No changes found during synchronizing keybindings.
2026-09-13 18:59:23.839 [info] Snippets: No changes found during synchronizing snippets.
2026-09-13 18:59:23.861 [info] Tasks: No changes found during synchronizing tasks.
2026-09-13 18:59:23.887 [info] Mcp: No changes found during synchronizing mcp.
2026-09-13 18:59:23.951 [info] GlobalState: No changes found during synchronizing ui state.
2026-09-13 18:59:25.118 [info] Extensions: No changes found during synchronizing extensions.
2026-09-13 18:59:25.159 [info] Prompts: No changes found during synchronizing prompts.
2026-09-13 18:59:25.173 [info] Profiles: No changes found during synchronizing profiles.
2026-09-13 18:59:25.179 [info] Syncing profile. Agents
2026-09-13 18:59:25.198 [info] GlobalState (Agents): No changes found during synchronizing ui state.
2026-09-13 18:59:25.209 [info] Sync done. Took 2552ms
2026-09-13 19:03:12.001 [info] [AutoSync] Triggered by Activity
2026-09-13 19:03:13.249 [info] Sync started.
2026-09-13 19:03:13.538 [info] Settings: No changes found during synchronizing settings.
2026-09-13 19:03:14.004 [info] Keybindings: No changes found during synchronizing keybindings.
2026-09-13 19:03:14.356 [info] Snippets: No changes found during synchronizing snippets.
2026-09-13 19:03:14.484 [info] Tasks: No changes found during synchronizing tasks.
2026-09-13 19:03:14.647 [info] Mcp: No changes found during synchronizing mcp.
2026-09-13 19:03:15.445 [info] GlobalState: No changes found during synchronizing ui state.
2026-09-13 19:03:19.873 [info] Extensions: No changes found during synchronizing extensions.
2026-09-13 19:03:19.998 [info] Prompts: No changes found during synchronizing prompts.
2026-09-13 19:03:20.178 [info] Profiles: No changes found during synchronizing profiles.
2026-09-13 19:03:20.185 [info] Syncing profile. Agents
2026-09-13 19:03:20.453 [info] GlobalState (Agents): No changes found during synchronizing ui state.
2026-09-13 19:03:20.654 [info] Sync done. Took 11423ms
2026-09-13 19:04:22.595 [info] [AutoSync] Triggered by Activity
2026-09-13 19:04:23.331 [info] Sync started.
2026-09-13 19:04:24.362 [info] Settings: No changes found during synchronizing settings.
2026-09-13 19:04:24.458 [info] Keybindings: No changes found during synchronizing keybindings.
2026-09-13 19:04:24.890 [info] Snippets: No changes found during synchronizing snippets.
2026-09-13 19:04:25.059 [info] Tasks: No changes found during synchronizing tasks.
2026-09-13 19:04:25.168 [info] Mcp: No changes found during synchronizing mcp.
2026-09-13 19:04:25.332 [info] GlobalState: No changes found during synchronizing ui state.
2026-09-13 19:04:30.057 [info] Extensions: No changes found during synchronizing extensions.
2026-09-13 19:04:33.043 [info] Prompts: No changes found during synchronizing prompts.
2026-09-13 19:04:34.135 [info] Profiles: No changes found during synchronizing profiles.
2026-09-13 19:04:34.141 [info] Syncing profile. Agents
2026-09-13 19:04:34.192 [info] GlobalState (Agents): No changes found during synchronizing ui state.
2026-09-13 19:04:34.197 [info] Sync done. Took 12106ms
2026-09-13 19:05:57.168 [info] [AutoSync] Triggered by Activity
2026-09-13 19:05:57.169 [info] Sync started.
2026-09-13 19:05:58.369 [info] Settings: No changes found during synchronizing settings.
2026-09-13 19:05:58.547 [info] Keybindings: No changes found during synchronizing keybindings.
2026-09-13 19:05:59.104 [info] Snippets: No changes found during synchronizing snippets.
2026-09-13 19:05:59.325 [info] Tasks: No changes found during synchronizing tasks.
2026-09-13 19:05:59.406 [info] Mcp: No changes found during synchronizing mcp.
2026-09-13 19:05:59.623 [info] GlobalState: No changes found during synchronizing ui state.
2026-09-13 19:06:05.297 [info] Extensions: No changes found during synchronizing extensions.
2026-09-13 19:06:07.156 [info] Prompts: No changes found during synchronizing prompts.
2026-09-13 19:06:08.197 [info] Profiles: No changes found during synchronizing profiles.
2026-09-13 19:06:08.201 [info] Syncing profile. Agents
2026-09-13 19:06:08.348 [info] GlobalState (Agents): No changes found during synchronizing ui state.
2026-09-13 19:06:08.352 [info] Sync done. Took 11187ms
2026-09-13 19:06:09.356 [info] [AutoSync] Triggered by Activity
2026-09-13 19:06:09.357 [info] Sync started.
2026-09-13 19:06:09.411 [info] Settings: No changes found during synchronizing settings.
2026-09-13 19:06:09.426 [info] Keybindings: No changes found during synchronizing keybindings.
2026-09-13 19:06:09.525 [info] Snippets: No changes found during synchronizing snippets.
2026-09-13 19:06:09.543 [info] Tasks: No changes found during synchronizing tasks.
2026-09-13 19:06:09.555 [info] Mcp: No changes found during synchronizing mcp.
2026-09-13 19:06:09.570 [info] GlobalState: No changes found during synchronizing ui state.
2026-09-13 19:06:09.692 [info] Extensions: No changes found during synchronizing extensions.
2026-09-13 19:06:09.698 [info] Prompts: No changes found during synchronizing prompts.
2026-09-13 19:06:09.707 [info] Profiles: No changes found during synchronizing profiles.
2026-09-13 19:06:09.711 [info] Syncing profile. Agents
2026-09-13 19:06:09.719 [info] GlobalState (Agents): No changes found during synchronizing ui state.
2026-09-13 19:06:09.723 [info] Sync done. Took 374ms
2026-09-13 19:10:28.265 [info] [AutoSync] Triggered by Activity
2026-09-13 19:10:30.382 [info] Sync started.
2026-09-13 19:10:33.389 [info] Settings: No changes found during synchronizing settings.
2026-09-13 19:10:34.206 [info] Keybindings: No changes found during synchronizing keybindings.
2026-09-13 19:10:34.714 [info] Snippets: No changes found during synchronizing snippets.
2026-09-13 19:10:35.102 [info] Tasks: No changes found during synchronizing tasks.
2026-09-13 19:10:35.588 [info] Mcp: No changes found during synchronizing mcp.
2026-09-13 19:10:36.090 [info] GlobalState: No changes found during synchronizing ui state.
2026-09-13 19:10:39.284 [info] Extensions: No changes found during synchronizing extensions.
2026-09-13 19:10:39.353 [info] Prompts: No changes found during synchronizing prompts.
2026-09-13 19:10:39.465 [info] Profiles: No changes found during synchronizing profiles.
2026-09-13 19:10:39.476 [info] Syncing profile. Agents
2026-09-13 19:10:39.556 [info] GlobalState (Agents): No changes found during synchronizing ui state.
2026-09-13 19:10:39.603 [info] Sync done. Took 12087ms
2026-09-13 19:12:54.219 [info] [AutoSync] Triggered by Activity
2026-09-13 19:12:55.713 [info] Sync started.
2026-09-13 19:13:07.585 [info] Settings: No changes found during synchronizing settings.
2026-09-13 19:13:07.756 [info] Keybindings: No changes found during synchronizing keybindings.
2026-09-13 19:13:08.381 [info] Snippets: No changes found during synchronizing snippets.
2026-09-13 19:13:08.510 [info] Tasks: No changes found during synchronizing tasks.
2026-09-13 19:13:08.550 [info] Mcp: No changes found during synchronizing mcp.
2026-09-13 19:13:08.951 [info] GlobalState: No changes found during synchronizing ui state.
2026-09-13 19:13:19.226 [info] Extensions: No changes found during synchronizing extensions.
2026-09-13 19:13:31.277 [info] Prompts: No changes found during synchronizing prompts.
2026-09-13 19:13:36.159 [info] Profiles: No changes found during synchronizing profiles.
2026-09-13 19:13:36.171 [info] Syncing profile. Agents
2026-09-13 19:13:36.174 [info] GlobalState (Agents): No changes found during synchronizing ui state.
2026-09-13 19:13:36.178 [info] Sync done. Took 41136ms
2026-09-13 19:13:55.956 [info] [AutoSync] Triggered by Activity
2026-09-13 19:13:56.177 [info] Sync started.
2026-09-13 19:13:56.723 [info] Settings: No changes found during synchronizing settings.
2026-09-13 19:13:57.603 [info] Keybindings: No changes found during synchronizing keybindings.
2026-09-13 19:13:57.669 [info] Snippets: No changes found during synchronizing snippets.
2026-09-13 19:13:57.705 [info] Tasks: No changes found during synchronizing tasks.
2026-09-13 19:13:57.745 [info] Mcp: No changes found during synchronizing mcp.
2026-09-13 19:13:57.832 [info] GlobalState: No changes found during synchronizing ui state.
2026-09-13 19:13:58.243 [info] Extensions: No changes found during synchronizing extensions.
2026-09-13 19:13:58.288 [info] Prompts: No changes found during synchronizing prompts.
2026-09-13 19:13:58.336 [info] Profiles: No changes found during synchronizing profiles.
2026-09-13 19:13:58.345 [info] Syncing profile. Agents
2026-09-13 19:13:58.380 [info] GlobalState (Agents): No changes found during synchronizing ui state.
2026-09-13 19:13:58.416 [info] Sync done. Took 2431ms
2026-09-13 19:18:58.442 [info] [AutoSync] Triggered by Interval
2026-09-13 19:18:58.653 [info] Sync started.
2026-09-13 19:19:20.011 [info] Request failed https://vscode-sync.trafficmanager.net/v1/manifest
2026-09-13 19:19:20.012 [error] RequestFailed (UserDataSyncError) syncResource:unknown operationId:unknown: Connection refused for the request 'https://vscode-sync.trafficmanager.net/v1/manifest'.
    at nl.request (file:///usr/share/code/resources/app/out/vs/code/electron-utility/sharedProcess/sharedProcessMain.js:510:26345)
    at async nl.manifest (file:///usr/share/code/resources/app/out/vs/code/electron-utility/sharedProcess/sharedProcessMain.js:510:22975)
    at async gl.createSyncTask (file:///usr/share/code/resources/app/out/vs/code/electron-utility/sharedProcess/sharedProcessMain.js:510:156724)
    at async i.createAndRunSyncTask (file:///usr/share/code/resources/app/out/vs/code/electron-utility/sharedProcess/sharedProcessMain.js:542:19061)
    at async i.doSync (file:///usr/share/code/resources/app/out/vs/code/electron-utility/sharedProcess/sharedProcessMain.js:542:18572)
2026-09-13 19:19:20.018 [error] RequestFailed (UserDataSyncError) syncResource:unknown operationId:unknown: Connection refused for the request 'https://vscode-sync.trafficmanager.net/v1/manifest'.
    at nl.request (file:///usr/share/code/resources/app/out/vs/code/electron-utility/sharedProcess/sharedProcessMain.js:510:26345)
    at async nl.manifest (file:///usr/share/code/resources/app/out/vs/code/electron-utility/sharedProcess/sharedProcessMain.js:510:22975)
    at async gl.createSyncTask (file:///usr/share/code/resources/app/out/vs/code/electron-utility/sharedProcess/sharedProcessMain.js:510:156724)
    at async i.createAndRunSyncTask (file:///usr/share/code/resources/app/out/vs/code/electron-utility/sharedProcess/sharedProcessMain.js:542:19061)
    at async i.doSync (file:///usr/share/code/resources/app/out/vs/code/electron-utility/sharedProcess/sharedProcessMain.js:542:18572)
2026-09-13 19:23:20.495 [info] [AutoSync] Triggered by Activity
2026-09-13 19:23:20.651 [info] Sync started.
2026-09-13 19:23:23.153 [info] Settings: No changes found during synchronizing settings.
2026-09-13 19:23:25.322 [info] Keybindings: No changes found during synchronizing keybindings.
2026-09-13 19:23:26.596 [info] Snippets: No changes found during synchronizing snippets.
2026-09-13 19:23:30.109 [info] Tasks: No changes found during synchronizing tasks.
2026-09-13 19:23:30.773 [info] Mcp: No changes found during synchronizing mcp.
2026-09-13 19:23:32.294 [info] GlobalState: No changes found during synchronizing ui state.
2026-09-13 19:23:55.467 [info] Extensions: No changes found during synchronizing extensions.
2026-09-13 19:23:56.095 [info] Prompts: No changes found during synchronizing prompts.
2026-09-13 19:23:56.601 [info] Profiles: No changes found during synchronizing profiles.
2026-09-13 19:23:57.536 [info] Syncing profile. Agents
2026-09-13 19:23:58.729 [info] GlobalState (Agents): No changes found during synchronizing ui state.
2026-09-13 19:23:59.555 [info] Sync done. Took 39060ms
2026-09-13 19:24:49.641 [info] [AutoSync] Triggered by Activity
2026-09-13 19:24:51.247 [info] Sync started.
2026-09-13 19:25:01.007 [info] Settings: No changes found during synchronizing settings.
2026-09-13 19:25:01.951 [info] Keybindings: No changes found during synchronizing keybindings.
2026-09-13 19:25:03.188 [info] Snippets: No changes found during synchronizing snippets.
2026-09-13 19:25:04.063 [info] Tasks: No changes found during synchronizing tasks.
2026-09-13 19:25:04.603 [info] Mcp: No changes found during synchronizing mcp.
2026-09-13 19:25:07.080 [info] GlobalState: No changes found during synchronizing ui state.
2026-09-13 19:25:09.123 [info] Extensions: No changes found during synchronizing extensions.
2026-09-13 19:25:09.160 [info] Prompts: No changes found during synchronizing prompts.
2026-09-13 19:25:09.195 [info] Profiles: No changes found during synchronizing profiles.
2026-09-13 19:25:09.203 [info] Syncing profile. Agents
2026-09-13 19:25:09.217 [info] GlobalState (Agents): No changes found during synchronizing ui state.
2026-09-13 19:25:09.219 [info] Sync done. Took 19988ms
2026-09-13 19:25:51.394 [info] [AutoSync] Triggered by Activity
2026-09-13 19:25:51.395 [info] Sync started.
2026-09-13 19:25:51.509 [info] Settings: No changes found during synchronizing settings.
2026-09-13 19:25:51.524 [info] Keybindings: No changes found during synchronizing keybindings.
2026-09-13 19:25:51.541 [info] Snippets: No changes found during synchronizing snippets.
2026-09-13 19:25:51.558 [info] Tasks: No changes found during synchronizing tasks.
2026-09-13 19:25:51.570 [info] Mcp: No changes found during synchronizing mcp.
2026-09-13 19:25:51.586 [info] GlobalState: No changes found during synchronizing ui state.
2026-09-13 19:25:51.715 [info] Extensions: No changes found during synchronizing extensions.
2026-09-13 19:25:51.718 [info] Prompts: No changes found during synchronizing prompts.
2026-09-13 19:25:51.727 [info] Profiles: No changes found during synchronizing profiles.
2026-09-13 19:25:51.734 [info] Syncing profile. Agents
2026-09-13 19:25:51.739 [info] GlobalState (Agents): No changes found during synchronizing ui state.
2026-09-13 19:25:51.743 [info] Sync done. Took 354ms
2026-09-13 19:30:51.745 [info] [AutoSync] Triggered by Interval
2026-09-13 19:30:51.793 [info] Sync started.
2026-09-13 19:30:51.994 [info] Settings: No changes found during synchronizing settings.
2026-09-13 19:30:52.019 [info] Keybindings: No changes found during synchronizing keybindings.
2026-09-13 19:30:52.058 [info] Snippets: No changes found during synchronizing snippets.
2026-09-13 19:30:52.086 [info] Tasks: No changes found during synchronizing tasks.
2026-09-13 19:30:52.106 [info] Mcp: No changes found during synchronizing mcp.
2026-09-13 19:30:52.141 [info] GlobalState: No changes found during synchronizing ui state.
2026-09-13 19:30:52.408 [info] Extensions: No changes found during synchronizing extensions.
2026-09-13 19:30:52.443 [info] Prompts: No changes found during synchronizing prompts.
2026-09-13 19:30:52.489 [info] Profiles: No changes found during synchronizing profiles.
2026-09-13 19:30:52.504 [info] Syncing profile. Agents
2026-09-13 19:30:52.531 [info] GlobalState (Agents): No changes found during synchronizing ui state.
2026-09-13 19:30:52.534 [info] Sync done. Took 789ms
2026-09-13 19:31:08.778 [info] [AutoSync] Triggered by Activity
2026-09-13 19:31:08.780 [info] Sync started.
2026-09-13 19:31:08.896 [info] Settings: No changes found during synchronizing settings.
2026-09-13 19:31:08.925 [info] Keybindings: No changes found during synchronizing keybindings.
2026-09-13 19:31:08.992 [info] Snippets: No changes found during synchronizing snippets.
2026-09-13 19:31:09.019 [info] Tasks: No changes found during synchronizing tasks.
2026-09-13 19:31:09.029 [info] Mcp: No changes found during synchronizing mcp.
2026-09-13 19:31:09.487 [info] GlobalState: Updated remote ui state. Added: inlineEditsGutterIndicatorUserKind.
2026-09-13 19:31:09.540 [info] GlobalState: Updated last synchronized ui state
2026-09-13 19:31:09.911 [info] Extensions: No changes found during synchronizing extensions.
2026-09-13 19:31:09.967 [info] Prompts: No changes found during synchronizing prompts.
2026-09-13 19:31:09.981 [info] Profiles: No changes found during synchronizing profiles.
2026-09-13 19:31:09.986 [info] Syncing profile. Agents
2026-09-13 19:31:10.004 [info] GlobalState (Agents): No changes found during synchronizing ui state.
2026-09-13 19:31:10.009 [info] Sync done. Took 1232ms
2026-09-13 19:36:10.022 [info] [AutoSync] Triggered by Interval
2026-09-13 19:36:10.037 [info] Sync started.
2026-09-13 19:36:10.278 [info] Settings: No changes found during synchronizing settings.
2026-09-13 19:36:10.322 [info] Keybindings: No changes found during synchronizing keybindings.
2026-09-13 19:36:10.340 [info] Snippets: No changes found during synchronizing snippets.
2026-09-13 19:36:10.354 [info] Tasks: No changes found during synchronizing tasks.
2026-09-13 19:36:10.367 [info] Mcp: No changes found during synchronizing mcp.
2026-09-13 19:36:10.384 [info] GlobalState: No changes found during synchronizing ui state.
2026-09-13 19:36:10.584 [info] Extensions: No changes found during synchronizing extensions.
2026-09-13 19:36:10.646 [info] Prompts: No changes found during synchronizing prompts.
2026-09-13 19:36:10.676 [info] Profiles: No changes found during synchronizing profiles.
2026-09-13 19:36:10.683 [info] Syncing profile. Agents
2026-09-13 19:36:10.698 [info] GlobalState (Agents): No changes found during synchronizing ui state.
2026-09-13 19:36:10.702 [info] Sync done. Took 686ms
2026-09-13 19:41:10.706 [info] [AutoSync] Triggered by Interval
2026-09-13 19:41:10.708 [info] Sync started.
2026-09-13 19:41:10.996 [info] Settings: No changes found during synchronizing settings.
2026-09-13 19:41:11.009 [info] Keybindings: No changes found during synchronizing keybindings.
2026-09-13 19:41:11.021 [info] Snippets: No changes found during synchronizing snippets.
2026-09-13 19:41:11.034 [info] Tasks: No changes found during synchronizing tasks.
2026-09-13 19:41:11.046 [info] Mcp: No changes found during synchronizing mcp.
2026-09-13 19:41:11.062 [info] GlobalState: No changes found during synchronizing ui state.
2026-09-13 19:41:11.242 [info] Extensions: No changes found during synchronizing extensions.
2026-09-13 19:41:11.253 [info] Prompts: No changes found during synchronizing prompts.
2026-09-13 19:41:11.259 [info] Profiles: No changes found during synchronizing profiles.
2026-09-13 19:41:11.266 [info] Syncing profile. Agents
2026-09-13 19:41:11.271 [info] GlobalState (Agents): No changes found during synchronizing ui state.
2026-09-13 19:41:11.274 [info] Sync done. Took 572ms
2026-09-13 19:46:11.278 [info] [AutoSync] Triggered by Interval
2026-09-13 19:46:11.279 [info] Sync started.
2026-09-13 19:46:11.441 [info] Settings: No changes found during synchronizing settings.
2026-09-13 19:46:11.454 [info] Keybindings: No changes found during synchronizing keybindings.
2026-09-13 19:46:11.469 [info] Snippets: No changes found during synchronizing snippets.
2026-09-13 19:46:11.479 [info] Tasks: No changes found during synchronizing tasks.
2026-09-13 19:46:11.491 [info] Mcp: No changes found during synchronizing mcp.
2026-09-13 19:46:11.508 [info] GlobalState: No changes found during synchronizing ui state.
2026-09-13 19:46:11.644 [info] Extensions: No changes found during synchronizing extensions.
2026-09-13 19:46:11.689 [info] Prompts: No changes found during synchronizing prompts.
2026-09-13 19:46:11.710 [info] Profiles: No changes found during synchronizing profiles.
2026-09-13 19:46:11.719 [info] Syncing profile. Agents
2026-09-13 19:46:11.723 [info] GlobalState (Agents): No changes found during synchronizing ui state.
2026-09-13 19:46:11.726 [info] Sync done. Took 452ms
2026-09-13 19:49:04.820 [info] [AutoSync] Triggered by Activity
2026-09-13 19:49:04.909 [info] Sync started.
2026-09-13 19:49:05.578 [info] Settings: No changes found during synchronizing settings.
2026-09-13 19:49:05.591 [info] Keybindings: No changes found during synchronizing keybindings.
2026-09-13 19:49:05.600 [info] Snippets: No changes found during synchronizing snippets.
2026-09-13 19:49:05.611 [info] Tasks: No changes found during synchronizing tasks.
2026-09-13 19:49:05.621 [info] Mcp: No changes found during synchronizing mcp.
2026-09-13 19:49:05.637 [info] GlobalState: No changes found during synchronizing ui state.
2026-09-13 19:49:05.832 [info] Extensions: No changes found during synchronizing extensions.
2026-09-13 19:49:05.840 [info] Prompts: No changes found during synchronizing prompts.
2026-09-13 19:49:05.845 [info] Profiles: No changes found during synchronizing profiles.
2026-09-13 19:49:05.850 [info] Syncing profile. Agents
2026-09-13 19:49:05.855 [info] GlobalState (Agents): No changes found during synchronizing ui state.
2026-09-13 19:49:05.858 [info] Sync done. Took 1041ms
2026-09-13 19:52:57.699 [info] [AutoSync] Triggered by Activity
2026-09-13 19:52:59.042 [info] Sync started.
2026-09-13 19:52:59.165 [info] Settings: No changes found during synchronizing settings.
2026-09-13 19:52:59.309 [info] Keybindings: No changes found during synchronizing keybindings.
2026-09-13 19:52:59.389 [info] Snippets: No changes found during synchronizing snippets.
2026-09-13 19:52:59.432 [info] Tasks: No changes found during synchronizing tasks.
2026-09-13 19:52:59.494 [info] Mcp: No changes found during synchronizing mcp.
2026-09-13 19:52:59.586 [info] GlobalState: No changes found during synchronizing ui state.
2026-09-13 19:53:00.159 [info] Extensions: No changes found during synchronizing extensions.
2026-09-13 19:53:00.455 [info] Prompts: No changes found during synchronizing prompts.
2026-09-13 19:53:00.478 [info] Profiles: No changes found during synchronizing profiles.
2026-09-13 19:53:00.479 [info] Syncing profile. Agents
2026-09-13 19:53:00.569 [info] GlobalState (Agents): No changes found during synchronizing ui state.
2026-09-13 19:53:00.573 [info] Sync done. Took 2890ms
2026-09-13 19:58:00.580 [info] [AutoSync] Triggered by Interval
2026-09-13 19:58:00.619 [info] Sync started.
2026-09-13 19:58:00.908 [info] Settings: No changes found during synchronizing settings.
2026-09-13 19:58:00.961 [info] Keybindings: No changes found during synchronizing keybindings.
2026-09-13 19:58:01.016 [info] Snippets: No changes found during synchronizing snippets.
2026-09-13 19:58:01.038 [info] Tasks: No changes found during synchronizing tasks.
2026-09-13 19:58:01.088 [info] Mcp: No changes found during synchronizing mcp.
2026-09-13 19:58:01.174 [info] GlobalState: No changes found during synchronizing ui state.
2026-09-13 19:58:01.889 [info] Extensions: No changes found during synchronizing extensions.
2026-09-13 19:58:01.922 [info] Prompts: No changes found during synchronizing prompts.
2026-09-13 19:58:01.936 [info] Profiles: No changes found during synchronizing profiles.
2026-09-13 19:58:01.943 [info] Syncing profile. Agents
2026-09-13 19:58:01.959 [info] GlobalState (Agents): No changes found during synchronizing ui state.
2026-09-13 19:58:01.964 [info] Sync done. Took 1387ms
2026-09-13 20:00:23.374 [info] [AutoSync] Triggered by Activity
2026-09-13 20:00:23.689 [info] Sync started.
2026-09-13 20:00:23.727 [info] Settings: No changes found during synchronizing settings.
2026-09-13 20:00:23.795 [info] Keybindings: No changes found during synchronizing keybindings.
2026-09-13 20:00:24.285 [info] Snippets: No changes found during synchronizing snippets.
2026-09-13 20:00:24.350 [info] Tasks: No changes found during synchronizing tasks.
2026-09-13 20:00:25.262 [info] Mcp: No changes found during synchronizing mcp.
2026-09-13 20:00:25.777 [info] GlobalState: No changes found during synchronizing ui state.
2026-09-13 20:00:26.018 [info] Extensions: No changes found during synchronizing extensions.
2026-09-13 20:00:26.050 [info] Prompts: No changes found during synchronizing prompts.
2026-09-13 20:00:26.066 [info] Profiles: No changes found during synchronizing profiles.
2026-09-13 20:00:26.077 [info] Syncing profile. Agents
2026-09-13 20:00:26.089 [info] GlobalState (Agents): No changes found during synchronizing ui state.
2026-09-13 20:00:26.094 [info] Sync done. Took 2724ms
2026-09-13 20:05:26.104 [info] [AutoSync] Triggered by Interval
2026-09-13 20:05:26.105 [info] Sync started.
2026-09-13 20:05:26.341 [info] Settings: No changes found during synchronizing settings.
2026-09-13 20:05:26.369 [info] Keybindings: No changes found during synchronizing keybindings.
2026-09-13 20:05:26.385 [info] Snippets: No changes found during synchronizing snippets.
2026-09-13 20:05:26.404 [info] Tasks: No changes found during synchronizing tasks.
2026-09-13 20:05:26.424 [info] Mcp: No changes found during synchronizing mcp.
2026-09-13 20:05:26.465 [info] GlobalState: No changes found during synchronizing ui state.
2026-09-13 20:05:26.684 [info] Extensions: No changes found during synchronizing extensions.
2026-09-13 20:05:26.728 [info] Prompts: No changes found during synchronizing prompts.
2026-09-13 20:05:26.772 [info] Profiles: No changes found during synchronizing profiles.
2026-09-13 20:05:26.834 [info] Syncing profile. Agents
2026-09-13 20:05:26.835 [info] GlobalState (Agents): No changes found during synchronizing ui state.
2026-09-13 20:05:26.836 [info] Sync done. Took 730ms
2026-09-13 20:10:26.831 [info] [AutoSync] Triggered by Interval
2026-09-13 20:10:26.832 [info] Sync started.
2026-09-13 20:10:27.051 [info] Settings: No changes found during synchronizing settings.
2026-09-13 20:10:27.075 [info] Keybindings: No changes found during synchronizing keybindings.
2026-09-13 20:10:27.096 [info] Snippets: No changes found during synchronizing snippets.
2026-09-13 20:10:27.119 [info] Tasks: No changes found during synchronizing tasks.
2026-09-13 20:10:27.130 [info] Mcp: No changes found during synchronizing mcp.
2026-09-13 20:10:27.168 [info] GlobalState: No changes found during synchronizing ui state.
2026-09-13 20:10:27.395 [info] Extensions: No changes found during synchronizing extensions.
2026-09-13 20:10:27.448 [info] Prompts: No changes found during synchronizing prompts.
2026-09-13 20:10:27.462 [info] Profiles: No changes found during synchronizing profiles.
2026-09-13 20:10:27.468 [info] Syncing profile. Agents
2026-09-13 20:10:27.485 [info] GlobalState (Agents): No changes found during synchronizing ui state.
2026-09-13 20:10:27.487 [info] Sync done. Took 661ms
2026-09-13 20:15:27.507 [info] [AutoSync] Triggered by Interval
2026-09-13 20:15:27.508 [info] Sync started.
2026-09-13 20:15:27.805 [info] Settings: No changes found during synchronizing settings.
2026-09-13 20:15:27.824 [info] Keybindings: No changes found during synchronizing keybindings.
2026-09-13 20:15:27.840 [info] Snippets: No changes found during synchronizing snippets.
2026-09-13 20:15:27.854 [info] Tasks: No changes found during synchronizing tasks.
2026-09-13 20:15:27.874 [info] Mcp: No changes found during synchronizing mcp.
2026-09-13 20:15:27.898 [info] GlobalState: No changes found during synchronizing ui state.
2026-09-13 20:15:28.132 [info] Extensions: No changes found during synchronizing extensions.
2026-09-13 20:15:28.143 [info] Prompts: No changes found during synchronizing prompts.
2026-09-13 20:15:28.155 [info] Profiles: No changes found during synchronizing profiles.
2026-09-13 20:15:28.161 [info] Syncing profile. Agents
2026-09-13 20:15:28.170 [info] GlobalState (Agents): No changes found during synchronizing ui state.
2026-09-13 20:15:28.174 [info] Sync done. Took 680ms
2026-09-13 20:19:25.793 [info] [AutoSync] Triggered by Activity
2026-09-13 20:19:25.795 [info] Sync started.
2026-09-13 20:19:26.055 [info] Settings: No changes found during synchronizing settings.
2026-09-13 20:19:26.069 [info] Keybindings: No changes found during synchronizing keybindings.
2026-09-13 20:19:26.080 [info] Snippets: No changes found during synchronizing snippets.
2026-09-13 20:19:26.091 [info] Tasks: No changes found during synchronizing tasks.
2026-09-13 20:19:26.107 [info] Mcp: No changes found during synchronizing mcp.
2026-09-13 20:19:26.123 [info] GlobalState: No changes found during synchronizing ui state.
2026-09-13 20:19:26.252 [info] Extensions: No changes found during synchronizing extensions.
2026-09-13 20:19:26.316 [info] Prompts: No changes found during synchronizing prompts.
2026-09-13 20:19:26.345 [info] Profiles: No changes found during synchronizing profiles.
2026-09-13 20:19:26.351 [info] Syncing profile. Agents
2026-09-13 20:19:26.360 [info] GlobalState (Agents): No changes found during synchronizing ui state.
2026-09-13 20:19:26.363 [info] Sync done. Took 575ms
2026-09-13 20:20:15.727 [info] [AutoSync] Triggered by Activity
2026-09-13 20:20:15.757 [info] Sync started.
2026-09-13 20:20:15.824 [info] Settings: No changes found during synchronizing settings.
2026-09-13 20:20:15.871 [info] Keybindings: No changes found during synchronizing keybindings.
2026-09-13 20:20:15.931 [info] Snippets: No changes found during synchronizing snippets.
2026-09-13 20:20:15.959 [info] Tasks: No changes found during synchronizing tasks.
2026-09-13 20:20:15.979 [info] Mcp: No changes found during synchronizing mcp.
2026-09-13 20:20:15.998 [info] GlobalState: No changes found during synchronizing ui state.
2026-09-13 20:20:16.158 [info] Extensions: No changes found during synchronizing extensions.
2026-09-13 20:20:16.164 [info] Prompts: No changes found during synchronizing prompts.
2026-09-13 20:20:16.168 [info] Profiles: No changes found during synchronizing profiles.
2026-09-13 20:20:16.173 [info] Syncing profile. Agents
2026-09-13 20:20:16.177 [info] GlobalState (Agents): No changes found during synchronizing ui state.
2026-09-13 20:20:16.179 [info] Sync done. Took 470ms
2026-09-13 20:22:04.132 [info] [AutoSync] Triggered by Activity
2026-09-13 20:22:04.213 [info] Sync started.
2026-09-13 20:22:04.597 [info] Settings: No changes found during synchronizing settings.
2026-09-13 20:22:04.687 [info] Keybindings: No changes found during synchronizing keybindings.
2026-09-13 20:22:04.722 [info] Snippets: No changes found during synchronizing snippets.
2026-09-13 20:22:04.783 [info] Tasks: No changes found during synchronizing tasks.
2026-09-13 20:22:04.836 [info] Mcp: No changes found during synchronizing mcp.
2026-09-13 20:22:04.875 [info] GlobalState: No changes found during synchronizing ui state.
2026-09-13 20:22:05.067 [info] Extensions: No changes found during synchronizing extensions.
2026-09-13 20:22:05.120 [info] Prompts: No changes found during synchronizing prompts.
2026-09-13 20:22:05.137 [info] Profiles: No changes found during synchronizing profiles.
2026-09-13 20:22:05.173 [info] Syncing profile. Agents
2026-09-13 20:22:05.214 [info] GlobalState (Agents): No changes found during synchronizing ui state.
2026-09-13 20:22:05.218 [info] Sync done. Took 1089ms
2026-09-13 20:22:25.289 [info] [AutoSync] Triggered by Activity
2026-09-13 20:22:25.291 [info] Sync started.
2026-09-13 20:22:25.373 [info] Settings: No changes found during synchronizing settings.
2026-09-13 20:22:25.391 [info] Keybindings: No changes found during synchronizing keybindings.
2026-09-13 20:22:25.407 [info] Snippets: No changes found during synchronizing snippets.
2026-09-13 20:22:25.422 [info] Tasks: No changes found during synchronizing tasks.
2026-09-13 20:22:25.440 [info] Mcp: No changes found during synchronizing mcp.
2026-09-13 20:22:25.455 [info] GlobalState: No changes found during synchronizing ui state.
2026-09-13 20:22:25.577 [info] Extensions: No changes found during synchronizing extensions.
2026-09-13 20:22:25.585 [info] Prompts: No changes found during synchronizing prompts.
2026-09-13 20:22:25.591 [info] Profiles: No changes found during synchronizing profiles.
2026-09-13 20:22:25.595 [info] Syncing profile. Agents
2026-09-13 20:22:25.601 [info] GlobalState (Agents): No changes found during synchronizing ui state.
2026-09-13 20:22:25.608 [info] Sync done. Took 322ms
2026-09-13 20:23:28.344 [info] [AutoSync] Triggered by Activity
2026-09-13 20:23:28.345 [info] Sync started.
2026-09-13 20:23:28.662 [info] Settings: No changes found during synchronizing settings.
2026-09-13 20:23:28.675 [info] Keybindings: No changes found during synchronizing keybindings.
2026-09-13 20:23:28.687 [info] Snippets: No changes found during synchronizing snippets.
2026-09-13 20:23:28.699 [info] Tasks: No changes found during synchronizing tasks.
2026-09-13 20:23:28.709 [info] Mcp: No changes found during synchronizing mcp.
2026-09-13 20:23:28.723 [info] GlobalState: No changes found during synchronizing ui state.
2026-09-13 20:23:28.836 [info] Extensions: No changes found during synchronizing extensions.
2026-09-13 20:23:28.847 [info] Prompts: No changes found during synchronizing prompts.
2026-09-13 20:23:28.856 [info] Profiles: No changes found during synchronizing profiles.
2026-09-13 20:23:28.865 [info] Syncing profile. Agents
2026-09-13 20:23:28.870 [info] GlobalState (Agents): No changes found during synchronizing ui state.
2026-09-13 20:23:28.880 [info] Sync done. Took 540ms
2026-09-13 20:23:49.514 [info] [AutoSync] Triggered by Activity
2026-09-13 20:23:49.516 [info] Sync started.
2026-09-13 20:23:49.710 [info] Settings: No changes found during synchronizing settings.
2026-09-13 20:23:49.726 [info] Keybindings: No changes found during synchronizing keybindings.
2026-09-13 20:23:49.747 [info] Snippets: No changes found during synchronizing snippets.
2026-09-13 20:23:49.777 [info] Tasks: No changes found during synchronizing tasks.
2026-09-13 20:23:49.807 [info] Mcp: No changes found during synchronizing mcp.
2026-09-13 20:23:49.823 [info] GlobalState: No changes found during synchronizing ui state.
2026-09-13 20:23:50.000 [info] Extensions: No changes found during synchronizing extensions.
2026-09-13 20:23:50.071 [info] Prompts: No changes found during synchronizing prompts.
2026-09-13 20:23:50.073 [info] Profiles: No changes found during synchronizing profiles.
2026-09-13 20:23:50.079 [info] Syncing profile. Agents
2026-09-13 20:23:50.081 [info] GlobalState (Agents): No changes found during synchronizing ui state.
2026-09-13 20:23:50.086 [info] Sync done. Took 603ms
2026-09-13 20:24:09.751 [info] [AutoSync] Triggered by Activity
2026-09-13 20:24:09.770 [info] Sync started.
2026-09-13 20:24:09.828 [info] Settings: No changes found during synchronizing settings.
2026-09-13 20:24:09.842 [info] Keybindings: No changes found during synchronizing keybindings.
2026-09-13 20:24:09.853 [info] Snippets: No changes found during synchronizing snippets.
2026-09-13 20:24:09.867 [info] Tasks: No changes found during synchronizing tasks.
2026-09-13 20:24:09.883 [info] Mcp: No changes found during synchronizing mcp.
2026-09-13 20:24:09.897 [info] GlobalState: No changes found during synchronizing ui state.
2026-09-13 20:24:10.028 [info] Extensions: No changes found during synchronizing extensions.
2026-09-13 20:24:10.050 [info] Prompts: No changes found during synchronizing prompts.
2026-09-13 20:24:10.056 [info] Profiles: No changes found during synchronizing profiles.
2026-09-13 20:24:10.061 [info] Syncing profile. Agents
2026-09-13 20:24:10.067 [info] GlobalState (Agents): No changes found during synchronizing ui state.
2026-09-13 20:24:10.074 [info] Sync done. Took 327ms
2026-09-13 20:24:42.571 [info] [AutoSync] Triggered by Activity
2026-09-13 20:24:42.592 [info] Sync started.
2026-09-13 20:24:42.750 [info] Settings: No changes found during synchronizing settings.
2026-09-13 20:24:42.769 [info] Keybindings: No changes found during synchronizing keybindings.
2026-09-13 20:24:42.781 [info] Snippets: No changes found during synchronizing snippets.
2026-09-13 20:24:42.791 [info] Tasks: No changes found during synchronizing tasks.
2026-09-13 20:24:42.804 [info] Mcp: No changes found during synchronizing mcp.
2026-09-13 20:24:42.824 [info] GlobalState: No changes found during synchronizing ui state.
2026-09-13 20:24:43.016 [info] Extensions: No changes found during synchronizing extensions.
2026-09-13 20:24:43.026 [info] Prompts: No changes found during synchronizing prompts.
2026-09-13 20:24:43.032 [info] Profiles: No changes found during synchronizing profiles.
2026-09-13 20:24:43.045 [info] Syncing profile. Agents
2026-09-13 20:24:43.056 [info] GlobalState (Agents): No changes found during synchronizing ui state.
2026-09-13 20:24:43.067 [info] Sync done. Took 531ms
2026-09-13 20:24:58.731 [info] [AutoSync] Triggered by Activity
2026-09-13 20:24:58.732 [info] Sync started.
2026-09-13 20:24:58.892 [info] Settings: No changes found during synchronizing settings.
2026-09-13 20:24:58.903 [info] Keybindings: No changes found during synchronizing keybindings.
2026-09-13 20:24:58.913 [info] Snippets: No changes found during synchronizing snippets.
2026-09-13 20:24:58.923 [info] Tasks: No changes found during synchronizing tasks.
2026-09-13 20:24:58.938 [info] Mcp: No changes found during synchronizing mcp.
2026-09-13 20:24:58.950 [info] GlobalState: No changes found during synchronizing ui state.
2026-09-13 20:24:59.108 [info] Extensions: No changes found during synchronizing extensions.
2026-09-13 20:24:59.119 [info] Prompts: No changes found during synchronizing prompts.
2026-09-13 20:24:59.127 [info] Profiles: No changes found during synchronizing profiles.
2026-09-13 20:24:59.133 [info] Syncing profile. Agents
2026-09-13 20:24:59.140 [info] GlobalState (Agents): No changes found during synchronizing ui state.
2026-09-13 20:24:59.144 [info] Sync done. Took 416ms
2026-09-13 20:26:48.455 [info] [AutoSync] Triggered by Activity
2026-09-13 20:26:48.456 [info] Sync started.
2026-09-13 20:26:48.677 [info] Settings: No changes found during synchronizing settings.
2026-09-13 20:26:48.697 [info] Keybindings: No changes found during synchronizing keybindings.
2026-09-13 20:26:48.711 [info] Snippets: No changes found during synchronizing snippets.
2026-09-13 20:26:48.727 [info] Tasks: No changes found during synchronizing tasks.
2026-09-13 20:26:48.745 [info] Mcp: No changes found during synchronizing mcp.
2026-09-13 20:26:48.763 [info] GlobalState: No changes found during synchronizing ui state.
2026-09-13 20:26:48.908 [info] Extensions: No changes found during synchronizing extensions.
2026-09-13 20:26:48.917 [info] Prompts: No changes found during synchronizing prompts.
2026-09-13 20:26:48.927 [info] Profiles: No changes found during synchronizing profiles.
2026-09-13 20:26:48.939 [info] Syncing profile. Agents
2026-09-13 20:26:48.951 [info] GlobalState (Agents): No changes found during synchronizing ui state.
2026-09-13 20:26:48.955 [info] Sync done. Took 503ms
2026-09-13 20:28:30.686 [info] [AutoSync] Triggered by Activity
2026-09-13 20:28:30.687 [info] Sync started.
2026-09-13 20:28:30.929 [info] Settings: No changes found during synchronizing settings.
2026-09-13 20:28:30.945 [info] Keybindings: No changes found during synchronizing keybindings.
2026-09-13 20:28:30.954 [info] Snippets: No changes found during synchronizing snippets.
2026-09-13 20:28:30.965 [info] Tasks: No changes found during synchronizing tasks.
2026-09-13 20:28:30.979 [info] Mcp: No changes found during synchronizing mcp.
2026-09-13 20:28:31.008 [info] GlobalState: No changes found during synchronizing ui state.
2026-09-13 20:28:31.303 [info] Extensions: No changes found during synchronizing extensions.
2026-09-13 20:28:31.323 [info] Prompts: No changes found during synchronizing prompts.
2026-09-13 20:28:31.328 [info] Profiles: No changes found during synchronizing profiles.
2026-09-13 20:28:31.339 [info] Syncing profile. Agents
2026-09-13 20:28:31.345 [info] GlobalState (Agents): No changes found during synchronizing ui state.
2026-09-13 20:28:31.349 [info] Sync done. Took 663ms
2026-09-13 20:31:12.053 [info] [AutoSync] Triggered by Activity
2026-09-13 20:31:12.057 [info] Sync started.
2026-09-13 20:31:12.240 [info] Settings: No changes found during synchronizing settings.
2026-09-13 20:31:12.255 [info] Keybindings: No changes found during synchronizing keybindings.
2026-09-13 20:31:12.266 [info] Snippets: No changes found during synchronizing snippets.
2026-09-13 20:31:12.291 [info] Tasks: No changes found during synchronizing tasks.
2026-09-13 20:31:12.319 [info] Mcp: No changes found during synchronizing mcp.
2026-09-13 20:31:12.337 [info] GlobalState: No changes found during synchronizing ui state.
2026-09-13 20:31:12.494 [info] Extensions: No changes found during synchronizing extensions.
2026-09-13 20:31:12.504 [info] Prompts: No changes found during synchronizing prompts.
2026-09-13 20:31:12.510 [info] Profiles: No changes found during synchronizing profiles.
2026-09-13 20:31:12.519 [info] Syncing profile. Agents
2026-09-13 20:31:12.531 [info] GlobalState (Agents): No changes found during synchronizing ui state.
2026-09-13 20:31:12.539 [info] Sync done. Took 486ms
2026-09-13 20:31:28.483 [info] [AutoSync] Triggered by Activity
2026-09-13 20:31:28.484 [info] Sync started.
2026-09-13 20:31:28.543 [info] Settings: No changes found during synchronizing settings.
2026-09-13 20:31:28.554 [info] Keybindings: No changes found during synchronizing keybindings.
2026-09-13 20:31:28.565 [info] Snippets: No changes found during synchronizing snippets.
2026-09-13 20:31:28.579 [info] Tasks: No changes found during synchronizing tasks.
2026-09-13 20:31:28.592 [info] Mcp: No changes found during synchronizing mcp.
2026-09-13 20:31:28.606 [info] GlobalState: No changes found during synchronizing ui state.
2026-09-13 20:31:28.716 [info] Extensions: No changes found during synchronizing extensions.
2026-09-13 20:31:28.728 [info] Prompts: No changes found during synchronizing prompts.
2026-09-13 20:31:28.734 [info] Profiles: No changes found during synchronizing profiles.
2026-09-13 20:31:28.745 [info] Syncing profile. Agents
2026-09-13 20:31:28.750 [info] GlobalState (Agents): No changes found during synchronizing ui state.
2026-09-13 20:31:28.754 [info] Sync done. Took 278ms
2026-09-13 20:33:01.186 [info] [AutoSync] Triggered by Activity
2026-09-13 20:33:01.332 [info] Sync started.
2026-09-13 20:33:01.451 [info] Settings: No changes found during synchronizing settings.
2026-09-13 20:33:01.524 [info] Keybindings: No changes found during synchronizing keybindings.
2026-09-13 20:33:01.545 [info] Snippets: No changes found during synchronizing snippets.
2026-09-13 20:33:01.567 [info] Tasks: No changes found during synchronizing tasks.
2026-09-13 20:33:01.582 [info] Mcp: No changes found during synchronizing mcp.
2026-09-13 20:33:01.680 [info] GlobalState: No changes found during synchronizing ui state.
2026-09-13 20:33:02.572 [info] Extensions: No changes found during synchronizing extensions.
2026-09-13 20:33:02.611 [info] Prompts: No changes found during synchronizing prompts.
2026-09-13 20:33:02.734 [info] Profiles: No changes found during synchronizing profiles.
2026-09-13 20:33:02.745 [info] Syncing profile. Agents
2026-09-13 20:33:02.786 [info] GlobalState (Agents): No changes found during synchronizing ui state.
2026-09-13 20:33:02.794 [info] Sync done. Took 1621ms
2026-09-13 20:34:58.982 [info] [AutoSync] Triggered by Activity
2026-09-13 20:35:00.430 [info] Sync started.
2026-09-13 20:35:02.685 [info] Settings: No changes found during synchronizing settings.
2026-09-13 20:35:03.531 [info] Keybindings: No changes found during synchronizing keybindings.
2026-09-13 20:35:04.785 [info] Snippets: No changes found during synchronizing snippets.
2026-09-13 20:35:05.293 [info] Tasks: No changes found during synchronizing tasks.
2026-09-13 20:35:06.349 [info] Mcp: No changes found during synchronizing mcp.
2026-09-13 20:35:06.969 [info] GlobalState: No changes found during synchronizing ui state.
2026-09-13 20:35:15.551 [info] Extensions: No changes found during synchronizing extensions.
2026-09-13 20:35:20.778 [info] Prompts: No changes found during synchronizing prompts.
2026-09-13 20:35:21.104 [info] Profiles: No changes found during synchronizing profiles.
2026-09-13 20:35:21.169 [info] Syncing profile. Agents
2026-09-13 20:35:21.339 [info] GlobalState (Agents): No changes found during synchronizing ui state.
2026-09-13 20:35:21.394 [info] Sync done. Took 25549ms
2026-09-13 20:38:08.304 [info] [AutoSync] Triggered by Activity
2026-09-13 20:38:08.306 [info] Sync started.
2026-09-13 20:38:09.659 [info] Settings: No changes found during synchronizing settings.
2026-09-13 20:38:09.986 [info] Keybindings: No changes found during synchronizing keybindings.
2026-09-13 20:38:10.386 [info] Snippets: No changes found during synchronizing snippets.
2026-09-13 20:38:10.457 [info] Tasks: No changes found during synchronizing tasks.
2026-09-13 20:38:10.653 [info] Mcp: No changes found during synchronizing mcp.
2026-09-13 20:38:10.756 [info] GlobalState: No changes found during synchronizing ui state.
2026-09-13 20:38:11.036 [info] Extensions: No changes found during synchronizing extensions.
2026-09-13 20:38:11.100 [info] Prompts: No changes found during synchronizing prompts.
2026-09-13 20:38:11.151 [info] Profiles: No changes found during synchronizing profiles.
2026-09-13 20:38:11.157 [info] Syncing profile. Agents
2026-09-13 20:38:11.185 [info] GlobalState (Agents): No changes found during synchronizing ui state.
2026-09-13 20:38:11.188 [info] Sync done. Took 2889ms
2026-09-13 20:39:32.844 [info] [AutoSync] Triggered by Activity
2026-09-13 20:39:32.847 [info] Sync started.
2026-09-13 20:39:33.030 [info] Settings: No changes found during synchronizing settings.
2026-09-13 20:39:33.098 [info] Keybindings: No changes found during synchronizing keybindings.
2026-09-13 20:39:33.110 [info] Snippets: No changes found during synchronizing snippets.
2026-09-13 20:39:33.123 [info] Tasks: No changes found during synchronizing tasks.
2026-09-13 20:39:33.139 [info] Mcp: No changes found during synchronizing mcp.
2026-09-13 20:39:33.172 [info] GlobalState: No changes found during synchronizing ui state.
2026-09-13 20:39:33.587 [info] Extensions: No changes found during synchronizing extensions.
2026-09-13 20:39:33.605 [info] Prompts: No changes found during synchronizing prompts.
2026-09-13 20:39:33.622 [info] Profiles: No changes found during synchronizing profiles.
2026-09-13 20:39:33.636 [info] Syncing profile. Agents
2026-09-13 20:39:33.650 [info] GlobalState (Agents): No changes found during synchronizing ui state.
2026-09-13 20:39:33.667 [info] Sync done. Took 819ms
2026-09-13 20:39:44.771 [info] [AutoSync] Triggered by Activity
2026-09-13 20:39:44.772 [info] Sync started.
2026-09-13 20:39:44.831 [info] Settings: No changes found during synchronizing settings.
2026-09-13 20:39:44.844 [info] Keybindings: No changes found during synchronizing keybindings.
2026-09-13 20:39:44.878 [info] Snippets: No changes found during synchronizing snippets.
2026-09-13 20:39:44.895 [info] Tasks: No changes found during synchronizing tasks.
2026-09-13 20:39:44.911 [info] Mcp: No changes found during synchronizing mcp.
2026-09-13 20:39:44.925 [info] GlobalState: No changes found during synchronizing ui state.
2026-09-13 20:39:45.059 [info] Extensions: No changes found during synchronizing extensions.
2026-09-13 20:39:45.069 [info] Prompts: No changes found during synchronizing prompts.
2026-09-13 20:39:45.082 [info] Profiles: No changes found during synchronizing profiles.
2026-09-13 20:39:45.104 [info] Syncing profile. Agents
2026-09-13 20:39:45.131 [info] GlobalState (Agents): No changes found during synchronizing ui state.
2026-09-13 20:39:45.142 [info] Sync done. Took 362ms
2026-09-13 20:40:55.239 [info] [AutoSync] Triggered by Activity
2026-09-13 20:40:55.251 [info] Sync started.
2026-09-13 20:40:55.513 [info] Settings: No changes found during synchronizing settings.
2026-09-13 20:40:55.558 [info] Keybindings: No changes found during synchronizing keybindings.
2026-09-13 20:40:55.600 [info] Snippets: No changes found during synchronizing snippets.
2026-09-13 20:40:55.628 [info] Tasks: No changes found during synchronizing tasks.
2026-09-13 20:40:55.660 [info] Mcp: No changes found during synchronizing mcp.
2026-09-13 20:40:55.695 [info] GlobalState: No changes found during synchronizing ui state.
2026-09-13 20:40:56.223 [info] Extensions: No changes found during synchronizing extensions.
2026-09-13 20:40:56.235 [info] Prompts: No changes found during synchronizing prompts.
2026-09-13 20:40:56.249 [info] Profiles: No changes found during synchronizing profiles.
2026-09-13 20:40:56.266 [info] Syncing profile. Agents
2026-09-13 20:40:56.275 [info] GlobalState (Agents): No changes found during synchronizing ui state.
2026-09-13 20:40:56.280 [info] Sync done. Took 1062ms
2026-09-13 20:41:49.263 [info] [AutoSync] Triggered by Activity
2026-09-13 20:41:49.264 [info] Sync started.
2026-09-13 20:41:49.412 [info] Settings: No changes found during synchronizing settings.
2026-09-13 20:41:49.423 [info] Keybindings: No changes found during synchronizing keybindings.
2026-09-13 20:41:49.434 [info] Snippets: No changes found during synchronizing snippets.
2026-09-13 20:41:49.885 [info] Tasks: No changes found during synchronizing tasks.
2026-09-13 20:41:49.894 [info] Mcp: No changes found during synchronizing mcp.
2026-09-13 20:41:49.909 [info] GlobalState: No changes found during synchronizing ui state.
2026-09-13 20:41:50.036 [info] Extensions: No changes found during synchronizing extensions.
2026-09-13 20:41:50.043 [info] Prompts: No changes found during synchronizing prompts.
2026-09-13 20:41:50.053 [info] Profiles: No changes found during synchronizing profiles.
2026-09-13 20:41:50.056 [info] Syncing profile. Agents
2026-09-13 20:41:50.063 [info] GlobalState (Agents): No changes found during synchronizing ui state.
2026-09-13 20:41:50.066 [info] Sync done. Took 804ms
2026-09-13 20:42:17.123 [info] [AutoSync] Triggered by Activity
2026-09-13 20:42:17.127 [info] Sync started.
2026-09-13 20:42:17.235 [info] Settings: No changes found during synchronizing settings.
2026-09-13 20:42:17.272 [info] Keybindings: No changes found during synchronizing keybindings.
2026-09-13 20:42:17.301 [info] Snippets: No changes found during synchronizing snippets.
2026-09-13 20:42:17.315 [info] Tasks: No changes found during synchronizing tasks.
2026-09-13 20:42:17.339 [info] Mcp: No changes found during synchronizing mcp.
2026-09-13 20:42:17.356 [info] GlobalState: No changes found during synchronizing ui state.
2026-09-13 20:42:17.642 [info] Extensions: No changes found during synchronizing extensions.
2026-09-13 20:42:17.655 [info] Prompts: No changes found during synchronizing prompts.
2026-09-13 20:42:17.660 [info] Profiles: No changes found during synchronizing profiles.
2026-09-13 20:42:17.665 [info] Syncing profile. Agents
2026-09-13 20:42:17.669 [info] GlobalState (Agents): No changes found during synchronizing ui state.
2026-09-13 20:42:17.671 [info] Sync done. Took 560ms
2026-09-13 20:42:29.032 [info] [AutoSync] Triggered by Activity
2026-09-13 20:42:29.034 [info] Sync started.
2026-09-13 20:42:29.123 [info] Settings: No changes found during synchronizing settings.
2026-09-13 20:42:29.136 [info] Keybindings: No changes found during synchronizing keybindings.
2026-09-13 20:42:29.146 [info] Snippets: No changes found during synchronizing snippets.
2026-09-13 20:42:29.159 [info] Tasks: No changes found during synchronizing tasks.
2026-09-13 20:42:29.173 [info] Mcp: No changes found during synchronizing mcp.
2026-09-13 20:42:29.189 [info] GlobalState: No changes found during synchronizing ui state.
2026-09-13 20:42:29.302 [info] Extensions: No changes found during synchronizing extensions.
2026-09-13 20:42:29.311 [info] Prompts: No changes found during synchronizing prompts.
2026-09-13 20:42:29.318 [info] Profiles: No changes found during synchronizing profiles.
2026-09-13 20:42:29.325 [info] Syncing profile. Agents
2026-09-13 20:42:29.330 [info] GlobalState (Agents): No changes found during synchronizing ui state.
2026-09-13 20:42:29.334 [info] Sync done. Took 305ms
2026-09-13 20:42:51.200 [info] [AutoSync] Triggered by Activity
2026-09-13 20:42:51.201 [info] Sync started.
2026-09-13 20:42:51.479 [info] Settings: No changes found during synchronizing settings.
2026-09-13 20:42:51.508 [info] Keybindings: No changes found during synchronizing keybindings.
2026-09-13 20:42:51.541 [info] Snippets: No changes found during synchronizing snippets.
2026-09-13 20:42:51.573 [info] Tasks: No changes found during synchronizing tasks.
2026-09-13 20:42:51.586 [info] Mcp: No changes found during synchronizing mcp.
2026-09-13 20:42:51.629 [info] GlobalState: No changes found during synchronizing ui state.
2026-09-13 20:42:51.892 [info] Extensions: No changes found during synchronizing extensions.
2026-09-13 20:42:51.925 [info] Prompts: No changes found during synchronizing prompts.
2026-09-13 20:42:51.936 [info] Profiles: No changes found during synchronizing profiles.
2026-09-13 20:42:51.941 [info] Syncing profile. Agents
2026-09-13 20:42:51.982 [info] GlobalState (Agents): No changes found during synchronizing ui state.
2026-09-13 20:42:51.997 [info] Sync done. Took 802ms
2026-09-13 20:43:22.718 [info] [AutoSync] Triggered by Activity
2026-09-13 20:43:22.721 [info] Sync started.
2026-09-13 20:43:22.815 [info] Settings: No changes found during synchronizing settings.
2026-09-13 20:43:22.860 [info] Keybindings: No changes found during synchronizing keybindings.
2026-09-13 20:43:22.892 [info] Snippets: No changes found during synchronizing snippets.
2026-09-13 20:43:22.916 [info] Tasks: No changes found during synchronizing tasks.
2026-09-13 20:43:22.932 [info] Mcp: No changes found during synchronizing mcp.
2026-09-13 20:43:22.973 [info] GlobalState: No changes found during synchronizing ui state.
2026-09-13 20:43:23.155 [info] Extensions: No changes found during synchronizing extensions.
2026-09-13 20:43:23.164 [info] Prompts: No changes found during synchronizing prompts.
2026-09-13 20:43:23.173 [info] Profiles: No changes found during synchronizing profiles.
2026-09-13 20:43:23.182 [info] Syncing profile. Agents
2026-09-13 20:43:23.202 [info] GlobalState (Agents): No changes found during synchronizing ui state.
2026-09-13 20:43:23.206 [info] Sync done. Took 493ms
2026-09-13 20:43:42.224 [info] [AutoSync] Triggered by Activity
2026-09-13 20:43:42.225 [info] Sync started.
2026-09-13 20:43:42.336 [info] Settings: No changes found during synchronizing settings.
2026-09-13 20:43:42.376 [info] Keybindings: No changes found during synchronizing keybindings.
2026-09-13 20:43:42.403 [info] Snippets: No changes found during synchronizing snippets.
2026-09-13 20:43:42.425 [info] Tasks: No changes found during synchronizing tasks.
2026-09-13 20:43:42.444 [info] Mcp: No changes found during synchronizing mcp.
2026-09-13 20:43:42.485 [info] GlobalState: No changes found during synchronizing ui state.
2026-09-13 20:43:42.677 [info] Extensions: No changes found during synchronizing extensions.
2026-09-13 20:43:42.722 [info] Prompts: No changes found during synchronizing prompts.
2026-09-13 20:43:42.729 [info] Profiles: No changes found during synchronizing profiles.
2026-09-13 20:43:42.736 [info] Syncing profile. Agents
2026-09-13 20:43:42.749 [info] GlobalState (Agents): No changes found during synchronizing ui state.
2026-09-13 20:43:42.755 [info] Sync done. Took 529ms
2026-09-13 20:44:36.736 [info] [AutoSync] Triggered by Activity
2026-09-13 20:44:36.792 [info] Sync started.
2026-09-13 20:44:36.841 [info] Settings: No changes found during synchronizing settings.
2026-09-13 20:44:36.858 [info] Keybindings: No changes found during synchronizing keybindings.
2026-09-13 20:44:36.882 [info] Snippets: No changes found during synchronizing snippets.
2026-09-13 20:44:36.907 [info] Tasks: No changes found during synchronizing tasks.
2026-09-13 20:44:36.924 [info] Mcp: No changes found during synchronizing mcp.
2026-09-13 20:44:36.985 [info] GlobalState: No changes found during synchronizing ui state.
2026-09-13 20:44:37.151 [info] Extensions: No changes found during synchronizing extensions.
2026-09-13 20:44:37.180 [info] Prompts: No changes found during synchronizing prompts.
2026-09-13 20:44:37.190 [info] Profiles: No changes found during synchronizing profiles.
2026-09-13 20:44:37.197 [info] Syncing profile. Agents
2026-09-13 20:44:37.217 [info] GlobalState (Agents): No changes found during synchronizing ui state.
2026-09-13 20:44:37.220 [info] Sync done. Took 489ms
2026-09-13 20:44:57.439 [info] [AutoSync] Triggered by Activity
2026-09-13 20:44:57.440 [info] Sync started.
2026-09-13 20:44:57.633 [info] Settings: No changes found during synchronizing settings.
2026-09-13 20:44:57.646 [info] Keybindings: No changes found during synchronizing keybindings.
2026-09-13 20:44:57.655 [info] Snippets: No changes found during synchronizing snippets.
2026-09-13 20:44:57.666 [info] Tasks: No changes found during synchronizing tasks.
2026-09-13 20:44:57.678 [info] Mcp: No changes found during synchronizing mcp.
2026-09-13 20:44:57.696 [info] GlobalState: No changes found during synchronizing ui state.
2026-09-13 20:44:57.854 [info] Extensions: No changes found during synchronizing extensions.
2026-09-13 20:44:57.862 [info] Prompts: No changes found during synchronizing prompts.
2026-09-13 20:44:57.868 [info] Profiles: No changes found during synchronizing profiles.
2026-09-13 20:44:57.875 [info] Syncing profile. Agents
2026-09-13 20:44:57.879 [info] GlobalState (Agents): No changes found during synchronizing ui state.
2026-09-13 20:44:57.889 [info] Sync done. Took 459ms
2026-09-13 20:46:20.205 [info] [AutoSync] Triggered by Activity
2026-09-13 20:46:20.206 [info] Sync started.
2026-09-13 20:46:20.549 [info] Settings: No changes found during synchronizing settings.
2026-09-13 20:46:20.596 [info] Keybindings: No changes found during synchronizing keybindings.
2026-09-13 20:46:20.618 [info] Snippets: No changes found during synchronizing snippets.
2026-09-13 20:46:20.630 [info] Tasks: No changes found during synchronizing tasks.
2026-09-13 20:46:20.645 [info] Mcp: No changes found during synchronizing mcp.
2026-09-13 20:46:20.672 [info] GlobalState: No changes found during synchronizing ui state.
2026-09-13 20:46:20.842 [info] Extensions: No changes found during synchronizing extensions.
2026-09-13 20:46:20.864 [info] Prompts: No changes found during synchronizing prompts.
2026-09-13 20:46:20.879 [info] Profiles: No changes found during synchronizing profiles.
2026-09-13 20:46:20.890 [info] Syncing profile. Agents
2026-09-13 20:46:20.907 [info] GlobalState (Agents): No changes found during synchronizing ui state.
2026-09-13 20:46:20.934 [info] Sync done. Took 720ms
2026-09-13 20:49:00.570 [info] [AutoSync] Triggered by Activity
2026-09-13 20:49:02.182 [info] Sync started.
2026-09-13 20:49:02.731 [info] Settings: No changes found during synchronizing settings.
2026-09-13 20:49:02.830 [info] Keybindings: No changes found during synchronizing keybindings.
2026-09-13 20:49:02.909 [info] Snippets: No changes found during synchronizing snippets.
2026-09-13 20:49:03.198 [info] Tasks: No changes found during synchronizing tasks.
2026-09-13 20:49:03.344 [info] Mcp: No changes found during synchronizing mcp.
2026-09-13 20:49:03.442 [info] GlobalState: No changes found during synchronizing ui state.
2026-09-13 20:49:05.411 [info] Extensions: No changes found during synchronizing extensions.
2026-09-13 20:49:05.453 [info] Prompts: No changes found during synchronizing prompts.
2026-09-13 20:49:05.491 [info] Profiles: No changes found during synchronizing profiles.
2026-09-13 20:49:05.500 [info] Syncing profile. Agents
2026-09-13 20:49:05.530 [info] GlobalState (Agents): No changes found during synchronizing ui state.
2026-09-13 20:49:05.553 [info] Sync done. Took 5255ms
2026-09-13 20:50:13.843 [info] [AutoSync] Triggered by Activity
2026-09-13 20:50:13.889 [info] Sync started.
2026-09-13 20:50:13.945 [info] Settings: No changes found during synchronizing settings.
2026-09-13 20:50:14.079 [info] Keybindings: No changes found during synchronizing keybindings.
2026-09-13 20:50:14.100 [info] Snippets: No changes found during synchronizing snippets.
2026-09-13 20:50:14.125 [info] Tasks: No changes found during synchronizing tasks.
2026-09-13 20:50:14.141 [info] Mcp: No changes found during synchronizing mcp.
2026-09-13 20:50:14.184 [info] GlobalState: No changes found during synchronizing ui state.
2026-09-13 20:50:14.782 [info] Extensions: No changes found during synchronizing extensions.
2026-09-13 20:50:14.824 [info] Prompts: No changes found during synchronizing prompts.
2026-09-13 20:50:14.844 [info] Profiles: No changes found during synchronizing profiles.
2026-09-13 20:50:14.852 [info] Syncing profile. Agents
2026-09-13 20:50:14.867 [info] GlobalState (Agents): No changes found during synchronizing ui state.
2026-09-13 20:50:14.870 [info] Sync done. Took 1030ms
2026-09-13 20:50:36.447 [info] [AutoSync] Triggered by Activity
2026-09-13 20:50:36.449 [info] Sync started.
2026-09-13 20:50:36.512 [info] Settings: No changes found during synchronizing settings.
2026-09-13 20:50:36.531 [info] Keybindings: No changes found during synchronizing keybindings.
2026-09-13 20:50:36.555 [info] Snippets: No changes found during synchronizing snippets.
2026-09-13 20:50:36.573 [info] Tasks: No changes found during synchronizing tasks.
2026-09-13 20:50:36.591 [info] Mcp: No changes found during synchronizing mcp.
2026-09-13 20:50:36.611 [info] GlobalState: No changes found during synchronizing ui state.
2026-09-13 20:50:36.751 [info] Extensions: No changes found during synchronizing extensions.
2026-09-13 20:50:36.823 [info] Prompts: No changes found during synchronizing prompts.
2026-09-13 20:50:36.829 [info] Profiles: No changes found during synchronizing profiles.
2026-09-13 20:50:36.837 [info] Syncing profile. Agents
2026-09-13 20:50:36.843 [info] GlobalState (Agents): No changes found during synchronizing ui state.
2026-09-13 20:50:36.848 [info] Sync done. Took 408ms
2026-09-13 20:50:59.621 [info] [AutoSync] Triggered by Activity
2026-09-13 20:50:59.622 [info] Sync started.
2026-09-13 20:50:59.846 [info] Settings: No changes found during synchronizing settings.
2026-09-13 20:50:59.866 [info] Keybindings: No changes found during synchronizing keybindings.
2026-09-13 20:50:59.880 [info] Snippets: No changes found during synchronizing snippets.
2026-09-13 20:50:59.891 [info] Tasks: No changes found during synchronizing tasks.
2026-09-13 20:50:59.914 [info] Mcp: No changes found during synchronizing mcp.
2026-09-13 20:50:59.932 [info] GlobalState: No changes found during synchronizing ui state.
2026-09-13 20:51:00.066 [info] Extensions: No changes found during synchronizing extensions.
2026-09-13 20:51:00.078 [info] Prompts: No changes found during synchronizing prompts.
2026-09-13 20:51:00.088 [info] Profiles: No changes found during synchronizing profiles.
2026-09-13 20:51:00.097 [info] Syncing profile. Agents
2026-09-13 20:51:00.104 [info] GlobalState (Agents): No changes found during synchronizing ui state.
2026-09-13 20:51:00.107 [info] Sync done. Took 503ms
2026-09-13 20:51:21.129 [info] [AutoSync] Triggered by Activity
2026-09-13 20:51:21.130 [info] Sync started.
2026-09-13 20:51:21.188 [info] Settings: No changes found during synchronizing settings.
2026-09-13 20:51:21.202 [info] Keybindings: No changes found during synchronizing keybindings.
2026-09-13 20:51:21.222 [info] Snippets: No changes found during synchronizing snippets.
2026-09-13 20:51:21.234 [info] Tasks: No changes found during synchronizing tasks.
2026-09-13 20:51:21.247 [info] Mcp: No changes found during synchronizing mcp.
2026-09-13 20:51:21.263 [info] GlobalState: No changes found during synchronizing ui state.
2026-09-13 20:51:21.440 [info] Extensions: No changes found during synchronizing extensions.
2026-09-13 20:51:21.463 [info] Prompts: No changes found during synchronizing prompts.
2026-09-13 20:51:21.491 [info] Profiles: No changes found during synchronizing profiles.
2026-09-13 20:51:21.504 [info] Syncing profile. Agents
2026-09-13 20:51:21.515 [info] GlobalState (Agents): No changes found during synchronizing ui state.
2026-09-13 20:51:21.521 [info] Sync done. Took 398ms
2026-09-13 20:52:22.842 [info] [AutoSync] Triggered by Activity
2026-09-13 20:52:22.844 [info] Sync started.
2026-09-13 20:52:23.039 [info] Settings: No changes found during synchronizing settings.
2026-09-13 20:52:23.051 [info] Keybindings: No changes found during synchronizing keybindings.
2026-09-13 20:52:23.069 [info] Snippets: No changes found during synchronizing snippets.
2026-09-13 20:52:23.082 [info] Tasks: No changes found during synchronizing tasks.
2026-09-13 20:52:23.093 [info] Mcp: No changes found during synchronizing mcp.
2026-09-13 20:52:23.107 [info] GlobalState: No changes found during synchronizing ui state.
2026-09-13 20:52:23.234 [info] Extensions: No changes found during synchronizing extensions.
2026-09-13 20:52:23.269 [info] Prompts: No changes found during synchronizing prompts.
2026-09-13 20:52:23.277 [info] Profiles: No changes found during synchronizing profiles.
2026-09-13 20:52:23.308 [info] Syncing profile. Agents
2026-09-13 20:52:23.312 [info] GlobalState (Agents): No changes found during synchronizing ui state.
2026-09-13 20:52:23.316 [info] Sync done. Took 477ms
2026-09-13 20:52:37.029 [info] [AutoSync] Triggered by Activity
2026-09-13 20:52:37.029 [info] Sync started.
2026-09-13 20:52:37.108 [info] Settings: No changes found during synchronizing settings.
2026-09-13 20:52:37.119 [info] Keybindings: No changes found during synchronizing keybindings.
2026-09-13 20:52:37.132 [info] Snippets: No changes found during synchronizing snippets.
2026-09-13 20:52:37.145 [info] Tasks: No changes found during synchronizing tasks.
2026-09-13 20:52:37.157 [info] Mcp: No changes found during synchronizing mcp.
2026-09-13 20:52:37.172 [info] GlobalState: No changes found during synchronizing ui state.
2026-09-13 20:52:37.305 [info] Extensions: No changes found during synchronizing extensions.
2026-09-13 20:52:37.324 [info] Prompts: No changes found during synchronizing prompts.
2026-09-13 20:52:37.332 [info] Profiles: No changes found during synchronizing profiles.
2026-09-13 20:52:37.339 [info] Syncing profile. Agents
2026-09-13 20:52:37.344 [info] GlobalState (Agents): No changes found during synchronizing ui state.
2026-09-13 20:52:37.349 [info] Sync done. Took 321ms
2026-09-13 20:53:02.980 [info] [AutoSync] Triggered by Activity
2026-09-13 20:53:02.983 [info] Sync started.
2026-09-13 20:53:03.045 [info] Settings: No changes found during synchronizing settings.
2026-09-13 20:53:03.063 [info] Keybindings: No changes found during synchronizing keybindings.
2026-09-13 20:53:03.077 [info] Snippets: No changes found during synchronizing snippets.
2026-09-13 20:53:03.094 [info] Tasks: No changes found during synchronizing tasks.
2026-09-13 20:53:03.110 [info] Mcp: No changes found during synchronizing mcp.
2026-09-13 20:53:03.142 [info] GlobalState: No changes found during synchronizing ui state.
2026-09-13 20:53:03.255 [info] Extensions: No changes found during synchronizing extensions.
2026-09-13 20:53:03.268 [info] Prompts: No changes found during synchronizing prompts.
2026-09-13 20:53:03.274 [info] Profiles: No changes found during synchronizing profiles.
2026-09-13 20:53:03.284 [info] Syncing profile. Agents
2026-09-13 20:53:03.293 [info] GlobalState (Agents): No changes found during synchronizing ui state.
2026-09-13 20:53:03.297 [info] Sync done. Took 316ms
2026-09-13 20:54:43.139 [info] [AutoSync] Triggered by Activity
2026-09-13 20:54:43.162 [info] Sync started.
2026-09-13 20:54:43.316 [info] Settings: No changes found during synchronizing settings.
2026-09-13 20:54:43.327 [info] Keybindings: No changes found during synchronizing keybindings.
2026-09-13 20:54:43.341 [info] Snippets: No changes found during synchronizing snippets.
2026-09-13 20:54:43.355 [info] Tasks: No changes found during synchronizing tasks.
2026-09-13 20:54:43.366 [info] Mcp: No changes found during synchronizing mcp.
2026-09-13 20:54:43.379 [info] GlobalState: No changes found during synchronizing ui state.
2026-09-13 20:54:43.679 [info] Extensions: No changes found during synchronizing extensions.
2026-09-13 20:54:43.690 [info] Prompts: No changes found during synchronizing prompts.
2026-09-13 20:54:43.716 [info] Profiles: No changes found during synchronizing profiles.
2026-09-13 20:54:43.724 [info] Syncing profile. Agents
2026-09-13 20:54:43.733 [info] GlobalState (Agents): No changes found during synchronizing ui state.
2026-09-13 20:54:43.741 [info] Sync done. Took 603ms
2026-09-13 20:55:25.253 [info] [AutoSync] Triggered by Activity
2026-09-13 20:55:25.439 [info] Sync started.
2026-09-13 20:55:25.454 [info] Settings: No changes found during synchronizing settings.
2026-09-13 20:55:25.467 [info] Keybindings: No changes found during synchronizing keybindings.
2026-09-13 20:55:25.479 [info] Snippets: No changes found during synchronizing snippets.
2026-09-13 20:55:25.489 [info] Tasks: No changes found during synchronizing tasks.
2026-09-13 20:55:25.508 [info] Mcp: No changes found during synchronizing mcp.
2026-09-13 20:55:25.527 [info] GlobalState: No changes found during synchronizing ui state.
2026-09-13 20:55:25.653 [info] Extensions: No changes found during synchronizing extensions.
2026-09-13 20:55:25.680 [info] Prompts: No changes found during synchronizing prompts.
2026-09-13 20:55:25.694 [info] Profiles: No changes found during synchronizing profiles.
2026-09-13 20:55:25.700 [info] Syncing profile. Agents
2026-09-13 20:55:25.711 [info] GlobalState (Agents): No changes found during synchronizing ui state.
2026-09-13 20:55:25.740 [info] Sync done. Took 507ms
2026-09-13 20:56:18.404 [info] [AutoSync] Triggered by Activity
2026-09-13 20:56:18.429 [info] Sync started.
2026-09-13 20:56:18.480 [info] Settings: No changes found during synchronizing settings.
2026-09-13 20:56:18.491 [info] Keybindings: No changes found during synchronizing keybindings.
2026-09-13 20:56:18.501 [info] Snippets: No changes found during synchronizing snippets.
2026-09-13 20:56:18.512 [info] Tasks: No changes found during synchronizing tasks.
2026-09-13 20:56:18.524 [info] Mcp: No changes found during synchronizing mcp.
2026-09-13 20:56:18.539 [info] GlobalState: No changes found during synchronizing ui state.
2026-09-13 20:56:18.650 [info] Extensions: No changes found during synchronizing extensions.
2026-09-13 20:56:18.659 [info] Prompts: No changes found during synchronizing prompts.
2026-09-13 20:56:18.663 [info] Profiles: No changes found during synchronizing profiles.
2026-09-13 20:56:18.669 [info] Syncing profile. Agents
2026-09-13 20:56:18.671 [info] GlobalState (Agents): No changes found during synchronizing ui state.
2026-09-13 20:56:18.677 [info] Sync done. Took 277ms
2026-09-13 20:56:34.547 [info] [AutoSync] Triggered by Activity
2026-09-13 20:56:34.549 [info] Sync started.
2026-09-13 20:56:34.617 [info] Settings: No changes found during synchronizing settings.
2026-09-13 20:56:34.633 [info] Keybindings: No changes found during synchronizing keybindings.
2026-09-13 20:56:34.643 [info] Snippets: No changes found during synchronizing snippets.
2026-09-13 20:56:34.660 [info] Tasks: No changes found during synchronizing tasks.
2026-09-13 20:56:34.677 [info] Mcp: No changes found during synchronizing mcp.
2026-09-13 20:56:34.690 [info] GlobalState: No changes found during synchronizing ui state.
2026-09-13 20:56:34.861 [info] Extensions: No changes found during synchronizing extensions.
2026-09-13 20:56:34.873 [info] Prompts: No changes found during synchronizing prompts.
2026-09-13 20:56:34.879 [info] Profiles: No changes found during synchronizing profiles.
2026-09-13 20:56:34.886 [info] Syncing profile. Agents
2026-09-13 20:56:34.892 [info] GlobalState (Agents): No changes found during synchronizing ui state.
2026-09-13 20:56:34.900 [info] Sync done. Took 357ms
2026-09-13 20:57:15.836 [info] [AutoSync] Triggered by Activity
2026-09-13 20:57:15.838 [info] Sync started.
2026-09-13 20:57:16.025 [info] Settings: No changes found during synchronizing settings.
2026-09-13 20:57:16.041 [info] Keybindings: No changes found during synchronizing keybindings.
2026-09-13 20:57:16.062 [info] Snippets: No changes found during synchronizing snippets.
2026-09-13 20:57:16.082 [info] Tasks: No changes found during synchronizing tasks.
2026-09-13 20:57:16.096 [info] Mcp: No changes found during synchronizing mcp.
2026-09-13 20:57:16.113 [info] GlobalState: No changes found during synchronizing ui state.
2026-09-13 20:57:16.253 [info] Extensions: No changes found during synchronizing extensions.
2026-09-13 20:57:16.268 [info] Prompts: No changes found during synchronizing prompts.
2026-09-13 20:57:16.275 [info] Profiles: No changes found during synchronizing profiles.
2026-09-13 20:57:16.283 [info] Syncing profile. Agents
2026-09-13 20:57:16.287 [info] GlobalState (Agents): No changes found during synchronizing ui state.
2026-09-13 20:57:16.290 [info] Sync done. Took 454ms
2026-09-13 20:58:11.514 [info] [AutoSync] Triggered by Activity
2026-09-13 20:58:11.517 [info] Sync started.
2026-09-13 20:58:11.704 [info] Settings: No changes found during synchronizing settings.
2026-09-13 20:58:11.716 [info] Keybindings: No changes found during synchronizing keybindings.
2026-09-13 20:58:11.730 [info] Snippets: No changes found during synchronizing snippets.
2026-09-13 20:58:11.743 [info] Tasks: No changes found during synchronizing tasks.
2026-09-13 20:58:11.754 [info] Mcp: No changes found during synchronizing mcp.
2026-09-13 20:58:11.768 [info] GlobalState: No changes found during synchronizing ui state.
2026-09-13 20:58:11.874 [info] Extensions: No changes found during synchronizing extensions.
2026-09-13 20:58:11.886 [info] Prompts: No changes found during synchronizing prompts.
2026-09-13 20:58:11.891 [info] Profiles: No changes found during synchronizing profiles.
2026-09-13 20:58:11.896 [info] Syncing profile. Agents
2026-09-13 20:58:11.901 [info] GlobalState (Agents): No changes found during synchronizing ui state.
2026-09-13 20:58:11.907 [info] Sync done. Took 398ms
2026-09-13 21:03:11.934 [info] [AutoSync] Triggered by Interval
2026-09-13 21:03:11.935 [info] Sync started.
2026-09-13 21:03:12.133 [info] Settings: No changes found during synchronizing settings.
2026-09-13 21:03:12.145 [info] Keybindings: No changes found during synchronizing keybindings.
2026-09-13 21:03:12.160 [info] Snippets: No changes found during synchronizing snippets.
2026-09-13 21:03:12.170 [info] Tasks: No changes found during synchronizing tasks.
2026-09-13 21:03:12.181 [info] Mcp: No changes found during synchronizing mcp.
2026-09-13 21:03:12.198 [info] GlobalState: No changes found during synchronizing ui state.
2026-09-13 21:03:12.331 [info] Extensions: No changes found during synchronizing extensions.
2026-09-13 21:03:12.377 [info] Prompts: No changes found during synchronizing prompts.
2026-09-13 21:03:12.397 [info] Profiles: No changes found during synchronizing profiles.
2026-09-13 21:03:12.407 [info] Syncing profile. Agents
2026-09-13 21:03:12.418 [info] GlobalState (Agents): No changes found during synchronizing ui state.
2026-09-13 21:03:12.422 [info] Sync done. Took 494ms
2026-09-13 21:03:56.051 [info] [AutoSync] Triggered by Activity
2026-09-13 21:03:56.051 [info] Sync started.
2026-09-13 21:03:56.244 [info] Settings: No changes found during synchronizing settings.
2026-09-13 21:03:56.265 [info] Keybindings: No changes found during synchronizing keybindings.
2026-09-13 21:03:56.286 [info] Snippets: No changes found during synchronizing snippets.
2026-09-13 21:03:56.307 [info] Tasks: No changes found during synchronizing tasks.
2026-09-13 21:03:56.339 [info] Mcp: No changes found during synchronizing mcp.
2026-09-13 21:03:56.358 [info] GlobalState: No changes found during synchronizing ui state.
2026-09-13 21:03:56.611 [info] Extensions: No changes found during synchronizing extensions.
2026-09-13 21:03:56.622 [info] Prompts: No changes found during synchronizing prompts.
2026-09-13 21:03:56.632 [info] Profiles: No changes found during synchronizing profiles.
2026-09-13 21:03:56.639 [info] Syncing profile. Agents
2026-09-13 21:03:56.649 [info] GlobalState (Agents): No changes found during synchronizing ui state.
2026-09-13 21:03:56.654 [info] Sync done. Took 607ms
2026-09-13 21:08:56.659 [info] [AutoSync] Triggered by Interval
2026-09-13 21:08:56.661 [info] Sync started.
2026-09-13 21:08:57.037 [info] Settings: No changes found during synchronizing settings.
2026-09-13 21:08:57.146 [info] Keybindings: No changes found during synchronizing keybindings.
2026-09-13 21:08:57.214 [info] Snippets: No changes found during synchronizing snippets.
2026-09-13 21:08:57.307 [info] Tasks: No changes found during synchronizing tasks.
2026-09-13 21:08:57.399 [info] Mcp: No changes found during synchronizing mcp.
2026-09-13 21:08:57.502 [info] GlobalState: No changes found during synchronizing ui state.
2026-09-13 21:08:58.061 [info] Extensions: No changes found during synchronizing extensions.
2026-09-13 21:08:58.111 [info] Prompts: No changes found during synchronizing prompts.
2026-09-13 21:08:58.141 [info] Profiles: No changes found during synchronizing profiles.
2026-09-13 21:08:58.156 [info] Syncing profile. Agents
2026-09-13 21:08:58.177 [info] GlobalState (Agents): No changes found during synchronizing ui state.
2026-09-13 21:08:58.184 [info] Sync done. Took 1528ms
2026-09-13 21:13:58.184 [info] [AutoSync] Triggered by Interval
2026-09-13 21:13:58.185 [info] Sync started.
2026-09-13 21:13:58.364 [info] Settings: No changes found during synchronizing settings.
2026-09-13 21:13:58.378 [info] Keybindings: No changes found during synchronizing keybindings.
2026-09-13 21:13:58.393 [info] Snippets: No changes found during synchronizing snippets.
2026-09-13 21:13:58.409 [info] Tasks: No changes found during synchronizing tasks.
2026-09-13 21:13:58.425 [info] Mcp: No changes found during synchronizing mcp.
2026-09-13 21:13:58.454 [info] GlobalState: No changes found during synchronizing ui state.
2026-09-13 21:13:58.616 [info] Extensions: No changes found during synchronizing extensions.
2026-09-13 21:13:58.665 [info] Prompts: No changes found during synchronizing prompts.
2026-09-13 21:13:58.691 [info] Profiles: No changes found during synchronizing profiles.
2026-09-13 21:13:58.704 [info] Syncing profile. Agents
2026-09-13 21:13:58.730 [info] GlobalState (Agents): No changes found during synchronizing ui state.
2026-09-13 21:13:58.736 [info] Sync done. Took 554ms
2026-09-13 21:14:16.491 [info] [AutoSync] Triggered by Activity
2026-09-13 21:14:16.492 [info] Sync started.
2026-09-13 21:14:16.661 [info] Settings: No changes found during synchronizing settings.
2026-09-13 21:14:16.676 [info] Keybindings: No changes found during synchronizing keybindings.
2026-09-13 21:14:16.687 [info] Snippets: No changes found during synchronizing snippets.
2026-09-13 21:14:16.699 [info] Tasks: No changes found during synchronizing tasks.
2026-09-13 21:14:16.712 [info] Mcp: No changes found during synchronizing mcp.
2026-09-13 21:14:16.728 [info] GlobalState: No changes found during synchronizing ui state.
2026-09-13 21:14:16.840 [info] Extensions: No changes found during synchronizing extensions.
2026-09-13 21:14:16.852 [info] Prompts: No changes found during synchronizing prompts.
2026-09-13 21:14:16.858 [info] Profiles: No changes found during synchronizing profiles.
2026-09-13 21:14:16.865 [info] Syncing profile. Agents
2026-09-13 21:14:16.872 [info] GlobalState (Agents): No changes found during synchronizing ui state.
2026-09-13 21:14:16.875 [info] Sync done. Took 393ms
2026-09-13 21:17:30.451 [info] [AutoSync] Triggered by Activity
2026-09-13 21:17:30.452 [info] Sync started.
2026-09-13 21:17:30.633 [info] Settings: No changes found during synchronizing settings.
2026-09-13 21:17:30.649 [info] Keybindings: No changes found during synchronizing keybindings.
2026-09-13 21:17:30.665 [info] Snippets: No changes found during synchronizing snippets.
2026-09-13 21:17:30.681 [info] Tasks: No changes found during synchronizing tasks.
2026-09-13 21:17:30.694 [info] Mcp: No changes found during synchronizing mcp.
2026-09-13 21:17:30.712 [info] GlobalState: No changes found during synchronizing ui state.
2026-09-13 21:17:30.912 [info] Extensions: No changes found during synchronizing extensions.
2026-09-13 21:17:30.953 [info] Prompts: No changes found during synchronizing prompts.
2026-09-13 21:17:30.974 [info] Profiles: No changes found during synchronizing profiles.
2026-09-13 21:17:30.985 [info] Syncing profile. Agents
2026-09-13 21:17:30.992 [info] GlobalState (Agents): No changes found during synchronizing ui state.
2026-09-13 21:17:31.014 [info] Sync done. Took 560ms
2026-09-13 21:18:16.827 [info] [AutoSync] Triggered by Activity
2026-09-13 21:18:16.828 [info] Sync started.
2026-09-13 21:18:17.370 [info] Settings: No changes found during synchronizing settings.
2026-09-13 21:18:17.429 [info] Keybindings: No changes found during synchronizing keybindings.
2026-09-13 21:18:17.613 [info] Snippets: No changes found during synchronizing snippets.
2026-09-13 21:18:17.664 [info] Tasks: No changes found during synchronizing tasks.
2026-09-13 21:18:17.700 [info] Mcp: No changes found during synchronizing mcp.
2026-09-13 21:18:17.770 [info] GlobalState: No changes found during synchronizing ui state.
2026-09-13 21:18:18.165 [info] Extensions: No changes found during synchronizing extensions.
2026-09-13 21:18:18.197 [info] Prompts: No changes found during synchronizing prompts.
2026-09-13 21:18:18.211 [info] Profiles: No changes found during synchronizing profiles.
2026-09-13 21:18:18.216 [info] Syncing profile. Agents
2026-09-13 21:18:18.233 [info] GlobalState (Agents): No changes found during synchronizing ui state.
2026-09-13 21:18:18.237 [info] Sync done. Took 1423ms
2026-09-13 21:18:30.107 [info] [AutoSync] Triggered by Activity
2026-09-13 21:18:30.118 [info] Sync started.
2026-09-13 21:18:30.162 [info] Settings: No changes found during synchronizing settings.
2026-09-13 21:18:30.175 [info] Keybindings: No changes found during synchronizing keybindings.
2026-09-13 21:18:30.223 [info] Snippets: No changes found during synchronizing snippets.
2026-09-13 21:18:30.262 [info] Tasks: No changes found during synchronizing tasks.
2026-09-13 21:18:30.283 [info] Mcp: No changes found during synchronizing mcp.
2026-09-13 21:18:30.301 [info] GlobalState: No changes found during synchronizing ui state.
2026-09-13 21:18:30.441 [info] Extensions: No changes found during synchronizing extensions.
2026-09-13 21:18:30.471 [info] Prompts: No changes found during synchronizing prompts.
2026-09-13 21:18:30.486 [info] Profiles: No changes found during synchronizing profiles.
2026-09-13 21:18:30.556 [info] Syncing profile. Agents
2026-09-13 21:18:30.569 [info] GlobalState (Agents): No changes found during synchronizing ui state.
2026-09-13 21:18:30.572 [info] Sync done. Took 474ms
2026-09-13 21:19:09.384 [info] [AutoSync] Triggered by Activity
2026-09-13 21:19:09.390 [info] Sync started.
2026-09-13 21:19:09.572 [info] Settings: No changes found during synchronizing settings.
2026-09-13 21:19:09.589 [info] Keybindings: No changes found during synchronizing keybindings.
2026-09-13 21:19:09.606 [info] Snippets: No changes found during synchronizing snippets.
2026-09-13 21:19:09.619 [info] Tasks: No changes found during synchronizing tasks.
2026-09-13 21:19:09.637 [info] Mcp: No changes found during synchronizing mcp.
2026-09-13 21:19:09.654 [info] GlobalState: No changes found during synchronizing ui state.
2026-09-13 21:19:09.810 [info] Extensions: No changes found during synchronizing extensions.
2026-09-13 21:19:09.825 [info] Prompts: No changes found during synchronizing prompts.
2026-09-13 21:19:09.831 [info] Profiles: No changes found during synchronizing profiles.
2026-09-13 21:19:09.839 [info] Syncing profile. Agents
2026-09-13 21:19:09.850 [info] GlobalState (Agents): No changes found during synchronizing ui state.
2026-09-13 21:19:09.851 [info] Sync done. Took 476ms
2026-09-13 21:23:53.109 [info] [AutoSync] Triggered by Activity
2026-09-13 21:23:53.131 [info] Sync started.
2026-09-13 21:23:53.362 [info] Settings: No changes found during synchronizing settings.
2026-09-13 21:23:53.383 [info] Keybindings: No changes found during synchronizing keybindings.
2026-09-13 21:23:53.394 [info] Snippets: No changes found during synchronizing snippets.
2026-09-13 21:23:53.407 [info] Tasks: No changes found during synchronizing tasks.
2026-09-13 21:23:53.420 [info] Mcp: No changes found during synchronizing mcp.
2026-09-13 21:23:53.460 [info] GlobalState: No changes found during synchronizing ui state.
2026-09-13 21:23:53.653 [info] Extensions: No changes found during synchronizing extensions.
2026-09-13 21:23:53.699 [info] Prompts: No changes found during synchronizing prompts.
2026-09-13 21:23:53.722 [info] Profiles: No changes found during synchronizing profiles.
2026-09-13 21:23:53.727 [info] Syncing profile. Agents
2026-09-13 21:23:53.751 [info] GlobalState (Agents): No changes found during synchronizing ui state.
2026-09-13 21:23:53.754 [info] Sync done. Took 649ms
2026-09-13 21:25:42.013 [info] [AutoSync] Triggered by Activity
2026-09-13 21:25:42.017 [info] Sync started.
2026-09-13 21:25:42.226 [info] Settings: No changes found during synchronizing settings.
2026-09-13 21:25:42.248 [info] Keybindings: No changes found during synchronizing keybindings.
2026-09-13 21:25:42.269 [info] Snippets: No changes found during synchronizing snippets.
2026-09-13 21:25:42.291 [info] Tasks: No changes found during synchronizing tasks.
2026-09-13 21:25:42.318 [info] Mcp: No changes found during synchronizing mcp.
2026-09-13 21:25:42.364 [info] GlobalState: No changes found during synchronizing ui state.
2026-09-13 21:25:42.613 [info] Extensions: No changes found during synchronizing extensions.
2026-09-13 21:25:42.631 [info] Prompts: No changes found during synchronizing prompts.
2026-09-13 21:25:42.648 [info] Profiles: No changes found during synchronizing profiles.
2026-09-13 21:25:42.654 [info] Syncing profile. Agents
2026-09-13 21:25:42.664 [info] GlobalState (Agents): No changes found during synchronizing ui state.
2026-09-13 21:25:42.671 [info] Sync done. Took 656ms
2026-09-13 21:26:25.533 [info] [AutoSync] Triggered by Activity
2026-09-13 21:26:25.533 [info] Sync started.
2026-09-13 21:26:25.577 [info] Settings: No changes found during synchronizing settings.
2026-09-13 21:26:25.589 [info] Keybindings: No changes found during synchronizing keybindings.
2026-09-13 21:26:25.601 [info] Snippets: No changes found during synchronizing snippets.
2026-09-13 21:26:25.614 [info] Tasks: No changes found during synchronizing tasks.
2026-09-13 21:26:25.627 [info] Mcp: No changes found during synchronizing mcp.
2026-09-13 21:26:25.644 [info] GlobalState: No changes found during synchronizing ui state.
2026-09-13 21:26:25.787 [info] Extensions: No changes found during synchronizing extensions.
2026-09-13 21:26:25.820 [info] Prompts: No changes found during synchronizing prompts.
2026-09-13 21:26:25.826 [info] Profiles: No changes found during synchronizing profiles.
2026-09-13 21:26:25.830 [info] Syncing profile. Agents
2026-09-13 21:26:25.834 [info] GlobalState (Agents): No changes found during synchronizing ui state.
2026-09-13 21:26:25.837 [info] Sync done. Took 310ms
2026-09-13 21:31:08.463 [info] [AutoSync] Triggered by Activity
2026-09-13 21:31:08.464 [info] Sync started.
2026-09-13 21:31:08.654 [info] Settings: No changes found during synchronizing settings.
2026-09-13 21:31:08.669 [info] Keybindings: No changes found during synchronizing keybindings.
2026-09-13 21:31:08.682 [info] Snippets: No changes found during synchronizing snippets.
2026-09-13 21:31:08.695 [info] Tasks: No changes found during synchronizing tasks.
2026-09-13 21:31:08.705 [info] Mcp: No changes found during synchronizing mcp.
2026-09-13 21:31:08.721 [info] GlobalState: No changes found during synchronizing ui state.
2026-09-13 21:31:08.857 [info] Extensions: No changes found during synchronizing extensions.
2026-09-13 21:31:08.923 [info] Prompts: No changes found during synchronizing prompts.
2026-09-13 21:31:08.960 [info] Profiles: No changes found during synchronizing profiles.
2026-09-13 21:31:08.979 [info] Syncing profile. Agents
2026-09-13 21:31:08.999 [info] GlobalState (Agents): No changes found during synchronizing ui state.
2026-09-13 21:31:09.009 [info] Sync done. Took 552ms
2026-09-13 21:32:09.100 [info] [AutoSync] Triggered by Activity
2026-09-13 21:32:09.101 [info] Sync started.
2026-09-13 21:32:09.258 [info] Settings: No changes found during synchronizing settings.
2026-09-13 21:32:09.285 [info] Keybindings: No changes found during synchronizing keybindings.
2026-09-13 21:32:09.303 [info] Snippets: No changes found during synchronizing snippets.
2026-09-13 21:32:09.313 [info] Tasks: No changes found during synchronizing tasks.
2026-09-13 21:32:09.330 [info] Mcp: No changes found during synchronizing mcp.
2026-09-13 21:32:09.347 [info] GlobalState: No changes found during synchronizing ui state.
2026-09-13 21:32:09.509 [info] Extensions: No changes found during synchronizing extensions.
2026-09-13 21:32:09.543 [info] Prompts: No changes found during synchronizing prompts.
2026-09-13 21:32:09.552 [info] Profiles: No changes found during synchronizing profiles.
2026-09-13 21:32:09.565 [info] Syncing profile. Agents
2026-09-13 21:32:09.591 [info] GlobalState (Agents): No changes found during synchronizing ui state.
2026-09-13 21:32:09.598 [info] Sync done. Took 498ms
2026-09-13 21:32:43.748 [info] [AutoSync] Triggered by Activity
2026-09-13 21:32:43.759 [info] Sync started.
2026-09-13 21:32:43.862 [info] Settings: No changes found during synchronizing settings.
2026-09-13 21:32:43.878 [info] Keybindings: No changes found during synchronizing keybindings.
2026-09-13 21:32:43.894 [info] Snippets: No changes found during synchronizing snippets.
2026-09-13 21:32:43.906 [info] Tasks: No changes found during synchronizing tasks.
2026-09-13 21:32:43.921 [info] Mcp: No changes found during synchronizing mcp.
2026-09-13 21:32:43.944 [info] GlobalState: No changes found during synchronizing ui state.
2026-09-13 21:32:44.079 [info] Extensions: No changes found during synchronizing extensions.
2026-09-13 21:32:44.129 [info] Prompts: No changes found during synchronizing prompts.
2026-09-13 21:32:44.146 [info] Profiles: No changes found during synchronizing profiles.
2026-09-13 21:32:44.150 [info] Syncing profile. Agents
2026-09-13 21:32:44.157 [info] GlobalState (Agents): No changes found during synchronizing ui state.
2026-09-13 21:32:44.163 [info] Sync done. Took 447ms
2026-09-13 21:34:03.683 [info] [AutoSync] Triggered by Activity
2026-09-13 21:34:03.683 [info] Sync started.
2026-09-13 21:34:04.591 [info] Settings: No changes found during synchronizing settings.
2026-09-13 21:34:04.606 [info] Keybindings: No changes found during synchronizing keybindings.
2026-09-13 21:34:04.629 [info] Snippets: No changes found during synchronizing snippets.
2026-09-13 21:34:04.639 [info] Tasks: No changes found during synchronizing tasks.
2026-09-13 21:34:04.650 [info] Mcp: No changes found during synchronizing mcp.
2026-09-13 21:34:04.664 [info] GlobalState: No changes found during synchronizing ui state.
2026-09-13 21:34:04.827 [info] Extensions: No changes found during synchronizing extensions.
2026-09-13 21:34:04.875 [info] Prompts: No changes found during synchronizing prompts.
2026-09-13 21:34:04.881 [info] Profiles: No changes found during synchronizing profiles.
2026-09-13 21:34:04.888 [info] Syncing profile. Agents
2026-09-13 21:34:04.902 [info] GlobalState (Agents): No changes found during synchronizing ui state.
2026-09-13 21:34:04.902 [info] Sync done. Took 1225ms
2026-09-13 21:35:47.270 [info] [AutoSync] Triggered by Activity
2026-09-13 21:35:47.271 [info] Sync started.
2026-09-13 21:35:47.457 [info] Settings: No changes found during synchronizing settings.
2026-09-13 21:35:47.469 [info] Keybindings: No changes found during synchronizing keybindings.
2026-09-13 21:35:47.480 [info] Snippets: No changes found during synchronizing snippets.
2026-09-13 21:35:47.492 [info] Tasks: No changes found during synchronizing tasks.
2026-09-13 21:35:47.505 [info] Mcp: No changes found during synchronizing mcp.
2026-09-13 21:35:47.523 [info] GlobalState: No changes found during synchronizing ui state.
2026-09-13 21:35:47.662 [info] Extensions: No changes found during synchronizing extensions.
2026-09-13 21:35:47.712 [info] Prompts: No changes found during synchronizing prompts.
2026-09-13 21:35:47.721 [info] Profiles: No changes found during synchronizing profiles.
2026-09-13 21:35:47.735 [info] Syncing profile. Agents
2026-09-13 21:35:47.738 [info] GlobalState (Agents): No changes found during synchronizing ui state.
2026-09-13 21:35:47.790 [info] Sync done. Took 521ms
2026-09-13 21:36:35.541 [info] [AutoSync] Triggered by Activity
2026-09-13 21:36:35.546 [info] Sync started.
2026-09-13 21:36:35.725 [info] Settings: No changes found during synchronizing settings.
2026-09-13 21:36:35.746 [info] Keybindings: No changes found during synchronizing keybindings.
2026-09-13 21:36:35.758 [info] Snippets: No changes found during synchronizing snippets.
2026-09-13 21:36:35.772 [info] Tasks: No changes found during synchronizing tasks.
2026-09-13 21:36:35.796 [info] Mcp: No changes found during synchronizing mcp.
2026-09-13 21:36:35.817 [info] GlobalState: No changes found during synchronizing ui state.
2026-09-13 21:36:35.950 [info] Extensions: No changes found during synchronizing extensions.
2026-09-13 21:36:35.963 [info] Prompts: No changes found during synchronizing prompts.
2026-09-13 21:36:35.968 [info] Profiles: No changes found during synchronizing profiles.
2026-09-13 21:36:35.975 [info] Syncing profile. Agents
2026-09-13 21:36:35.981 [info] GlobalState (Agents): No changes found during synchronizing ui state.
2026-09-13 21:36:35.983 [info] Sync done. Took 452ms
2026-09-13 21:38:01.443 [info] [AutoSync] Triggered by Activity
2026-09-13 21:38:01.447 [info] Sync started.
2026-09-13 21:38:01.700 [info] Settings: No changes found during synchronizing settings.
2026-09-13 21:38:01.713 [info] Keybindings: No changes found during synchronizing keybindings.
2026-09-13 21:38:01.726 [info] Snippets: No changes found during synchronizing snippets.
2026-09-13 21:38:01.737 [info] Tasks: No changes found during synchronizing tasks.
2026-09-13 21:38:01.749 [info] Mcp: No changes found during synchronizing mcp.
2026-09-13 21:38:01.762 [info] GlobalState: No changes found during synchronizing ui state.
2026-09-13 21:38:01.887 [info] Extensions: No changes found during synchronizing extensions.
2026-09-13 21:38:01.902 [info] Prompts: No changes found during synchronizing prompts.
2026-09-13 21:38:01.912 [info] Profiles: No changes found during synchronizing profiles.
2026-09-13 21:38:01.920 [info] Syncing profile. Agents
2026-09-13 21:38:01.924 [info] GlobalState (Agents): No changes found during synchronizing ui state.
2026-09-13 21:38:01.928 [info] Sync done. Took 487ms
2026-09-13 21:38:22.459 [info] [AutoSync] Triggered by Activity
2026-09-13 21:38:22.460 [info] Sync started.
2026-09-13 21:38:22.531 [info] Settings: No changes found during synchronizing settings.
2026-09-13 21:38:22.543 [info] Keybindings: No changes found during synchronizing keybindings.
2026-09-13 21:38:22.553 [info] Snippets: No changes found during synchronizing snippets.
2026-09-13 21:38:22.568 [info] Tasks: No changes found during synchronizing tasks.
2026-09-13 21:38:22.579 [info] Mcp: No changes found during synchronizing mcp.
2026-09-13 21:38:22.594 [info] GlobalState: No changes found during synchronizing ui state.
2026-09-13 21:38:22.701 [info] Extensions: No changes found during synchronizing extensions.
2026-09-13 21:38:22.713 [info] Prompts: No changes found during synchronizing prompts.
2026-09-13 21:38:22.721 [info] Profiles: No changes found during synchronizing profiles.
2026-09-13 21:38:22.727 [info] Syncing profile. Agents
2026-09-13 21:38:22.733 [info] GlobalState (Agents): No changes found during synchronizing ui state.
2026-09-13 21:38:22.735 [info] Sync done. Took 279ms
2026-09-13 21:40:50.764 [info] [AutoSync] Triggered by Activity
2026-09-13 21:40:50.765 [info] Sync started.
2026-09-13 21:40:51.042 [info] Settings: No changes found during synchronizing settings.
2026-09-13 21:40:51.078 [info] Keybindings: No changes found during synchronizing keybindings.
2026-09-13 21:40:51.106 [info] Snippets: No changes found during synchronizing snippets.
2026-09-13 21:40:51.147 [info] Tasks: No changes found during synchronizing tasks.
2026-09-13 21:40:51.170 [info] Mcp: No changes found during synchronizing mcp.
2026-09-13 21:40:51.257 [info] GlobalState: No changes found during synchronizing ui state.
2026-09-13 21:40:51.653 [info] Extensions: No changes found during synchronizing extensions.
2026-09-13 21:40:51.714 [info] Prompts: No changes found during synchronizing prompts.
2026-09-13 21:40:51.738 [info] Profiles: No changes found during synchronizing profiles.
2026-09-13 21:40:51.747 [info] Syncing profile. Agents
2026-09-13 21:40:51.772 [info] GlobalState (Agents): No changes found during synchronizing ui state.
2026-09-13 21:40:51.775 [info] Sync done. Took 1021ms
2026-09-13 21:41:52.760 [info] [AutoSync] Triggered by Activity
2026-09-13 21:41:52.761 [info] Sync started.
2026-09-13 21:41:52.976 [info] Settings: No changes found during synchronizing settings.
2026-09-13 21:41:52.997 [info] Keybindings: No changes found during synchronizing keybindings.
2026-09-13 21:41:53.013 [info] Snippets: No changes found during synchronizing snippets.
2026-09-13 21:41:53.022 [info] Tasks: No changes found during synchronizing tasks.
2026-09-13 21:41:53.035 [info] Mcp: No changes found during synchronizing mcp.
2026-09-13 21:41:53.051 [info] GlobalState: No changes found during synchronizing ui state.
2026-09-13 21:41:53.179 [info] Extensions: No changes found during synchronizing extensions.
2026-09-13 21:41:53.191 [info] Prompts: No changes found during synchronizing prompts.
2026-09-13 21:41:53.215 [info] Profiles: No changes found during synchronizing profiles.
2026-09-13 21:41:53.228 [info] Syncing profile. Agents
2026-09-13 21:41:53.236 [info] GlobalState (Agents): No changes found during synchronizing ui state.
2026-09-13 21:41:53.240 [info] Sync done. Took 489ms
2026-09-13 21:42:43.071 [info] [AutoSync] Triggered by Activity
2026-09-13 21:42:43.072 [info] Sync started.
2026-09-13 21:42:43.176 [info] Settings: No changes found during synchronizing settings.
2026-09-13 21:42:43.213 [info] Keybindings: No changes found during synchronizing keybindings.
2026-09-13 21:42:43.229 [info] Snippets: No changes found during synchronizing snippets.
2026-09-13 21:42:43.241 [info] Tasks: No changes found during synchronizing tasks.
2026-09-13 21:42:43.254 [info] Mcp: No changes found during synchronizing mcp.
2026-09-13 21:42:43.269 [info] GlobalState: No changes found during synchronizing ui state.
2026-09-13 21:42:43.459 [info] Extensions: No changes found during synchronizing extensions.
2026-09-13 21:42:43.501 [info] Prompts: No changes found during synchronizing prompts.
2026-09-13 21:42:43.515 [info] Profiles: No changes found during synchronizing profiles.
2026-09-13 21:42:43.536 [info] Syncing profile. Agents
2026-09-13 21:42:43.540 [info] GlobalState (Agents): No changes found during synchronizing ui state.
2026-09-13 21:42:43.543 [info] Sync done. Took 479ms
2026-09-13 21:44:39.412 [info] [AutoSync] Triggered by Activity
2026-09-13 21:44:39.413 [info] Sync started.
2026-09-13 21:44:39.624 [info] Settings: No changes found during synchronizing settings.
2026-09-13 21:44:39.640 [info] Keybindings: No changes found during synchronizing keybindings.
2026-09-13 21:44:39.651 [info] Snippets: No changes found during synchronizing snippets.
2026-09-13 21:44:39.665 [info] Tasks: No changes found during synchronizing tasks.
2026-09-13 21:44:39.677 [info] Mcp: No changes found during synchronizing mcp.
2026-09-13 21:44:39.690 [info] GlobalState: No changes found during synchronizing ui state.
2026-09-13 21:44:39.806 [info] Extensions: No changes found during synchronizing extensions.
2026-09-13 21:44:39.826 [info] Prompts: No changes found during synchronizing prompts.
2026-09-13 21:44:39.832 [info] Profiles: No changes found during synchronizing profiles.
2026-09-13 21:44:39.835 [info] Syncing profile. Agents
2026-09-13 21:44:39.840 [info] GlobalState (Agents): No changes found during synchronizing ui state.
2026-09-13 21:44:39.843 [info] Sync done. Took 444ms
2026-09-13 21:49:39.866 [info] [AutoSync] Triggered by Interval
2026-09-13 21:49:39.868 [info] Sync started.
2026-09-13 21:49:40.071 [info] Settings: No changes found during synchronizing settings.
2026-09-13 21:49:40.103 [info] Keybindings: No changes found during synchronizing keybindings.
2026-09-13 21:49:40.128 [info] Snippets: No changes found during synchronizing snippets.
2026-09-13 21:49:40.143 [info] Tasks: No changes found during synchronizing tasks.
2026-09-13 21:49:40.159 [info] Mcp: No changes found during synchronizing mcp.
2026-09-13 21:49:40.177 [info] GlobalState: No changes found during synchronizing ui state.
2026-09-13 21:49:40.310 [info] Extensions: No changes found during synchronizing extensions.
2026-09-13 21:49:40.341 [info] Prompts: No changes found during synchronizing prompts.
2026-09-13 21:49:40.355 [info] Profiles: No changes found during synchronizing profiles.
2026-09-13 21:49:40.364 [info] Syncing profile. Agents
2026-09-13 21:49:40.370 [info] GlobalState (Agents): No changes found during synchronizing ui state.
2026-09-13 21:49:40.373 [info] Sync done. Took 511ms
2026-09-13 21:52:31.423 [info] [AutoSync] Triggered by Activity
2026-09-13 21:52:31.440 [info] Sync started.
2026-09-13 21:52:31.654 [info] Settings: No changes found during synchronizing settings.
2026-09-13 21:52:31.669 [info] Keybindings: No changes found during synchronizing keybindings.
2026-09-13 21:52:31.683 [info] Snippets: No changes found during synchronizing snippets.
2026-09-13 21:52:31.695 [info] Tasks: No changes found during synchronizing tasks.
2026-09-13 21:52:31.707 [info] Mcp: No changes found during synchronizing mcp.
2026-09-13 21:52:31.727 [info] GlobalState: No changes found during synchronizing ui state.
2026-09-13 21:52:31.861 [info] Extensions: No changes found during synchronizing extensions.
2026-09-13 21:52:31.901 [info] Prompts: No changes found during synchronizing prompts.
2026-09-13 21:52:31.919 [info] Profiles: No changes found during synchronizing profiles.
2026-09-13 21:52:31.934 [info] Syncing profile. Agents
2026-09-13 21:52:31.941 [info] GlobalState (Agents): No changes found during synchronizing ui state.
2026-09-13 21:52:31.946 [info] Sync done. Took 525ms
2026-09-13 21:55:08.599 [info] [AutoSync] Triggered by Activity
2026-09-13 21:55:08.603 [info] Sync started.
2026-09-13 21:55:08.657 [info] Settings: No changes found during synchronizing settings.
2026-09-13 21:55:08.698 [info] Keybindings: No changes found during synchronizing keybindings.
2026-09-13 21:55:08.731 [info] Snippets: No changes found during synchronizing snippets.
2026-09-13 21:55:08.777 [info] Tasks: No changes found during synchronizing tasks.
2026-09-13 21:55:08.806 [info] Mcp: No changes found during synchronizing mcp.
2026-09-13 21:55:08.827 [info] GlobalState: No changes found during synchronizing ui state.
2026-09-13 21:55:09.096 [info] Extensions: No changes found during synchronizing extensions.
2026-09-13 21:55:09.120 [info] Prompts: No changes found during synchronizing prompts.
2026-09-13 21:55:09.132 [info] Profiles: No changes found during synchronizing profiles.
2026-09-13 21:55:09.160 [info] Syncing profile. Agents
2026-09-13 21:55:09.177 [info] GlobalState (Agents): No changes found during synchronizing ui state.
2026-09-13 21:55:09.180 [info] Sync done. Took 719ms
2026-09-13 22:00:09.183 [info] [AutoSync] Triggered by Interval
2026-09-13 22:00:09.224 [info] Sync started.
2026-09-13 22:00:09.401 [info] Settings: No changes found during synchronizing settings.
2026-09-13 22:00:09.417 [info] Keybindings: No changes found during synchronizing keybindings.
2026-09-13 22:00:09.429 [info] Snippets: No changes found during synchronizing snippets.
2026-09-13 22:00:09.443 [info] Tasks: No changes found during synchronizing tasks.
2026-09-13 22:00:09.453 [info] Mcp: No changes found during synchronizing mcp.
2026-09-13 22:00:09.468 [info] GlobalState: No changes found during synchronizing ui state.
2026-09-13 22:00:09.765 [info] Extensions: No changes found during synchronizing extensions.
2026-09-13 22:00:09.783 [info] Prompts: No changes found during synchronizing prompts.
2026-09-13 22:00:09.788 [info] Profiles: No changes found during synchronizing profiles.
2026-09-13 22:00:09.793 [info] Syncing profile. Agents
2026-09-13 22:00:09.799 [info] GlobalState (Agents): No changes found during synchronizing ui state.
2026-09-13 22:00:09.805 [info] Sync done. Took 621ms
2026-09-13 22:00:19.884 [info] [AutoSync] Triggered by Activity
2026-09-13 22:00:19.886 [info] Sync started.
2026-09-13 22:00:19.947 [info] Settings: No changes found during synchronizing settings.
2026-09-13 22:00:19.964 [info] Keybindings: No changes found during synchronizing keybindings.
2026-09-13 22:00:19.976 [info] Snippets: No changes found during synchronizing snippets.
2026-09-13 22:00:19.991 [info] Tasks: No changes found during synchronizing tasks.
2026-09-13 22:00:19.999 [info] Mcp: No changes found during synchronizing mcp.
2026-09-13 22:00:20.013 [info] GlobalState: No changes found during synchronizing ui state.
2026-09-13 22:00:20.199 [info] Extensions: No changes found during synchronizing extensions.
2026-09-13 22:00:20.277 [info] Prompts: No changes found during synchronizing prompts.
2026-09-13 22:00:20.306 [info] Profiles: No changes found during synchronizing profiles.
2026-09-13 22:00:20.311 [info] Syncing profile. Agents
2026-09-13 22:00:20.318 [info] GlobalState (Agents): No changes found during synchronizing ui state.
2026-09-13 22:00:20.333 [info] Sync done. Took 446ms
2026-09-13 22:01:41.640 [info] [AutoSync] Triggered by Activity
2026-09-13 22:01:41.644 [info] Sync started.
2026-09-13 22:01:41.874 [info] Settings: No changes found during synchronizing settings.
2026-09-13 22:01:41.897 [info] Keybindings: No changes found during synchronizing keybindings.
2026-09-13 22:01:41.914 [info] Snippets: No changes found during synchronizing snippets.
2026-09-13 22:01:41.930 [info] Tasks: No changes found during synchronizing tasks.
2026-09-13 22:01:41.948 [info] Mcp: No changes found during synchronizing mcp.
2026-09-13 22:01:41.975 [info] GlobalState: No changes found during synchronizing ui state.
2026-09-13 22:01:42.142 [info] Extensions: No changes found during synchronizing extensions.
2026-09-13 22:01:42.176 [info] Prompts: No changes found during synchronizing prompts.
2026-09-13 22:01:42.220 [info] Profiles: No changes found during synchronizing profiles.
2026-09-13 22:01:42.260 [info] Syncing profile. Agents
2026-09-13 22:01:42.267 [info] GlobalState (Agents): No changes found during synchronizing ui state.
2026-09-13 22:01:42.275 [info] Sync done. Took 637ms
2026-09-13 22:03:18.868 [info] [AutoSync] Triggered by Activity
2026-09-13 22:03:18.875 [info] Sync started.
2026-09-13 22:03:19.117 [info] Settings: No changes found during synchronizing settings.
2026-09-13 22:03:19.141 [info] Keybindings: No changes found during synchronizing keybindings.
2026-09-13 22:03:19.164 [info] Snippets: No changes found during synchronizing snippets.
2026-09-13 22:03:19.186 [info] Tasks: No changes found during synchronizing tasks.
2026-09-13 22:03:19.200 [info] Mcp: No changes found during synchronizing mcp.
2026-09-13 22:03:19.234 [info] GlobalState: No changes found during synchronizing ui state.
2026-09-13 22:03:19.387 [info] Extensions: No changes found during synchronizing extensions.
2026-09-13 22:03:19.394 [info] Prompts: No changes found during synchronizing prompts.
2026-09-13 22:03:19.400 [info] Profiles: No changes found during synchronizing profiles.
2026-09-13 22:03:19.405 [info] Syncing profile. Agents
2026-09-13 22:03:19.430 [info] GlobalState (Agents): No changes found during synchronizing ui state.
2026-09-13 22:03:19.436 [info] Sync done. Took 582ms
2026-09-13 22:03:47.051 [info] [AutoSync] Triggered by Activity
2026-09-13 22:03:47.054 [info] Sync started.
2026-09-13 22:03:47.263 [info] Settings: No changes found during synchronizing settings.
2026-09-13 22:03:47.281 [info] Keybindings: No changes found during synchronizing keybindings.
2026-09-13 22:03:47.295 [info] Snippets: No changes found during synchronizing snippets.
2026-09-13 22:03:47.310 [info] Tasks: No changes found during synchronizing tasks.
2026-09-13 22:03:47.326 [info] Mcp: No changes found during synchronizing mcp.
2026-09-13 22:03:47.355 [info] GlobalState: No changes found during synchronizing ui state.
2026-09-13 22:03:47.484 [info] Extensions: No changes found during synchronizing extensions.
2026-09-13 22:03:47.498 [info] Prompts: No changes found during synchronizing prompts.
2026-09-13 22:03:47.505 [info] Profiles: No changes found during synchronizing profiles.
2026-09-13 22:03:47.513 [info] Syncing profile. Agents
2026-09-13 22:03:47.521 [info] GlobalState (Agents): No changes found during synchronizing ui state.
2026-09-13 22:03:47.531 [info] Sync done. Took 487ms
2026-09-13 22:05:49.213 [info] [AutoSync] Triggered by Activity
2026-09-13 22:05:49.214 [info] Sync started.
2026-09-13 22:05:49.436 [info] Settings: No changes found during synchronizing settings.
2026-09-13 22:05:49.451 [info] Keybindings: No changes found during synchronizing keybindings.
2026-09-13 22:05:49.465 [info] Snippets: No changes found during synchronizing snippets.
2026-09-13 22:05:49.480 [info] Tasks: No changes found during synchronizing tasks.
2026-09-13 22:05:49.511 [info] Mcp: No changes found during synchronizing mcp.
2026-09-13 22:05:49.537 [info] GlobalState: No changes found during synchronizing ui state.
2026-09-13 22:05:49.735 [info] Extensions: No changes found during synchronizing extensions.
2026-09-13 22:05:49.757 [info] Prompts: No changes found during synchronizing prompts.
2026-09-13 22:05:49.762 [info] Profiles: No changes found during synchronizing profiles.
2026-09-13 22:05:49.768 [info] Syncing profile. Agents
2026-09-13 22:05:49.775 [info] GlobalState (Agents): No changes found during synchronizing ui state.
2026-09-13 22:05:49.789 [info] Sync done. Took 576ms
2026-09-13 22:07:14.553 [info] [AutoSync] Triggered by Activity
2026-09-13 22:07:14.554 [info] Sync started.
2026-09-13 22:07:14.941 [info] Settings: No changes found during synchronizing settings.
2026-09-13 22:07:14.974 [info] Keybindings: No changes found during synchronizing keybindings.
2026-09-13 22:07:14.985 [info] Snippets: No changes found during synchronizing snippets.
2026-09-13 22:07:14.995 [info] Tasks: No changes found during synchronizing tasks.
2026-09-13 22:07:15.009 [info] Mcp: No changes found during synchronizing mcp.
2026-09-13 22:07:15.023 [info] GlobalState: No changes found during synchronizing ui state.
2026-09-13 22:07:15.136 [info] Extensions: No changes found during synchronizing extensions.
2026-09-13 22:07:15.147 [info] Prompts: No changes found during synchronizing prompts.
2026-09-13 22:07:15.159 [info] Profiles: No changes found during synchronizing profiles.
2026-09-13 22:07:15.162 [info] Syncing profile. Agents
2026-09-13 22:07:15.175 [info] GlobalState (Agents): No changes found during synchronizing ui state.
2026-09-13 22:07:15.184 [info] Sync done. Took 621ms
2026-09-13 22:07:28.946 [info] [AutoSync] Triggered by Activity
2026-09-13 22:07:28.948 [info] Sync started.
2026-09-13 22:07:29.012 [info] Settings: No changes found during synchronizing settings.
2026-09-13 22:07:29.069 [info] Keybindings: No changes found during synchronizing keybindings.
2026-09-13 22:07:29.103 [info] Snippets: No changes found during synchronizing snippets.
2026-09-13 22:07:29.140 [info] Tasks: No changes found during synchronizing tasks.
2026-09-13 22:07:29.160 [info] Mcp: No changes found during synchronizing mcp.
2026-09-13 22:07:29.175 [info] GlobalState: No changes found during synchronizing ui state.
2026-09-13 22:07:29.319 [info] Extensions: No changes found during synchronizing extensions.
2026-09-13 22:07:29.336 [info] Prompts: No changes found during synchronizing prompts.
2026-09-13 22:07:29.344 [info] Profiles: No changes found during synchronizing profiles.
2026-09-13 22:07:29.351 [info] Syncing profile. Agents
2026-09-13 22:07:29.356 [info] GlobalState (Agents): No changes found during synchronizing ui state.
2026-09-13 22:07:29.358 [info] Sync done. Took 413ms
2026-09-13 22:12:16.726 [info] [AutoSync] Triggered by Activity
2026-09-13 22:12:16.727 [info] Sync started.
2026-09-13 22:12:16.984 [info] Settings: No changes found during synchronizing settings.
2026-09-13 22:12:17.000 [info] Keybindings: No changes found during synchronizing keybindings.
2026-09-13 22:12:17.022 [info] Snippets: No changes found during synchronizing snippets.
2026-09-13 22:12:17.033 [info] Tasks: No changes found during synchronizing tasks.
2026-09-13 22:12:17.051 [info] Mcp: No changes found during synchronizing mcp.
2026-09-13 22:12:17.074 [info] GlobalState: No changes found during synchronizing ui state.
2026-09-13 22:12:17.237 [info] Extensions: No changes found during synchronizing extensions.
2026-09-13 22:12:17.246 [info] Prompts: No changes found during synchronizing prompts.
2026-09-13 22:12:17.252 [info] Profiles: No changes found during synchronizing profiles.
2026-09-13 22:12:17.267 [info] Syncing profile. Agents
2026-09-13 22:12:17.273 [info] GlobalState (Agents): No changes found during synchronizing ui state.
2026-09-13 22:12:17.276 [info] Sync done. Took 551ms
2026-09-13 22:13:33.478 [info] [AutoSync] Triggered by Activity
2026-09-13 22:13:33.478 [info] Sync started.
2026-09-13 22:13:33.696 [info] Settings: No changes found during synchronizing settings.
2026-09-13 22:13:33.709 [info] Keybindings: No changes found during synchronizing keybindings.
2026-09-13 22:13:33.722 [info] Snippets: No changes found during synchronizing snippets.
2026-09-13 22:13:33.733 [info] Tasks: No changes found during synchronizing tasks.
2026-09-13 22:13:33.746 [info] Mcp: No changes found during synchronizing mcp.
2026-09-13 22:13:33.759 [info] GlobalState: No changes found during synchronizing ui state.
2026-09-13 22:13:33.917 [info] Extensions: No changes found during synchronizing extensions.
2026-09-13 22:13:33.928 [info] Prompts: No changes found during synchronizing prompts.
2026-09-13 22:13:33.936 [info] Profiles: No changes found during synchronizing profiles.
2026-09-13 22:13:33.941 [info] Syncing profile. Agents
2026-09-13 22:13:33.947 [info] GlobalState (Agents): No changes found during synchronizing ui state.
2026-09-13 22:13:33.949 [info] Sync done. Took 475ms
2026-09-13 22:18:33.958 [info] [AutoSync] Triggered by Interval
2026-09-13 22:18:33.959 [info] Sync started.
2026-09-13 22:18:34.135 [info] Settings: No changes found during synchronizing settings.
2026-09-13 22:18:34.219 [info] Keybindings: No changes found during synchronizing keybindings.
2026-09-13 22:18:34.234 [info] Snippets: No changes found during synchronizing snippets.
2026-09-13 22:18:34.251 [info] Tasks: No changes found during synchronizing tasks.
2026-09-13 22:18:34.264 [info] Mcp: No changes found during synchronizing mcp.
2026-09-13 22:18:34.283 [info] GlobalState: No changes found during synchronizing ui state.
2026-09-13 22:18:34.422 [info] Extensions: No changes found during synchronizing extensions.
2026-09-13 22:18:34.540 [info] Prompts: No changes found during synchronizing prompts.
2026-09-13 22:18:34.561 [info] Profiles: No changes found during synchronizing profiles.
2026-09-13 22:18:34.578 [info] Syncing profile. Agents
2026-09-13 22:18:34.581 [info] GlobalState (Agents): No changes found during synchronizing ui state.
2026-09-13 22:18:34.607 [info] Sync done. Took 655ms
2026-09-13 22:23:34.608 [info] [AutoSync] Triggered by Interval
2026-09-13 22:23:34.609 [info] Sync started.
2026-09-13 22:23:34.808 [info] Settings: No changes found during synchronizing settings.
2026-09-13 22:23:34.823 [info] Keybindings: No changes found during synchronizing keybindings.
2026-09-13 22:23:34.834 [info] Snippets: No changes found during synchronizing snippets.
2026-09-13 22:23:34.844 [info] Tasks: No changes found during synchronizing tasks.
2026-09-13 22:23:34.858 [info] Mcp: No changes found during synchronizing mcp.
2026-09-13 22:23:34.875 [info] GlobalState: No changes found during synchronizing ui state.
2026-09-13 22:23:35.005 [info] Extensions: No changes found during synchronizing extensions.
2026-09-13 22:23:35.041 [info] Prompts: No changes found during synchronizing prompts.
2026-09-13 22:23:35.063 [info] Profiles: No changes found during synchronizing profiles.
2026-09-13 22:23:35.085 [info] Syncing profile. Agents
2026-09-13 22:23:35.096 [info] GlobalState (Agents): No changes found during synchronizing ui state.
2026-09-13 22:23:35.099 [info] Sync done. Took 492ms
2026-09-13 22:26:44.447 [info] [AutoSync] Triggered by Activity
2026-09-13 22:26:44.469 [info] Sync started.
2026-09-13 22:26:44.678 [info] Settings: No changes found during synchronizing settings.
2026-09-13 22:26:44.697 [info] Keybindings: No changes found during synchronizing keybindings.
2026-09-13 22:26:44.714 [info] Snippets: No changes found during synchronizing snippets.
2026-09-13 22:26:44.733 [info] Tasks: No changes found during synchronizing tasks.
2026-09-13 22:26:44.749 [info] Mcp: No changes found during synchronizing mcp.
2026-09-13 22:26:44.770 [info] GlobalState: No changes found during synchronizing ui state.
2026-09-13 22:26:44.997 [info] Extensions: No changes found during synchronizing extensions.
2026-09-13 22:26:45.020 [info] Prompts: No changes found during synchronizing prompts.
2026-09-13 22:26:45.027 [info] Profiles: No changes found during synchronizing profiles.
2026-09-13 22:26:45.033 [info] Syncing profile. Agents
2026-09-13 22:26:45.039 [info] GlobalState (Agents): No changes found during synchronizing ui state.
2026-09-13 22:26:45.043 [info] Sync done. Took 598ms
2026-09-13 22:27:15.096 [info] [AutoSync] Triggered by Activity
2026-09-13 22:27:15.097 [info] Sync started.
2026-09-13 22:27:15.251 [info] Settings: No changes found during synchronizing settings.
2026-09-13 22:27:15.264 [info] Keybindings: No changes found during synchronizing keybindings.
2026-09-13 22:27:15.275 [info] Snippets: No changes found during synchronizing snippets.
2026-09-13 22:27:15.292 [info] Tasks: No changes found during synchronizing tasks.
2026-09-13 22:27:15.306 [info] Mcp: No changes found during synchronizing mcp.
2026-09-13 22:27:15.325 [info] GlobalState: No changes found during synchronizing ui state.
2026-09-13 22:27:15.454 [info] Extensions: No changes found during synchronizing extensions.
2026-09-13 22:27:15.484 [info] Prompts: No changes found during synchronizing prompts.
2026-09-13 22:27:15.505 [info] Profiles: No changes found during synchronizing profiles.
2026-09-13 22:27:15.531 [info] Syncing profile. Agents
2026-09-13 22:27:15.536 [info] GlobalState (Agents): No changes found during synchronizing ui state.
2026-09-13 22:27:15.539 [info] Sync done. Took 448ms
2026-09-13 22:27:27.040 [info] [AutoSync] Triggered by Activity
2026-09-13 22:27:27.042 [info] Sync started.
2026-09-13 22:27:27.110 [info] Settings: No changes found during synchronizing settings.
2026-09-13 22:27:27.137 [info] Keybindings: No changes found during synchronizing keybindings.
2026-09-13 22:27:27.168 [info] Snippets: No changes found during synchronizing snippets.
2026-09-13 22:27:27.187 [info] Tasks: No changes found during synchronizing tasks.
2026-09-13 22:27:27.226 [info] Mcp: No changes found during synchronizing mcp.
2026-09-13 22:27:27.256 [info] GlobalState: No changes found during synchronizing ui state.
2026-09-13 22:27:27.408 [info] Extensions: No changes found during synchronizing extensions.
2026-09-13 22:27:27.490 [info] Prompts: No changes found during synchronizing prompts.
2026-09-13 22:27:27.499 [info] Profiles: No changes found during synchronizing profiles.
2026-09-13 22:27:27.506 [info] Syncing profile. Agents
2026-09-13 22:27:27.510 [info] GlobalState (Agents): No changes found during synchronizing ui state.
2026-09-13 22:27:27.514 [info] Sync done. Took 477ms
2026-09-13 22:28:07.955 [info] [AutoSync] Triggered by Activity
2026-09-13 22:28:07.958 [info] Sync started.
2026-09-13 22:28:08.222 [info] Settings: No changes found during synchronizing settings.
2026-09-13 22:28:08.242 [info] Keybindings: No changes found during synchronizing keybindings.
2026-09-13 22:28:08.254 [info] Snippets: No changes found during synchronizing snippets.
2026-09-13 22:28:08.266 [info] Tasks: No changes found during synchronizing tasks.
2026-09-13 22:28:08.280 [info] Mcp: No changes found during synchronizing mcp.
2026-09-13 22:28:08.293 [info] GlobalState: No changes found during synchronizing ui state.
2026-09-13 22:28:08.403 [info] Extensions: No changes found during synchronizing extensions.
2026-09-13 22:28:08.415 [info] Prompts: No changes found during synchronizing prompts.
2026-09-13 22:28:08.422 [info] Profiles: No changes found during synchronizing profiles.
2026-09-13 22:28:08.426 [info] Syncing profile. Agents
2026-09-13 22:28:08.432 [info] GlobalState (Agents): No changes found during synchronizing ui state.
2026-09-13 22:28:08.434 [info] Sync done. Took 484ms
2026-09-13 22:29:12.146 [info] [AutoSync] Triggered by Activity
2026-09-13 22:29:12.147 [info] Sync started.
2026-09-13 22:29:12.245 [info] Settings: No changes found during synchronizing settings.
2026-09-13 22:29:12.271 [info] Keybindings: No changes found during synchronizing keybindings.
2026-09-13 22:29:12.293 [info] Snippets: No changes found during synchronizing snippets.
2026-09-13 22:29:12.316 [info] Tasks: No changes found during synchronizing tasks.
2026-09-13 22:29:12.327 [info] Mcp: No changes found during synchronizing mcp.
2026-09-13 22:29:12.364 [info] GlobalState: No changes found during synchronizing ui state.
2026-09-13 22:29:12.562 [info] Extensions: No changes found during synchronizing extensions.
2026-09-13 22:29:12.594 [info] Prompts: No changes found during synchronizing prompts.
2026-09-13 22:29:12.606 [info] Profiles: No changes found during synchronizing profiles.
2026-09-13 22:29:12.615 [info] Syncing profile. Agents
2026-09-13 22:29:12.629 [info] GlobalState (Agents): No changes found during synchronizing ui state.
2026-09-13 22:29:12.632 [info] Sync done. Took 490ms
2026-09-13 22:29:41.365 [info] [AutoSync] Triggered by Activity
2026-09-13 22:29:41.367 [info] Sync started.
2026-09-13 22:29:41.434 [info] Settings: No changes found during synchronizing settings.
2026-09-13 22:29:41.446 [info] Keybindings: No changes found during synchronizing keybindings.
2026-09-13 22:29:41.458 [info] Snippets: No changes found during synchronizing snippets.
2026-09-13 22:29:41.468 [info] Tasks: No changes found during synchronizing tasks.
2026-09-13 22:29:41.481 [info] Mcp: No changes found during synchronizing mcp.
2026-09-13 22:29:41.494 [info] GlobalState: No changes found during synchronizing ui state.
2026-09-13 22:29:41.608 [info] Extensions: No changes found during synchronizing extensions.
2026-09-13 22:29:41.618 [info] Prompts: No changes found during synchronizing prompts.
2026-09-13 22:29:41.622 [info] Profiles: No changes found during synchronizing profiles.
2026-09-13 22:29:41.629 [info] Syncing profile. Agents
2026-09-13 22:29:41.633 [info] GlobalState (Agents): No changes found during synchronizing ui state.
2026-09-13 22:29:41.635 [info] Sync done. Took 274ms
2026-09-13 22:31:15.214 [info] [AutoSync] Triggered by Activity
2026-09-13 22:31:15.214 [info] Sync started.
2026-09-13 22:31:15.430 [info] Settings: No changes found during synchronizing settings.
2026-09-13 22:31:15.454 [info] Keybindings: No changes found during synchronizing keybindings.
2026-09-13 22:31:15.468 [info] Snippets: No changes found during synchronizing snippets.
2026-09-13 22:31:15.482 [info] Tasks: No changes found during synchronizing tasks.
2026-09-13 22:31:15.531 [info] Mcp: No changes found during synchronizing mcp.
2026-09-13 22:31:15.592 [info] GlobalState: No changes found during synchronizing ui state.
2026-09-13 22:31:16.147 [info] Extensions: No changes found during synchronizing extensions.
2026-09-13 22:31:16.187 [info] Prompts: No changes found during synchronizing prompts.
2026-09-13 22:31:16.198 [info] Profiles: No changes found during synchronizing profiles.
2026-09-13 22:31:16.223 [info] Syncing profile. Agents
2026-09-13 22:31:16.253 [info] GlobalState (Agents): No changes found during synchronizing ui state.
2026-09-13 22:31:16.263 [info] Sync done. Took 1050ms
2026-09-13 22:31:37.968 [info] [AutoSync] Triggered by Activity
2026-09-13 22:31:37.969 [info] Sync started.
2026-09-13 22:31:38.026 [info] Settings: No changes found during synchronizing settings.
2026-09-13 22:31:38.039 [info] Keybindings: No changes found during synchronizing keybindings.
2026-09-13 22:31:38.051 [info] Snippets: No changes found during synchronizing snippets.
2026-09-13 22:31:38.064 [info] Tasks: No changes found during synchronizing tasks.
2026-09-13 22:31:38.076 [info] Mcp: No changes found during synchronizing mcp.
2026-09-13 22:31:38.089 [info] GlobalState: No changes found during synchronizing ui state.
2026-09-13 22:31:38.390 [info] Extensions: No changes found during synchronizing extensions.
2026-09-13 22:31:38.401 [info] Prompts: No changes found during synchronizing prompts.
2026-09-13 22:31:38.409 [info] Profiles: No changes found during synchronizing profiles.
2026-09-13 22:31:38.413 [info] Syncing profile. Agents
2026-09-13 22:31:38.418 [info] GlobalState (Agents): No changes found during synchronizing ui state.
2026-09-13 22:31:38.423 [info] Sync done. Took 456ms
2026-09-13 22:32:30.719 [info] [AutoSync] Triggered by Activity
2026-09-13 22:32:30.729 [info] Sync started.
2026-09-13 22:32:30.776 [info] Settings: No changes found during synchronizing settings.
2026-09-13 22:32:30.789 [info] Keybindings: No changes found during synchronizing keybindings.
2026-09-13 22:32:30.800 [info] Snippets: No changes found during synchronizing snippets.
2026-09-13 22:32:30.811 [info] Tasks: No changes found during synchronizing tasks.
2026-09-13 22:32:30.823 [info] Mcp: No changes found during synchronizing mcp.
2026-09-13 22:32:30.840 [info] GlobalState: No changes found during synchronizing ui state.
2026-09-13 22:32:30.990 [info] Extensions: No changes found during synchronizing extensions.
2026-09-13 22:32:31.026 [info] Prompts: No changes found during synchronizing prompts.
2026-09-13 22:32:31.038 [info] Profiles: No changes found during synchronizing profiles.
2026-09-13 22:32:31.067 [info] Syncing profile. Agents
2026-09-13 22:32:31.073 [info] GlobalState (Agents): No changes found during synchronizing ui state.
2026-09-13 22:32:31.076 [info] Sync done. Took 368ms
2026-09-13 22:33:58.093 [info] [AutoSync] Triggered by Activity
2026-09-13 22:33:58.109 [info] Sync started.
2026-09-13 22:33:58.256 [info] Settings: No changes found during synchronizing settings.
2026-09-13 22:33:58.270 [info] Keybindings: No changes found during synchronizing keybindings.
2026-09-13 22:33:58.282 [info] Snippets: No changes found during synchronizing snippets.
2026-09-13 22:33:58.296 [info] Tasks: No changes found during synchronizing tasks.
2026-09-13 22:33:58.309 [info] Mcp: No changes found during synchronizing mcp.
2026-09-13 22:33:58.330 [info] GlobalState: No changes found during synchronizing ui state.
2026-09-13 22:33:58.458 [info] Extensions: No changes found during synchronizing extensions.
2026-09-13 22:33:58.490 [info] Prompts: No changes found during synchronizing prompts.
2026-09-13 22:33:58.525 [info] Profiles: No changes found during synchronizing profiles.
2026-09-13 22:33:58.534 [info] Syncing profile. Agents
2026-09-13 22:33:58.540 [info] GlobalState (Agents): No changes found during synchronizing ui state.
2026-09-13 22:33:58.543 [info] Sync done. Took 460ms
2026-09-13 22:34:34.869 [info] [AutoSync] Triggered by Activity
2026-09-13 22:34:34.871 [info] Sync started.
2026-09-13 22:34:34.931 [info] Settings: No changes found during synchronizing settings.
2026-09-13 22:34:34.946 [info] Keybindings: No changes found during synchronizing keybindings.
2026-09-13 22:34:34.966 [info] Snippets: No changes found during synchronizing snippets.
2026-09-13 22:34:34.978 [info] Tasks: No changes found during synchronizing tasks.
2026-09-13 22:34:34.992 [info] Mcp: No changes found during synchronizing mcp.
2026-09-13 22:34:35.017 [info] GlobalState: No changes found during synchronizing ui state.
2026-09-13 22:34:35.162 [info] Extensions: No changes found during synchronizing extensions.
2026-09-13 22:34:35.174 [info] Prompts: No changes found during synchronizing prompts.
2026-09-13 22:34:35.180 [info] Profiles: No changes found during synchronizing profiles.
2026-09-13 22:34:35.185 [info] Syncing profile. Agents
2026-09-13 22:34:35.192 [info] GlobalState (Agents): No changes found during synchronizing ui state.
2026-09-13 22:34:35.197 [info] Sync done. Took 333ms
2026-09-13 22:34:50.124 [info] [AutoSync] Triggered by Activity
2026-09-13 22:34:50.125 [info] Sync started.
2026-09-13 22:34:50.222 [info] Settings: No changes found during synchronizing settings.
2026-09-13 22:34:50.235 [info] Keybindings: No changes found during synchronizing keybindings.
2026-09-13 22:34:50.248 [info] Snippets: No changes found during synchronizing snippets.
2026-09-13 22:34:50.262 [info] Tasks: No changes found during synchronizing tasks.
2026-09-13 22:34:50.276 [info] Mcp: No changes found during synchronizing mcp.
2026-09-13 22:34:50.292 [info] GlobalState: No changes found during synchronizing ui state.
2026-09-13 22:34:50.400 [info] Extensions: No changes found during synchronizing extensions.
2026-09-13 22:34:50.411 [info] Prompts: No changes found during synchronizing prompts.
2026-09-13 22:34:50.416 [info] Profiles: No changes found during synchronizing profiles.
2026-09-13 22:34:50.421 [info] Syncing profile. Agents
2026-09-13 22:34:50.425 [info] GlobalState (Agents): No changes found during synchronizing ui state.
2026-09-13 22:34:50.428 [info] Sync done. Took 327ms
2026-09-13 22:35:16.452 [info] [AutoSync] Triggered by Activity
2026-09-13 22:35:16.481 [info] Sync started.
2026-09-13 22:35:16.530 [info] Settings: No changes found during synchronizing settings.
2026-09-13 22:35:16.541 [info] Keybindings: No changes found during synchronizing keybindings.
2026-09-13 22:35:16.555 [info] Snippets: No changes found during synchronizing snippets.
2026-09-13 22:35:16.569 [info] Tasks: No changes found during synchronizing tasks.
2026-09-13 22:35:16.582 [info] Mcp: No changes found during synchronizing mcp.
2026-09-13 22:35:16.605 [info] GlobalState: No changes found during synchronizing ui state.
2026-09-13 22:35:16.777 [info] Extensions: No changes found during synchronizing extensions.
2026-09-13 22:35:16.801 [info] Prompts: No changes found during synchronizing prompts.
2026-09-13 22:35:16.828 [info] Profiles: No changes found during synchronizing profiles.
2026-09-13 22:35:16.836 [info] Syncing profile. Agents
2026-09-13 22:35:16.861 [info] GlobalState (Agents): No changes found during synchronizing ui state.
2026-09-13 22:35:16.865 [info] Sync done. Took 415ms
2026-09-13 22:35:50.626 [info] [AutoSync] Triggered by Activity
2026-09-13 22:35:50.628 [info] Sync started.
2026-09-13 22:35:50.815 [info] Settings: No changes found during synchronizing settings.
2026-09-13 22:35:50.829 [info] Keybindings: No changes found during synchronizing keybindings.
2026-09-13 22:35:50.843 [info] Snippets: No changes found during synchronizing snippets.
2026-09-13 22:35:50.855 [info] Tasks: No changes found during synchronizing tasks.
2026-09-13 22:35:50.870 [info] Mcp: No changes found during synchronizing mcp.
2026-09-13 22:35:50.890 [info] GlobalState: No changes found during synchronizing ui state.
2026-09-13 22:35:51.074 [info] Extensions: No changes found during synchronizing extensions.
2026-09-13 22:35:51.085 [info] Prompts: No changes found during synchronizing prompts.
2026-09-13 22:35:51.094 [info] Profiles: No changes found during synchronizing profiles.
2026-09-13 22:35:51.099 [info] Syncing profile. Agents
2026-09-13 22:35:51.104 [info] GlobalState (Agents): No changes found during synchronizing ui state.
2026-09-13 22:35:51.106 [info] Sync done. Took 486ms
2026-09-13 22:36:27.762 [info] [AutoSync] Triggered by Activity
2026-09-13 22:36:27.763 [info] Sync started.
2026-09-13 22:36:27.847 [info] Settings: No changes found during synchronizing settings.
2026-09-13 22:36:27.858 [info] Keybindings: No changes found during synchronizing keybindings.
2026-09-13 22:36:27.869 [info] Snippets: No changes found during synchronizing snippets.
2026-09-13 22:36:27.884 [info] Tasks: No changes found during synchronizing tasks.
2026-09-13 22:36:27.896 [info] Mcp: No changes found during synchronizing mcp.
2026-09-13 22:36:27.909 [info] GlobalState: No changes found during synchronizing ui state.
2026-09-13 22:36:28.082 [info] Extensions: No changes found during synchronizing extensions.
2026-09-13 22:36:28.094 [info] Prompts: No changes found during synchronizing prompts.
2026-09-13 22:36:28.102 [info] Profiles: No changes found during synchronizing profiles.
2026-09-13 22:36:28.108 [info] Syncing profile. Agents
2026-09-13 22:36:28.115 [info] GlobalState (Agents): No changes found during synchronizing ui state.
2026-09-13 22:36:28.121 [info] Sync done. Took 361ms
2026-09-13 22:39:16.175 [info] [AutoSync] Triggered by Activity
2026-09-13 22:39:16.176 [info] Sync started.
2026-09-13 22:39:16.369 [info] Settings: No changes found during synchronizing settings.
2026-09-13 22:39:16.396 [info] Keybindings: No changes found during synchronizing keybindings.
2026-09-13 22:39:16.420 [info] Snippets: No changes found during synchronizing snippets.
2026-09-13 22:39:16.435 [info] Tasks: No changes found during synchronizing tasks.
2026-09-13 22:39:16.451 [info] Mcp: No changes found during synchronizing mcp.
2026-09-13 22:39:16.473 [info] GlobalState: No changes found during synchronizing ui state.
2026-09-13 22:39:16.649 [info] Extensions: No changes found during synchronizing extensions.
2026-09-13 22:39:16.696 [info] Prompts: No changes found during synchronizing prompts.
2026-09-13 22:39:16.708 [info] Profiles: No changes found during synchronizing profiles.
2026-09-13 22:39:16.727 [info] Syncing profile. Agents
2026-09-13 22:39:16.744 [info] GlobalState (Agents): No changes found during synchronizing ui state.
2026-09-13 22:39:16.744 [info] Sync done. Took 557ms
2026-09-13 22:43:00.683 [info] [AutoSync] Triggered by Activity
2026-09-13 22:43:00.711 [info] Sync started.
2026-09-13 22:43:00.899 [info] Settings: No changes found during synchronizing settings.
2026-09-13 22:43:00.917 [info] Keybindings: No changes found during synchronizing keybindings.
2026-09-13 22:43:00.935 [info] Snippets: No changes found during synchronizing snippets.
2026-09-13 22:43:00.946 [info] Tasks: No changes found during synchronizing tasks.
2026-09-13 22:43:00.957 [info] Mcp: No changes found during synchronizing mcp.
2026-09-13 22:43:00.972 [info] GlobalState: No changes found during synchronizing ui state.
2026-09-13 22:43:01.107 [info] Extensions: No changes found during synchronizing extensions.
2026-09-13 22:43:01.145 [info] Prompts: No changes found during synchronizing prompts.
2026-09-13 22:43:01.172 [info] Profiles: No changes found during synchronizing profiles.
2026-09-13 22:43:01.178 [info] Syncing profile. Agents
2026-09-13 22:43:01.182 [info] GlobalState (Agents): No changes found during synchronizing ui state.
2026-09-13 22:43:01.186 [info] Sync done. Took 509ms
2026-09-13 22:43:16.276 [info] [AutoSync] Triggered by Activity
2026-09-13 22:43:16.277 [info] Sync started.
2026-09-13 22:43:16.386 [info] Settings: No changes found during synchronizing settings.
2026-09-13 22:43:16.433 [info] Keybindings: No changes found during synchronizing keybindings.
2026-09-13 22:43:16.498 [info] Snippets: No changes found during synchronizing snippets.
2026-09-13 22:43:16.583 [info] Tasks: No changes found during synchronizing tasks.
2026-09-13 22:43:16.665 [info] Mcp: No changes found during synchronizing mcp.
2026-09-13 22:43:16.713 [info] GlobalState: No changes found during synchronizing ui state.
2026-09-13 22:43:16.996 [info] Extensions: No changes found during synchronizing extensions.
2026-09-13 22:43:17.042 [info] Prompts: No changes found during synchronizing prompts.
2026-09-13 22:43:17.057 [info] Profiles: No changes found during synchronizing profiles.
2026-09-13 22:43:17.085 [info] Syncing profile. Agents
2026-09-13 22:43:17.104 [info] GlobalState (Agents): No changes found during synchronizing ui state.
2026-09-13 22:43:17.121 [info] Sync done. Took 852ms
2026-09-13 22:45:28.036 [info] [AutoSync] Triggered by Activity
2026-09-13 22:45:28.037 [info] Sync started.
2026-09-13 22:45:28.286 [info] Settings: No changes found during synchronizing settings.
2026-09-13 22:45:28.299 [info] Keybindings: No changes found during synchronizing keybindings.
2026-09-13 22:45:28.310 [info] Snippets: No changes found during synchronizing snippets.
2026-09-13 22:45:28.320 [info] Tasks: No changes found during synchronizing tasks.
2026-09-13 22:45:28.351 [info] Mcp: No changes found during synchronizing mcp.
2026-09-13 22:45:28.369 [info] GlobalState: No changes found during synchronizing ui state.
2026-09-13 22:45:28.580 [info] Extensions: No changes found during synchronizing extensions.
2026-09-13 22:45:28.615 [info] Prompts: No changes found during synchronizing prompts.
2026-09-13 22:45:28.638 [info] Profiles: No changes found during synchronizing profiles.
2026-09-13 22:45:28.650 [info] Syncing profile. Agents
2026-09-13 22:45:28.664 [info] GlobalState (Agents): No changes found during synchronizing ui state.
2026-09-13 22:45:28.677 [info] Sync done. Took 637ms
2026-09-13 22:46:49.936 [info] [AutoSync] Triggered by Activity
2026-09-13 22:46:49.940 [info] Sync started.
2026-09-13 22:46:50.265 [info] Settings: No changes found during synchronizing settings.
2026-09-13 22:46:50.651 [info] Keybindings: No changes found during synchronizing keybindings.
2026-09-13 22:46:50.672 [info] Snippets: No changes found during synchronizing snippets.
2026-09-13 22:46:50.690 [info] Tasks: No changes found during synchronizing tasks.
2026-09-13 22:46:50.713 [info] Mcp: No changes found during synchronizing mcp.
2026-09-13 22:46:51.724 [info] GlobalState: No changes found during synchronizing ui state.
2026-09-13 22:46:52.566 [info] Extensions: No changes found during synchronizing extensions.
2026-09-13 22:46:52.592 [info] Prompts: No changes found during synchronizing prompts.
2026-09-13 22:46:52.599 [info] Profiles: No changes found during synchronizing profiles.
2026-09-13 22:46:52.606 [info] Syncing profile. Agents
2026-09-13 22:46:52.612 [info] GlobalState (Agents): No changes found during synchronizing ui state.
2026-09-13 22:46:52.616 [info] Sync done. Took 2684ms
2026-09-13 22:47:49.023 [info] [AutoSync] Triggered by Activity
2026-09-13 22:47:49.026 [info] Sync started.
2026-09-13 22:47:49.228 [info] Settings: No changes found during synchronizing settings.
2026-09-13 22:47:49.390 [info] Keybindings: No changes found during synchronizing keybindings.
2026-09-13 22:47:49.427 [info] Snippets: No changes found during synchronizing snippets.
2026-09-13 22:47:49.483 [info] Tasks: No changes found during synchronizing tasks.
2026-09-13 22:47:49.555 [info] Mcp: No changes found during synchronizing mcp.
2026-09-13 22:47:50.282 [info] GlobalState: Updated remote ui state. Updated: workbench.view.extensions.state.hidden.
2026-09-13 22:47:50.338 [info] GlobalState: Updated last synchronized ui state
2026-09-13 22:47:51.584 [info] Extensions: No changes found during synchronizing extensions.
2026-09-13 22:47:51.624 [info] Prompts: No changes found during synchronizing prompts.
2026-09-13 22:47:51.641 [info] Profiles: No changes found during synchronizing profiles.
2026-09-13 22:47:51.649 [info] Syncing profile. Agents
2026-09-13 22:47:51.660 [info] GlobalState (Agents): No changes found during synchronizing ui state.
2026-09-13 22:47:51.675 [info] Sync done. Took 2660ms
2026-09-13 22:47:57.046 [info] [AutoSync] Triggered by Activity
2026-09-13 22:47:57.047 [info] Sync started.
2026-09-13 22:47:57.206 [info] Settings: No changes found during synchronizing settings.
2026-09-13 22:47:57.218 [info] Keybindings: No changes found during synchronizing keybindings.
2026-09-13 22:47:57.232 [info] Snippets: No changes found during synchronizing snippets.
2026-09-13 22:47:57.246 [info] Tasks: No changes found during synchronizing tasks.
2026-09-13 22:47:57.261 [info] Mcp: No changes found during synchronizing mcp.
2026-09-13 22:47:57.714 [info] GlobalState: Updated remote ui state. Updated: workbench.view.extensions.state.hidden.
2026-09-13 22:47:57.763 [info] GlobalState: Updated last synchronized ui state
2026-09-13 22:47:57.912 [info] Extensions: No changes found during synchronizing extensions.
2026-09-13 22:47:57.923 [info] Prompts: No changes found during synchronizing prompts.
2026-09-13 22:47:57.932 [info] Profiles: No changes found during synchronizing profiles.
2026-09-13 22:47:57.937 [info] Syncing profile. Agents
2026-09-13 22:47:57.946 [info] GlobalState (Agents): No changes found during synchronizing ui state.
2026-09-13 22:47:57.949 [info] Sync done. Took 908ms
2026-09-13 22:48:06.198 [info] [AutoSync] Triggered by Activity
2026-09-13 22:48:06.199 [info] Sync started.
2026-09-13 22:48:06.272 [info] Settings: No changes found during synchronizing settings.
2026-09-13 22:48:06.284 [info] Keybindings: No changes found during synchronizing keybindings.
2026-09-13 22:48:06.297 [info] Snippets: No changes found during synchronizing snippets.
2026-09-13 22:48:06.307 [info] Tasks: No changes found during synchronizing tasks.
2026-09-13 22:48:06.320 [info] Mcp: No changes found during synchronizing mcp.
2026-09-13 22:48:06.799 [info] GlobalState: Updated remote ui state. Updated: workbench.view.extensions.state.hidden.
2026-09-13 22:48:06.845 [info] GlobalState: Updated last synchronized ui state
2026-09-13 22:48:06.967 [info] Extensions: No changes found during synchronizing extensions.
2026-09-13 22:48:06.977 [info] Prompts: No changes found during synchronizing prompts.
2026-09-13 22:48:06.987 [info] Profiles: No changes found during synchronizing profiles.
2026-09-13 22:48:06.993 [info] Syncing profile. Agents
2026-09-13 22:48:06.999 [info] GlobalState (Agents): No changes found during synchronizing ui state.
2026-09-13 22:48:07.004 [info] Sync done. Took 810ms
2026-09-13 22:48:40.680 [info] [AutoSync] Triggered by Activity
2026-09-13 22:48:40.680 [info] Sync started.
2026-09-13 22:48:40.736 [info] Settings: No changes found during synchronizing settings.
2026-09-13 22:48:40.751 [info] Keybindings: No changes found during synchronizing keybindings.
2026-09-13 22:48:40.909 [info] Snippets: No changes found during synchronizing snippets.
2026-09-13 22:48:41.251 [info] Tasks: No changes found during synchronizing tasks.
2026-09-13 22:48:41.322 [info] Mcp: No changes found during synchronizing mcp.
2026-09-13 22:48:41.965 [info] GlobalState: Updated remote ui state. Updated: extensions.trustedPublishers.
2026-09-13 22:48:42.117 [info] GlobalState: Updated last synchronized ui state
2026-09-13 22:48:42.306 [info] Extensions: No changes found during synchronizing extensions.
2026-09-13 22:48:42.892 [info] Prompts: No changes found during synchronizing prompts.
2026-09-13 22:48:42.903 [info] Profiles: No changes found during synchronizing profiles.
2026-09-13 22:48:42.909 [info] Syncing profile. Agents
2026-09-13 22:48:42.916 [info] GlobalState (Agents): No changes found during synchronizing ui state.
2026-09-13 22:48:42.918 [info] Sync done. Took 2240ms
2026-09-13 22:48:52.547 [info] [AutoSync] Triggered by Activity
2026-09-13 22:48:52.548 [info] Sync started.
2026-09-13 22:48:52.781 [info] Settings: No changes found during synchronizing settings.
2026-09-13 22:48:52.790 [info] Keybindings: No changes found during synchronizing keybindings.
2026-09-13 22:48:52.800 [info] Snippets: No changes found during synchronizing snippets.
2026-09-13 22:48:52.812 [info] Tasks: No changes found during synchronizing tasks.
2026-09-13 22:48:52.834 [info] Mcp: No changes found during synchronizing mcp.
2026-09-13 22:48:52.854 [info] GlobalState: No changes found during synchronizing ui state.
2026-09-13 22:48:53.722 [info] Extensions: Updated remote extensions. Added: ["naumovs.color-highlight"].
2026-09-13 22:48:54.233 [info] Extensions: Updated last synchronized extensions.
2026-09-13 22:48:54.302 [info] Prompts: No changes found during synchronizing prompts.
2026-09-13 22:48:54.305 [info] Profiles: No changes found during synchronizing profiles.
2026-09-13 22:48:54.309 [info] Syncing profile. Agents
2026-09-13 22:48:54.314 [info] GlobalState (Agents): No changes found during synchronizing ui state.
2026-09-13 22:48:54.317 [info] Sync done. Took 1772ms
2026-09-13 22:50:47.643 [info] [AutoSync] Triggered by Activity
2026-09-13 22:50:47.751 [info] Sync started.
2026-09-13 22:50:49.686 [info] Settings: No changes found during synchronizing settings.
2026-09-13 22:50:49.753 [info] Keybindings: No changes found during synchronizing keybindings.
2026-09-13 22:50:49.775 [info] Snippets: No changes found during synchronizing snippets.
2026-09-13 22:50:49.797 [info] Tasks: No changes found during synchronizing tasks.
2026-09-13 22:50:49.809 [info] Mcp: No changes found during synchronizing mcp.
2026-09-13 22:50:49.847 [info] GlobalState: No changes found during synchronizing ui state.
2026-09-13 22:50:52.163 [info] Extensions: No changes found during synchronizing extensions.
2026-09-13 22:50:52.205 [info] Prompts: No changes found during synchronizing prompts.
2026-09-13 22:50:52.264 [info] Profiles: No changes found during synchronizing profiles.
2026-09-13 22:50:52.276 [info] Syncing profile. Agents
2026-09-13 22:50:52.299 [info] GlobalState (Agents): No changes found during synchronizing ui state.
2026-09-13 22:50:52.302 [info] Sync done. Took 4817ms
2026-09-13 22:50:58.368 [info] [AutoSync] Triggered by Activity
2026-09-13 22:50:58.372 [info] Sync started.
2026-09-13 22:50:58.525 [info] Settings: No changes found during synchronizing settings.
2026-09-13 22:50:58.658 [info] Keybindings: No changes found during synchronizing keybindings.
2026-09-13 22:50:58.689 [info] Snippets: No changes found during synchronizing snippets.
2026-09-13 22:50:58.707 [info] Tasks: No changes found during synchronizing tasks.
2026-09-13 22:50:58.733 [info] Mcp: No changes found during synchronizing mcp.
2026-09-13 22:50:59.353 [info] GlobalState: Updated remote ui state. Updated: workbench.view.extensions.state.hidden.
2026-09-13 22:50:59.452 [info] GlobalState: Updated last synchronized ui state
2026-09-13 22:51:00.750 [info] Extensions: No changes found during synchronizing extensions.
2026-09-13 22:51:00.771 [info] Prompts: No changes found during synchronizing prompts.
2026-09-13 22:51:00.776 [info] Profiles: No changes found during synchronizing profiles.
2026-09-13 22:51:00.782 [info] Syncing profile. Agents
2026-09-13 22:51:00.793 [info] GlobalState (Agents): No changes found during synchronizing ui state.
2026-09-13 22:51:00.798 [info] Sync done. Took 2437ms
2026-09-13 22:56:00.853 [info] [AutoSync] Triggered by Interval
2026-09-13 22:56:01.195 [info] Sync started.
2026-09-13 22:56:02.050 [info] Settings: No changes found during synchronizing settings.
2026-09-13 22:56:02.080 [info] Keybindings: No changes found during synchronizing keybindings.
2026-09-13 22:56:02.104 [info] Snippets: No changes found during synchronizing snippets.
2026-09-13 22:56:02.126 [info] Tasks: No changes found during synchronizing tasks.
2026-09-13 22:56:02.139 [info] Mcp: No changes found during synchronizing mcp.
2026-09-13 22:56:02.222 [info] GlobalState: No changes found during synchronizing ui state.
2026-09-13 22:56:02.973 [info] Extensions: No changes found during synchronizing extensions.
2026-09-13 22:56:03.013 [info] Prompts: No changes found during synchronizing prompts.
2026-09-13 22:56:03.030 [info] Profiles: No changes found during synchronizing profiles.
2026-09-13 22:56:03.043 [info] Syncing profile. Agents
2026-09-13 22:56:03.059 [info] GlobalState (Agents): No changes found during synchronizing ui state.
2026-09-13 22:56:03.076 [info] Sync done. Took 2256ms
2026-09-13 23:00:26.832 [info] [AutoSync] Triggered by Activity
2026-09-13 23:00:27.097 [info] Sync started.
2026-09-13 23:00:27.346 [info] Settings: No changes found during synchronizing settings.
2026-09-13 23:00:28.069 [info] Keybindings: No changes found during synchronizing keybindings.
2026-09-13 23:00:28.422 [info] Snippets: No changes found during synchronizing snippets.
2026-09-13 23:00:28.647 [info] Tasks: No changes found during synchronizing tasks.
2026-09-13 23:00:29.300 [info] Mcp: No changes found during synchronizing mcp.
2026-09-13 23:00:29.645 [info] GlobalState: No changes found during synchronizing ui state.
2026-09-13 23:00:30.699 [info] Extensions: No changes found during synchronizing extensions.
2026-09-13 23:00:30.741 [info] Prompts: No changes found during synchronizing prompts.
2026-09-13 23:00:31.010 [info] Profiles: No changes found during synchronizing profiles.
2026-09-13 23:00:31.019 [info] Syncing profile. Agents
2026-09-13 23:00:31.080 [info] GlobalState (Agents): No changes found during synchronizing ui state.
2026-09-13 23:00:31.088 [info] Sync done. Took 4266ms
2026-09-13 23:01:13.581 [info] [AutoSync] Triggered by Activity
2026-09-13 23:01:13.581 [info] Sync started.
2026-09-13 23:01:13.861 [info] Settings: No changes found during synchronizing settings.
2026-09-13 23:01:13.900 [info] Keybindings: No changes found during synchronizing keybindings.
2026-09-13 23:01:13.966 [info] Snippets: No changes found during synchronizing snippets.
2026-09-13 23:01:14.065 [info] Tasks: No changes found during synchronizing tasks.
2026-09-13 23:01:14.136 [info] Mcp: No changes found during synchronizing mcp.
2026-09-13 23:01:14.253 [info] GlobalState: No changes found during synchronizing ui state.
2026-09-13 23:01:14.789 [info] Extensions: No changes found during synchronizing extensions.
2026-09-13 23:01:14.836 [info] Prompts: No changes found during synchronizing prompts.
2026-09-13 23:01:14.843 [info] Profiles: No changes found during synchronizing profiles.
2026-09-13 23:01:14.850 [info] Syncing profile. Agents
2026-09-13 23:01:14.888 [info] GlobalState (Agents): No changes found during synchronizing ui state.
2026-09-13 23:01:14.893 [info] Sync done. Took 1320ms
2026-09-13 23:01:58.038 [info] [AutoSync] Triggered by Activity
2026-09-13 23:01:58.039 [info] Sync started.
2026-09-13 23:01:58.174 [info] Settings: No changes found during synchronizing settings.
2026-09-13 23:01:58.213 [info] Keybindings: No changes found during synchronizing keybindings.
2026-09-13 23:01:58.300 [info] Snippets: No changes found during synchronizing snippets.
2026-09-13 23:01:58.346 [info] Tasks: No changes found during synchronizing tasks.
2026-09-13 23:01:58.412 [info] Mcp: No changes found during synchronizing mcp.
2026-09-13 23:01:58.692 [info] GlobalState: No changes found during synchronizing ui state.
2026-09-13 23:02:01.985 [info] Extensions: No changes found during synchronizing extensions.
2026-09-13 23:02:02.109 [info] Prompts: No changes found during synchronizing prompts.
2026-09-13 23:02:02.233 [info] Profiles: No changes found during synchronizing profiles.
2026-09-13 23:02:02.316 [info] Syncing profile. Agents
2026-09-13 23:02:02.480 [info] GlobalState (Agents): No changes found during synchronizing ui state.
2026-09-13 23:02:02.669 [info] Sync done. Took 4622ms
2026-09-13 23:02:17.336 [info] [AutoSync] Triggered by Activity
2026-09-13 23:02:17.338 [info] Sync started.
2026-09-13 23:02:17.416 [info] Settings: No changes found during synchronizing settings.
2026-09-13 23:02:17.425 [info] Keybindings: No changes found during synchronizing keybindings.
2026-09-13 23:02:17.434 [info] Snippets: No changes found during synchronizing snippets.
2026-09-13 23:02:17.442 [info] Tasks: No changes found during synchronizing tasks.
2026-09-13 23:02:17.450 [info] Mcp: No changes found during synchronizing mcp.
2026-09-13 23:02:17.461 [info] GlobalState: No changes found during synchronizing ui state.
2026-09-13 23:02:17.579 [info] Extensions: No changes found during synchronizing extensions.
2026-09-13 23:02:17.594 [info] Prompts: No changes found during synchronizing prompts.
2026-09-13 23:02:17.598 [info] Profiles: No changes found during synchronizing profiles.
2026-09-13 23:02:17.605 [info] Syncing profile. Agents
2026-09-13 23:02:17.612 [info] GlobalState (Agents): No changes found during synchronizing ui state.
2026-09-13 23:02:17.617 [info] Sync done. Took 284ms
2026-09-13 23:05:11.254 [info] [AutoSync] Triggered by Activity
2026-09-13 23:05:11.256 [info] Sync started.
2026-09-13 23:05:11.750 [info] Settings: No changes found during synchronizing settings.
2026-09-13 23:05:11.933 [info] Keybindings: No changes found during synchronizing keybindings.
2026-09-13 23:05:11.949 [info] Snippets: No changes found during synchronizing snippets.
2026-09-13 23:05:11.968 [info] Tasks: No changes found during synchronizing tasks.
2026-09-13 23:05:12.016 [info] Mcp: No changes found during synchronizing mcp.
2026-09-13 23:05:12.065 [info] GlobalState: No changes found during synchronizing ui state.
2026-09-13 23:05:13.749 [info] Extensions: Updated remote extensions. Removed: ["naumovs.color-highlight"].
2026-09-13 23:05:13.795 [info] Extensions: Updated last synchronized extensions.
2026-09-13 23:05:13.906 [info] Prompts: No changes found during synchronizing prompts.
2026-09-13 23:05:13.927 [info] Profiles: No changes found during synchronizing profiles.
2026-09-13 23:05:13.936 [info] Syncing profile. Agents
2026-09-13 23:05:13.946 [info] GlobalState (Agents): No changes found during synchronizing ui state.
2026-09-13 23:05:13.948 [info] Sync done. Took 2696ms
2026-09-13 23:06:26.026 [info] [AutoSync] Triggered by Activity
2026-09-13 23:06:26.119 [info] Sync started.
2026-09-13 23:06:26.929 [info] Settings: No changes found during synchronizing settings.
2026-09-13 23:06:27.093 [info] Keybindings: No changes found during synchronizing keybindings.
2026-09-13 23:06:27.380 [info] Snippets: No changes found during synchronizing snippets.
2026-09-13 23:06:27.451 [info] Tasks: No changes found during synchronizing tasks.
2026-09-13 23:06:27.548 [info] Mcp: No changes found during synchronizing mcp.
2026-09-13 23:06:28.039 [info] GlobalState: Updated remote ui state. Updated: extensions.trustedPublishers.
2026-09-13 23:06:28.165 [info] GlobalState: Updated last synchronized ui state
2026-09-13 23:06:28.359 [info] Extensions: No changes found during synchronizing extensions.
2026-09-13 23:06:28.392 [info] Prompts: No changes found during synchronizing prompts.
2026-09-13 23:06:28.438 [info] Profiles: No changes found during synchronizing profiles.
2026-09-13 23:06:28.443 [info] Syncing profile. Agents
2026-09-13 23:06:29.100 [info] GlobalState (Agents): No changes found during synchronizing ui state.
2026-09-13 23:06:29.107 [info] Sync done. Took 3079ms
2026-09-13 23:06:38.330 [info] [AutoSync] Triggered by Activity
2026-09-13 23:06:38.331 [info] Sync started.
2026-09-13 23:06:38.438 [info] Settings: No changes found during synchronizing settings.
2026-09-13 23:06:38.453 [info] Keybindings: No changes found during synchronizing keybindings.
2026-09-13 23:06:38.469 [info] Snippets: No changes found during synchronizing snippets.
2026-09-13 23:06:38.481 [info] Tasks: No changes found during synchronizing tasks.
2026-09-13 23:06:38.494 [info] Mcp: No changes found during synchronizing mcp.
2026-09-13 23:06:38.510 [info] GlobalState: No changes found during synchronizing ui state.
2026-09-13 23:06:39.239 [info] Extensions: Updated remote extensions. Added: ["bracketpaircolordlw.bracket-pair-color-dlw"].
2026-09-13 23:06:39.335 [info] Extensions: Updated last synchronized extensions.
2026-09-13 23:06:39.355 [info] Prompts: No changes found during synchronizing prompts.
2026-09-13 23:06:39.364 [info] Profiles: No changes found during synchronizing profiles.
2026-09-13 23:06:39.368 [info] Syncing profile. Agents
2026-09-13 23:06:39.376 [info] GlobalState (Agents): No changes found during synchronizing ui state.
2026-09-13 23:06:39.379 [info] Sync done. Took 1053ms
2026-09-13 23:07:30.757 [info] [AutoSync] Triggered by Activity
2026-09-13 23:07:30.758 [info] Sync started.
2026-09-13 23:07:31.206 [info] Settings: No changes found during synchronizing settings.
2026-09-13 23:07:31.224 [info] Keybindings: No changes found during synchronizing keybindings.
2026-09-13 23:07:31.237 [info] Snippets: No changes found during synchronizing snippets.
2026-09-13 23:07:31.251 [info] Tasks: No changes found during synchronizing tasks.
2026-09-13 23:07:31.262 [info] Mcp: No changes found during synchronizing mcp.
2026-09-13 23:07:31.277 [info] GlobalState: No changes found during synchronizing ui state.
2026-09-13 23:07:33.161 [info] Extensions: Updated remote extensions. Removed: ["bracketpaircolordlw.bracket-pair-color-dlw"].
2026-09-13 23:07:33.257 [info] Extensions: Updated last synchronized extensions.
2026-09-13 23:07:33.283 [info] Prompts: No changes found during synchronizing prompts.
2026-09-13 23:07:33.298 [info] Profiles: No changes found during synchronizing profiles.
2026-09-13 23:07:33.304 [info] Syncing profile. Agents
2026-09-13 23:07:33.314 [info] GlobalState (Agents): No changes found during synchronizing ui state.
2026-09-13 23:07:33.320 [info] Sync done. Took 2566ms
2026-09-13 23:07:46.080 [info] [AutoSync] Triggered by Activity
2026-09-13 23:07:46.093 [info] Sync started.
2026-09-13 23:07:46.307 [info] Settings: No changes found during synchronizing settings.
2026-09-13 23:07:46.345 [info] Keybindings: No changes found during synchronizing keybindings.
2026-09-13 23:07:46.462 [info] Snippets: No changes found during synchronizing snippets.
2026-09-13 23:07:46.477 [info] Tasks: No changes found during synchronizing tasks.
2026-09-13 23:07:46.490 [info] Mcp: No changes found during synchronizing mcp.
2026-09-13 23:07:47.216 [info] GlobalState: Updated remote ui state. Updated: extensions.trustedPublishers.
2026-09-13 23:07:47.282 [info] GlobalState: Updated last synchronized ui state
2026-09-13 23:07:47.542 [info] Extensions: No changes found during synchronizing extensions.
2026-09-13 23:07:47.652 [info] Prompts: No changes found during synchronizing prompts.
2026-09-13 23:07:47.657 [info] Profiles: No changes found during synchronizing profiles.
2026-09-13 23:07:47.662 [info] Syncing profile. Agents
2026-09-13 23:07:47.677 [info] GlobalState (Agents): No changes found during synchronizing ui state.
2026-09-13 23:07:47.683 [info] Sync done. Took 1625ms
2026-09-13 23:07:57.438 [info] [AutoSync] Triggered by Activity
2026-09-13 23:07:57.440 [info] Sync started.
2026-09-13 23:07:57.546 [info] Settings: No changes found during synchronizing settings.
2026-09-13 23:07:57.621 [info] Keybindings: No changes found during synchronizing keybindings.
2026-09-13 23:07:57.697 [info] Snippets: No changes found during synchronizing snippets.
2026-09-13 23:07:57.826 [info] Tasks: No changes found during synchronizing tasks.
2026-09-13 23:07:57.880 [info] Mcp: No changes found during synchronizing mcp.
2026-09-13 23:07:57.982 [info] GlobalState: No changes found during synchronizing ui state.
2026-09-13 23:07:59.513 [info] Extensions: Updated remote extensions. Added: ["anseki.vscode-color"].
2026-09-13 23:07:59.570 [info] Extensions: Updated last synchronized extensions.
2026-09-13 23:07:59.599 [info] Prompts: No changes found during synchronizing prompts.
2026-09-13 23:07:59.610 [info] Profiles: No changes found during synchronizing profiles.
2026-09-13 23:07:59.625 [info] Syncing profile. Agents
2026-09-13 23:07:59.646 [info] GlobalState (Agents): No changes found during synchronizing ui state.
2026-09-13 23:07:59.651 [info] Sync done. Took 2218ms
2026-09-13 23:10:04.751 [info] [AutoSync] Triggered by Activity
2026-09-13 23:10:04.753 [info] Sync started.
2026-09-13 23:10:05.163 [info] Settings: No changes found during synchronizing settings.
2026-09-13 23:10:05.175 [info] Keybindings: No changes found during synchronizing keybindings.
2026-09-13 23:10:05.187 [info] Snippets: No changes found during synchronizing snippets.
2026-09-13 23:10:05.205 [info] Tasks: No changes found during synchronizing tasks.
2026-09-13 23:10:05.227 [info] Mcp: No changes found during synchronizing mcp.
2026-09-13 23:10:05.684 [info] GlobalState: No changes found during synchronizing ui state.
2026-09-13 23:10:07.736 [info] Extensions: Updated remote extensions. Removed: ["anseki.vscode-color"].
2026-09-13 23:10:08.949 [info] Extensions: Updated last synchronized extensions.
2026-09-13 23:10:08.979 [info] Prompts: No changes found during synchronizing prompts.
2026-09-13 23:10:08.988 [info] Profiles: No changes found during synchronizing profiles.
2026-09-13 23:10:08.998 [info] Syncing profile. Agents
2026-09-13 23:10:09.009 [info] GlobalState (Agents): No changes found during synchronizing ui state.
2026-09-13 23:10:09.013 [info] Sync done. Took 4267ms
2026-09-13 23:10:34.823 [info] [AutoSync] Triggered by Activity
2026-09-13 23:10:34.831 [info] Sync started.
2026-09-13 23:10:35.043 [info] Settings: No changes found during synchronizing settings.
2026-09-13 23:10:35.153 [info] Keybindings: No changes found during synchronizing keybindings.
2026-09-13 23:10:35.238 [info] Snippets: No changes found during synchronizing snippets.
2026-09-13 23:10:35.286 [info] Tasks: No changes found during synchronizing tasks.
2026-09-13 23:10:35.343 [info] Mcp: No changes found during synchronizing mcp.
2026-09-13 23:10:35.392 [info] GlobalState: No changes found during synchronizing ui state.
2026-09-13 23:10:36.130 [info] Extensions: No changes found during synchronizing extensions.
2026-09-13 23:10:36.175 [info] Prompts: No changes found during synchronizing prompts.
2026-09-13 23:10:36.198 [info] Profiles: No changes found during synchronizing profiles.
2026-09-13 23:10:36.217 [info] Syncing profile. Agents
2026-09-13 23:10:36.230 [info] GlobalState (Agents): No changes found during synchronizing ui state.
2026-09-13 23:10:36.240 [info] Sync done. Took 1447ms
2026-09-13 23:12:11.564 [info] [AutoSync] Triggered by Activity
2026-09-13 23:12:11.700 [info] Sync started.
2026-09-13 23:12:11.764 [info] Settings: No changes found during synchronizing settings.
2026-09-13 23:12:12.806 [info] Keybindings: No changes found during synchronizing keybindings.
2026-09-13 23:12:13.390 [info] Snippets: No changes found during synchronizing snippets.
2026-09-13 23:12:13.449 [info] Tasks: No changes found during synchronizing tasks.
2026-09-13 23:12:13.473 [info] Mcp: No changes found during synchronizing mcp.
2026-09-13 23:12:13.541 [info] GlobalState: No changes found during synchronizing ui state.
2026-09-13 23:12:13.830 [info] Extensions: No changes found during synchronizing extensions.
2026-09-13 23:12:13.853 [info] Prompts: No changes found during synchronizing prompts.
2026-09-13 23:12:13.879 [info] Profiles: No changes found during synchronizing profiles.
2026-09-13 23:12:13.895 [info] Syncing profile. Agents
2026-09-13 23:12:13.912 [info] GlobalState (Agents): No changes found during synchronizing ui state.
2026-09-13 23:12:13.920 [info] Sync done. Took 2361ms
2026-09-13 23:12:47.999 [info] [AutoSync] Triggered by Activity
2026-09-13 23:12:48.638 [info] Sync started.
2026-09-13 23:12:48.737 [info] Settings: No changes found during synchronizing settings.
2026-09-13 23:12:48.868 [info] Keybindings: No changes found during synchronizing keybindings.
2026-09-13 23:12:49.357 [info] Snippets: No changes found during synchronizing snippets.
2026-09-13 23:12:49.515 [info] Tasks: No changes found during synchronizing tasks.
2026-09-13 23:12:49.591 [info] Mcp: No changes found during synchronizing mcp.
2026-09-13 23:12:49.750 [info] GlobalState: No changes found during synchronizing ui state.
2026-09-13 23:12:50.806 [info] Extensions: No changes found during synchronizing extensions.
2026-09-13 23:12:50.923 [info] Prompts: No changes found during synchronizing prompts.
2026-09-13 23:12:50.961 [info] Profiles: No changes found during synchronizing profiles.
2026-09-13 23:12:50.982 [info] Syncing profile. Agents
2026-09-13 23:12:51.005 [info] GlobalState (Agents): No changes found during synchronizing ui state.
2026-09-13 23:12:51.013 [info] Sync done. Took 3028ms
2026-09-13 23:13:12.844 [info] [AutoSync] Triggered by Activity
2026-09-13 23:13:12.845 [info] Sync started.
2026-09-13 23:13:14.746 [info] Settings: No changes found during synchronizing settings.
2026-09-13 23:13:14.869 [info] Keybindings: No changes found during synchronizing keybindings.
2026-09-13 23:13:15.770 [info] Snippets: No changes found during synchronizing snippets.
2026-09-13 23:13:15.860 [info] Tasks: No changes found during synchronizing tasks.
2026-09-13 23:13:15.968 [info] Mcp: No changes found during synchronizing mcp.
2026-09-13 23:13:16.009 [info] GlobalState: No changes found during synchronizing ui state.
2026-09-13 23:13:16.206 [info] Extensions: No changes found during synchronizing extensions.
2026-09-13 23:13:16.257 [info] Prompts: No changes found during synchronizing prompts.
2026-09-13 23:13:16.269 [info] Profiles: No changes found during synchronizing profiles.
2026-09-13 23:13:16.275 [info] Syncing profile. Agents
2026-09-13 23:13:16.438 [info] GlobalState (Agents): No changes found during synchronizing ui state.
2026-09-13 23:13:16.439 [info] Sync done. Took 3601ms
2026-09-13 23:17:51.210 [info] [AutoSync] Triggered by Activity
2026-09-13 23:17:52.148 [info] Sync started.
2026-09-13 23:17:53.355 [info] Settings: No changes found during synchronizing settings.
2026-09-13 23:17:53.588 [info] Keybindings: No changes found during synchronizing keybindings.
2026-09-13 23:17:53.831 [info] Snippets: No changes found during synchronizing snippets.
2026-09-13 23:17:53.853 [info] Tasks: No changes found during synchronizing tasks.
2026-09-13 23:17:53.875 [info] Mcp: No changes found during synchronizing mcp.
2026-09-13 23:17:53.917 [info] GlobalState: No changes found during synchronizing ui state.
2026-09-13 23:17:54.438 [info] Extensions: No changes found during synchronizing extensions.
2026-09-13 23:17:54.521 [info] Prompts: No changes found during synchronizing prompts.
2026-09-13 23:17:54.590 [info] Profiles: No changes found during synchronizing profiles.
2026-09-13 23:17:54.607 [info] Syncing profile. Agents
2026-09-13 23:17:54.624 [info] GlobalState (Agents): No changes found during synchronizing ui state.
2026-09-13 23:17:54.643 [info] Sync done. Took 3435ms
2026-09-13 23:18:10.356 [info] [AutoSync] Triggered by Activity
2026-09-13 23:18:10.367 [info] Sync started.
2026-09-13 23:18:10.522 [info] Settings: No changes found during synchronizing settings.
2026-09-13 23:18:11.650 [info] Keybindings: No changes found during synchronizing keybindings.
2026-09-13 23:18:11.708 [info] Snippets: No changes found during synchronizing snippets.
2026-09-13 23:18:11.845 [info] Tasks: No changes found during synchronizing tasks.
2026-09-13 23:18:12.255 [info] Mcp: No changes found during synchronizing mcp.
2026-09-13 23:18:12.963 [info] GlobalState: No changes found during synchronizing ui state.
2026-09-13 23:18:19.788 [info] Extensions: No changes found during synchronizing extensions.
2026-09-13 23:18:26.806 [info] Prompts: No changes found during synchronizing prompts.
2026-09-13 23:18:30.113 [info] Profiles: No changes found during synchronizing profiles.
2026-09-13 23:18:30.120 [info] Syncing profile. Agents
2026-09-13 23:18:30.281 [info] GlobalState (Agents): No changes found during synchronizing ui state.
2026-09-13 23:18:30.286 [info] Sync done. Took 20074ms
2026-09-13 23:18:39.868 [info] [AutoSync] Triggered by Activity
2026-09-13 23:18:39.870 [info] Sync started.
2026-09-13 23:18:39.976 [info] Settings: No changes found during synchronizing settings.
2026-09-13 23:18:39.999 [info] Keybindings: No changes found during synchronizing keybindings.
2026-09-13 23:18:40.015 [info] Snippets: No changes found during synchronizing snippets.
2026-09-13 23:18:40.034 [info] Tasks: No changes found during synchronizing tasks.
2026-09-13 23:18:40.047 [info] Mcp: No changes found during synchronizing mcp.
2026-09-13 23:18:40.079 [info] GlobalState: No changes found during synchronizing ui state.
2026-09-13 23:18:40.291 [info] Extensions: No changes found during synchronizing extensions.
2026-09-13 23:18:40.318 [info] Prompts: No changes found during synchronizing prompts.
2026-09-13 23:18:40.331 [info] Profiles: No changes found during synchronizing profiles.
2026-09-13 23:18:40.338 [info] Syncing profile. Agents
2026-09-13 23:18:40.356 [info] GlobalState (Agents): No changes found during synchronizing ui state.
2026-09-13 23:18:40.359 [info] Sync done. Took 493ms
2026-09-13 23:19:07.016 [info] [AutoSync] Triggered by Activity
2026-09-13 23:19:07.525 [info] Sync started.
2026-09-13 23:19:07.587 [info] Settings: No changes found during synchronizing settings.
2026-09-13 23:19:07.632 [info] Keybindings: No changes found during synchronizing keybindings.
2026-09-13 23:19:07.659 [info] Snippets: No changes found during synchronizing snippets.
2026-09-13 23:19:07.695 [info] Tasks: No changes found during synchronizing tasks.
2026-09-13 23:19:07.738 [info] Mcp: No changes found during synchronizing mcp.
2026-09-13 23:19:07.815 [info] GlobalState: No changes found during synchronizing ui state.
2026-09-13 23:19:08.061 [info] Extensions: No changes found during synchronizing extensions.
2026-09-13 23:19:08.084 [info] Prompts: No changes found during synchronizing prompts.
2026-09-13 23:19:08.098 [info] Profiles: No changes found during synchronizing profiles.
2026-09-13 23:19:08.105 [info] Syncing profile. Agents
2026-09-13 23:19:08.120 [info] GlobalState (Agents): No changes found during synchronizing ui state.
2026-09-13 23:19:08.126 [info] Sync done. Took 1111ms
2026-09-13 23:20:53.438 [info] [AutoSync] Triggered by Activity
2026-09-13 23:20:53.439 [info] Sync started.
2026-09-13 23:20:53.619 [info] Settings: No changes found during synchronizing settings.
2026-09-13 23:20:53.634 [info] Keybindings: No changes found during synchronizing keybindings.
2026-09-13 23:20:53.643 [info] Snippets: No changes found during synchronizing snippets.
2026-09-13 23:20:53.653 [info] Tasks: No changes found during synchronizing tasks.
2026-09-13 23:20:53.669 [info] Mcp: No changes found during synchronizing mcp.
2026-09-13 23:20:53.692 [info] GlobalState: No changes found during synchronizing ui state.
2026-09-13 23:20:54.001 [info] Extensions: No changes found during synchronizing extensions.
2026-09-13 23:20:54.027 [info] Prompts: No changes found during synchronizing prompts.
2026-09-13 23:20:54.032 [info] Profiles: No changes found during synchronizing profiles.
2026-09-13 23:20:54.041 [info] Syncing profile. Agents
2026-09-13 23:20:54.047 [info] GlobalState (Agents): No changes found during synchronizing ui state.
2026-09-13 23:20:54.051 [info] Sync done. Took 615ms
2026-09-13 23:25:54.079 [info] [AutoSync] Triggered by Interval
2026-09-13 23:25:54.080 [info] Sync started.
2026-09-13 23:25:54.256 [info] Settings: No changes found during synchronizing settings.
2026-09-13 23:25:54.272 [info] Keybindings: No changes found during synchronizing keybindings.
2026-09-13 23:25:54.299 [info] Snippets: No changes found during synchronizing snippets.
2026-09-13 23:25:54.311 [info] Tasks: No changes found during synchronizing tasks.
2026-09-13 23:25:54.321 [info] Mcp: No changes found during synchronizing mcp.
2026-09-13 23:25:54.366 [info] GlobalState: No changes found during synchronizing ui state.
2026-09-13 23:25:54.501 [info] Extensions: No changes found during synchronizing extensions.
2026-09-13 23:25:54.541 [info] Prompts: No changes found during synchronizing prompts.
2026-09-13 23:25:54.555 [info] Profiles: No changes found during synchronizing profiles.
2026-09-13 23:25:54.581 [info] Syncing profile. Agents
2026-09-13 23:25:54.586 [info] GlobalState (Agents): No changes found during synchronizing ui state.
2026-09-13 23:25:54.589 [info] Sync done. Took 514ms
2026-09-13 23:30:54.594 [info] [AutoSync] Triggered by Interval
2026-09-13 23:30:54.595 [info] Sync started.
2026-09-13 23:30:54.784 [info] Settings: No changes found during synchronizing settings.
2026-09-13 23:30:54.805 [info] Keybindings: No changes found during synchronizing keybindings.
2026-09-13 23:30:54.821 [info] Snippets: No changes found during synchronizing snippets.
2026-09-13 23:30:54.835 [info] Tasks: No changes found during synchronizing tasks.
2026-09-13 23:30:54.848 [info] Mcp: No changes found during synchronizing mcp.
2026-09-13 23:30:54.862 [info] GlobalState: No changes found during synchronizing ui state.
2026-09-13 23:30:55.459 [info] Extensions: No changes found during synchronizing extensions.
2026-09-13 23:30:55.640 [info] Prompts: No changes found during synchronizing prompts.
2026-09-13 23:30:55.683 [info] Profiles: No changes found during synchronizing profiles.
2026-09-13 23:30:55.705 [info] Syncing profile. Agents
2026-09-13 23:30:55.706 [info] GlobalState (Agents): No changes found during synchronizing ui state.
2026-09-13 23:30:55.707 [info] Sync done. Took 997ms
2026-09-13 23:35:55.592 [info] [AutoSync] Triggered by Interval
2026-09-13 23:35:55.593 [info] Sync started.
2026-09-13 23:35:55.745 [info] Settings: No changes found during synchronizing settings.
2026-09-13 23:35:55.761 [info] Keybindings: No changes found during synchronizing keybindings.
2026-09-13 23:35:55.774 [info] Snippets: No changes found during synchronizing snippets.
2026-09-13 23:35:55.788 [info] Tasks: No changes found during synchronizing tasks.
2026-09-13 23:35:55.802 [info] Mcp: No changes found during synchronizing mcp.
2026-09-13 23:35:55.819 [info] GlobalState: No changes found during synchronizing ui state.
2026-09-13 23:35:55.962 [info] Extensions: No changes found during synchronizing extensions.
2026-09-13 23:35:56.016 [info] Prompts: No changes found during synchronizing prompts.
2026-09-13 23:35:56.025 [info] Profiles: No changes found during synchronizing profiles.
2026-09-13 23:35:56.037 [info] Syncing profile. Agents
2026-09-13 23:35:56.042 [info] GlobalState (Agents): No changes found during synchronizing ui state.
2026-09-13 23:35:56.046 [info] Sync done. Took 458ms
2026-09-13 23:37:28.657 [info] [AutoSync] Triggered by Activity
2026-09-13 23:37:29.191 [info] Sync started.
2026-09-13 23:37:29.208 [info] Settings: No changes found during synchronizing settings.
2026-09-13 23:37:29.230 [info] Keybindings: No changes found during synchronizing keybindings.
2026-09-13 23:37:29.252 [info] Snippets: No changes found during synchronizing snippets.
2026-09-13 23:37:29.264 [info] Tasks: No changes found during synchronizing tasks.
2026-09-13 23:37:29.278 [info] Mcp: No changes found during synchronizing mcp.
2026-09-13 23:37:29.293 [info] GlobalState: No changes found during synchronizing ui state.
2026-09-13 23:37:29.485 [info] Extensions: No changes found during synchronizing extensions.
2026-09-13 23:37:29.497 [info] Prompts: No changes found during synchronizing prompts.
2026-09-13 23:37:29.505 [info] Profiles: No changes found during synchronizing profiles.
2026-09-13 23:37:29.512 [info] Syncing profile. Agents
2026-09-13 23:37:29.519 [info] GlobalState (Agents): No changes found during synchronizing ui state.
2026-09-13 23:37:29.526 [info] Sync done. Took 868ms
2026-09-13 23:37:59.627 [info] [AutoSync] Triggered by Activity
2026-09-13 23:37:59.634 [info] Sync started.
2026-09-13 23:37:59.655 [info] Settings: No changes found during synchronizing settings.
2026-09-13 23:37:59.670 [info] Keybindings: No changes found during synchronizing keybindings.
2026-09-13 23:37:59.684 [info] Snippets: No changes found during synchronizing snippets.
2026-09-13 23:37:59.696 [info] Tasks: No changes found during synchronizing tasks.
2026-09-13 23:37:59.719 [info] Mcp: No changes found during synchronizing mcp.
2026-09-13 23:38:01.123 [info] GlobalState: Updated remote ui state. Updated: commandPalette.mru.cache,commandPalette.mru.counter.
2026-09-13 23:38:01.513 [info] GlobalState: Updated last synchronized ui state
2026-09-13 23:38:01.751 [info] Extensions: No changes found during synchronizing extensions.
2026-09-13 23:38:01.760 [info] Prompts: No changes found during synchronizing prompts.
2026-09-13 23:38:01.765 [info] Profiles: No changes found during synchronizing profiles.
2026-09-13 23:38:01.771 [info] Syncing profile. Agents
2026-09-13 23:38:01.799 [info] GlobalState (Agents): No changes found during synchronizing ui state.
2026-09-13 23:38:01.800 [info] Sync done. Took 2374ms
2026-09-13 23:38:54.315 [info] [AutoSync] Triggered by Activity
2026-09-13 23:38:54.322 [info] Sync started.
2026-09-13 23:38:54.603 [info] Settings: No changes found during synchronizing settings.
2026-09-13 23:38:54.665 [info] Keybindings: No changes found during synchronizing keybindings.
2026-09-13 23:38:54.711 [info] Snippets: No changes found during synchronizing snippets.
2026-09-13 23:38:54.738 [info] Tasks: No changes found during synchronizing tasks.
2026-09-13 23:38:54.771 [info] Mcp: No changes found during synchronizing mcp.
2026-09-13 23:38:55.347 [info] GlobalState: Updated remote ui state. Updated: workbench.activity.pinnedViewlets2.
2026-09-13 23:38:55.433 [info] GlobalState: Updated last synchronized ui state
2026-09-13 23:38:56.666 [info] Extensions: No changes found during synchronizing extensions.
2026-09-13 23:38:56.772 [info] Prompts: No changes found during synchronizing prompts.
2026-09-13 23:38:56.818 [info] Profiles: No changes found during synchronizing profiles.
2026-09-13 23:38:56.828 [info] Syncing profile. Agents
2026-09-13 23:38:56.853 [info] GlobalState (Agents): No changes found during synchronizing ui state.
2026-09-13 23:38:56.863 [info] Sync done. Took 2558ms
