2026-09-15 09:18:48.693 [info] [main] Log level: Info
2026-09-15 09:18:48.693 [info] [main] Validating found git in: "git"
2026-09-15 09:18:48.693 [info] [main] Using git "2.55.0" from "git"
2026-09-15 09:18:48.693 [info] [Model][doInitialScan] Initial repository scan started
2026-09-15 09:18:49.680 [info] > git rev-parse --show-toplevel [4235ms]
2026-09-15 09:18:49.781 [info] fatal: not a git repository (or any of the parent directories): .git
2026-09-15 09:18:49.969 [info] > git rev-parse --show-toplevel [131ms]
2026-09-15 09:18:49.969 [info] fatal: not a git repository (or any of the parent directories): .git
2026-09-15 09:18:49.972 [info] [Model][doInitialScan] Initial repository scan completed - repositories (0), closed repositories (0), parent repositories (0), unsafe repositories (0)
2026-09-15 09:18:50.534 [info] > git rev-parse --show-toplevel [33ms]
2026-09-15 09:18:50.534 [info] fatal: not a git repository (or any of the parent directories): .git
2026-09-15 09:19:00.362 [info] > git rev-parse --show-toplevel [4ms]
2026-09-15 09:19:00.362 [info] fatal: not a git repository (or any of the parent directories): .git
2026-09-15 09:43:22.376 [info] > git rev-parse --show-toplevel [852ms]
2026-09-15 09:43:22.493 [info] fatal: not a git repository (or any of the parent directories): .git
2026-09-15 09:44:27.573 [info] > git rev-parse --show-toplevel [104ms]
2026-09-15 09:44:27.594 [info] fatal: not a git repository (or any of the parent directories): .git
2026-09-15 09:44:44.406 [info] > git rev-parse --show-toplevel [13ms]
2026-09-15 09:44:44.406 [info] fatal: not a git repository (or any of the parent directories): .git
2026-09-15 10:30:26.269 [info] > git rev-parse --show-toplevel [1788ms]
2026-09-15 10:30:26.373 [info] fatal: not a git repository (or any of the parent directories): .git
2026-09-15 11:01:51.079 [info] > git rev-parse --show-toplevel [293ms]
2026-09-15 11:01:51.224 [info] fatal: not a git repository (or any of the parent directories): .git
2026-09-15 11:40:53.129 [info] > git rev-parse --show-toplevel [28898ms]
2026-09-15 11:40:53.199 [info] fatal: not a git repository (or any of the parent directories): .git
2026-09-15 11:41:00.345 [info] > git rev-parse --show-toplevel [3443ms]
2026-09-15 11:41:00.345 [info] fatal: not a git repository (or any of the parent directories): .git
2026-09-15 11:41:00.627 [info] > git rev-parse --show-toplevel [50ms]
2026-09-15 11:41:00.628 [info] fatal: not a git repository (or any of the parent directories): .git
2026-09-15 11:41:00.662 [info] > git rev-parse --show-toplevel [5ms]
2026-09-15 11:41:00.663 [info] fatal: not a git repository (or any of the parent directories): .git
2026-09-15 11:41:00.815 [info] > git rev-parse --show-toplevel [12ms]
2026-09-15 11:41:00.815 [info] fatal: not a git repository (or any of the parent directories): .git
2026-09-15 11:41:00.874 [info] > git rev-parse --show-toplevel [6ms]
2026-09-15 11:41:00.874 [info] fatal: not a git repository (or any of the parent directories): .git
2026-09-15 11:41:03.479 [info] > git rev-parse --show-toplevel [32ms]
2026-09-15 11:41:03.479 [info] fatal: not a git repository (or any of the parent directories): .git
2026-09-15 11:41:04.404 [info] > git rev-parse --show-toplevel [44ms]
2026-09-15 11:41:04.404 [info] fatal: not a git repository (or any of the parent directories): .git
2026-09-15 11:41:05.904 [info] > git rev-parse --show-toplevel [129ms]
2026-09-15 11:41:05.904 [info] fatal: not a git repository (or any of the parent directories): .git
2026-09-15 11:41:05.992 [info] > git rev-parse --show-toplevel [33ms]
2026-09-15 11:41:05.992 [info] fatal: not a git repository (or any of the parent directories): .git
2026-09-15 11:41:07.185 [info] > git rev-parse --show-toplevel [292ms]
2026-09-15 11:41:07.185 [info] fatal: not a git repository (or any of the parent directories): .git
2026-09-15 11:41:22.727 [info] > git rev-parse --show-toplevel [11ms]
2026-09-15 11:41:22.727 [info] fatal: not a git repository (or any of the parent directories): .git
2026-09-15 11:41:23.530 [info] > git rev-parse --show-toplevel [5ms]
2026-09-15 11:41:23.530 [info] fatal: not a git repository (or any of the parent directories): .git
2026-09-15 11:41:23.643 [info] > git rev-parse --show-toplevel [30ms]
2026-09-15 11:41:23.643 [info] fatal: not a git repository (or any of the parent directories): .git
2026-09-15 11:41:23.767 [info] > git rev-parse --show-toplevel [41ms]
2026-09-15 11:41:23.767 [info] fatal: not a git repository (or any of the parent directories): .git
2026-09-15 11:41:29.296 [info] > git rev-parse --show-toplevel [2170ms]
2026-09-15 11:41:29.296 [info] fatal: not a git repository (or any of the parent directories): .git
2026-09-15 11:41:29.654 [info] > git rev-parse --show-toplevel [320ms]
2026-09-15 11:41:29.655 [info] fatal: not a git repository (or any of the parent directories): .git
2026-09-15 11:41:30.983 [info] > git rev-parse --show-toplevel [383ms]
2026-09-15 11:41:30.983 [info] fatal: not a git repository (or any of the parent directories): .git
2026-09-15 11:41:31.365 [info] > git rev-parse --show-toplevel [129ms]
2026-09-15 11:41:31.365 [info] fatal: not a git repository (or any of the parent directories): .git
2026-09-15 11:41:39.718 [info] > git rev-parse --show-toplevel [24ms]
2026-09-15 11:41:39.718 [info] fatal: not a git repository (or any of the parent directories): .git
2026-09-15 11:41:39.975 [info] > git rev-parse --show-toplevel [145ms]
2026-09-15 11:41:39.982 [info] fatal: not a git repository (or any of the parent directories): .git
2026-09-15 11:41:40.226 [info] > git rev-parse --show-toplevel [31ms]
2026-09-15 11:41:40.228 [info] fatal: not a git repository (or any of the parent directories): .git
2026-09-15 11:41:43.676 [info] > git rev-parse --show-toplevel [631ms]
2026-09-15 11:41:43.676 [info] fatal: not a git repository (or any of the parent directories): .git
2026-09-15 11:41:44.230 [info] > git rev-parse --show-toplevel [62ms]
2026-09-15 11:41:44.230 [info] fatal: not a git repository (or any of the parent directories): .git
2026-09-15 11:41:44.308 [info] > git rev-parse --show-toplevel [43ms]
2026-09-15 11:41:44.308 [info] fatal: not a git repository (or any of the parent directories): .git
2026-09-15 11:41:44.364 [info] > git rev-parse --show-toplevel [26ms]
2026-09-15 11:41:44.364 [info] fatal: not a git repository (or any of the parent directories): .git
2026-09-15 11:41:44.444 [info] > git rev-parse --show-toplevel [29ms]
2026-09-15 11:41:44.444 [info] fatal: not a git repository (or any of the parent directories): .git
2026-09-15 11:41:44.516 [info] > git rev-parse --show-toplevel [44ms]
2026-09-15 11:41:44.516 [info] fatal: not a git repository (or any of the parent directories): .git
2026-09-15 11:41:44.551 [info] > git rev-parse --show-toplevel [8ms]
2026-09-15 11:41:44.551 [info] fatal: not a git repository (or any of the parent directories): .git
2026-09-15 11:41:44.582 [info] > git rev-parse --show-toplevel [6ms]
2026-09-15 11:41:44.582 [info] fatal: not a git repository (or any of the parent directories): .git
2026-09-15 11:41:44.950 [info] > git rev-parse --show-toplevel [7ms]
2026-09-15 11:41:44.951 [info] fatal: not a git repository (or any of the parent directories): .git
2026-09-15 11:41:44.981 [info] > git rev-parse --show-toplevel [5ms]
2026-09-15 11:41:44.981 [info] fatal: not a git repository (or any of the parent directories): .git
2026-09-15 12:04:48.805 [info] > git rev-parse --show-toplevel [4546ms]
2026-09-15 12:04:48.830 [info] fatal: not a git repository (or any of the parent directories): .git
2026-09-15 12:06:05.582 [info] > git rev-parse --show-toplevel [11076ms]
2026-09-15 12:10:42.235 [info] [main] Log level: Info
2026-09-15 12:10:42.605 [info] [main] Validating found git in: "git"
2026-09-15 12:10:43.507 [info] [main] Using git "2.55.0" from "git"
2026-09-15 12:10:43.507 [info] [Model][doInitialScan] Initial repository scan started
2026-09-15 12:10:43.510 [info] [Model][doInitialScan] Initial repository scan completed - repositories (0), closed repositories (0), parent repositories (0), unsafe repositories (0)
2026-09-15 12:15:37.916 [info] [main] Log level: Info
2026-09-15 12:15:38.167 [info] [main] Validating found git in: "git"
2026-09-15 12:15:38.243 [info] [main] Using git "2.55.0" from "git"
2026-09-15 12:15:38.243 [info] [Model][doInitialScan] Initial repository scan started
2026-09-15 12:15:40.167 [info] > git rev-parse --show-toplevel [1037ms]
2026-09-15 12:15:40.215 [info] fatal: not a git repository (or any of the parent directories): .git
2026-09-15 12:15:42.479 [info] > git rev-parse --show-toplevel [1072ms]
2026-09-15 12:15:43.669 [info] > git rev-parse --git-dir --git-common-dir --show-superproject-working-tree [1121ms]
2026-09-15 12:15:44.131 [info] [Model][openRepository] Opened repository (path): /home/darren/Downloads/Arch-Hyprland
2026-09-15 12:15:44.131 [info] [Model][openRepository] Opened repository (real path): /home/darren/Downloads/Arch-Hyprland
2026-09-15 12:15:44.131 [info] [Model][openRepository] Opened repository (kind): repository
2026-09-15 12:15:44.217 [info] > git config --get --local core.virtualfilesystem [56ms]
2026-09-15 12:15:44.217 [warning] [Git][config] git config failed: Failed to execute git
2026-09-15 12:15:44.223 [info] > git config --get commit.template [35ms]
2026-09-15 12:15:44.249 [info] > git rev-parse --show-toplevel [39ms]
2026-09-15 12:15:44.249 [info] fatal: not a git repository (or any of the parent directories): .git
2026-09-15 12:15:44.276 [info] > git rev-parse --show-toplevel [4ms]
2026-09-15 12:15:44.276 [info] fatal: not a git repository (or any of the parent directories): .git
2026-09-15 12:15:44.835 [info] > git rev-parse --show-toplevel [536ms]
2026-09-15 12:15:44.868 [info] > git rev-parse --git-dir --git-common-dir --show-superproject-working-tree [9ms]
2026-09-15 12:15:45.704 [info] > git for-each-ref --format=%(refname)%00%(upstream:short)%00%(objectname)%00%(upstream:track)%00%(upstream:remotename)%00%(upstream:remoteref) refs/heads/main refs/remotes/main [1458ms]
2026-09-15 12:15:45.734 [warning] [Git][revParse] Unable to read file: ENOENT: no such file or directory, open '/home/darren/Downloads/Arch-Hyprland/.git/refs/remotes/origin/main'
2026-09-15 12:15:45.738 [info] > git rev-parse refs/remotes/origin/main [5ms]
2026-09-15 12:15:46.060 [info] > git for-each-ref --sort -committerdate --format %(refname)%00%(objectname)%00%(*objectname) [271ms]
2026-09-15 12:15:47.374 [info] [Model][openRepository] Opened repository (path): /home/darren/Downloads/ohmyzsh
2026-09-15 12:15:47.374 [info] [Model][openRepository] Opened repository (real path): /home/darren/Downloads/ohmyzsh
2026-09-15 12:15:47.374 [info] [Model][openRepository] Opened repository (kind): repository
2026-09-15 12:15:47.598 [info] > git config --get commit.template [128ms]
2026-09-15 12:15:47.598 [info] > git config --get --local core.virtualfilesystem [201ms]
2026-09-15 12:15:47.598 [warning] [Git][config] git config failed: Failed to execute git
2026-09-15 12:15:48.080 [info] > git rev-parse --show-toplevel [543ms]
2026-09-15 12:15:48.251 [info] > git check-ignore -v -z --stdin [116ms]
2026-09-15 12:15:48.260 [info] > git rev-parse --git-dir --git-common-dir --show-superproject-working-tree [13ms]
2026-09-15 12:15:48.301 [info] [Model][openRepository] Opened repository (path): /home/darren/Downloads/zsh
2026-09-15 12:15:48.301 [info] [Model][openRepository] Opened repository (real path): /home/darren/Downloads/zsh
2026-09-15 12:15:48.301 [info] [Model][openRepository] Opened repository (kind): repository
2026-09-15 12:15:48.376 [info] [Model][doInitialScan] Initial repository scan completed - repositories (3), closed repositories (0), parent repositories (0), unsafe repositories (0)
2026-09-15 12:15:48.408 [info] > git check-ignore -v -z --stdin [298ms]
2026-09-15 12:15:48.417 [info] > git config --get --local core.virtualfilesystem [49ms]
2026-09-15 12:15:48.418 [warning] [Git][config] git config failed: Failed to execute git
2026-09-15 12:15:48.471 [info] > git config --get commit.template [65ms]
2026-09-15 12:15:49.049 [info] > git check-ignore -v -z --stdin [36ms]
2026-09-15 12:15:49.055 [info] > git check-ignore -v -z --stdin [11ms]
2026-09-15 12:15:49.067 [info] > git for-each-ref --format=%(refname)%00%(upstream:short)%00%(objectname)%00%(upstream:track)%00%(upstream:remotename)%00%(upstream:remoteref) refs/heads/master refs/remotes/master [1344ms]
2026-09-15 12:15:49.090 [warning] [Git][revParse] Unable to read file: ENOENT: no such file or directory, open '/home/darren/Downloads/ohmyzsh/.git/refs/remotes/origin/master'
2026-09-15 12:15:49.092 [info] > git check-ignore -v -z --stdin [104ms]
2026-09-15 12:15:49.097 [info] > git rev-parse refs/remotes/origin/master [7ms]
2026-09-15 12:15:49.568 [info] > git for-each-ref --sort -committerdate --format %(refname)%00%(objectname)%00%(*objectname) [422ms]
2026-09-15 12:15:49.843 [info] > git for-each-ref --format=%(refname)%00%(upstream:short)%00%(objectname)%00%(upstream:track)%00%(upstream:remotename)%00%(upstream:remoteref) refs/heads/main refs/remotes/main [1343ms]
2026-09-15 12:15:49.898 [warning] [Git][revParse] Unable to read file: ENOENT: no such file or directory, open '/home/darren/Downloads/zsh/.git/refs/remotes/origin/main'
2026-09-15 12:15:49.902 [info] > git rev-parse refs/remotes/origin/main [4ms]
2026-09-15 12:15:50.035 [info] > git for-each-ref --sort -committerdate --format %(refname)%00%(objectname)%00%(*objectname) [72ms]
2026-09-15 12:15:50.075 [info] > git status -z -uall [141ms]
2026-09-15 12:15:50.714 [info] > git config --get commit.template [21ms]
2026-09-15 12:15:50.714 [info] > git for-each-ref --format=%(refname)%00%(upstream:short)%00%(objectname)%00%(upstream:track)%00%(upstream:remotename)%00%(upstream:remoteref) refs/heads/main refs/remotes/main [62ms]
2026-09-15 12:15:50.907 [info] > git config --get --local branch.main.vscode-merge-base [127ms]
2026-09-15 12:15:50.907 [warning] [Git][config] git config failed: Failed to execute git
2026-09-15 12:15:51.457 [info] > git reflog main --grep-reflog=branch: Created from *. [484ms]
2026-09-15 12:15:51.486 [info] > git for-each-ref --format=%(refname)%00%(upstream:short)%00%(objectname)%00%(upstream:track)%00%(upstream:remotename)%00%(upstream:remoteref) refs/heads/main refs/remotes/main [324ms]
2026-09-15 12:15:51.508 [warning] [Git][revParse] Unable to read file: ENOENT: no such file or directory, open '/home/darren/Downloads/zsh/.git/refs/remotes/origin/main'
2026-09-15 12:15:51.511 [info] > git symbolic-ref --short refs/remotes/origin/HEAD [31ms]
2026-09-15 12:15:52.396 [info] > git status -z -uall [6634ms]
2026-09-15 12:15:52.409 [info] > git rev-parse refs/remotes/origin/main [901ms]
2026-09-15 12:15:52.466 [info] > git status -z -uall [35ms]
2026-09-15 12:15:52.786 [info] > git for-each-ref --format=%(refname)%00%(upstream:short)%00%(objectname)%00%(upstream:track)%00%(upstream:remotename)%00%(upstream:remoteref) refs/heads/origin/main refs/remotes/origin/main [1254ms]
2026-09-15 12:15:53.519 [info] > git config --add --local branch.main.vscode-merge-base origin/main [708ms]
2026-09-15 12:15:53.531 [info] > git for-each-ref --sort -committerdate --format %(refname)%00%(objectname)%00%(*objectname) [1076ms] (cancelled)
2026-09-15 12:15:53.631 [info] > git config --get commit.template [183ms]
2026-09-15 12:15:53.631 [info] > git for-each-ref --format=%(refname)%00%(upstream:short)%00%(objectname)%00%(upstream:track)%00%(upstream:remotename)%00%(upstream:remoteref) refs/heads/main refs/remotes/main [1031ms]
2026-09-15 12:15:53.699 [info] > git config --get commit.template [75ms]
2026-09-15 12:15:53.757 [info] > git config --get --local branch.main.vscode-merge-base [86ms]
2026-09-15 12:15:53.757 [warning] [Git][config] git config failed: Failed to execute git
2026-09-15 12:15:53.904 [info] > git for-each-ref --format=%(refname)%00%(upstream:short)%00%(objectname)%00%(upstream:track)%00%(upstream:remotename)%00%(upstream:remoteref) refs/heads/main refs/remotes/main [157ms]
2026-09-15 12:15:53.956 [warning] [Git][revParse] Unable to read file: ENOENT: no such file or directory, open '/home/darren/Downloads/Arch-Hyprland/.git/refs/remotes/origin/main'
2026-09-15 12:15:53.962 [info] > git for-each-ref --format=%(refname)%00%(upstream:short)%00%(objectname)%00%(upstream:track)%00%(upstream:remotename)%00%(upstream:remoteref) refs/heads/main refs/remotes/main [113ms]
2026-09-15 12:15:54.017 [warning] [Git][revParse] Unable to read file: ENOENT: no such file or directory, open '/home/darren/Downloads/zsh/.git/refs/remotes/origin/main'
2026-09-15 12:15:54.164 [info] > git rev-parse refs/remotes/origin/main [209ms]
2026-09-15 12:15:54.295 [info] > git rev-parse refs/remotes/origin/main [278ms]
2026-09-15 12:15:54.775 [info] > git status -z -uall [544ms]
2026-09-15 12:15:54.932 [info] > git status -z -uall [594ms]
2026-09-15 12:15:54.934 [info] > git for-each-ref --sort -committerdate --format %(refname)%00%(objectname)%00%(*objectname) [562ms]
2026-09-15 12:15:55.012 [info] > git for-each-ref --sort -committerdate --format %(refname)%00%(objectname)%00%(*objectname) [727ms]
2026-09-15 12:15:55.046 [info] > git merge-base refs/heads/main refs/remotes/origin/main [50ms]
2026-09-15 12:15:55.071 [info] > git merge-base refs/heads/main refs/remotes/origin/main [102ms]
2026-09-15 12:15:55.098 [info] > git diff --raw --numstat --diff-filter=ADMR -z --find-renames=50% aa9e030b932d844ca5f8915a3aa51db18e079ca5...refs/remotes/origin/main -- [27ms]
2026-09-15 12:15:55.102 [info] > git diff --raw --numstat --diff-filter=ADMR -z --find-renames=50% aa9e030b932d844ca5f8915a3aa51db18e079ca5...refs/remotes/origin/main -- [6ms]
2026-09-15 12:15:55.918 [info] > git reflog main --grep-reflog=branch: Created from *. [2127ms]
2026-09-15 12:15:55.947 [info] > git symbolic-ref --short refs/remotes/origin/HEAD [8ms]
2026-09-15 12:15:55.973 [info] > git for-each-ref --format=%(refname)%00%(upstream:short)%00%(objectname)%00%(upstream:track)%00%(upstream:remotename)%00%(upstream:remoteref) refs/heads/origin/main refs/remotes/origin/main [4ms]
2026-09-15 12:15:56.290 [info] > git config --add --local branch.main.vscode-merge-base origin/main [293ms]
2026-09-15 12:15:56.341 [info] > git config --get commit.template [27ms]
2026-09-15 12:15:56.345 [info] > git for-each-ref --format=%(refname)%00%(upstream:short)%00%(objectname)%00%(upstream:track)%00%(upstream:remotename)%00%(upstream:remoteref) refs/heads/main refs/remotes/main [6ms]
2026-09-15 12:15:56.367 [warning] [Git][revParse] Unable to read file: ENOENT: no such file or directory, open '/home/darren/Downloads/Arch-Hyprland/.git/refs/remotes/origin/main'
2026-09-15 12:15:56.371 [info] > git rev-parse refs/remotes/origin/main [4ms]
2026-09-15 12:15:56.429 [info] > git for-each-ref --sort -committerdate --format %(refname)%00%(objectname)%00%(*objectname) [6ms]
2026-09-15 12:15:56.493 [info] > git status -z -uall [98ms]
2026-09-15 12:15:56.597 [info] > git merge-base refs/heads/main refs/remotes/origin/main [29ms]
2026-09-15 12:15:57.180 [info] > git diff --raw --numstat --diff-filter=ADMR -z --find-renames=50% 691ac769f3dad99a330570c4707010af991e17c2...refs/remotes/origin/main -- [558ms]
2026-09-15 12:15:57.200 [info] > git merge-base refs/heads/main refs/remotes/origin/main [607ms]
2026-09-15 12:15:57.230 [info] > git diff --raw --numstat --diff-filter=ADMR -z --find-renames=50% 691ac769f3dad99a330570c4707010af991e17c2...refs/remotes/origin/main -- [6ms]
2026-09-15 12:15:58.139 [info] > git status -z -uall [9019ms]
2026-09-15 12:15:58.622 [info] > git config --get commit.template [38ms]
2026-09-15 12:15:58.623 [info] > git config --get commit.template [65ms]
2026-09-15 12:15:58.623 [info] > git config --get commit.template [96ms]
2026-09-15 12:15:58.623 [info] > git for-each-ref --format=%(refname)%00%(upstream:short)%00%(objectname)%00%(upstream:track)%00%(upstream:remotename)%00%(upstream:remoteref) refs/heads/master refs/remotes/master [427ms]
2026-09-15 12:15:58.659 [info] > git config --get --local branch.master.vscode-merge-base [9ms]
2026-09-15 12:15:58.659 [warning] [Git][config] git config failed: Failed to execute git
2026-09-15 12:15:58.683 [info] > git rev-parse --show-toplevel [74ms]
2026-09-15 12:15:58.683 [info] fatal: not a git repository (or any of the parent directories): .git
2026-09-15 12:15:58.789 [info] > git reflog master --grep-reflog=branch: Created from *. [106ms]
2026-09-15 12:15:58.814 [info] > git for-each-ref --format=%(refname)%00%(upstream:short)%00%(objectname)%00%(upstream:track)%00%(upstream:remotename)%00%(upstream:remoteref) refs/heads/main refs/remotes/main [71ms]
2026-09-15 12:15:58.815 [info] > git for-each-ref --format=%(refname)%00%(upstream:short)%00%(objectname)%00%(upstream:track)%00%(upstream:remotename)%00%(upstream:remoteref) refs/heads/master refs/remotes/master [103ms]
2026-09-15 12:15:58.844 [warning] [Git][revParse] Unable to read file: ENOENT: no such file or directory, open '/home/darren/Downloads/Arch-Hyprland/.git/refs/remotes/origin/main'
2026-09-15 12:15:58.868 [warning] [Git][revParse] Unable to read file: ENOENT: no such file or directory, open '/home/darren/Downloads/ohmyzsh/.git/refs/remotes/origin/master'
2026-09-15 12:15:58.868 [info] > git for-each-ref --format=%(refname)%00%(upstream:short)%00%(objectname)%00%(upstream:track)%00%(upstream:remotename)%00%(upstream:remoteref) refs/heads/main refs/remotes/main [95ms]
2026-09-15 12:15:58.912 [warning] [Git][revParse] Unable to read file: ENOENT: no such file or directory, open '/home/darren/Downloads/zsh/.git/refs/remotes/origin/main'
2026-09-15 12:15:58.918 [info] > git rev-parse refs/remotes/origin/master [51ms]
2026-09-15 12:15:58.980 [info] > git rev-parse refs/remotes/origin/main [137ms]
2026-09-15 12:15:59.036 [info] > git symbolic-ref --short refs/remotes/origin/HEAD [225ms]
2026-09-15 12:15:59.068 [info] > git status -z -uall [126ms]
2026-09-15 12:15:59.073 [info] > git for-each-ref --sort -committerdate --format %(refname)%00%(objectname)%00%(*objectname) [38ms]
2026-09-15 12:15:59.077 [info] > git for-each-ref --sort -committerdate --format %(refname)%00%(objectname)%00%(*objectname) [101ms]
2026-09-15 12:15:59.114 [info] > git rev-parse refs/remotes/origin/main [202ms]
2026-09-15 12:15:59.226 [info] > git status -z -uall [223ms]
2026-09-15 12:15:59.234 [info] > git status -z -uall [87ms]
2026-09-15 12:15:59.235 [info] > git for-each-ref --format=%(refname)%00%(upstream:short)%00%(objectname)%00%(upstream:track)%00%(upstream:remotename)%00%(upstream:remoteref) refs/heads/origin/master refs/remotes/origin/master [172ms]
2026-09-15 12:15:59.298 [info] > git config --get commit.template [76ms]
2026-09-15 12:15:59.298 [info] > git for-each-ref --sort -committerdate --format %(refname)%00%(objectname)%00%(*objectname) [119ms]
2026-09-15 12:15:59.468 [info] > git config --add --local branch.master.vscode-merge-base origin/master [209ms]
2026-09-15 12:16:00.075 [info] > git config --get commit.template [609ms]
2026-09-15 12:16:00.076 [info] > git config --get commit.template [633ms]
2026-09-15 12:16:00.095 [info] > git config --get commit.template [28ms]
2026-09-15 12:16:00.167 [info] > git for-each-ref --format=%(refname)%00%(upstream:short)%00%(objectname)%00%(upstream:track)%00%(upstream:remotename)%00%(upstream:remoteref) refs/heads/master refs/remotes/master [124ms]
2026-09-15 12:16:00.264 [warning] [Git][revParse] Unable to read file: ENOENT: no such file or directory, open '/home/darren/Downloads/ohmyzsh/.git/refs/remotes/origin/master'
2026-09-15 12:16:00.275 [info] > git for-each-ref --format=%(refname)%00%(upstream:short)%00%(objectname)%00%(upstream:track)%00%(upstream:remotename)%00%(upstream:remoteref) refs/heads/main refs/remotes/main [112ms]
2026-09-15 12:16:00.275 [info] > git for-each-ref --format=%(refname)%00%(upstream:short)%00%(objectname)%00%(upstream:track)%00%(upstream:remotename)%00%(upstream:remoteref) refs/heads/main refs/remotes/main [149ms]
2026-09-15 12:16:00.298 [warning] [Git][revParse] Unable to read file: ENOENT: no such file or directory, open '/home/darren/Downloads/Arch-Hyprland/.git/refs/remotes/origin/main'
2026-09-15 12:16:00.321 [warning] [Git][revParse] Unable to read file: ENOENT: no such file or directory, open '/home/darren/Downloads/zsh/.git/refs/remotes/origin/main'
2026-09-15 12:16:00.323 [info] > git for-each-ref --format=%(refname)%00%(upstream:short)%00%(objectname)%00%(upstream:track)%00%(upstream:remotename)%00%(upstream:remoteref) refs/heads/master refs/remotes/master [82ms]
2026-09-15 12:16:00.347 [warning] [Git][revParse] Unable to read file: ENOENT: no such file or directory, open '/home/darren/Downloads/ohmyzsh/.git/refs/remotes/origin/master'
2026-09-15 12:16:00.348 [info] > git rev-parse refs/remotes/origin/master [84ms]
2026-09-15 12:16:00.388 [info] > git rev-parse refs/remotes/origin/main [89ms]
2026-09-15 12:16:00.444 [info] > git rev-parse refs/remotes/origin/master [98ms]
2026-09-15 12:16:00.526 [info] > git rev-parse refs/remotes/origin/main [205ms]
2026-09-15 12:16:00.595 [info] > git status -z -uall [183ms]
2026-09-15 12:16:00.596 [info] > git status -z -uall [123ms]
2026-09-15 12:16:00.596 [info] > git status -z -uall [42ms]
2026-09-15 12:16:00.602 [info] > git for-each-ref --sort -committerdate --format %(refname)%00%(objectname)%00%(*objectname) [76ms]
2026-09-15 12:16:00.695 [info] > git for-each-ref --sort -committerdate --format %(refname)%00%(objectname)%00%(*objectname) [255ms]
2026-09-15 12:16:00.767 [info] > git for-each-ref --sort -committerdate --format %(refname)%00%(objectname)%00%(*objectname) [180ms]
2026-09-15 12:16:01.319 [info] > git merge-base refs/heads/master refs/remotes/origin/master [647ms]
2026-09-15 12:16:01.354 [info] > git merge-base refs/heads/master refs/remotes/origin/master [711ms]
2026-09-15 12:16:01.431 [info] > git diff --raw --numstat --diff-filter=ADMR -z --find-renames=50% be8da5c77192eb3da3699ea7c5e47bdfaa5eea4e...refs/remotes/origin/master -- [46ms]
2026-09-15 12:16:01.432 [info] > git diff --raw --numstat --diff-filter=ADMR -z --find-renames=50% be8da5c77192eb3da3699ea7c5e47bdfaa5eea4e...refs/remotes/origin/master -- [79ms]
2026-09-15 12:16:03.479 [info] > git rev-parse --show-toplevel [6ms]
2026-09-15 12:16:03.479 [info] fatal: not a git repository (or any of the parent directories): .git
2026-09-15 12:19:00.399 [info] > git rev-parse --show-toplevel [4ms]
2026-09-15 12:19:00.399 [info] fatal: not a git repository (or any of the parent directories): .git
2026-09-15 12:19:01.640 [info] > git log --format=%H%n%aN%n%aE%n%at%n%ct%n%P%n%D%n%B -z --shortstat --diff-merges=first-parent -n50 --skip=0 --topo-order --decorate=full --stdin [181ms]
2026-09-15 12:19:02.621 [info] > git check-ignore -v -z --stdin [13ms]
2026-09-15 12:19:04.386 [info] > git merge-base main origin/main [6ms]
2026-09-15 12:19:10.486 [info] > git check-ignore -v -z --stdin [5ms]
2026-09-15 12:19:18.700 [info] > git check-ignore -v -z --stdin [7ms]
2026-09-15 12:19:24.878 [info] > git config --get commit.template [109ms]
2026-09-15 12:19:25.114 [info] > git for-each-ref --format=%(refname)%00%(upstream:short)%00%(objectname)%00%(upstream:track)%00%(upstream:remotename)%00%(upstream:remoteref) refs/heads/main refs/remotes/main [240ms]
2026-09-15 12:19:25.137 [warning] [Git][revParse] Unable to read file: ENOENT: no such file or directory, open '/home/darren/Downloads/Arch-Hyprland/.git/refs/remotes/origin/main'
2026-09-15 12:19:25.141 [info] > git rev-parse refs/remotes/origin/main [4ms]
2026-09-15 12:19:25.199 [info] > git for-each-ref --sort -committerdate --format %(refname)%00%(objectname)%00%(*objectname) [8ms]
2026-09-15 12:19:25.331 [info] > git status -z -uall [166ms]
2026-09-15 12:19:32.420 [info] > git check-ignore -v -z --stdin [4ms]
2026-09-15 12:19:41.657 [info] > git rev-parse --show-toplevel [13ms]
2026-09-15 12:19:41.657 [info] fatal: not a git repository (or any of the parent directories): .git
2026-09-15 16:09:50.061 [info] > git check-ignore -v -z --stdin [12053ms]
2026-09-15 16:10:51.618 [info] > git rev-parse --show-toplevel [65394ms]
2026-09-15 16:10:51.646 [info] fatal: not a git repository (or any of the parent directories): .git
2026-09-15 16:10:53.376 [info] > git log --format=%H%n%aN%n%aE%n%at%n%ct%n%P%n%D%n%B -z -n51 --shortstat --follow -- /home/darren/Downloads/Arch-Hyprland/README.md [47821ms]
2026-09-15 16:10:58.144 [info] > git check-ignore -v -z --stdin [4986ms]
2026-09-15 16:11:02.879 [info] > git hash-object -t tree /dev/null [9136ms]
2026-09-15 16:11:07.881 [info] > git ls-files --stage -- README.md [483ms]
2026-09-15 16:11:08.301 [info] > git cat-file -s 5699dd78f6b774c4ded28cc622e2e68c58ac8e51 [300ms]
2026-09-15 16:11:08.804 [info] > git show --textconv :README.md [1427ms]
2026-09-15 16:11:10.056 [info] > git log --format=%H%n%aN%n%aE%n%at%n%ct%n%P%n%D%n%B -z --shortstat --diff-merges=first-parent -n50 --skip=0 --topo-order --decorate=full --stdin [1266ms]
2026-09-15 16:11:11.174 [info] > git merge-base main origin/main [78ms]
2026-09-15 16:11:42.259 [info] > git rev-parse --show-toplevel [4827ms]
2026-09-15 16:11:42.259 [info] fatal: not a git repository (or any of the parent directories): .git
2026-09-15 16:11:42.674 [info] > git rev-parse --show-toplevel [245ms]
2026-09-15 16:11:42.674 [info] fatal: not a git repository (or any of the parent directories): .git
2026-09-15 16:11:43.778 [info] > git check-ignore -v -z --stdin [1221ms]
2026-09-15 16:12:41.488 [info] > git rev-parse --show-toplevel [1035ms]
2026-09-15 16:12:41.529 [info] fatal: not a git repository (or any of the parent directories): .git
2026-09-15 16:12:51.050 [info] > git rev-parse --show-toplevel [385ms]
2026-09-15 16:12:51.050 [info] fatal: not a git repository (or any of the parent directories): .git
2026-09-15 16:13:45.532 [info] > git rev-parse --show-toplevel [1644ms]
2026-09-15 16:13:45.942 [info] fatal: not a git repository (or any of the parent directories): .git
2026-09-15 16:16:24.932 [info] > git rev-parse --show-toplevel [663ms]
2026-09-15 16:16:25.234 [info] fatal: not a git repository (or any of the parent directories): .git
2026-09-15 16:17:32.653 [info] > git rev-parse --show-toplevel [2803ms]
2026-09-15 16:17:32.702 [info] fatal: not a git repository (or any of the parent directories): .git
2026-09-15 16:17:32.853 [info] > git rev-parse --show-toplevel [101ms]
2026-09-15 16:17:32.854 [info] fatal: not a git repository (or any of the parent directories): .git
2026-09-15 18:33:23.282 [info] > git rev-parse --show-toplevel [1266ms]
2026-09-15 18:33:23.323 [info] fatal: not a git repository (or any of the parent directories): .git
2026-09-15 18:34:43.335 [info] > git rev-parse --show-toplevel [4608ms]
2026-09-15 18:34:43.391 [info] fatal: not a git repository (or any of the parent directories): .git
2026-09-15 23:21:02.546 [info] > git log --format=%H%n%aN%n%aE%n%at%n%ct%n%P%n%D%n%B -z -n51 --shortstat --follow -- /home/darren/Downloads/Arch-Hyprland/README.md [10687ms]
2026-09-15 23:21:10.439 [info] > git check-ignore -v -z --stdin [820ms]
2026-09-15 23:21:12.507 [info] > git ls-files --stage -- README.md [301ms]
2026-09-15 23:21:12.607 [info] > git show --textconv :README.md [435ms]
2026-09-15 23:21:12.608 [info] > git cat-file -s 5699dd78f6b774c4ded28cc622e2e68c58ac8e51 [30ms]
2026-09-15 23:21:15.868 [info] > git log --format=%H%n%aN%n%aE%n%at%n%ct%n%P%n%D%n%B -z -n51 --shortstat --follow -- /home/darren/Downloads/Arch-Hyprland/Hyprland-Dots/README.md [72ms]
2026-09-15 23:22:28.479 [info] > git log --format=%H%n%aN%n%aE%n%at%n%ct%n%P%n%D%n%B -z -n51 --shortstat --follow -- /home/darren/Downloads/Arch-Hyprland/README.md [407ms]
2026-09-15 23:22:29.453 [info] > git log --format=%H%n%aN%n%aE%n%at%n%ct%n%P%n%D%n%B -z -n101 --shortstat --follow -- /home/darren/Downloads/Arch-Hyprland/README.md [30ms]
2026-09-15 23:22:31.571 [info] > git log --format=%H%n%aN%n%aE%n%at%n%ct%n%P%n%D%n%B -z -n151 --shortstat --follow -- /home/darren/Downloads/Arch-Hyprland/README.md [8ms]
2026-09-15 23:22:38.322 [info] > git blame --root --incremental 691ac769f3dad99a330570c4707010af991e17c2 -- README.md [170ms]
2026-09-15 23:22:50.729 [info] > git check-ignore -v -z --stdin [2539ms]
2026-09-15 23:23:10.478 [info] > git config --get commit.template [2588ms]
2026-09-15 23:23:12.553 [info] > git check-ignore -v -z --stdin [3350ms]
2026-09-15 23:23:14.081 [info] > git for-each-ref --format=%(refname)%00%(upstream:short)%00%(objectname)%00%(upstream:track)%00%(upstream:remotename)%00%(upstream:remoteref) refs/heads/main refs/remotes/main [376ms]
2026-09-15 23:23:14.576 [warning] [Git][revParse] Unable to read file: ENOENT: no such file or directory, open '/home/darren/Downloads/Arch-Hyprland/.git/refs/remotes/origin/main'
2026-09-15 23:23:14.816 [info] > git rev-parse refs/remotes/origin/main [241ms]
2026-09-15 23:23:16.017 [info] > git for-each-ref --sort -committerdate --format %(refname)%00%(objectname)%00%(*objectname) [1036ms]
2026-09-15 23:23:30.068 [info] > git check-ignore -v -z --stdin [233ms]
2026-09-15 23:23:30.914 [info] > git check-ignore -v -z --stdin [113ms]
2026-09-15 23:23:48.794 [info] > git status -z -uall [33919ms]
2026-09-15 23:25:25.603 [info] > git check-ignore -v -z --stdin [14958ms]
2026-09-15 23:25:26.695 [info] > git config --get commit.template [144ms]
2026-09-15 23:25:28.250 [info] > git for-each-ref --format=%(refname)%00%(upstream:short)%00%(objectname)%00%(upstream:track)%00%(upstream:remotename)%00%(upstream:remoteref) refs/heads/main refs/remotes/main [1488ms]
2026-09-15 23:25:28.407 [warning] [Git][revParse] Unable to read file: ENOENT: no such file or directory, open '/home/darren/Downloads/Arch-Hyprland/.git/refs/remotes/origin/main'
2026-09-15 23:25:28.443 [info] > git check-ignore -v -z --stdin [327ms]
2026-09-15 23:25:29.218 [info] > git rev-parse refs/remotes/origin/main [811ms]
2026-09-15 23:25:30.639 [info] > git for-each-ref --sort -committerdate --format %(refname)%00%(objectname)%00%(*objectname) [1109ms]
2026-09-15 23:25:51.947 [info] > git status -z -uall [22568ms]
2026-09-15 23:27:43.198 [info] > git config --get commit.template [2984ms]
2026-09-15 23:27:43.629 [info] > git check-ignore -v -z --stdin [3300ms]
2026-09-15 23:27:44.194 [info] > git for-each-ref --format=%(refname)%00%(upstream:short)%00%(objectname)%00%(upstream:track)%00%(upstream:remotename)%00%(upstream:remoteref) refs/heads/main refs/remotes/main [2844ms]
2026-09-15 23:27:44.242 [warning] [Git][revParse] Unable to read file: ENOENT: no such file or directory, open '/home/darren/Downloads/Arch-Hyprland/.git/refs/remotes/origin/main'
2026-09-15 23:27:44.823 [info] > git rev-parse refs/remotes/origin/main [581ms]
2026-09-15 23:27:46.222 [info] > git check-ignore -v -z --stdin [65ms]
2026-09-15 23:27:46.250 [info] > git for-each-ref --sort -committerdate --format %(refname)%00%(objectname)%00%(*objectname) [1334ms]
2026-09-15 23:27:48.050 [info] > git check-ignore -v -z --stdin [23ms]
2026-09-15 23:27:48.921 [info] > git check-ignore -v -z --stdin [7ms]
2026-09-15 23:27:51.756 [info] > git status -z -uall [6897ms]
2026-09-15 23:27:52.658 [info] > git check-ignore -v -z --stdin [5ms]
2026-09-15 23:28:05.283 [info] > git check-ignore -v -z --stdin [7ms]
2026-09-15 23:28:07.560 [info] > git config --get commit.template [12ms]
2026-09-15 23:28:07.593 [info] > git for-each-ref --format=%(refname)%00%(upstream:short)%00%(objectname)%00%(upstream:track)%00%(upstream:remotename)%00%(upstream:remoteref) refs/heads/main refs/remotes/main [7ms]
2026-09-15 23:28:07.620 [warning] [Git][revParse] Unable to read file: ENOENT: no such file or directory, open '/home/darren/Downloads/Arch-Hyprland/.git/refs/remotes/origin/main'
2026-09-15 23:28:07.624 [info] > git rev-parse refs/remotes/origin/main [4ms]
2026-09-15 23:28:07.690 [info] > git for-each-ref --sort -committerdate --format %(refname)%00%(objectname)%00%(*objectname) [7ms]
2026-09-15 23:28:07.744 [info] > git status -z -uall [93ms]
2026-09-15 23:28:11.319 [info] > git check-ignore -v -z --stdin [12ms]
2026-09-15 23:28:46.285 [info] > git check-ignore -v -z --stdin [439ms]
2026-09-15 23:28:55.748 [info] > git check-ignore -v -z --stdin [10ms]
2026-09-15 23:28:57.545 [info] > git check-ignore -v -z --stdin [601ms]
2026-09-15 23:29:00.798 [info] > git config --get commit.template [719ms]
2026-09-15 23:29:00.970 [info] > git for-each-ref --format=%(refname)%00%(upstream:short)%00%(objectname)%00%(upstream:track)%00%(upstream:remotename)%00%(upstream:remoteref) refs/heads/main refs/remotes/main [834ms]
2026-09-15 23:29:01.003 [warning] [Git][revParse] Unable to read file: ENOENT: no such file or directory, open '/home/darren/Downloads/Arch-Hyprland/.git/refs/remotes/origin/main'
2026-09-15 23:29:01.111 [info] > git rev-parse refs/remotes/origin/main [107ms]
2026-09-15 23:29:01.406 [info] > git for-each-ref --sort -committerdate --format %(refname)%00%(objectname)%00%(*objectname) [230ms]
2026-09-15 23:29:05.830 [info] > git check-ignore -v -z --stdin [7ms]
2026-09-15 23:29:06.824 [info] > git check-ignore -v -z --stdin [6ms]
2026-09-15 23:29:08.301 [info] > git check-ignore -v -z --stdin [19ms]
2026-09-15 23:29:09.408 [info] > git status -z -uall [8263ms]
2026-09-15 23:29:16.961 [info] > git check-ignore -v -z --stdin [613ms]
2026-09-15 23:29:24.146 [info] > git config --get commit.template [5078ms]
2026-09-15 23:29:24.518 [info] > git check-ignore -v -z --stdin [9ms]
2026-09-15 23:29:24.633 [info] > git for-each-ref --format=%(refname)%00%(upstream:short)%00%(objectname)%00%(upstream:track)%00%(upstream:remotename)%00%(upstream:remoteref) refs/heads/main refs/remotes/main [171ms]
2026-09-15 23:29:24.665 [warning] [Git][revParse] Unable to read file: ENOENT: no such file or directory, open '/home/darren/Downloads/Arch-Hyprland/.git/refs/remotes/origin/main'
2026-09-15 23:29:24.673 [info] > git rev-parse refs/remotes/origin/main [7ms]
2026-09-15 23:29:25.093 [info] > git for-each-ref --sort -committerdate --format %(refname)%00%(objectname)%00%(*objectname) [355ms]
2026-09-15 23:29:26.303 [info] > git check-ignore -v -z --stdin [7ms]
2026-09-15 23:29:28.780 [info] > git check-ignore -v -z --stdin [6ms]
2026-09-15 23:29:31.127 [info] > git status -z -uall [6421ms]
2026-09-15 23:29:37.810 [info] > git check-ignore -v -z --stdin [21ms]
2026-09-15 23:29:38.892 [info] > git config --get commit.template [33ms]
2026-09-15 23:29:38.892 [info] > git for-each-ref --format=%(refname)%00%(upstream:short)%00%(objectname)%00%(upstream:track)%00%(upstream:remotename)%00%(upstream:remoteref) refs/heads/main refs/remotes/main [6ms]
2026-09-15 23:29:38.918 [warning] [Git][revParse] Unable to read file: ENOENT: no such file or directory, open '/home/darren/Downloads/Arch-Hyprland/.git/refs/remotes/origin/main'
2026-09-15 23:29:38.923 [info] > git rev-parse refs/remotes/origin/main [5ms]
2026-09-15 23:29:39.091 [info] > git for-each-ref --sort -committerdate --format %(refname)%00%(objectname)%00%(*objectname) [8ms]
2026-09-15 23:29:39.106 [info] > git status -z -uall [156ms]
2026-09-15 23:29:41.394 [info] > git check-ignore -v -z --stdin [12ms]
2026-09-15 23:29:41.894 [info] > git check-ignore -v -z --stdin [15ms]
2026-09-15 23:29:47.495 [info] > git check-ignore -v -z --stdin [16ms]
2026-09-15 23:29:48.091 [info] > git check-ignore -v -z --stdin [9ms]
2026-09-15 23:29:50.011 [info] > git for-each-ref --format=%(refname)%00%(upstream:short)%00%(objectname)%00%(upstream:track)%00%(upstream:remotename)%00%(upstream:remoteref) refs/heads/main refs/remotes/main [11ms]
2026-09-15 23:29:50.079 [warning] [Git][revParse] Unable to read file: ENOENT: no such file or directory, open '/home/darren/Downloads/Arch-Hyprland/.git/refs/remotes/origin/main'
2026-09-15 23:29:50.083 [info] > git config --get commit.template [136ms]
2026-09-15 23:29:50.087 [info] > git rev-parse refs/remotes/origin/main [8ms]
2026-09-15 23:29:50.257 [info] > git for-each-ref --sort -committerdate --format %(refname)%00%(objectname)%00%(*objectname) [102ms]
2026-09-15 23:29:52.785 [info] > git check-ignore -v -z --stdin [8ms]
2026-09-15 23:29:53.833 [info] > git status -z -uall [3710ms]
2026-09-15 23:29:54.592 [info] > git check-ignore -v -z --stdin [933ms]
2026-09-15 23:29:55.570 [info] > git check-ignore -v -z --stdin [6ms]
2026-09-15 23:29:59.043 [info] > git config --get commit.template [31ms]
2026-09-15 23:29:59.804 [info] > git for-each-ref --format=%(refname)%00%(upstream:short)%00%(objectname)%00%(upstream:track)%00%(upstream:remotename)%00%(upstream:remoteref) refs/heads/main refs/remotes/main [763ms]
2026-09-15 23:29:59.838 [warning] [Git][revParse] Unable to read file: ENOENT: no such file or directory, open '/home/darren/Downloads/Arch-Hyprland/.git/refs/remotes/origin/main'
2026-09-15 23:29:59.852 [info] > git rev-parse refs/remotes/origin/main [14ms]
2026-09-15 23:29:59.917 [info] > git for-each-ref --sort -committerdate --format %(refname)%00%(objectname)%00%(*objectname) [10ms]
2026-09-15 23:29:59.978 [info] > git status -z -uall [101ms]
2026-09-15 23:30:01.796 [info] > git check-ignore -v -z --stdin [371ms]
2026-09-15 23:30:03.676 [info] > git check-ignore -v -z --stdin [6ms]
2026-09-15 23:30:05.641 [info] > git config --get commit.template [28ms]
2026-09-15 23:30:05.644 [info] > git for-each-ref --format=%(refname)%00%(upstream:short)%00%(objectname)%00%(upstream:track)%00%(upstream:remotename)%00%(upstream:remoteref) refs/heads/main refs/remotes/main [5ms]
2026-09-15 23:30:05.669 [warning] [Git][revParse] Unable to read file: ENOENT: no such file or directory, open '/home/darren/Downloads/Arch-Hyprland/.git/refs/remotes/origin/main'
2026-09-15 23:30:05.673 [info] > git rev-parse refs/remotes/origin/main [4ms]
2026-09-15 23:30:05.839 [info] > git for-each-ref --sort -committerdate --format %(refname)%00%(objectname)%00%(*objectname) [114ms]
2026-09-15 23:30:06.233 [info] > git status -z -uall [536ms]
2026-09-15 23:30:07.049 [info] > git check-ignore -v -z --stdin [5ms]
2026-09-15 23:30:09.852 [info] > git check-ignore -v -z --stdin [5ms]
2026-09-15 23:30:10.475 [info] > git check-ignore -v -z --stdin [8ms]
2026-09-15 23:30:12.593 [info] > git check-ignore -v -z --stdin [24ms]
2026-09-15 23:30:13.399 [info] > git check-ignore -v -z --stdin [6ms]
2026-09-15 23:30:13.888 [info] > git check-ignore -v -z --stdin [5ms]
2026-09-15 23:30:14.762 [info] > git check-ignore -v -z --stdin [18ms]
2026-09-15 23:30:15.284 [info] > git check-ignore -v -z --stdin [14ms]
2026-09-15 23:30:17.011 [info] > git config --get commit.template [8ms]
2026-09-15 23:30:17.192 [info] > git for-each-ref --format=%(refname)%00%(upstream:short)%00%(objectname)%00%(upstream:track)%00%(upstream:remotename)%00%(upstream:remoteref) refs/heads/main refs/remotes/main [154ms]
2026-09-15 23:30:17.221 [warning] [Git][revParse] Unable to read file: ENOENT: no such file or directory, open '/home/darren/Downloads/Arch-Hyprland/.git/refs/remotes/origin/main'
2026-09-15 23:30:17.226 [info] > git rev-parse refs/remotes/origin/main [5ms]
2026-09-15 23:30:17.427 [info] > git for-each-ref --sort -committerdate --format %(refname)%00%(objectname)%00%(*objectname) [139ms]
2026-09-15 23:30:17.573 [info] > git check-ignore -v -z --stdin [16ms]
2026-09-15 23:30:22.914 [info] > git status -z -uall [5658ms]
2026-09-15 23:30:23.711 [info] > git check-ignore -v -z --stdin [8ms]
2026-09-15 23:30:43.608 [info] > git check-ignore -v -z --stdin [388ms]
2026-09-15 23:30:44.453 [info] > git check-ignore -v -z --stdin [8ms]
2026-09-15 23:30:44.911 [info] > git check-ignore -v -z --stdin [15ms]
2026-09-15 23:30:45.267 [info] > git check-ignore -v -z --stdin [7ms]
2026-09-15 23:30:46.198 [info] > git check-ignore -v -z --stdin [9ms]
2026-09-15 23:30:47.380 [info] > git config --get commit.template [146ms]
2026-09-15 23:30:47.918 [info] > git check-ignore -v -z --stdin [14ms]
2026-09-15 23:30:47.939 [info] > git for-each-ref --format=%(refname)%00%(upstream:short)%00%(objectname)%00%(upstream:track)%00%(upstream:remotename)%00%(upstream:remoteref) refs/heads/main refs/remotes/main [666ms]
2026-09-15 23:30:47.972 [warning] [Git][revParse] Unable to read file: ENOENT: no such file or directory, open '/home/darren/Downloads/Arch-Hyprland/.git/refs/remotes/origin/main'
2026-09-15 23:30:47.982 [info] > git rev-parse refs/remotes/origin/main [12ms]
2026-09-15 23:30:48.317 [info] > git for-each-ref --sort -committerdate --format %(refname)%00%(objectname)%00%(*objectname) [258ms]
2026-09-15 23:30:50.403 [info] > git status -z -uall [2379ms]
2026-09-15 23:30:51.652 [info] > git check-ignore -v -z --stdin [5ms]
2026-09-15 23:30:57.480 [info] > git check-ignore -v -z --stdin [46ms]
2026-09-15 23:30:58.676 [info] > git config --get commit.template [29ms]
2026-09-15 23:30:58.680 [info] > git for-each-ref --format=%(refname)%00%(upstream:short)%00%(objectname)%00%(upstream:track)%00%(upstream:remotename)%00%(upstream:remoteref) refs/heads/main refs/remotes/main [7ms]
2026-09-15 23:30:58.705 [warning] [Git][revParse] Unable to read file: ENOENT: no such file or directory, open '/home/darren/Downloads/Arch-Hyprland/.git/refs/remotes/origin/main'
2026-09-15 23:30:58.710 [info] > git rev-parse refs/remotes/origin/main [5ms]
2026-09-15 23:30:58.836 [info] > git for-each-ref --sort -committerdate --format %(refname)%00%(objectname)%00%(*objectname) [22ms]
2026-09-15 23:30:58.865 [info] > git status -z -uall [122ms]
2026-09-15 23:31:00.720 [info] > git check-ignore -v -z --stdin [9ms]
2026-09-15 23:31:01.798 [info] > git check-ignore -v -z --stdin [12ms]
2026-09-15 23:31:02.483 [info] > git check-ignore -v -z --stdin [4ms]
2026-09-15 23:31:03.251 [info] > git check-ignore -v -z --stdin [7ms]
2026-09-15 23:31:03.958 [info] > git config --get commit.template [2ms]
2026-09-15 23:31:03.988 [info] > git for-each-ref --format=%(refname)%00%(upstream:short)%00%(objectname)%00%(upstream:track)%00%(upstream:remotename)%00%(upstream:remoteref) refs/heads/main refs/remotes/main [5ms]
2026-09-15 23:31:04.021 [warning] [Git][revParse] Unable to read file: ENOENT: no such file or directory, open '/home/darren/Downloads/Arch-Hyprland/.git/refs/remotes/origin/main'
2026-09-15 23:31:04.034 [info] > git rev-parse refs/remotes/origin/main [13ms]
2026-09-15 23:31:04.116 [info] > git for-each-ref --sort -committerdate --format %(refname)%00%(objectname)%00%(*objectname) [24ms]
2026-09-15 23:31:04.173 [info] > git status -z -uall [110ms]
2026-09-15 23:31:04.879 [info] > git check-ignore -v -z --stdin [7ms]
2026-09-15 23:31:05.388 [info] > git check-ignore -v -z --stdin [9ms]
2026-09-15 23:31:09.361 [info] > git config --get commit.template [54ms]
2026-09-15 23:31:09.370 [info] > git for-each-ref --format=%(refname)%00%(upstream:short)%00%(objectname)%00%(upstream:track)%00%(upstream:remotename)%00%(upstream:remoteref) refs/heads/main refs/remotes/main [22ms]
2026-09-15 23:31:09.419 [warning] [Git][revParse] Unable to read file: ENOENT: no such file or directory, open '/home/darren/Downloads/Arch-Hyprland/.git/refs/remotes/origin/main'
2026-09-15 23:31:09.431 [info] > git rev-parse refs/remotes/origin/main [12ms]
2026-09-15 23:31:09.540 [info] > git for-each-ref --sort -committerdate --format %(refname)%00%(objectname)%00%(*objectname) [9ms]
2026-09-15 23:31:09.594 [info] > git status -z -uall [127ms]
2026-09-15 23:31:10.531 [info] > git check-ignore -v -z --stdin [9ms]
2026-09-15 23:31:41.263 [info] > git check-ignore -v -z --stdin [97ms]
2026-09-15 23:31:42.538 [info] > git config --get commit.template [37ms]
2026-09-15 23:31:42.544 [info] > git for-each-ref --format=%(refname)%00%(upstream:short)%00%(objectname)%00%(upstream:track)%00%(upstream:remotename)%00%(upstream:remoteref) refs/heads/main refs/remotes/main [8ms]
2026-09-15 23:31:42.572 [warning] [Git][revParse] Unable to read file: ENOENT: no such file or directory, open '/home/darren/Downloads/Arch-Hyprland/.git/refs/remotes/origin/main'
2026-09-15 23:31:42.580 [info] > git rev-parse refs/remotes/origin/main [7ms]
2026-09-15 23:31:42.665 [info] > git for-each-ref --sort -committerdate --format %(refname)%00%(objectname)%00%(*objectname) [13ms]
2026-09-15 23:31:42.741 [info] > git status -z -uall [128ms]
2026-09-15 23:31:43.749 [info] > git check-ignore -v -z --stdin [5ms]
2026-09-15 23:31:56.347 [info] > git check-ignore -v -z --stdin [11ms]
2026-09-15 23:31:57.666 [info] > git config --get commit.template [104ms]
2026-09-15 23:31:57.677 [info] > git for-each-ref --format=%(refname)%00%(upstream:short)%00%(objectname)%00%(upstream:track)%00%(upstream:remotename)%00%(upstream:remoteref) refs/heads/main refs/remotes/main [13ms]
2026-09-15 23:31:57.711 [warning] [Git][revParse] Unable to read file: ENOENT: no such file or directory, open '/home/darren/Downloads/Arch-Hyprland/.git/refs/remotes/origin/main'
2026-09-15 23:31:57.900 [info] > git rev-parse refs/remotes/origin/main [189ms]
2026-09-15 23:31:57.996 [info] > git for-each-ref --sort -committerdate --format %(refname)%00%(objectname)%00%(*objectname) [14ms]
2026-09-15 23:31:58.043 [info] > git status -z -uall [118ms]
2026-09-15 23:31:58.930 [info] > git check-ignore -v -z --stdin [6ms]
2026-09-15 23:32:02.130 [info] > git check-ignore -v -z --stdin [20ms]
2026-09-15 23:32:02.604 [info] > git check-ignore -v -z --stdin [5ms]
2026-09-15 23:32:04.425 [info] > git config --get commit.template [70ms]
2026-09-15 23:32:04.431 [info] > git for-each-ref --format=%(refname)%00%(upstream:short)%00%(objectname)%00%(upstream:track)%00%(upstream:remotename)%00%(upstream:remoteref) refs/heads/main refs/remotes/main [8ms]
2026-09-15 23:32:04.508 [warning] [Git][revParse] Unable to read file: ENOENT: no such file or directory, open '/home/darren/Downloads/Arch-Hyprland/.git/refs/remotes/origin/main'
2026-09-15 23:32:05.845 [info] > git rev-parse refs/remotes/origin/main [1337ms]
2026-09-15 23:32:06.953 [info] > git check-ignore -v -z --stdin [18ms]
2026-09-15 23:32:07.051 [info] > git for-each-ref --sort -committerdate --format %(refname)%00%(objectname)%00%(*objectname) [238ms]
2026-09-15 23:32:07.787 [info] > git check-ignore -v -z --stdin [20ms]
2026-09-15 23:32:08.858 [info] > git check-ignore -v -z --stdin [15ms]
2026-09-15 23:32:11.227 [info] > git status -z -uall [4444ms]
2026-09-15 23:32:13.881 [info] > git check-ignore -v -z --stdin [61ms]
2026-09-15 23:32:16.973 [info] > git check-ignore -v -z --stdin [16ms]
2026-09-15 23:32:18.322 [info] > git check-ignore -v -z --stdin [23ms]
2026-09-15 23:32:19.954 [info] > git config --get commit.template [32ms]
2026-09-15 23:32:20.547 [info] > git for-each-ref --format=%(refname)%00%(upstream:short)%00%(objectname)%00%(upstream:track)%00%(upstream:remotename)%00%(upstream:remoteref) refs/heads/main refs/remotes/main [596ms]
2026-09-15 23:32:20.580 [warning] [Git][revParse] Unable to read file: ENOENT: no such file or directory, open '/home/darren/Downloads/Arch-Hyprland/.git/refs/remotes/origin/main'
2026-09-15 23:32:20.583 [info] > git rev-parse refs/remotes/origin/main [3ms]
2026-09-15 23:32:20.796 [info] > git for-each-ref --sort -committerdate --format %(refname)%00%(objectname)%00%(*objectname) [162ms]
2026-09-15 23:32:30.292 [info] > git status -z -uall [9685ms]
2026-09-15 23:32:33.717 [info] > git check-ignore -v -z --stdin [1542ms]
2026-09-15 23:33:02.988 [info] > git check-ignore -v -z --stdin [7ms]
2026-09-15 23:33:04.977 [info] > git config --get commit.template [47ms]
2026-09-15 23:33:06.117 [info] > git for-each-ref --format=%(refname)%00%(upstream:short)%00%(objectname)%00%(upstream:track)%00%(upstream:remotename)%00%(upstream:remoteref) refs/heads/main refs/remotes/main [1145ms]
2026-09-15 23:33:06.144 [warning] [Git][revParse] Unable to read file: ENOENT: no such file or directory, open '/home/darren/Downloads/Arch-Hyprland/.git/refs/remotes/origin/main'
2026-09-15 23:33:06.203 [info] > git rev-parse refs/remotes/origin/main [59ms]
2026-09-15 23:33:06.542 [info] > git for-each-ref --sort -committerdate --format %(refname)%00%(objectname)%00%(*objectname) [285ms]
2026-09-15 23:33:06.790 [info] > git status -z -uall [562ms]
2026-09-15 23:33:07.593 [info] > git check-ignore -v -z --stdin [6ms]
2026-09-15 23:33:33.658 [info] > git check-ignore -v -z --stdin [92ms]
2026-09-15 23:33:35.441 [info] > git for-each-ref --format=%(refname)%00%(upstream:short)%00%(objectname)%00%(upstream:track)%00%(upstream:remotename)%00%(upstream:remoteref) refs/heads/main refs/remotes/main [15ms]
2026-09-15 23:33:35.475 [warning] [Git][revParse] Unable to read file: ENOENT: no such file or directory, open '/home/darren/Downloads/Arch-Hyprland/.git/refs/remotes/origin/main'
2026-09-15 23:33:35.480 [info] > git config --get commit.template [85ms]
2026-09-15 23:33:35.483 [info] > git rev-parse refs/remotes/origin/main [8ms]
2026-09-15 23:33:35.550 [info] > git for-each-ref --sort -committerdate --format %(refname)%00%(objectname)%00%(*objectname) [4ms]
2026-09-15 23:33:35.654 [info] > git status -z -uall [145ms]
2026-09-15 23:33:39.858 [info] > git check-ignore -v -z --stdin [106ms]
2026-09-15 23:33:44.641 [info] > git check-ignore -v -z --stdin [6ms]
2026-09-15 23:33:46.577 [info] > git config --get commit.template [34ms]
2026-09-15 23:33:46.582 [info] > git for-each-ref --format=%(refname)%00%(upstream:short)%00%(objectname)%00%(upstream:track)%00%(upstream:remotename)%00%(upstream:remoteref) refs/heads/main refs/remotes/main [11ms]
2026-09-15 23:33:46.609 [warning] [Git][revParse] Unable to read file: ENOENT: no such file or directory, open '/home/darren/Downloads/Arch-Hyprland/.git/refs/remotes/origin/main'
2026-09-15 23:33:46.614 [info] > git rev-parse refs/remotes/origin/main [5ms]
2026-09-15 23:33:47.331 [info] > git for-each-ref --sort -committerdate --format %(refname)%00%(objectname)%00%(*objectname) [643ms]
2026-09-15 23:33:51.244 [info] > git status -z -uall [4598ms]
2026-09-15 23:33:52.754 [info] > git check-ignore -v -z --stdin [10ms]
2026-09-15 23:34:12.377 [info] > git check-ignore -v -z --stdin [165ms]
2026-09-15 23:34:14.267 [info] > git check-ignore -v -z --stdin [57ms]
2026-09-15 23:34:14.545 [info] > git config --get commit.template [295ms]
2026-09-15 23:34:14.957 [info] > git for-each-ref --format=%(refname)%00%(upstream:short)%00%(objectname)%00%(upstream:track)%00%(upstream:remotename)%00%(upstream:remoteref) refs/heads/main refs/remotes/main [432ms]
2026-09-15 23:34:15.005 [warning] [Git][revParse] Unable to read file: ENOENT: no such file or directory, open '/home/darren/Downloads/Arch-Hyprland/.git/refs/remotes/origin/main'
2026-09-15 23:34:15.018 [info] > git rev-parse refs/remotes/origin/main [13ms]
2026-09-15 23:34:15.163 [info] > git check-ignore -v -z --stdin [18ms]
2026-09-15 23:34:15.178 [info] > git for-each-ref --sort -committerdate --format %(refname)%00%(objectname)%00%(*objectname) [89ms]
2026-09-15 23:34:15.942 [info] > git status -z -uall [893ms]
2026-09-15 23:34:17.276 [info] > git check-ignore -v -z --stdin [5ms]
2026-09-15 23:34:59.307 [info] > git check-ignore -v -z --stdin [122ms]
2026-09-15 23:35:00.514 [info] > git check-ignore -v -z --stdin [12ms]
2026-09-15 23:35:01.670 [info] > git config --get commit.template [64ms]
2026-09-15 23:35:01.780 [info] > git check-ignore -v -z --stdin [31ms]
2026-09-15 23:35:01.839 [info] > git for-each-ref --format=%(refname)%00%(upstream:short)%00%(objectname)%00%(upstream:track)%00%(upstream:remotename)%00%(upstream:remoteref) refs/heads/main refs/remotes/main [137ms]
2026-09-15 23:35:01.881 [warning] [Git][revParse] Unable to read file: ENOENT: no such file or directory, open '/home/darren/Downloads/Arch-Hyprland/.git/refs/remotes/origin/main'
2026-09-15 23:35:01.978 [info] > git rev-parse refs/remotes/origin/main [97ms]
2026-09-15 23:35:02.130 [info] > git for-each-ref --sort -committerdate --format %(refname)%00%(objectname)%00%(*objectname) [47ms]
2026-09-15 23:35:02.291 [info] > git status -z -uall [256ms]
2026-09-15 23:35:03.326 [info] > git check-ignore -v -z --stdin [9ms]
2026-09-15 23:35:07.415 [info] > git config --get commit.template [30ms]
2026-09-15 23:35:07.418 [info] > git for-each-ref --format=%(refname)%00%(upstream:short)%00%(objectname)%00%(upstream:track)%00%(upstream:remotename)%00%(upstream:remoteref) refs/heads/main refs/remotes/main [5ms]
2026-09-15 23:35:07.445 [warning] [Git][revParse] Unable to read file: ENOENT: no such file or directory, open '/home/darren/Downloads/Arch-Hyprland/.git/refs/remotes/origin/main'
2026-09-15 23:35:07.453 [info] > git rev-parse refs/remotes/origin/main [8ms]
2026-09-15 23:35:07.575 [info] > git for-each-ref --sort -committerdate --format %(refname)%00%(objectname)%00%(*objectname) [20ms]
2026-09-15 23:35:07.616 [info] > git status -z -uall [122ms]
2026-09-15 23:35:08.572 [info] > git check-ignore -v -z --stdin [6ms]
2026-09-15 23:35:16.129 [info] > git check-ignore -v -z --stdin [4ms]
2026-09-15 23:35:17.231 [info] > git check-ignore -v -z --stdin [12ms]
2026-09-15 23:35:18.194 [info] > git config --get commit.template [39ms]
2026-09-15 23:35:18.227 [info] > git for-each-ref --format=%(refname)%00%(upstream:short)%00%(objectname)%00%(upstream:track)%00%(upstream:remotename)%00%(upstream:remoteref) refs/heads/main refs/remotes/main [6ms]
2026-09-15 23:35:18.253 [warning] [Git][revParse] Unable to read file: ENOENT: no such file or directory, open '/home/darren/Downloads/Arch-Hyprland/.git/refs/remotes/origin/main'
2026-09-15 23:35:18.258 [info] > git rev-parse refs/remotes/origin/main [4ms]
2026-09-15 23:35:18.325 [info] > git for-each-ref --sort -committerdate --format %(refname)%00%(objectname)%00%(*objectname) [7ms]
2026-09-15 23:35:18.386 [info] > git status -z -uall [99ms]
2026-09-15 23:35:19.364 [info] > git check-ignore -v -z --stdin [6ms]
2026-09-15 23:35:21.787 [info] > git check-ignore -v -z --stdin [9ms]
2026-09-15 23:35:23.482 [info] > git config --get commit.template [29ms]
2026-09-15 23:35:23.484 [info] > git for-each-ref --format=%(refname)%00%(upstream:short)%00%(objectname)%00%(upstream:track)%00%(upstream:remotename)%00%(upstream:remoteref) refs/heads/main refs/remotes/main [5ms]
2026-09-15 23:35:23.514 [warning] [Git][revParse] Unable to read file: ENOENT: no such file or directory, open '/home/darren/Downloads/Arch-Hyprland/.git/refs/remotes/origin/main'
2026-09-15 23:35:23.517 [info] > git rev-parse refs/remotes/origin/main [3ms]
2026-09-15 23:35:23.617 [info] > git for-each-ref --sort -committerdate --format %(refname)%00%(objectname)%00%(*objectname) [36ms]
2026-09-15 23:35:23.707 [info] > git status -z -uall [155ms]
2026-09-15 23:35:24.628 [info] > git check-ignore -v -z --stdin [4ms]
2026-09-15 23:35:28.820 [info] > git config --get commit.template [31ms]
2026-09-15 23:35:28.824 [info] > git for-each-ref --format=%(refname)%00%(upstream:short)%00%(objectname)%00%(upstream:track)%00%(upstream:remotename)%00%(upstream:remoteref) refs/heads/main refs/remotes/main [6ms]
2026-09-15 23:35:28.849 [warning] [Git][revParse] Unable to read file: ENOENT: no such file or directory, open '/home/darren/Downloads/Arch-Hyprland/.git/refs/remotes/origin/main'
2026-09-15 23:35:28.853 [info] > git rev-parse refs/remotes/origin/main [4ms]
2026-09-15 23:35:28.926 [info] > git for-each-ref --sort -committerdate --format %(refname)%00%(objectname)%00%(*objectname) [8ms]
2026-09-15 23:35:29.077 [info] > git status -z -uall [200ms]
2026-09-15 23:35:30.231 [info] > git check-ignore -v -z --stdin [13ms]
2026-09-15 23:35:32.013 [info] > git check-ignore -v -z --stdin [10ms]
2026-09-15 23:35:34.270 [info] > git config --get commit.template [39ms]
2026-09-15 23:35:34.275 [info] > git for-each-ref --format=%(refname)%00%(upstream:short)%00%(objectname)%00%(upstream:track)%00%(upstream:remotename)%00%(upstream:remoteref) refs/heads/main refs/remotes/main [8ms]
2026-09-15 23:35:34.306 [warning] [Git][revParse] Unable to read file: ENOENT: no such file or directory, open '/home/darren/Downloads/Arch-Hyprland/.git/refs/remotes/origin/main'
2026-09-15 23:35:34.308 [info] > git rev-parse refs/remotes/origin/main [2ms]
2026-09-15 23:35:34.368 [info] > git for-each-ref --sort -committerdate --format %(refname)%00%(objectname)%00%(*objectname) [8ms]
2026-09-15 23:35:34.441 [info] > git status -z -uall [108ms]
2026-09-15 23:35:35.339 [info] > git check-ignore -v -z --stdin [46ms]
2026-09-15 23:35:38.068 [info] > git check-ignore -v -z --stdin [10ms]
2026-09-15 23:35:39.971 [info] > git config --get commit.template [17ms]
2026-09-15 23:35:40.010 [info] > git for-each-ref --format=%(refname)%00%(upstream:short)%00%(objectname)%00%(upstream:track)%00%(upstream:remotename)%00%(upstream:remoteref) refs/heads/main refs/remotes/main [13ms]
2026-09-15 23:35:40.038 [warning] [Git][revParse] Unable to read file: ENOENT: no such file or directory, open '/home/darren/Downloads/Arch-Hyprland/.git/refs/remotes/origin/main'
2026-09-15 23:35:40.043 [info] > git rev-parse refs/remotes/origin/main [5ms]
2026-09-15 23:35:40.103 [info] > git for-each-ref --sort -committerdate --format %(refname)%00%(objectname)%00%(*objectname) [9ms]
2026-09-15 23:35:40.164 [info] > git status -z -uall [96ms]
2026-09-15 23:35:41.737 [info] > git check-ignore -v -z --stdin [11ms]
2026-09-15 23:35:42.541 [info] > git check-ignore -v -z --stdin [12ms]
2026-09-15 23:35:45.240 [info] > git config --get commit.template [6ms]
2026-09-15 23:35:45.271 [info] > git for-each-ref --format=%(refname)%00%(upstream:short)%00%(objectname)%00%(upstream:track)%00%(upstream:remotename)%00%(upstream:remoteref) refs/heads/main refs/remotes/main [6ms]
2026-09-15 23:35:45.295 [warning] [Git][revParse] Unable to read file: ENOENT: no such file or directory, open '/home/darren/Downloads/Arch-Hyprland/.git/refs/remotes/origin/main'
2026-09-15 23:35:45.300 [info] > git rev-parse refs/remotes/origin/main [4ms]
2026-09-15 23:35:45.366 [info] > git for-each-ref --sort -committerdate --format %(refname)%00%(objectname)%00%(*objectname) [3ms]
2026-09-15 23:35:45.417 [info] > git status -z -uall [92ms]
2026-09-15 23:35:46.123 [info] > git check-ignore -v -z --stdin [11ms]
2026-09-15 23:35:47.489 [info] > git check-ignore -v -z --stdin [7ms]
2026-09-15 23:35:48.050 [info] > git check-ignore -v -z --stdin [5ms]
2026-09-15 23:35:50.524 [info] > git config --get commit.template [33ms]
2026-09-15 23:35:50.528 [info] > git for-each-ref --format=%(refname)%00%(upstream:short)%00%(objectname)%00%(upstream:track)%00%(upstream:remotename)%00%(upstream:remoteref) refs/heads/main refs/remotes/main [6ms]
2026-09-15 23:35:50.557 [warning] [Git][revParse] Unable to read file: ENOENT: no such file or directory, open '/home/darren/Downloads/Arch-Hyprland/.git/refs/remotes/origin/main'
2026-09-15 23:35:50.564 [info] > git rev-parse refs/remotes/origin/main [7ms]
2026-09-15 23:35:50.630 [info] > git for-each-ref --sort -committerdate --format %(refname)%00%(objectname)%00%(*objectname) [8ms]
2026-09-15 23:35:50.693 [info] > git status -z -uall [103ms]
2026-09-15 23:35:51.394 [info] > git check-ignore -v -z --stdin [19ms]
2026-09-15 23:35:52.539 [info] > git check-ignore -v -z --stdin [18ms]
2026-09-15 23:35:55.804 [info] > git config --get commit.template [29ms]
2026-09-15 23:35:55.807 [info] > git for-each-ref --format=%(refname)%00%(upstream:short)%00%(objectname)%00%(upstream:track)%00%(upstream:remotename)%00%(upstream:remoteref) refs/heads/main refs/remotes/main [6ms]
2026-09-15 23:35:55.831 [warning] [Git][revParse] Unable to read file: ENOENT: no such file or directory, open '/home/darren/Downloads/Arch-Hyprland/.git/refs/remotes/origin/main'
2026-09-15 23:35:55.835 [info] > git rev-parse refs/remotes/origin/main [4ms]
2026-09-15 23:35:55.895 [info] > git for-each-ref --sort -committerdate --format %(refname)%00%(objectname)%00%(*objectname) [7ms]
2026-09-15 23:35:55.951 [info] > git status -z -uall [92ms]
2026-09-15 23:35:56.713 [info] > git check-ignore -v -z --stdin [4ms]
2026-09-15 23:36:46.330 [info] > git check-ignore -v -z --stdin [7ms]
2026-09-15 23:36:48.219 [info] > git config --get commit.template [38ms]
2026-09-15 23:36:48.221 [info] > git for-each-ref --format=%(refname)%00%(upstream:short)%00%(objectname)%00%(upstream:track)%00%(upstream:remotename)%00%(upstream:remoteref) refs/heads/main refs/remotes/main [10ms]
2026-09-15 23:36:48.251 [warning] [Git][revParse] Unable to read file: ENOENT: no such file or directory, open '/home/darren/Downloads/Arch-Hyprland/.git/refs/remotes/origin/main'
2026-09-15 23:36:48.255 [info] > git rev-parse refs/remotes/origin/main [4ms]
2026-09-15 23:36:48.329 [info] > git for-each-ref --sort -committerdate --format %(refname)%00%(objectname)%00%(*objectname) [10ms]
2026-09-15 23:36:48.414 [info] > git status -z -uall [127ms]
2026-09-15 23:36:49.240 [info] > git check-ignore -v -z --stdin [5ms]
2026-09-15 23:36:57.739 [info] > git check-ignore -v -z --stdin [8ms]
2026-09-15 23:36:58.769 [info] > git check-ignore -v -z --stdin [15ms]
2026-09-15 23:37:00.275 [info] > git check-ignore -v -z --stdin [12ms]
2026-09-15 23:37:00.738 [info] > git config --get commit.template [48ms]
2026-09-15 23:37:00.745 [info] > git for-each-ref --format=%(refname)%00%(upstream:short)%00%(objectname)%00%(upstream:track)%00%(upstream:remotename)%00%(upstream:remoteref) refs/heads/main refs/remotes/main [14ms]
2026-09-15 23:37:00.787 [warning] [Git][revParse] Unable to read file: ENOENT: no such file or directory, open '/home/darren/Downloads/Arch-Hyprland/.git/refs/remotes/origin/main'
2026-09-15 23:37:00.793 [info] > git rev-parse refs/remotes/origin/main [6ms]
2026-09-15 23:37:00.956 [info] > git for-each-ref --sort -committerdate --format %(refname)%00%(objectname)%00%(*objectname) [28ms]
2026-09-15 23:37:01.119 [info] > git status -z -uall [279ms]
2026-09-15 23:37:02.463 [info] > git check-ignore -v -z --stdin [7ms]
2026-09-15 23:37:03.659 [info] > git check-ignore -v -z --stdin [15ms]
2026-09-15 23:37:04.753 [info] > git check-ignore -v -z --stdin [7ms]
2026-09-15 23:37:06.266 [info] > git config --get commit.template [31ms]
2026-09-15 23:37:06.270 [info] > git for-each-ref --format=%(refname)%00%(upstream:short)%00%(objectname)%00%(upstream:track)%00%(upstream:remotename)%00%(upstream:remoteref) refs/heads/main refs/remotes/main [5ms]
2026-09-15 23:37:06.294 [warning] [Git][revParse] Unable to read file: ENOENT: no such file or directory, open '/home/darren/Downloads/Arch-Hyprland/.git/refs/remotes/origin/main'
2026-09-15 23:37:06.298 [info] > git rev-parse refs/remotes/origin/main [5ms]
2026-09-15 23:37:06.400 [info] > git for-each-ref --sort -committerdate --format %(refname)%00%(objectname)%00%(*objectname) [51ms]
2026-09-15 23:37:06.411 [info] > git check-ignore -v -z --stdin [11ms]
2026-09-15 23:37:06.449 [info] > git status -z -uall [127ms]
2026-09-15 23:37:07.493 [info] > git check-ignore -v -z --stdin [7ms]
2026-09-15 23:37:08.491 [info] > git check-ignore -v -z --stdin [9ms]
2026-09-15 23:37:10.048 [info] > git check-ignore -v -z --stdin [17ms]
2026-09-15 23:37:11.563 [info] > git config --get commit.template [13ms]
2026-09-15 23:37:11.600 [info] > git for-each-ref --format=%(refname)%00%(upstream:short)%00%(objectname)%00%(upstream:track)%00%(upstream:remotename)%00%(upstream:remoteref) refs/heads/main refs/remotes/main [9ms]
2026-09-15 23:37:11.629 [warning] [Git][revParse] Unable to read file: ENOENT: no such file or directory, open '/home/darren/Downloads/Arch-Hyprland/.git/refs/remotes/origin/main'
2026-09-15 23:37:11.639 [info] > git rev-parse refs/remotes/origin/main [10ms]
2026-09-15 23:37:11.760 [info] > git for-each-ref --sort -committerdate --format %(refname)%00%(objectname)%00%(*objectname) [17ms]
2026-09-15 23:37:11.853 [info] > git status -z -uall [167ms]
2026-09-15 23:37:12.385 [info] > git check-ignore -v -z --stdin [394ms]
2026-09-15 23:37:13.329 [info] > git check-ignore -v -z --stdin [6ms]
2026-09-15 23:37:16.931 [info] > git config --get commit.template [4ms]
2026-09-15 23:37:16.961 [info] > git for-each-ref --format=%(refname)%00%(upstream:short)%00%(objectname)%00%(upstream:track)%00%(upstream:remotename)%00%(upstream:remoteref) refs/heads/main refs/remotes/main [6ms]
2026-09-15 23:37:16.987 [warning] [Git][revParse] Unable to read file: ENOENT: no such file or directory, open '/home/darren/Downloads/Arch-Hyprland/.git/refs/remotes/origin/main'
2026-09-15 23:37:16.991 [info] > git rev-parse refs/remotes/origin/main [4ms]
2026-09-15 23:37:17.076 [info] > git for-each-ref --sort -committerdate --format %(refname)%00%(objectname)%00%(*objectname) [26ms]
2026-09-15 23:37:17.126 [info] > git status -z -uall [105ms]
2026-09-15 23:37:17.900 [info] > git check-ignore -v -z --stdin [5ms]
2026-09-15 23:37:36.265 [info] > git check-ignore -v -z --stdin [7ms]
2026-09-15 23:37:37.252 [info] > git check-ignore -v -z --stdin [20ms]
2026-09-15 23:37:39.208 [info] > git config --get commit.template [35ms]
2026-09-15 23:37:39.213 [info] > git for-each-ref --format=%(refname)%00%(upstream:short)%00%(objectname)%00%(upstream:track)%00%(upstream:remotename)%00%(upstream:remoteref) refs/heads/main refs/remotes/main [9ms]
2026-09-15 23:37:39.242 [warning] [Git][revParse] Unable to read file: ENOENT: no such file or directory, open '/home/darren/Downloads/Arch-Hyprland/.git/refs/remotes/origin/main'
2026-09-15 23:37:39.246 [info] > git rev-parse refs/remotes/origin/main [5ms]
2026-09-15 23:37:39.340 [info] > git for-each-ref --sort -committerdate --format %(refname)%00%(objectname)%00%(*objectname) [15ms]
2026-09-15 23:37:39.375 [info] > git status -z -uall [98ms]
2026-09-15 23:37:40.170 [info] > git check-ignore -v -z --stdin [7ms]
2026-09-15 23:37:46.555 [info] > git check-ignore -v -z --stdin [5ms]
2026-09-15 23:37:48.480 [info] > git config --get commit.template [29ms]
2026-09-15 23:37:48.483 [info] > git for-each-ref --format=%(refname)%00%(upstream:short)%00%(objectname)%00%(upstream:track)%00%(upstream:remotename)%00%(upstream:remoteref) refs/heads/main refs/remotes/main [5ms]
2026-09-15 23:37:48.512 [warning] [Git][revParse] Unable to read file: ENOENT: no such file or directory, open '/home/darren/Downloads/Arch-Hyprland/.git/refs/remotes/origin/main'
2026-09-15 23:37:48.523 [info] > git rev-parse refs/remotes/origin/main [11ms]
2026-09-15 23:37:48.586 [info] > git for-each-ref --sort -committerdate --format %(refname)%00%(objectname)%00%(*objectname) [9ms]
2026-09-15 23:37:48.653 [info] > git status -z -uall [104ms]
2026-09-15 23:37:49.483 [info] > git check-ignore -v -z --stdin [7ms]
2026-09-15 23:37:50.467 [info] > git check-ignore -v -z --stdin [21ms]
2026-09-15 23:37:51.587 [info] > git check-ignore -v -z --stdin [6ms]
2026-09-15 23:37:52.661 [info] > git check-ignore -v -z --stdin [6ms]
2026-09-15 23:37:53.787 [info] > git check-ignore -v -z --stdin [42ms]
2026-09-15 23:37:53.796 [info] > git config --get commit.template [10ms]
2026-09-15 23:37:53.850 [info] > git for-each-ref --format=%(refname)%00%(upstream:short)%00%(objectname)%00%(upstream:track)%00%(upstream:remotename)%00%(upstream:remoteref) refs/heads/main refs/remotes/main [17ms]
2026-09-15 23:37:53.882 [warning] [Git][revParse] Unable to read file: ENOENT: no such file or directory, open '/home/darren/Downloads/Arch-Hyprland/.git/refs/remotes/origin/main'
2026-09-15 23:37:53.890 [info] > git rev-parse refs/remotes/origin/main [7ms]
2026-09-15 23:37:53.991 [info] > git for-each-ref --sort -committerdate --format %(refname)%00%(objectname)%00%(*objectname) [12ms]
2026-09-15 23:37:54.048 [info] > git status -z -uall [130ms]
2026-09-15 23:37:57.265 [info] > git check-ignore -v -z --stdin [209ms]
2026-09-15 23:37:58.361 [info] > git check-ignore -v -z --stdin [6ms]
2026-09-15 23:37:59.150 [info] > git config --get commit.template [6ms]
2026-09-15 23:37:59.184 [info] > git for-each-ref --format=%(refname)%00%(upstream:short)%00%(objectname)%00%(upstream:track)%00%(upstream:remotename)%00%(upstream:remoteref) refs/heads/main refs/remotes/main [5ms]
2026-09-15 23:37:59.209 [warning] [Git][revParse] Unable to read file: ENOENT: no such file or directory, open '/home/darren/Downloads/Arch-Hyprland/.git/refs/remotes/origin/main'
2026-09-15 23:37:59.215 [info] > git rev-parse refs/remotes/origin/main [6ms]
2026-09-15 23:37:59.332 [info] > git for-each-ref --sort -committerdate --format %(refname)%00%(objectname)%00%(*objectname) [34ms]
2026-09-15 23:37:59.416 [info] > git status -z -uall [170ms]
2026-09-15 23:37:59.534 [info] > git check-ignore -v -z --stdin [9ms]
2026-09-15 23:38:00.633 [info] > git check-ignore -v -z --stdin [7ms]
2026-09-15 23:38:04.514 [info] > git config --get commit.template [6ms]
2026-09-15 23:38:04.565 [info] > git for-each-ref --format=%(refname)%00%(upstream:short)%00%(objectname)%00%(upstream:track)%00%(upstream:remotename)%00%(upstream:remoteref) refs/heads/main refs/remotes/main [14ms]
2026-09-15 23:38:04.598 [warning] [Git][revParse] Unable to read file: ENOENT: no such file or directory, open '/home/darren/Downloads/Arch-Hyprland/.git/refs/remotes/origin/main'
2026-09-15 23:38:04.605 [info] > git rev-parse refs/remotes/origin/main [7ms]
2026-09-15 23:38:04.684 [info] > git for-each-ref --sort -committerdate --format %(refname)%00%(objectname)%00%(*objectname) [5ms]
2026-09-15 23:38:04.747 [info] > git status -z -uall [110ms]
2026-09-15 23:38:05.837 [info] > git check-ignore -v -z --stdin [35ms]
2026-09-15 23:38:06.953 [info] > git check-ignore -v -z --stdin [14ms]
2026-09-15 23:38:09.841 [info] > git config --get commit.template [10ms]
2026-09-15 23:38:09.879 [info] > git for-each-ref --format=%(refname)%00%(upstream:short)%00%(objectname)%00%(upstream:track)%00%(upstream:remotename)%00%(upstream:remoteref) refs/heads/main refs/remotes/main [5ms]
2026-09-15 23:38:09.904 [warning] [Git][revParse] Unable to read file: ENOENT: no such file or directory, open '/home/darren/Downloads/Arch-Hyprland/.git/refs/remotes/origin/main'
2026-09-15 23:38:09.911 [info] > git rev-parse refs/remotes/origin/main [6ms]
2026-09-15 23:38:09.977 [info] > git for-each-ref --sort -committerdate --format %(refname)%00%(objectname)%00%(*objectname) [9ms]
2026-09-15 23:38:10.030 [info] > git status -z -uall [94ms]
2026-09-15 23:38:10.829 [info] > git check-ignore -v -z --stdin [4ms]
2026-09-15 23:38:12.131 [info] > git check-ignore -v -z --stdin [5ms]
2026-09-15 23:38:15.134 [info] > git config --get commit.template [36ms]
2026-09-15 23:38:15.135 [info] > git for-each-ref --format=%(refname)%00%(upstream:short)%00%(objectname)%00%(upstream:track)%00%(upstream:remotename)%00%(upstream:remoteref) refs/heads/main refs/remotes/main [8ms]
2026-09-15 23:38:15.162 [warning] [Git][revParse] Unable to read file: ENOENT: no such file or directory, open '/home/darren/Downloads/Arch-Hyprland/.git/refs/remotes/origin/main'
2026-09-15 23:38:15.166 [info] > git rev-parse refs/remotes/origin/main [5ms]
2026-09-15 23:38:15.230 [info] > git for-each-ref --sort -committerdate --format %(refname)%00%(objectname)%00%(*objectname) [4ms]
2026-09-15 23:38:15.347 [info] > git status -z -uall [150ms]
2026-09-15 23:38:16.126 [info] > git check-ignore -v -z --stdin [4ms]
2026-09-15 23:38:21.274 [info] > git check-ignore -v -z --stdin [6ms]
2026-09-15 23:38:22.425 [info] > git check-ignore -v -z --stdin [6ms]
2026-09-15 23:38:23.233 [info] > git config --get commit.template [16ms]
2026-09-15 23:38:23.269 [info] > git for-each-ref --format=%(refname)%00%(upstream:short)%00%(objectname)%00%(upstream:track)%00%(upstream:remotename)%00%(upstream:remoteref) refs/heads/main refs/remotes/main [7ms]
2026-09-15 23:38:23.294 [warning] [Git][revParse] Unable to read file: ENOENT: no such file or directory, open '/home/darren/Downloads/Arch-Hyprland/.git/refs/remotes/origin/main'
2026-09-15 23:38:23.303 [info] > git rev-parse refs/remotes/origin/main [9ms]
2026-09-15 23:38:23.449 [info] > git for-each-ref --sort -committerdate --format %(refname)%00%(objectname)%00%(*objectname) [30ms]
2026-09-15 23:38:23.515 [info] > git status -z -uall [162ms]
2026-09-15 23:38:24.325 [info] > git check-ignore -v -z --stdin [5ms]
2026-09-15 23:38:30.630 [info] > git check-ignore -v -z --stdin [28ms]
2026-09-15 23:38:31.725 [info] > git check-ignore -v -z --stdin [5ms]
2026-09-15 23:38:32.917 [info] > git check-ignore -v -z --stdin [9ms]
2026-09-15 23:38:34.250 [info] > git config --get commit.template [28ms]
2026-09-15 23:38:34.253 [info] > git for-each-ref --format=%(refname)%00%(upstream:short)%00%(objectname)%00%(upstream:track)%00%(upstream:remotename)%00%(upstream:remoteref) refs/heads/main refs/remotes/main [6ms]
2026-09-15 23:38:34.277 [warning] [Git][revParse] Unable to read file: ENOENT: no such file or directory, open '/home/darren/Downloads/Arch-Hyprland/.git/refs/remotes/origin/main'
2026-09-15 23:38:34.281 [info] > git rev-parse refs/remotes/origin/main [4ms]
2026-09-15 23:38:34.342 [info] > git for-each-ref --sort -committerdate --format %(refname)%00%(objectname)%00%(*objectname) [8ms]
2026-09-15 23:38:34.397 [info] > git status -z -uall [91ms]
2026-09-15 23:38:35.166 [info] > git check-ignore -v -z --stdin [5ms]
2026-09-15 23:38:42.821 [info] > git check-ignore -v -z --stdin [15ms]
2026-09-15 23:38:43.807 [info] > git check-ignore -v -z --stdin [5ms]
2026-09-15 23:38:45.318 [info] > git config --get commit.template [6ms]
2026-09-15 23:38:45.354 [info] > git for-each-ref --format=%(refname)%00%(upstream:short)%00%(objectname)%00%(upstream:track)%00%(upstream:remotename)%00%(upstream:remoteref) refs/heads/main refs/remotes/main [6ms]
2026-09-15 23:38:45.384 [warning] [Git][revParse] Unable to read file: ENOENT: no such file or directory, open '/home/darren/Downloads/Arch-Hyprland/.git/refs/remotes/origin/main'
2026-09-15 23:38:45.389 [info] > git rev-parse refs/remotes/origin/main [5ms]
2026-09-15 23:38:45.472 [info] > git for-each-ref --sort -committerdate --format %(refname)%00%(objectname)%00%(*objectname) [6ms]
2026-09-15 23:38:45.513 [info] > git status -z -uall [96ms]
2026-09-15 23:38:46.468 [info] > git check-ignore -v -z --stdin [32ms]
2026-09-15 23:39:06.061 [info] > git check-ignore -v -z --stdin [9ms]
2026-09-15 23:39:08.085 [info] > git config --get commit.template [7ms]
2026-09-15 23:39:08.130 [info] > git for-each-ref --format=%(refname)%00%(upstream:short)%00%(objectname)%00%(upstream:track)%00%(upstream:remotename)%00%(upstream:remoteref) refs/heads/main refs/remotes/main [12ms]
2026-09-15 23:39:08.159 [warning] [Git][revParse] Unable to read file: ENOENT: no such file or directory, open '/home/darren/Downloads/Arch-Hyprland/.git/refs/remotes/origin/main'
2026-09-15 23:39:08.166 [info] > git rev-parse refs/remotes/origin/main [7ms]
2026-09-15 23:39:08.352 [info] > git status -z -uall [145ms]
2026-09-15 23:39:08.352 [info] > git for-each-ref --sort -committerdate --format %(refname)%00%(objectname)%00%(*objectname) [41ms]
2026-09-15 23:39:09.856 [info] > git check-ignore -v -z --stdin [7ms]
2026-09-15 23:39:10.897 [info] > git check-ignore -v -z --stdin [6ms]
2026-09-15 23:39:13.459 [info] > git config --get commit.template [14ms]
2026-09-15 23:39:13.520 [info] > git for-each-ref --format=%(refname)%00%(upstream:short)%00%(objectname)%00%(upstream:track)%00%(upstream:remotename)%00%(upstream:remoteref) refs/heads/main refs/remotes/main [16ms]
2026-09-15 23:39:13.558 [warning] [Git][revParse] Unable to read file: ENOENT: no such file or directory, open '/home/darren/Downloads/Arch-Hyprland/.git/refs/remotes/origin/main'
2026-09-15 23:39:13.564 [info] > git rev-parse refs/remotes/origin/main [6ms]
2026-09-15 23:39:13.656 [info] > git for-each-ref --sort -committerdate --format %(refname)%00%(objectname)%00%(*objectname) [8ms]
2026-09-15 23:39:13.728 [info] > git status -z -uall [135ms]
2026-09-15 23:39:14.552 [info] > git check-ignore -v -z --stdin [9ms]
2026-09-15 23:39:25.841 [info] > git check-ignore -v -z --stdin [6ms]
2026-09-15 23:39:27.835 [info] > git config --get commit.template [34ms]
2026-09-15 23:39:27.841 [info] > git for-each-ref --format=%(refname)%00%(upstream:short)%00%(objectname)%00%(upstream:track)%00%(upstream:remotename)%00%(upstream:remoteref) refs/heads/main refs/remotes/main [7ms]
2026-09-15 23:39:27.874 [warning] [Git][revParse] Unable to read file: ENOENT: no such file or directory, open '/home/darren/Downloads/Arch-Hyprland/.git/refs/remotes/origin/main'
2026-09-15 23:39:27.880 [info] > git rev-parse refs/remotes/origin/main [5ms]
2026-09-15 23:39:27.953 [info] > git for-each-ref --sort -committerdate --format %(refname)%00%(objectname)%00%(*objectname) [11ms]
2026-09-15 23:39:28.032 [info] > git status -z -uall [124ms]
2026-09-15 23:39:28.994 [info] > git check-ignore -v -z --stdin [6ms]
2026-09-15 23:39:41.149 [info] > git check-ignore -v -z --stdin [8ms]
2026-09-15 23:39:42.731 [info] > git check-ignore -v -z --stdin [54ms]
2026-09-15 23:39:43.330 [info] > git config --get commit.template [196ms]
2026-09-15 23:39:43.354 [info] > git for-each-ref --format=%(refname)%00%(upstream:short)%00%(objectname)%00%(upstream:track)%00%(upstream:remotename)%00%(upstream:remoteref) refs/heads/main refs/remotes/main [28ms]
2026-09-15 23:39:43.483 [warning] [Git][revParse] Unable to read file: ENOENT: no such file or directory, open '/home/darren/Downloads/Arch-Hyprland/.git/refs/remotes/origin/main'
2026-09-15 23:39:43.516 [info] > git rev-parse refs/remotes/origin/main [33ms]
2026-09-15 23:39:43.806 [info] > git for-each-ref --sort -committerdate --format %(refname)%00%(objectname)%00%(*objectname) [35ms]
2026-09-15 23:39:43.916 [info] > git status -z -uall [267ms]
2026-09-15 23:39:44.910 [info] > git check-ignore -v -z --stdin [6ms]
2026-09-15 23:40:17.256 [info] > git check-ignore -v -z --stdin [758ms]
2026-09-15 23:40:18.071 [info] > git config --get commit.template [12ms]
2026-09-15 23:40:18.218 [info] > git for-each-ref --format=%(refname)%00%(upstream:short)%00%(objectname)%00%(upstream:track)%00%(upstream:remotename)%00%(upstream:remoteref) refs/heads/main refs/remotes/main [84ms]
2026-09-15 23:40:18.256 [warning] [Git][revParse] Unable to read file: ENOENT: no such file or directory, open '/home/darren/Downloads/Arch-Hyprland/.git/refs/remotes/origin/main'
2026-09-15 23:40:18.266 [info] > git rev-parse refs/remotes/origin/main [10ms]
2026-09-15 23:40:18.551 [info] > git for-each-ref --sort -committerdate --format %(refname)%00%(objectname)%00%(*objectname) [164ms]
2026-09-15 23:40:18.581 [info] > git check-ignore -v -z --stdin [38ms]
2026-09-15 23:40:19.660 [info] > git check-ignore -v -z --stdin [15ms]
2026-09-15 23:40:19.870 [info] > git status -z -uall [1553ms]
2026-09-15 23:40:20.999 [info] > git check-ignore -v -z --stdin [9ms]
2026-09-15 23:40:22.042 [info] > git check-ignore -v -z --stdin [10ms]
2026-09-15 23:40:23.068 [info] > git check-ignore -v -z --stdin [5ms]
2026-09-15 23:40:25.019 [info] > git config --get commit.template [6ms]
2026-09-15 23:40:25.052 [info] > git for-each-ref --format=%(refname)%00%(upstream:short)%00%(objectname)%00%(upstream:track)%00%(upstream:remotename)%00%(upstream:remoteref) refs/heads/main refs/remotes/main [7ms]
2026-09-15 23:40:25.078 [warning] [Git][revParse] Unable to read file: ENOENT: no such file or directory, open '/home/darren/Downloads/Arch-Hyprland/.git/refs/remotes/origin/main'
2026-09-15 23:40:25.081 [info] > git rev-parse refs/remotes/origin/main [4ms]
2026-09-15 23:40:25.184 [info] > git for-each-ref --sort -committerdate --format %(refname)%00%(objectname)%00%(*objectname) [51ms]
2026-09-15 23:40:25.488 [info] > git status -z -uall [382ms]
2026-09-15 23:40:26.273 [info] > git check-ignore -v -z --stdin [5ms]
2026-09-15 23:40:28.390 [info] > git check-ignore -v -z --stdin [8ms]
2026-09-15 23:40:30.595 [info] > git config --get commit.template [30ms]
2026-09-15 23:40:30.599 [info] > git for-each-ref --format=%(refname)%00%(upstream:short)%00%(objectname)%00%(upstream:track)%00%(upstream:remotename)%00%(upstream:remoteref) refs/heads/main refs/remotes/main [6ms]
2026-09-15 23:40:30.624 [warning] [Git][revParse] Unable to read file: ENOENT: no such file or directory, open '/home/darren/Downloads/Arch-Hyprland/.git/refs/remotes/origin/main'
2026-09-15 23:40:30.628 [info] > git rev-parse refs/remotes/origin/main [4ms]
2026-09-15 23:40:30.706 [info] > git for-each-ref --sort -committerdate --format %(refname)%00%(objectname)%00%(*objectname) [18ms]
2026-09-15 23:40:30.775 [info] > git status -z -uall [121ms]
2026-09-15 23:40:32.212 [info] > git check-ignore -v -z --stdin [12ms]
2026-09-15 23:40:33.691 [info] > git check-ignore -v -z --stdin [12ms]
2026-09-15 23:40:35.541 [info] > git check-ignore -v -z --stdin [55ms]
2026-09-15 23:40:35.930 [info] > git config --get commit.template [9ms]
2026-09-15 23:40:36.014 [info] > git for-each-ref --format=%(refname)%00%(upstream:short)%00%(objectname)%00%(upstream:track)%00%(upstream:remotename)%00%(upstream:remoteref) refs/heads/main refs/remotes/main [20ms]
2026-09-15 23:40:36.091 [warning] [Git][revParse] Unable to read file: ENOENT: no such file or directory, open '/home/darren/Downloads/Arch-Hyprland/.git/refs/remotes/origin/main'
2026-09-15 23:40:36.108 [info] > git rev-parse refs/remotes/origin/main [17ms]
2026-09-15 23:40:36.304 [info] > git for-each-ref --sort -committerdate --format %(refname)%00%(objectname)%00%(*objectname) [18ms]
2026-09-15 23:40:36.604 [info] > git status -z -uall [385ms]
2026-09-15 23:40:37.578 [info] > git check-ignore -v -z --stdin [13ms]
2026-09-15 23:40:41.721 [info] > git config --get commit.template [28ms]
2026-09-15 23:40:41.724 [info] > git for-each-ref --format=%(refname)%00%(upstream:short)%00%(objectname)%00%(upstream:track)%00%(upstream:remotename)%00%(upstream:remoteref) refs/heads/main refs/remotes/main [5ms]
2026-09-15 23:40:41.749 [warning] [Git][revParse] Unable to read file: ENOENT: no such file or directory, open '/home/darren/Downloads/Arch-Hyprland/.git/refs/remotes/origin/main'
2026-09-15 23:40:41.753 [info] > git rev-parse refs/remotes/origin/main [4ms]
2026-09-15 23:40:41.818 [info] > git for-each-ref --sort -committerdate --format %(refname)%00%(objectname)%00%(*objectname) [5ms]
2026-09-15 23:40:41.878 [info] > git status -z -uall [100ms]
2026-09-15 23:40:42.949 [info] > git check-ignore -v -z --stdin [7ms]
2026-09-15 23:40:44.823 [info] > git check-ignore -v -z --stdin [18ms]
2026-09-15 23:40:46.301 [info] > git check-ignore -v -z --stdin [21ms]
2026-09-15 23:40:47.470 [info] > git config --get commit.template [31ms]
2026-09-15 23:40:47.474 [info] > git for-each-ref --format=%(refname)%00%(upstream:short)%00%(objectname)%00%(upstream:track)%00%(upstream:remotename)%00%(upstream:remoteref) refs/heads/main refs/remotes/main [7ms]
2026-09-15 23:40:47.499 [warning] [Git][revParse] Unable to read file: ENOENT: no such file or directory, open '/home/darren/Downloads/Arch-Hyprland/.git/refs/remotes/origin/main'
2026-09-15 23:40:47.509 [info] > git rev-parse refs/remotes/origin/main [10ms]
2026-09-15 23:40:47.570 [info] > git for-each-ref --sort -committerdate --format %(refname)%00%(objectname)%00%(*objectname) [8ms]
2026-09-15 23:40:47.631 [info] > git status -z -uall [95ms]
2026-09-15 23:40:48.403 [info] > git check-ignore -v -z --stdin [9ms]
2026-09-15 23:40:51.236 [info] > git check-ignore -v -z --stdin [7ms]
2026-09-15 23:40:53.168 [info] > git config --get commit.template [16ms]
2026-09-15 23:40:53.231 [info] > git for-each-ref --format=%(refname)%00%(upstream:short)%00%(objectname)%00%(upstream:track)%00%(upstream:remotename)%00%(upstream:remoteref) refs/heads/main refs/remotes/main [15ms]
2026-09-15 23:40:53.266 [warning] [Git][revParse] Unable to read file: ENOENT: no such file or directory, open '/home/darren/Downloads/Arch-Hyprland/.git/refs/remotes/origin/main'
2026-09-15 23:40:53.269 [info] > git rev-parse refs/remotes/origin/main [3ms]
2026-09-15 23:40:53.329 [info] > git for-each-ref --sort -committerdate --format %(refname)%00%(objectname)%00%(*objectname) [7ms]
2026-09-15 23:40:53.410 [info] > git status -z -uall [116ms]
2026-09-15 23:40:53.410 [info] > git check-ignore -v -z --stdin [17ms]
2026-09-15 23:40:54.504 [info] > git check-ignore -v -z --stdin [10ms]
2026-09-15 23:40:57.699 [info] > git check-ignore -v -z --stdin [6ms]
2026-09-15 23:40:58.658 [info] > git config --get commit.template [12ms]
2026-09-15 23:40:58.753 [info] > git for-each-ref --format=%(refname)%00%(upstream:short)%00%(objectname)%00%(upstream:track)%00%(upstream:remotename)%00%(upstream:remoteref) refs/heads/main refs/remotes/main [53ms]
2026-09-15 23:40:58.780 [warning] [Git][revParse] Unable to read file: ENOENT: no such file or directory, open '/home/darren/Downloads/Arch-Hyprland/.git/refs/remotes/origin/main'
2026-09-15 23:40:58.781 [info] > git check-ignore -v -z --stdin [33ms]
2026-09-15 23:40:58.786 [info] > git rev-parse refs/remotes/origin/main [7ms]
2026-09-15 23:40:58.854 [info] > git for-each-ref --sort -committerdate --format %(refname)%00%(objectname)%00%(*objectname) [9ms]
2026-09-15 23:40:58.933 [info] > git status -z -uall [120ms]
2026-09-15 23:40:59.888 [info] > git check-ignore -v -z --stdin [5ms]
2026-09-15 23:41:01.002 [info] > git check-ignore -v -z --stdin [8ms]
2026-09-15 23:41:04.020 [info] > git config --get commit.template [8ms]
2026-09-15 23:41:04.067 [info] > git for-each-ref --format=%(refname)%00%(upstream:short)%00%(objectname)%00%(upstream:track)%00%(upstream:remotename)%00%(upstream:remoteref) refs/heads/main refs/remotes/main [11ms]
2026-09-15 23:41:04.100 [warning] [Git][revParse] Unable to read file: ENOENT: no such file or directory, open '/home/darren/Downloads/Arch-Hyprland/.git/refs/remotes/origin/main'
2026-09-15 23:41:04.110 [info] > git rev-parse refs/remotes/origin/main [9ms]
2026-09-15 23:41:04.199 [info] > git for-each-ref --sort -committerdate --format %(refname)%00%(objectname)%00%(*objectname) [11ms]
2026-09-15 23:41:04.269 [info] > git status -z -uall [131ms]
2026-09-15 23:41:05.038 [info] > git check-ignore -v -z --stdin [4ms]
2026-09-15 23:41:11.161 [info] > git check-ignore -v -z --stdin [10ms]
2026-09-15 23:41:12.169 [info] > git check-ignore -v -z --stdin [5ms]
2026-09-15 23:41:13.694 [info] > git check-ignore -v -z --stdin [13ms]
2026-09-15 23:41:14.015 [info] > git config --get commit.template [6ms]
2026-09-15 23:41:14.071 [info] > git for-each-ref --format=%(refname)%00%(upstream:short)%00%(objectname)%00%(upstream:track)%00%(upstream:remotename)%00%(upstream:remoteref) refs/heads/main refs/remotes/main [16ms]
2026-09-15 23:41:14.180 [warning] [Git][revParse] Unable to read file: ENOENT: no such file or directory, open '/home/darren/Downloads/Arch-Hyprland/.git/refs/remotes/origin/main'
2026-09-15 23:41:14.186 [info] > git rev-parse refs/remotes/origin/main [6ms]
2026-09-15 23:41:14.337 [info] > git for-each-ref --sort -committerdate --format %(refname)%00%(objectname)%00%(*objectname) [25ms]
2026-09-15 23:41:14.411 [info] > git status -z -uall [165ms]
2026-09-15 23:41:15.386 [info] > git check-ignore -v -z --stdin [7ms]
2026-09-15 23:41:16.818 [info] > git check-ignore -v -z --stdin [10ms]
2026-09-15 23:41:19.525 [info] > git config --get commit.template [9ms]
2026-09-15 23:41:19.590 [info] > git for-each-ref --format=%(refname)%00%(upstream:short)%00%(objectname)%00%(upstream:track)%00%(upstream:remotename)%00%(upstream:remoteref) refs/heads/main refs/remotes/main [21ms]
2026-09-15 23:41:19.621 [warning] [Git][revParse] Unable to read file: ENOENT: no such file or directory, open '/home/darren/Downloads/Arch-Hyprland/.git/refs/remotes/origin/main'
2026-09-15 23:41:19.626 [info] > git rev-parse refs/remotes/origin/main [5ms]
2026-09-15 23:41:19.692 [info] > git for-each-ref --sort -committerdate --format %(refname)%00%(objectname)%00%(*objectname) [10ms]
2026-09-15 23:41:19.764 [info] > git status -z -uall [109ms]
2026-09-15 23:41:19.765 [info] > git check-ignore -v -z --stdin [14ms]
2026-09-15 23:41:21.458 [info] > git check-ignore -v -z --stdin [10ms]
2026-09-15 23:41:22.541 [info] > git check-ignore -v -z --stdin [7ms]
2026-09-15 23:41:23.631 [info] > git check-ignore -v -z --stdin [12ms]
2026-09-15 23:41:24.761 [info] > git check-ignore -v -z --stdin [19ms]
2026-09-15 23:41:25.838 [info] > git check-ignore -v -z --stdin [22ms]
2026-09-15 23:41:26.939 [info] > git check-ignore -v -z --stdin [5ms]
2026-09-15 23:41:28.067 [info] > git check-ignore -v -z --stdin [28ms]
2026-09-15 23:41:29.165 [info] > git check-ignore -v -z --stdin [16ms]
2026-09-15 23:41:30.216 [info] > git config --get commit.template [8ms]
2026-09-15 23:41:30.338 [info] > git check-ignore -v -z --stdin [5ms]
2026-09-15 23:41:30.341 [info] > git for-each-ref --format=%(refname)%00%(upstream:short)%00%(objectname)%00%(upstream:track)%00%(upstream:remotename)%00%(upstream:remoteref) refs/heads/main refs/remotes/main [80ms]
2026-09-15 23:41:30.367 [warning] [Git][revParse] Unable to read file: ENOENT: no such file or directory, open '/home/darren/Downloads/Arch-Hyprland/.git/refs/remotes/origin/main'
2026-09-15 23:41:30.375 [info] > git rev-parse refs/remotes/origin/main [6ms]
2026-09-15 23:41:30.451 [info] > git for-each-ref --sort -committerdate --format %(refname)%00%(objectname)%00%(*objectname) [5ms]
2026-09-15 23:41:30.669 [info] > git status -z -uall [254ms]
2026-09-15 23:41:32.303 [info] > git check-ignore -v -z --stdin [19ms]
2026-09-15 23:41:34.082 [info] > git check-ignore -v -z --stdin [12ms]
2026-09-15 23:41:35.329 [info] > git check-ignore -v -z --stdin [8ms]
2026-09-15 23:41:35.849 [info] > git config --get commit.template [24ms]
2026-09-15 23:41:35.903 [info] > git for-each-ref --format=%(refname)%00%(upstream:short)%00%(objectname)%00%(upstream:track)%00%(upstream:remotename)%00%(upstream:remoteref) refs/heads/main refs/remotes/main [11ms]
2026-09-15 23:41:35.940 [warning] [Git][revParse] Unable to read file: ENOENT: no such file or directory, open '/home/darren/Downloads/Arch-Hyprland/.git/refs/remotes/origin/main'
2026-09-15 23:41:35.952 [info] > git rev-parse refs/remotes/origin/main [13ms]
2026-09-15 23:41:36.148 [info] > git for-each-ref --sort -committerdate --format %(refname)%00%(objectname)%00%(*objectname) [82ms]
2026-09-15 23:41:36.247 [info] > git status -z -uall [259ms]
2026-09-15 23:41:36.894 [info] > git check-ignore -v -z --stdin [5ms]
2026-09-15 23:41:37.968 [info] > git check-ignore -v -z --stdin [5ms]
2026-09-15 23:41:41.349 [info] > git config --get commit.template [6ms]
2026-09-15 23:41:41.379 [info] > git for-each-ref --format=%(refname)%00%(upstream:short)%00%(objectname)%00%(upstream:track)%00%(upstream:remotename)%00%(upstream:remoteref) refs/heads/main refs/remotes/main [5ms]
2026-09-15 23:41:41.404 [warning] [Git][revParse] Unable to read file: ENOENT: no such file or directory, open '/home/darren/Downloads/Arch-Hyprland/.git/refs/remotes/origin/main'
2026-09-15 23:41:41.408 [info] > git rev-parse refs/remotes/origin/main [4ms]
2026-09-15 23:41:41.467 [info] > git for-each-ref --sort -committerdate --format %(refname)%00%(objectname)%00%(*objectname) [6ms]
2026-09-15 23:41:41.533 [info] > git status -z -uall [100ms]
2026-09-15 23:41:42.970 [info] > git check-ignore -v -z --stdin [6ms]
2026-09-15 23:42:06.126 [info] > git log --format=%H%n%aN%n%aE%n%at%n%ct%n%P%n%D%n%B -z -n51 --shortstat --follow -- /home/darren/Downloads/Arch-Hyprland/Hyprland-Dots/README.md [6ms]
2026-09-15 23:43:07.514 [info] > git config --get commit.template [105ms]
2026-09-15 23:43:07.596 [info] > git for-each-ref --format=%(refname)%00%(upstream:short)%00%(objectname)%00%(upstream:track)%00%(upstream:remotename)%00%(upstream:remoteref) refs/heads/main refs/remotes/main [157ms]
2026-09-15 23:43:07.625 [warning] [Git][revParse] Unable to read file: ENOENT: no such file or directory, open '/home/darren/Downloads/Arch-Hyprland/.git/refs/remotes/origin/main'
2026-09-15 23:43:07.630 [info] > git rev-parse refs/remotes/origin/main [4ms]
2026-09-15 23:43:07.690 [info] > git for-each-ref --sort -committerdate --format %(refname)%00%(objectname)%00%(*objectname) [7ms]
2026-09-15 23:43:07.758 [info] > git status -z -uall [104ms]
2026-09-15 23:43:17.858 [info] > git config --get commit.template [5ms]
2026-09-15 23:43:17.901 [info] > git for-each-ref --format=%(refname)%00%(upstream:short)%00%(objectname)%00%(upstream:track)%00%(upstream:remotename)%00%(upstream:remoteref) refs/heads/main refs/remotes/main [11ms]
2026-09-15 23:43:17.928 [warning] [Git][revParse] Unable to read file: ENOENT: no such file or directory, open '/home/darren/Downloads/Arch-Hyprland/.git/refs/remotes/origin/main'
2026-09-15 23:43:17.936 [info] > git rev-parse refs/remotes/origin/main [8ms]
2026-09-15 23:43:18.105 [info] > git status -z -uall [139ms]
2026-09-15 23:43:21.865 [info] > git for-each-ref --sort -committerdate --format %(refname)%00%(objectname)%00%(*objectname) [3837ms]
2026-09-15 23:43:31.172 [info] > git config --get commit.template [30ms]
2026-09-15 23:43:31.175 [info] > git for-each-ref --format=%(refname)%00%(upstream:short)%00%(objectname)%00%(upstream:track)%00%(upstream:remotename)%00%(upstream:remoteref) refs/heads/main refs/remotes/main [5ms]
2026-09-15 23:43:31.200 [warning] [Git][revParse] Unable to read file: ENOENT: no such file or directory, open '/home/darren/Downloads/Arch-Hyprland/.git/refs/remotes/origin/main'
2026-09-15 23:43:31.205 [info] > git rev-parse refs/remotes/origin/main [5ms]
2026-09-15 23:43:31.291 [info] > git for-each-ref --sort -committerdate --format %(refname)%00%(objectname)%00%(*objectname) [9ms]
2026-09-15 23:43:31.344 [info] > git status -z -uall [108ms]
2026-09-15 23:43:37.677 [info] > git config --get commit.template [33ms]
2026-09-15 23:43:37.681 [info] > git for-each-ref --format=%(refname)%00%(upstream:short)%00%(objectname)%00%(upstream:track)%00%(upstream:remotename)%00%(upstream:remoteref) refs/heads/main refs/remotes/main [9ms]
2026-09-15 23:43:37.706 [warning] [Git][revParse] Unable to read file: ENOENT: no such file or directory, open '/home/darren/Downloads/Arch-Hyprland/.git/refs/remotes/origin/main'
2026-09-15 23:43:37.710 [info] > git rev-parse refs/remotes/origin/main [4ms]
2026-09-15 23:43:37.782 [info] > git for-each-ref --sort -committerdate --format %(refname)%00%(objectname)%00%(*objectname) [8ms]
2026-09-15 23:43:37.834 [info] > git status -z -uall [96ms]
2026-09-15 23:43:42.931 [info] > git config --get commit.template [29ms]
2026-09-15 23:43:42.935 [info] > git for-each-ref --format=%(refname)%00%(upstream:short)%00%(objectname)%00%(upstream:track)%00%(upstream:remotename)%00%(upstream:remoteref) refs/heads/main refs/remotes/main [5ms]
2026-09-15 23:43:42.960 [warning] [Git][revParse] Unable to read file: ENOENT: no such file or directory, open '/home/darren/Downloads/Arch-Hyprland/.git/refs/remotes/origin/main'
2026-09-15 23:43:42.964 [info] > git rev-parse refs/remotes/origin/main [4ms]
2026-09-15 23:43:43.025 [info] > git for-each-ref --sort -committerdate --format %(refname)%00%(objectname)%00%(*objectname) [10ms]
2026-09-15 23:43:43.083 [info] > git status -z -uall [94ms]
2026-09-15 23:43:48.180 [info] > git config --get commit.template [29ms]
2026-09-15 23:43:48.182 [info] > git for-each-ref --format=%(refname)%00%(upstream:short)%00%(objectname)%00%(upstream:track)%00%(upstream:remotename)%00%(upstream:remoteref) refs/heads/main refs/remotes/main [5ms]
2026-09-15 23:43:48.207 [warning] [Git][revParse] Unable to read file: ENOENT: no such file or directory, open '/home/darren/Downloads/Arch-Hyprland/.git/refs/remotes/origin/main'
2026-09-15 23:43:48.211 [info] > git rev-parse refs/remotes/origin/main [4ms]
2026-09-15 23:43:48.278 [info] > git for-each-ref --sort -committerdate --format %(refname)%00%(objectname)%00%(*objectname) [10ms]
2026-09-15 23:43:48.331 [info] > git status -z -uall [92ms]
2026-09-15 23:43:53.940 [info] > git config --get commit.template [38ms]
2026-09-15 23:43:54.107 [info] > git for-each-ref --format=%(refname)%00%(upstream:short)%00%(objectname)%00%(upstream:track)%00%(upstream:remotename)%00%(upstream:remoteref) refs/heads/main refs/remotes/main [169ms]
2026-09-15 23:43:54.140 [warning] [Git][revParse] Unable to read file: ENOENT: no such file or directory, open '/home/darren/Downloads/Arch-Hyprland/.git/refs/remotes/origin/main'
2026-09-15 23:43:54.296 [info] > git rev-parse refs/remotes/origin/main [156ms]
2026-09-15 23:43:54.364 [info] > git for-each-ref --sort -committerdate --format %(refname)%00%(objectname)%00%(*objectname) [6ms]
2026-09-15 23:43:54.434 [info] > git status -z -uall [109ms]
2026-09-15 23:44:07.852 [info] > git config --get commit.template [575ms]
2026-09-15 23:44:08.468 [info] > git for-each-ref --format=%(refname)%00%(upstream:short)%00%(objectname)%00%(upstream:track)%00%(upstream:remotename)%00%(upstream:remoteref) refs/heads/main refs/remotes/main [1018ms]
2026-09-15 23:44:08.512 [warning] [Git][revParse] Unable to read file: ENOENT: no such file or directory, open '/home/darren/Downloads/Arch-Hyprland/.git/refs/remotes/origin/main'
2026-09-15 23:44:08.524 [info] > git rev-parse refs/remotes/origin/main [12ms]
2026-09-15 23:44:08.889 [info] > git for-each-ref --sort -committerdate --format %(refname)%00%(objectname)%00%(*objectname) [263ms]
2026-09-15 23:44:25.926 [info] > git status -z -uall [17362ms]
2026-09-15 23:44:38.514 [info] > git config --get commit.template [34ms]
2026-09-15 23:44:38.518 [info] > git for-each-ref --format=%(refname)%00%(upstream:short)%00%(objectname)%00%(upstream:track)%00%(upstream:remotename)%00%(upstream:remoteref) refs/heads/main refs/remotes/main [7ms]
2026-09-15 23:44:38.553 [warning] [Git][revParse] Unable to read file: ENOENT: no such file or directory, open '/home/darren/Downloads/Arch-Hyprland/.git/refs/remotes/origin/main'
2026-09-15 23:44:38.558 [info] > git rev-parse refs/remotes/origin/main [5ms]
2026-09-15 23:44:38.660 [info] > git for-each-ref --sort -committerdate --format %(refname)%00%(objectname)%00%(*objectname) [24ms]
2026-09-15 23:44:38.691 [info] > git status -z -uall [107ms]
2026-09-15 23:44:59.399 [info] > git config --get commit.template [35ms]
2026-09-15 23:44:59.400 [info] > git for-each-ref --format=%(refname)%00%(upstream:short)%00%(objectname)%00%(upstream:track)%00%(upstream:remotename)%00%(upstream:remoteref) refs/heads/main refs/remotes/main [8ms]
2026-09-15 23:44:59.431 [warning] [Git][revParse] Unable to read file: ENOENT: no such file or directory, open '/home/darren/Downloads/Arch-Hyprland/.git/refs/remotes/origin/main'
2026-09-15 23:44:59.446 [info] > git rev-parse refs/remotes/origin/main [15ms]
2026-09-15 23:44:59.578 [info] > git for-each-ref --sort -committerdate --format %(refname)%00%(objectname)%00%(*objectname) [24ms]
2026-09-15 23:44:59.628 [info] > git status -z -uall [153ms]
2026-09-15 23:45:04.740 [info] > git config --get commit.template [34ms]
2026-09-15 23:45:04.746 [info] > git for-each-ref --format=%(refname)%00%(upstream:short)%00%(objectname)%00%(upstream:track)%00%(upstream:remotename)%00%(upstream:remoteref) refs/heads/main refs/remotes/main [10ms]
2026-09-15 23:45:04.780 [warning] [Git][revParse] Unable to read file: ENOENT: no such file or directory, open '/home/darren/Downloads/Arch-Hyprland/.git/refs/remotes/origin/main'
2026-09-15 23:45:04.790 [info] > git rev-parse refs/remotes/origin/main [11ms]
2026-09-15 23:45:04.875 [info] > git for-each-ref --sort -committerdate --format %(refname)%00%(objectname)%00%(*objectname) [8ms]
2026-09-15 23:45:04.929 [info] > git status -z -uall [98ms]
2026-09-15 23:45:10.033 [info] > git config --get commit.template [28ms]
2026-09-15 23:45:10.036 [info] > git for-each-ref --format=%(refname)%00%(upstream:short)%00%(objectname)%00%(upstream:track)%00%(upstream:remotename)%00%(upstream:remoteref) refs/heads/main refs/remotes/main [5ms]
2026-09-15 23:45:10.060 [warning] [Git][revParse] Unable to read file: ENOENT: no such file or directory, open '/home/darren/Downloads/Arch-Hyprland/.git/refs/remotes/origin/main'
2026-09-15 23:45:10.064 [info] > git rev-parse refs/remotes/origin/main [5ms]
2026-09-15 23:45:10.150 [info] > git for-each-ref --sort -committerdate --format %(refname)%00%(objectname)%00%(*objectname) [17ms]
2026-09-15 23:45:10.201 [info] > git status -z -uall [107ms]
2026-09-15 23:45:19.118 [info] > git config --get commit.template [2ms]
2026-09-15 23:45:19.149 [info] > git for-each-ref --format=%(refname)%00%(upstream:short)%00%(objectname)%00%(upstream:track)%00%(upstream:remotename)%00%(upstream:remoteref) refs/heads/main refs/remotes/main [5ms]
2026-09-15 23:45:19.173 [warning] [Git][revParse] Unable to read file: ENOENT: no such file or directory, open '/home/darren/Downloads/Arch-Hyprland/.git/refs/remotes/origin/main'
2026-09-15 23:45:19.177 [info] > git rev-parse refs/remotes/origin/main [4ms]
2026-09-15 23:45:19.253 [info] > git for-each-ref --sort -committerdate --format %(refname)%00%(objectname)%00%(*objectname) [11ms]
2026-09-15 23:45:19.303 [info] > git status -z -uall [102ms]
2026-09-15 23:45:34.689 [info] > git config --get commit.template [34ms]
2026-09-15 23:45:34.692 [info] > git for-each-ref --format=%(refname)%00%(upstream:short)%00%(objectname)%00%(upstream:track)%00%(upstream:remotename)%00%(upstream:remoteref) refs/heads/main refs/remotes/main [5ms]
2026-09-15 23:45:34.729 [warning] [Git][revParse] Unable to read file: ENOENT: no such file or directory, open '/home/darren/Downloads/Arch-Hyprland/.git/refs/remotes/origin/main'
2026-09-15 23:45:34.756 [info] > git rev-parse refs/remotes/origin/main [27ms]
2026-09-15 23:45:34.897 [info] > git for-each-ref --sort -committerdate --format %(refname)%00%(objectname)%00%(*objectname) [12ms]
2026-09-15 23:45:34.926 [info] > git status -z -uall [140ms]
2026-09-15 23:45:40.034 [info] > git config --get commit.template [32ms]
2026-09-15 23:45:40.038 [info] > git for-each-ref --format=%(refname)%00%(upstream:short)%00%(objectname)%00%(upstream:track)%00%(upstream:remotename)%00%(upstream:remoteref) refs/heads/main refs/remotes/main [5ms]
2026-09-15 23:45:40.063 [warning] [Git][revParse] Unable to read file: ENOENT: no such file or directory, open '/home/darren/Downloads/Arch-Hyprland/.git/refs/remotes/origin/main'
2026-09-15 23:45:40.069 [info] > git rev-parse refs/remotes/origin/main [7ms]
2026-09-15 23:45:40.137 [info] > git for-each-ref --sort -committerdate --format %(refname)%00%(objectname)%00%(*objectname) [9ms]
2026-09-15 23:45:40.201 [info] > git status -z -uall [105ms]
2026-09-15 23:45:52.811 [info] > git config --get commit.template [262ms]
2026-09-15 23:45:52.812 [info] > git for-each-ref --format=%(refname)%00%(upstream:short)%00%(objectname)%00%(upstream:track)%00%(upstream:remotename)%00%(upstream:remoteref) refs/heads/main refs/remotes/main [228ms]
2026-09-15 23:45:52.849 [warning] [Git][revParse] Unable to read file: ENOENT: no such file or directory, open '/home/darren/Downloads/Arch-Hyprland/.git/refs/remotes/origin/main'
2026-09-15 23:45:52.851 [info] > git rev-parse refs/remotes/origin/main [2ms]
2026-09-15 23:45:52.912 [info] > git for-each-ref --sort -committerdate --format %(refname)%00%(objectname)%00%(*objectname) [8ms]
2026-09-15 23:45:52.972 [info] > git status -z -uall [96ms]
2026-09-15 23:46:06.841 [info] > git config --get commit.template [6ms]
2026-09-15 23:46:06.877 [info] > git for-each-ref --format=%(refname)%00%(upstream:short)%00%(objectname)%00%(upstream:track)%00%(upstream:remotename)%00%(upstream:remoteref) refs/heads/main refs/remotes/main [5ms]
2026-09-15 23:46:06.904 [warning] [Git][revParse] Unable to read file: ENOENT: no such file or directory, open '/home/darren/Downloads/Arch-Hyprland/.git/refs/remotes/origin/main'
2026-09-15 23:46:06.912 [info] > git rev-parse refs/remotes/origin/main [7ms]
2026-09-15 23:46:07.004 [info] > git for-each-ref --sort -committerdate --format %(refname)%00%(objectname)%00%(*objectname) [9ms]
2026-09-15 23:46:07.064 [info] > git status -z -uall [122ms]
2026-09-15 23:46:14.230 [info] > git config --get commit.template [3ms]
2026-09-15 23:46:14.262 [info] > git for-each-ref --format=%(refname)%00%(upstream:short)%00%(objectname)%00%(upstream:track)%00%(upstream:remotename)%00%(upstream:remoteref) refs/heads/main refs/remotes/main [6ms]
2026-09-15 23:46:14.289 [warning] [Git][revParse] Unable to read file: ENOENT: no such file or directory, open '/home/darren/Downloads/Arch-Hyprland/.git/refs/remotes/origin/main'
2026-09-15 23:46:14.302 [info] > git rev-parse refs/remotes/origin/main [13ms]
2026-09-15 23:46:14.385 [info] > git for-each-ref --sort -committerdate --format %(refname)%00%(objectname)%00%(*objectname) [27ms]
2026-09-15 23:46:14.423 [info] > git status -z -uall [94ms]
2026-09-15 23:46:21.289 [info] > git config --get commit.template [36ms]
2026-09-15 23:46:21.292 [info] > git for-each-ref --format=%(refname)%00%(upstream:short)%00%(objectname)%00%(upstream:track)%00%(upstream:remotename)%00%(upstream:remoteref) refs/heads/main refs/remotes/main [5ms]
2026-09-15 23:46:21.318 [warning] [Git][revParse] Unable to read file: ENOENT: no such file or directory, open '/home/darren/Downloads/Arch-Hyprland/.git/refs/remotes/origin/main'
2026-09-15 23:46:21.323 [info] > git rev-parse refs/remotes/origin/main [5ms]
2026-09-15 23:46:21.407 [info] > git for-each-ref --sort -committerdate --format %(refname)%00%(objectname)%00%(*objectname) [23ms]
2026-09-15 23:46:21.460 [info] > git status -z -uall [111ms]
2026-09-15 23:46:26.565 [info] > git config --get commit.template [29ms]
2026-09-15 23:46:26.569 [info] > git for-each-ref --format=%(refname)%00%(upstream:short)%00%(objectname)%00%(upstream:track)%00%(upstream:remotename)%00%(upstream:remoteref) refs/heads/main refs/remotes/main [6ms]
2026-09-15 23:46:26.593 [warning] [Git][revParse] Unable to read file: ENOENT: no such file or directory, open '/home/darren/Downloads/Arch-Hyprland/.git/refs/remotes/origin/main'
2026-09-15 23:46:26.597 [info] > git rev-parse refs/remotes/origin/main [4ms]
2026-09-15 23:46:26.656 [info] > git for-each-ref --sort -committerdate --format %(refname)%00%(objectname)%00%(*objectname) [7ms]
2026-09-15 23:46:26.718 [info] > git status -z -uall [96ms]
2026-09-15 23:46:33.166 [info] > git config --get commit.template [29ms]
2026-09-15 23:46:33.171 [info] > git for-each-ref --format=%(refname)%00%(upstream:short)%00%(objectname)%00%(upstream:track)%00%(upstream:remotename)%00%(upstream:remoteref) refs/heads/main refs/remotes/main [7ms]
2026-09-15 23:46:33.209 [warning] [Git][revParse] Unable to read file: ENOENT: no such file or directory, open '/home/darren/Downloads/Arch-Hyprland/.git/refs/remotes/origin/main'
2026-09-15 23:46:33.217 [info] > git rev-parse refs/remotes/origin/main [9ms]
2026-09-15 23:46:33.307 [info] > git for-each-ref --sort -committerdate --format %(refname)%00%(objectname)%00%(*objectname) [8ms]
2026-09-15 23:46:33.379 [info] > git status -z -uall [123ms]
2026-09-15 23:46:38.498 [info] > git config --get commit.template [35ms]
2026-09-15 23:46:38.499 [info] > git for-each-ref --format=%(refname)%00%(upstream:short)%00%(objectname)%00%(upstream:track)%00%(upstream:remotename)%00%(upstream:remoteref) refs/heads/main refs/remotes/main [10ms]
2026-09-15 23:46:38.523 [warning] [Git][revParse] Unable to read file: ENOENT: no such file or directory, open '/home/darren/Downloads/Arch-Hyprland/.git/refs/remotes/origin/main'
2026-09-15 23:46:38.527 [info] > git rev-parse refs/remotes/origin/main [4ms]
2026-09-15 23:46:38.596 [info] > git for-each-ref --sort -committerdate --format %(refname)%00%(objectname)%00%(*objectname) [7ms]
2026-09-15 23:46:38.650 [info] > git status -z -uall [93ms]
2026-09-15 23:46:43.755 [info] > git config --get commit.template [37ms]
2026-09-15 23:46:43.758 [info] > git for-each-ref --format=%(refname)%00%(upstream:short)%00%(objectname)%00%(upstream:track)%00%(upstream:remotename)%00%(upstream:remoteref) refs/heads/main refs/remotes/main [5ms]
2026-09-15 23:46:43.785 [warning] [Git][revParse] Unable to read file: ENOENT: no such file or directory, open '/home/darren/Downloads/Arch-Hyprland/.git/refs/remotes/origin/main'
2026-09-15 23:46:43.789 [info] > git rev-parse refs/remotes/origin/main [4ms]
2026-09-15 23:46:43.861 [info] > git for-each-ref --sort -committerdate --format %(refname)%00%(objectname)%00%(*objectname) [13ms]
2026-09-15 23:46:43.949 [info] > git status -z -uall [135ms]
2026-09-15 23:46:50.143 [info] > git config --get commit.template [7ms]
2026-09-15 23:46:50.176 [info] > git for-each-ref --format=%(refname)%00%(upstream:short)%00%(objectname)%00%(upstream:track)%00%(upstream:remotename)%00%(upstream:remoteref) refs/heads/main refs/remotes/main [6ms]
2026-09-15 23:46:50.202 [warning] [Git][revParse] Unable to read file: ENOENT: no such file or directory, open '/home/darren/Downloads/Arch-Hyprland/.git/refs/remotes/origin/main'
2026-09-15 23:46:50.206 [info] > git rev-parse refs/remotes/origin/main [4ms]
2026-09-15 23:46:50.271 [info] > git for-each-ref --sort -committerdate --format %(refname)%00%(objectname)%00%(*objectname) [7ms]
2026-09-15 23:46:50.331 [info] > git status -z -uall [96ms]
2026-09-15 23:46:55.430 [info] > git config --get commit.template [29ms]
2026-09-15 23:46:55.436 [info] > git for-each-ref --format=%(refname)%00%(upstream:short)%00%(objectname)%00%(upstream:track)%00%(upstream:remotename)%00%(upstream:remoteref) refs/heads/main refs/remotes/main [9ms]
2026-09-15 23:46:55.469 [warning] [Git][revParse] Unable to read file: ENOENT: no such file or directory, open '/home/darren/Downloads/Arch-Hyprland/.git/refs/remotes/origin/main'
2026-09-15 23:46:55.474 [info] > git rev-parse refs/remotes/origin/main [5ms]
2026-09-15 23:46:55.533 [info] > git for-each-ref --sort -committerdate --format %(refname)%00%(objectname)%00%(*objectname) [4ms]
2026-09-15 23:46:55.591 [info] > git status -z -uall [93ms]
2026-09-15 23:47:29.044 [info] > git config --get commit.template [34ms]
2026-09-15 23:47:29.047 [info] > git for-each-ref --format=%(refname)%00%(upstream:short)%00%(objectname)%00%(upstream:track)%00%(upstream:remotename)%00%(upstream:remoteref) refs/heads/main refs/remotes/main [6ms]
2026-09-15 23:47:29.077 [warning] [Git][revParse] Unable to read file: ENOENT: no such file or directory, open '/home/darren/Downloads/Arch-Hyprland/.git/refs/remotes/origin/main'
2026-09-15 23:47:29.081 [info] > git rev-parse refs/remotes/origin/main [5ms]
2026-09-15 23:47:29.157 [info] > git for-each-ref --sort -committerdate --format %(refname)%00%(objectname)%00%(*objectname) [5ms]
2026-09-15 23:47:29.217 [info] > git status -z -uall [108ms]
2026-09-15 23:49:22.082 [info] > git config --get commit.template [571ms]
2026-09-15 23:49:22.180 [info] > git for-each-ref --format=%(refname)%00%(upstream:short)%00%(objectname)%00%(upstream:track)%00%(upstream:remotename)%00%(upstream:remoteref) refs/heads/main refs/remotes/main [575ms]
2026-09-15 23:49:22.209 [warning] [Git][revParse] Unable to read file: ENOENT: no such file or directory, open '/home/darren/Downloads/Arch-Hyprland/.git/refs/remotes/origin/main'
2026-09-15 23:49:22.213 [info] > git rev-parse refs/remotes/origin/main [4ms]
2026-09-15 23:49:22.355 [info] > git for-each-ref --sort -committerdate --format %(refname)%00%(objectname)%00%(*objectname) [71ms]
2026-09-15 23:49:22.725 [info] > git status -z -uall [476ms]
2026-09-15 23:49:27.901 [info] > git config --get commit.template [46ms]
2026-09-15 23:49:27.901 [info] > git for-each-ref --format=%(refname)%00%(upstream:short)%00%(objectname)%00%(upstream:track)%00%(upstream:remotename)%00%(upstream:remoteref) refs/heads/main refs/remotes/main [21ms]
2026-09-15 23:49:27.925 [warning] [Git][revParse] Unable to read file: ENOENT: no such file or directory, open '/home/darren/Downloads/Arch-Hyprland/.git/refs/remotes/origin/main'
2026-09-15 23:49:27.930 [info] > git rev-parse refs/remotes/origin/main [5ms]
2026-09-15 23:49:28.021 [info] > git for-each-ref --sort -committerdate --format %(refname)%00%(objectname)%00%(*objectname) [36ms]
2026-09-15 23:49:28.061 [info] > git status -z -uall [104ms]
2026-09-15 23:49:33.789 [info] > git config --get commit.template [154ms]
2026-09-15 23:49:33.791 [info] > git for-each-ref --format=%(refname)%00%(upstream:short)%00%(objectname)%00%(upstream:track)%00%(upstream:remotename)%00%(upstream:remoteref) refs/heads/main refs/remotes/main [88ms]
2026-09-15 23:49:33.821 [warning] [Git][revParse] Unable to read file: ENOENT: no such file or directory, open '/home/darren/Downloads/Arch-Hyprland/.git/refs/remotes/origin/main'
2026-09-15 23:49:33.828 [info] > git rev-parse refs/remotes/origin/main [7ms]
2026-09-15 23:49:34.241 [info] > git for-each-ref --sort -committerdate --format %(refname)%00%(objectname)%00%(*objectname) [315ms]
2026-09-15 23:49:45.995 [info] > git status -z -uall [12136ms]
2026-09-15 23:49:51.121 [info] > git config --get commit.template [47ms]
2026-09-15 23:49:51.127 [info] > git for-each-ref --format=%(refname)%00%(upstream:short)%00%(objectname)%00%(upstream:track)%00%(upstream:remotename)%00%(upstream:remoteref) refs/heads/main refs/remotes/main [12ms]
2026-09-15 23:49:51.158 [warning] [Git][revParse] Unable to read file: ENOENT: no such file or directory, open '/home/darren/Downloads/Arch-Hyprland/.git/refs/remotes/origin/main'
2026-09-15 23:49:51.165 [info] > git rev-parse refs/remotes/origin/main [7ms]
2026-09-15 23:49:51.245 [info] > git for-each-ref --sort -committerdate --format %(refname)%00%(objectname)%00%(*objectname) [9ms]
2026-09-15 23:49:51.361 [info] > git status -z -uall [163ms]
2026-09-15 23:49:59.587 [info] > git log --format=%H%n%aN%n%aE%n%at%n%ct%n%P%n%D%n%B -z -n51 --shortstat --follow -- /home/darren/Downloads/Arch-Hyprland/README.md [144ms]
2026-09-15 23:50:06.103 [info] > git check-ignore -v -z --stdin [108ms]
2026-09-15 23:50:27.803 [info] > git config --get commit.template [303ms]
2026-09-15 23:50:27.805 [info] > git for-each-ref --format=%(refname)%00%(upstream:short)%00%(objectname)%00%(upstream:track)%00%(upstream:remotename)%00%(upstream:remoteref) refs/heads/main refs/remotes/main [217ms]
2026-09-15 23:50:27.841 [warning] [Git][revParse] Unable to read file: ENOENT: no such file or directory, open '/home/darren/Downloads/Arch-Hyprland/.git/refs/remotes/origin/main'
2026-09-15 23:50:27.849 [info] > git rev-parse refs/remotes/origin/main [7ms]
2026-09-15 23:50:27.954 [info] > git for-each-ref --sort -committerdate --format %(refname)%00%(objectname)%00%(*objectname) [18ms]
2026-09-15 23:50:28.037 [info] > git status -z -uall [145ms]
2026-09-15 23:50:33.240 [info] > git config --get commit.template [32ms]
2026-09-15 23:50:33.246 [info] > git for-each-ref --format=%(refname)%00%(upstream:short)%00%(objectname)%00%(upstream:track)%00%(upstream:remotename)%00%(upstream:remoteref) refs/heads/main refs/remotes/main [9ms]
2026-09-15 23:50:33.272 [warning] [Git][revParse] Unable to read file: ENOENT: no such file or directory, open '/home/darren/Downloads/Arch-Hyprland/.git/refs/remotes/origin/main'
2026-09-15 23:50:33.277 [info] > git rev-parse refs/remotes/origin/main [5ms]
2026-09-15 23:50:33.345 [info] > git for-each-ref --sort -committerdate --format %(refname)%00%(objectname)%00%(*objectname) [7ms]
2026-09-15 23:50:33.404 [info] > git status -z -uall [100ms]
2026-09-15 23:50:38.496 [info] > git config --get commit.template [32ms]
2026-09-15 23:50:38.499 [info] > git for-each-ref --format=%(refname)%00%(upstream:short)%00%(objectname)%00%(upstream:track)%00%(upstream:remotename)%00%(upstream:remoteref) refs/heads/main refs/remotes/main [5ms]
2026-09-15 23:50:38.524 [warning] [Git][revParse] Unable to read file: ENOENT: no such file or directory, open '/home/darren/Downloads/Arch-Hyprland/.git/refs/remotes/origin/main'
2026-09-15 23:50:38.528 [info] > git rev-parse refs/remotes/origin/main [4ms]
2026-09-15 23:50:38.613 [info] > git for-each-ref --sort -committerdate --format %(refname)%00%(objectname)%00%(*objectname) [12ms]
2026-09-15 23:50:38.706 [info] > git status -z -uall [144ms]
2026-09-15 23:50:43.799 [info] > git config --get commit.template [5ms]
2026-09-15 23:50:43.840 [info] > git for-each-ref --format=%(refname)%00%(upstream:short)%00%(objectname)%00%(upstream:track)%00%(upstream:remotename)%00%(upstream:remoteref) refs/heads/main refs/remotes/main [7ms]
2026-09-15 23:50:43.867 [warning] [Git][revParse] Unable to read file: ENOENT: no such file or directory, open '/home/darren/Downloads/Arch-Hyprland/.git/refs/remotes/origin/main'
2026-09-15 23:50:43.871 [info] > git rev-parse refs/remotes/origin/main [5ms]
2026-09-15 23:50:43.948 [info] > git for-each-ref --sort -committerdate --format %(refname)%00%(objectname)%00%(*objectname) [5ms]
2026-09-15 23:50:44.005 [info] > git status -z -uall [103ms]
2026-09-15 23:51:03.682 [info] > git config --get commit.template [329ms]
2026-09-15 23:51:03.730 [info] > git for-each-ref --format=%(refname)%00%(upstream:short)%00%(objectname)%00%(upstream:track)%00%(upstream:remotename)%00%(upstream:remoteref) refs/heads/main refs/remotes/main [304ms]
2026-09-15 23:51:03.755 [warning] [Git][revParse] Unable to read file: ENOENT: no such file or directory, open '/home/darren/Downloads/Arch-Hyprland/.git/refs/remotes/origin/main'
2026-09-15 23:51:03.759 [info] > git rev-parse refs/remotes/origin/main [4ms]
2026-09-15 23:51:03.855 [info] > git for-each-ref --sort -committerdate --format %(refname)%00%(objectname)%00%(*objectname) [45ms]
2026-09-15 23:51:06.169 [info] > git status -z -uall [2386ms]
2026-09-15 23:51:13.878 [info] > git check-ignore -v -z --stdin [4ms]
2026-09-15 23:51:15.388 [info] > git config --get commit.template [29ms]
2026-09-15 23:51:15.394 [info] > git for-each-ref --format=%(refname)%00%(upstream:short)%00%(objectname)%00%(upstream:track)%00%(upstream:remotename)%00%(upstream:remoteref) refs/heads/main refs/remotes/main [8ms]
2026-09-15 23:51:15.418 [warning] [Git][revParse] Unable to read file: ENOENT: no such file or directory, open '/home/darren/Downloads/Arch-Hyprland/.git/refs/remotes/origin/main'
2026-09-15 23:51:15.423 [info] > git rev-parse refs/remotes/origin/main [5ms]
2026-09-15 23:51:15.496 [info] > git for-each-ref --sort -committerdate --format %(refname)%00%(objectname)%00%(*objectname) [7ms]
2026-09-15 23:51:15.543 [info] > git status -z -uall [95ms]
2026-09-15 23:51:22.976 [info] > git config --get commit.template [82ms]
2026-09-15 23:51:22.980 [info] > git for-each-ref --format=%(refname)%00%(upstream:short)%00%(objectname)%00%(upstream:track)%00%(upstream:remotename)%00%(upstream:remoteref) refs/heads/main refs/remotes/main [59ms]
2026-09-15 23:51:23.066 [warning] [Git][revParse] Unable to read file: ENOENT: no such file or directory, open '/home/darren/Downloads/Arch-Hyprland/.git/refs/remotes/origin/main'
2026-09-15 23:51:23.076 [info] > git rev-parse refs/remotes/origin/main [10ms]
2026-09-15 23:51:23.389 [info] > git for-each-ref --sort -committerdate --format %(refname)%00%(objectname)%00%(*objectname) [137ms]
2026-09-15 23:51:23.456 [info] > git status -z -uall [300ms]
2026-09-15 23:51:31.570 [info] > git log --format=%H%n%aN%n%aE%n%at%n%ct%n%P%n%D%n%B -z -n51 --shortstat --follow -- /home/darren/Downloads/Arch-Hyprland/Hyprland-Dots/Distro-Hyprland.sh [8ms]
2026-09-15 23:51:57.480 [info] > git config --get commit.template [16ms]
2026-09-15 23:51:57.541 [info] > git for-each-ref --format=%(refname)%00%(upstream:short)%00%(objectname)%00%(upstream:track)%00%(upstream:remotename)%00%(upstream:remoteref) refs/heads/main refs/remotes/main [5ms]
2026-09-15 23:51:57.568 [warning] [Git][revParse] Unable to read file: ENOENT: no such file or directory, open '/home/darren/Downloads/Arch-Hyprland/.git/refs/remotes/origin/main'
2026-09-15 23:51:57.575 [info] > git rev-parse refs/remotes/origin/main [7ms]
2026-09-15 23:51:57.638 [info] > git for-each-ref --sort -committerdate --format %(refname)%00%(objectname)%00%(*objectname) [6ms]
2026-09-15 23:51:57.989 [info] > git log --format=%H%n%aN%n%aE%n%at%n%ct%n%P%n%D%n%B -z -n51 --shortstat --follow -- /home/darren/Downloads/Arch-Hyprland/Hyprland-Dots/.gitignore [13ms]
2026-09-15 23:52:01.125 [info] > git status -z -uall [3523ms]
2026-09-15 23:52:03.160 [info] > git log --format=%H%n%aN%n%aE%n%at%n%ct%n%P%n%D%n%B -z -n51 --shortstat --follow -- /home/darren/Downloads/Arch-Hyprland/Hyprland-Dots/copy.sh [18ms]
2026-09-15 23:52:27.851 [info] > git config --get commit.template [63ms]
2026-09-15 23:52:27.856 [info] > git for-each-ref --format=%(refname)%00%(upstream:short)%00%(objectname)%00%(upstream:track)%00%(upstream:remotename)%00%(upstream:remoteref) refs/heads/main refs/remotes/main [12ms]
2026-09-15 23:52:27.883 [warning] [Git][revParse] Unable to read file: ENOENT: no such file or directory, open '/home/darren/Downloads/Arch-Hyprland/.git/refs/remotes/origin/main'
2026-09-15 23:52:27.890 [info] > git rev-parse refs/remotes/origin/main [7ms]
2026-09-15 23:52:28.012 [info] > git for-each-ref --sort -committerdate --format %(refname)%00%(objectname)%00%(*objectname) [17ms]
2026-09-15 23:52:28.854 [info] > git log --format=%H%n%aN%n%aE%n%at%n%ct%n%P%n%D%n%B -z -n51 --shortstat --follow -- /home/darren/Downloads/Arch-Hyprland/Hyprland-Dots/.editorconfig [109ms]
2026-09-15 23:52:29.788 [info] > git status -z -uall [1862ms]
2026-09-15 23:52:37.260 [info] > git log --format=%H%n%aN%n%aE%n%at%n%ct%n%P%n%D%n%B -z -n51 --shortstat --follow -- /home/darren/Downloads/Arch-Hyprland/install.sh [213ms]
2026-09-15 23:52:42.342 [info] > git check-ignore -v -z --stdin [446ms]
2026-09-15 23:52:42.636 [info] > git ls-files --stage -- install.sh [5ms]
2026-09-15 23:52:42.666 [info] > git cat-file -s b84bf791c9291d332cb0be4c57bb09b90669ff40 [5ms]
2026-09-15 23:52:42.696 [info] > git show --textconv :install.sh [97ms]
2026-09-15 23:52:51.868 [info] > git blame --root --incremental 691ac769f3dad99a330570c4707010af991e17c2 -- install.sh [581ms]
2026-09-15 23:53:18.424 [info] > git check-ignore -v -z --stdin [3706ms]
2026-09-15 23:53:20.919 [info] > git config --get commit.template [2497ms]
2026-09-15 23:53:25.546 [info] > git check-ignore -v -z --stdin [173ms]
2026-09-15 23:53:26.638 [info] > git for-each-ref --format=%(refname)%00%(upstream:short)%00%(objectname)%00%(upstream:track)%00%(upstream:remotename)%00%(upstream:remoteref) refs/heads/main refs/remotes/main [1340ms]
2026-09-15 23:53:26.672 [warning] [Git][revParse] Unable to read file: ENOENT: no such file or directory, open '/home/darren/Downloads/Arch-Hyprland/.git/refs/remotes/origin/main'
2026-09-15 23:53:26.959 [info] > git check-ignore -v -z --stdin [351ms]
2026-09-15 23:53:26.962 [info] > git rev-parse refs/remotes/origin/main [291ms]
2026-09-15 23:53:27.364 [info] > git for-each-ref --sort -committerdate --format %(refname)%00%(objectname)%00%(*objectname) [299ms]
2026-09-15 23:53:32.552 [info] > git check-ignore -v -z --stdin [16ms]
2026-09-15 23:53:32.665 [info] > git status -z -uall [5644ms]
2026-09-15 23:53:39.693 [info] > git check-ignore -v -z --stdin [214ms]
2026-09-15 23:53:40.364 [info] > git config --get commit.template [335ms]
2026-09-15 23:53:40.381 [info] > git for-each-ref --format=%(refname)%00%(upstream:short)%00%(objectname)%00%(upstream:track)%00%(upstream:remotename)%00%(upstream:remoteref) refs/heads/main refs/remotes/main [22ms]
2026-09-15 23:53:40.452 [warning] [Git][revParse] Unable to read file: ENOENT: no such file or directory, open '/home/darren/Downloads/Arch-Hyprland/.git/refs/remotes/origin/main'
2026-09-15 23:53:40.461 [info] > git rev-parse refs/remotes/origin/main [9ms]
2026-09-15 23:53:40.616 [info] > git for-each-ref --sort -committerdate --format %(refname)%00%(objectname)%00%(*objectname) [58ms]
2026-09-15 23:53:40.776 [info] > git status -z -uall [278ms]
2026-09-15 23:53:40.776 [info] > git check-ignore -v -z --stdin [7ms]
2026-09-15 23:53:42.358 [info] > git check-ignore -v -z --stdin [8ms]
2026-09-15 23:53:48.856 [info] > git config --get commit.template [1254ms]
2026-09-15 23:53:48.964 [info] > git for-each-ref --format=%(refname)%00%(upstream:short)%00%(objectname)%00%(upstream:track)%00%(upstream:remotename)%00%(upstream:remoteref) refs/heads/main refs/remotes/main [5ms]
2026-09-15 23:53:48.999 [warning] [Git][revParse] Unable to read file: ENOENT: no such file or directory, open '/home/darren/Downloads/Arch-Hyprland/.git/refs/remotes/origin/main'
2026-09-15 23:53:49.003 [info] > git rev-parse refs/remotes/origin/main [4ms]
2026-09-15 23:53:49.083 [info] > git for-each-ref --sort -committerdate --format %(refname)%00%(objectname)%00%(*objectname) [8ms]
2026-09-15 23:53:49.156 [info] > git status -z -uall [115ms]
2026-09-15 23:53:51.626 [info] > git check-ignore -v -z --stdin [8ms]
2026-09-15 23:54:16.697 [info] > git check-ignore -v -z --stdin [26ms]
2026-09-15 23:54:17.550 [info] > git config --get commit.template [98ms]
2026-09-15 23:54:17.583 [info] > git for-each-ref --format=%(refname)%00%(upstream:short)%00%(objectname)%00%(upstream:track)%00%(upstream:remotename)%00%(upstream:remoteref) refs/heads/main refs/remotes/main [49ms]
2026-09-15 23:54:17.894 [warning] [Git][revParse] Unable to read file: ENOENT: no such file or directory, open '/home/darren/Downloads/Arch-Hyprland/.git/refs/remotes/origin/main'
2026-09-15 23:54:17.946 [info] > git rev-parse refs/remotes/origin/main [52ms]
2026-09-15 23:54:18.195 [info] > git status -z -uall [206ms]
2026-09-15 23:54:18.204 [info] > git check-ignore -v -z --stdin [10ms]
2026-09-15 23:54:18.205 [info] > git for-each-ref --sort -committerdate --format %(refname)%00%(objectname)%00%(*objectname) [174ms]
2026-09-15 23:54:21.160 [info] > git check-ignore -v -z --stdin [8ms]
2026-09-15 23:55:08.170 [info] > git check-ignore -v -z --stdin [1386ms]
2026-09-15 23:55:08.761 [info] > git config --get commit.template [42ms]
2026-09-15 23:55:10.197 [info] > git for-each-ref --format=%(refname)%00%(upstream:short)%00%(objectname)%00%(upstream:track)%00%(upstream:remotename)%00%(upstream:remoteref) refs/heads/main refs/remotes/main [1358ms]
2026-09-15 23:55:10.354 [warning] [Git][revParse] Unable to read file: ENOENT: no such file or directory, open '/home/darren/Downloads/Arch-Hyprland/.git/refs/remotes/origin/main'
2026-09-15 23:55:10.363 [info] > git rev-parse refs/remotes/origin/main [9ms]
2026-09-15 23:55:11.081 [info] > git for-each-ref --sort -committerdate --format %(refname)%00%(objectname)%00%(*objectname) [622ms]
2026-09-15 23:55:11.312 [info] > git check-ignore -v -z --stdin [28ms]
2026-09-15 23:55:16.427 [info] > git check-ignore -v -z --stdin [4ms]
2026-09-15 23:55:21.552 [info] > git check-ignore -v -z --stdin [69ms]
2026-09-15 23:55:22.946 [info] > git check-ignore -v -z --stdin [12ms]
2026-09-15 23:55:34.344 [info] > git status -z -uall [23942ms]
2026-09-15 23:55:34.345 [info] > git check-ignore -v -z --stdin [2632ms]
2026-09-15 23:55:39.504 [info] > git check-ignore -v -z --stdin [574ms]
2026-09-15 23:55:40.695 [info] > git check-ignore -v -z --stdin [6ms]
2026-09-15 23:55:41.238 [info] > git config --get commit.template [19ms]
2026-09-15 23:55:41.994 [info] > git check-ignore -v -z --stdin [26ms]
2026-09-15 23:55:43.043 [info] > git for-each-ref --format=%(refname)%00%(upstream:short)%00%(objectname)%00%(upstream:track)%00%(upstream:remotename)%00%(upstream:remoteref) refs/heads/main refs/remotes/main [1720ms]
2026-09-15 23:55:43.114 [warning] [Git][revParse] Unable to read file: ENOENT: no such file or directory, open '/home/darren/Downloads/Arch-Hyprland/.git/refs/remotes/origin/main'
2026-09-15 23:55:43.142 [info] > git rev-parse refs/remotes/origin/main [28ms]
2026-09-15 23:55:43.494 [info] > git check-ignore -v -z --stdin [17ms]
2026-09-15 23:55:43.951 [info] > git for-each-ref --sort -committerdate --format %(refname)%00%(objectname)%00%(*objectname) [645ms]
2026-09-15 23:55:47.358 [info] > git check-ignore -v -z --stdin [11ms]
2026-09-15 23:55:48.453 [info] > git check-ignore -v -z --stdin [6ms]
2026-09-15 23:55:49.840 [info] > git check-ignore -v -z --stdin [31ms]
2026-09-15 23:55:51.101 [info] > git check-ignore -v -z --stdin [13ms]
2026-09-15 23:55:52.220 [info] > git check-ignore -v -z --stdin [13ms]
2026-09-15 23:55:53.564 [info] > git check-ignore -v -z --stdin [32ms]
2026-09-15 23:55:55.623 [info] > git check-ignore -v -z --stdin [548ms]
2026-09-15 23:55:56.927 [info] > git check-ignore -v -z --stdin [12ms]
2026-09-15 23:56:07.233 [info] > git status -z -uall [24029ms]
2026-09-15 23:56:10.940 [info] > git check-ignore -v -z --stdin [801ms]
2026-09-15 23:56:27.325 [info] > git check-ignore -v -z --stdin [1538ms]
2026-09-15 23:56:28.102 [info] > git config --get commit.template [35ms]
2026-09-15 23:56:29.749 [info] > git for-each-ref --format=%(refname)%00%(upstream:short)%00%(objectname)%00%(upstream:track)%00%(upstream:remotename)%00%(upstream:remoteref) refs/heads/main refs/remotes/main [1650ms]
2026-09-15 23:56:29.844 [warning] [Git][revParse] Unable to read file: ENOENT: no such file or directory, open '/home/darren/Downloads/Arch-Hyprland/.git/refs/remotes/origin/main'
2026-09-15 23:56:29.883 [info] > git rev-parse refs/remotes/origin/main [41ms]
2026-09-15 23:56:30.739 [info] > git for-each-ref --sort -committerdate --format %(refname)%00%(objectname)%00%(*objectname) [661ms]
2026-09-15 23:56:58.985 [info] > git status -z -uall [28990ms]
2026-09-15 23:57:05.126 [info] > git check-ignore -v -z --stdin [817ms]
2026-09-15 23:57:11.705 [info] > git config --get commit.template [609ms]
2026-09-15 23:57:12.347 [info] > git for-each-ref --format=%(refname)%00%(upstream:short)%00%(objectname)%00%(upstream:track)%00%(upstream:remotename)%00%(upstream:remoteref) refs/heads/main refs/remotes/main [898ms]
2026-09-15 23:57:12.398 [warning] [Git][revParse] Unable to read file: ENOENT: no such file or directory, open '/home/darren/Downloads/Arch-Hyprland/.git/refs/remotes/origin/main'
2026-09-15 23:57:12.417 [info] > git rev-parse refs/remotes/origin/main [19ms]
2026-09-15 23:57:13.085 [info] > git for-each-ref --sort -committerdate --format %(refname)%00%(objectname)%00%(*objectname) [547ms]
2026-09-15 23:57:17.576 [info] > git check-ignore -v -z --stdin [1202ms]
2026-09-15 23:57:18.732 [info] > git check-ignore -v -z --stdin [5ms]
2026-09-15 23:57:21.021 [info] > git check-ignore -v -z --stdin [40ms]
2026-09-15 23:57:37.727 [info] > git status -z -uall [25222ms]
2026-09-15 23:57:41.523 [info] > git check-ignore -v -z --stdin [1147ms]
2026-09-15 23:57:43.289 [info] > git check-ignore -v -z --stdin [12ms]
2026-09-15 23:57:44.046 [info] > git config --get commit.template [51ms]
2026-09-15 23:57:45.273 [info] > git for-each-ref --format=%(refname)%00%(upstream:short)%00%(objectname)%00%(upstream:track)%00%(upstream:remotename)%00%(upstream:remoteref) refs/heads/main refs/remotes/main [1234ms]
2026-09-15 23:57:45.389 [warning] [Git][revParse] Unable to read file: ENOENT: no such file or directory, open '/home/darren/Downloads/Arch-Hyprland/.git/refs/remotes/origin/main'
2026-09-15 23:57:45.407 [info] > git rev-parse refs/remotes/origin/main [17ms]
2026-09-15 23:57:46.030 [info] > git for-each-ref --sort -committerdate --format %(refname)%00%(objectname)%00%(*objectname) [531ms]
2026-09-15 23:57:49.729 [info] > git status -z -uall [4271ms]
2026-09-15 23:57:54.549 [info] > git check-ignore -v -z --stdin [23ms]
2026-09-15 23:58:16.354 [info] > git check-ignore -v -z --stdin [58ms]
2026-09-15 23:58:17.433 [info] > git config --get commit.template [20ms]
2026-09-15 23:58:18.114 [info] > git for-each-ref --format=%(refname)%00%(upstream:short)%00%(objectname)%00%(upstream:track)%00%(upstream:remotename)%00%(upstream:remoteref) refs/heads/main refs/remotes/main [616ms]
2026-09-15 23:58:18.150 [warning] [Git][revParse] Unable to read file: ENOENT: no such file or directory, open '/home/darren/Downloads/Arch-Hyprland/.git/refs/remotes/origin/main'
2026-09-15 23:58:18.156 [info] > git rev-parse refs/remotes/origin/main [6ms]
2026-09-15 23:58:18.708 [info] > git for-each-ref --sort -committerdate --format %(refname)%00%(objectname)%00%(*objectname) [482ms]
2026-09-15 23:58:26.753 [info] > git status -z -uall [8563ms]
2026-09-15 23:58:30.034 [info] > git check-ignore -v -z --stdin [4ms]
2026-09-15 23:59:22.540 [info] > git config --get commit.template [98ms]
2026-09-15 23:59:22.583 [info] > git check-ignore -v -z --stdin [1302ms]
2026-09-15 23:59:22.904 [info] > git for-each-ref --format=%(refname)%00%(upstream:short)%00%(objectname)%00%(upstream:track)%00%(upstream:remotename)%00%(upstream:remoteref) refs/heads/main refs/remotes/main [418ms]
2026-09-15 23:59:23.049 [warning] [Git][revParse] Unable to read file: ENOENT: no such file or directory, open '/home/darren/Downloads/Arch-Hyprland/.git/refs/remotes/origin/main'
2026-09-15 23:59:23.203 [info] > git rev-parse refs/remotes/origin/main [154ms]
2026-09-15 23:59:23.436 [info] > git for-each-ref --sort -committerdate --format %(refname)%00%(objectname)%00%(*objectname) [148ms]
2026-09-15 23:59:28.637 [info] > git status -z -uall [5385ms]
2026-09-15 23:59:29.552 [info] > git check-ignore -v -z --stdin [20ms]
2026-09-16 00:00:58.398 [info] > git check-ignore -v -z --stdin [4184ms]
2026-09-16 00:00:59.784 [info] > git config --get commit.template [7ms]
2026-09-16 00:01:02.840 [info] > git for-each-ref --format=%(refname)%00%(upstream:short)%00%(objectname)%00%(upstream:track)%00%(upstream:remotename)%00%(upstream:remoteref) refs/heads/main refs/remotes/main [3019ms]
2026-09-16 00:01:02.876 [warning] [Git][revParse] Unable to read file: ENOENT: no such file or directory, open '/home/darren/Downloads/Arch-Hyprland/.git/refs/remotes/origin/main'
2026-09-16 00:01:02.881 [info] > git rev-parse refs/remotes/origin/main [6ms]
2026-09-16 00:01:04.992 [info] > git for-each-ref --sort -committerdate --format %(refname)%00%(objectname)%00%(*objectname) [2017ms]
2026-09-16 00:01:06.714 [info] > git check-ignore -v -z --stdin [789ms]
2026-09-16 00:01:10.108 [info] > git check-ignore -v -z --stdin [14ms]
2026-09-16 00:01:42.379 [info] > git status -z -uall [39464ms]
2026-09-16 00:02:00.034 [info] > git log --format=%H%n%aN%n%aE%n%at%n%ct%n%P%n%D%n%B -z -n51 --shortstat --follow -- /home/darren/Downloads/Arch-Hyprland/Hyprland-Dots/README.md [3552ms]
2026-09-16 00:02:10.090 [info] > git check-ignore -v -z --stdin [278ms]
2026-09-16 00:06:11.758 [info] > git check-ignore -v -z --stdin [222ms]
2026-09-16 00:06:12.899 [info] > git config --get commit.template [12ms]
2026-09-16 00:06:13.251 [info] > git for-each-ref --format=%(refname)%00%(upstream:short)%00%(objectname)%00%(upstream:track)%00%(upstream:remotename)%00%(upstream:remoteref) refs/heads/main refs/remotes/main [248ms]
2026-09-16 00:06:13.313 [warning] [Git][revParse] Unable to read file: ENOENT: no such file or directory, open '/home/darren/Downloads/Arch-Hyprland/.git/refs/remotes/origin/main'
2026-09-16 00:06:13.320 [info] > git rev-parse refs/remotes/origin/main [8ms]
2026-09-16 00:06:13.786 [info] > git for-each-ref --sort -committerdate --format %(refname)%00%(objectname)%00%(*objectname) [374ms]
2026-09-16 00:06:14.012 [info] > git log --format=%H%n%aN%n%aE%n%at%n%ct%n%P%n%D%n%B -z -n51 --shortstat --follow -- /home/darren/Downloads/Arch-Hyprland/install.sh [5369ms]
2026-09-16 00:06:19.175 [info] > git status -z -uall [5803ms]
2026-09-16 00:06:53.454 [info] > git check-ignore -v -z --stdin [19700ms]
2026-09-16 00:06:54.135 [info] > git config --get commit.template [1735ms]
2026-09-16 00:06:55.109 [info] > git for-each-ref --format=%(refname)%00%(upstream:short)%00%(objectname)%00%(upstream:track)%00%(upstream:remotename)%00%(upstream:remoteref) refs/heads/main refs/remotes/main [931ms]
2026-09-16 00:06:55.190 [warning] [Git][revParse] Unable to read file: ENOENT: no such file or directory, open '/home/darren/Downloads/Arch-Hyprland/.git/refs/remotes/origin/main'
2026-09-16 00:06:55.196 [info] > git rev-parse refs/remotes/origin/main [6ms]
2026-09-16 00:06:55.479 [info] > git check-ignore -v -z --stdin [11ms]
2026-09-16 00:06:56.226 [info] > git for-each-ref --sort -committerdate --format %(refname)%00%(objectname)%00%(*objectname) [909ms]
2026-09-16 00:07:09.994 [info] > git check-ignore -v -z --stdin [115ms]
2026-09-16 00:07:17.662 [info] > git check-ignore -v -z --stdin [446ms]
2026-09-16 00:07:18.998 [info] > git status -z -uall [23753ms]
2026-09-16 00:07:22.157 [info] > git check-ignore -v -z --stdin [286ms]
2026-09-16 00:07:30.723 [info] > git check-ignore -v -z --stdin [722ms]
2026-09-16 00:07:30.877 [info] > git config --get commit.template [715ms]
2026-09-16 00:07:30.966 [info] > git for-each-ref --format=%(refname)%00%(upstream:short)%00%(objectname)%00%(upstream:track)%00%(upstream:remotename)%00%(upstream:remoteref) refs/heads/main refs/remotes/main [485ms]
2026-09-16 00:07:31.056 [warning] [Git][revParse] Unable to read file: ENOENT: no such file or directory, open '/home/darren/Downloads/Arch-Hyprland/.git/refs/remotes/origin/main'
2026-09-16 00:07:31.077 [info] > git rev-parse refs/remotes/origin/main [21ms]
2026-09-16 00:07:32.265 [info] > git for-each-ref --sort -committerdate --format %(refname)%00%(objectname)%00%(*objectname) [1076ms]
2026-09-16 00:07:42.369 [info] > git check-ignore -v -z --stdin [33ms]
2026-09-16 00:07:46.321 [info] > git status -z -uall [15177ms]
2026-09-16 00:07:47.171 [info] > git check-ignore -v -z --stdin [9ms]
2026-09-16 00:10:28.190 [info] > git check-ignore -v -z --stdin [1633ms]
2026-09-16 00:10:28.642 [info] > git config --get commit.template [80ms]
2026-09-16 00:10:35.278 [info] > git check-ignore -v -z --stdin [733ms]
2026-09-16 00:10:36.032 [info] > git for-each-ref --format=%(refname)%00%(upstream:short)%00%(objectname)%00%(upstream:track)%00%(upstream:remotename)%00%(upstream:remoteref) refs/heads/main refs/remotes/main [4252ms]
2026-09-16 00:10:36.100 [warning] [Git][revParse] Unable to read file: ENOENT: no such file or directory, open '/home/darren/Downloads/Arch-Hyprland/.git/refs/remotes/origin/main'
2026-09-16 00:10:36.112 [info] > git rev-parse refs/remotes/origin/main [12ms]
2026-09-16 00:10:37.750 [info] > git for-each-ref --sort -committerdate --format %(refname)%00%(objectname)%00%(*objectname) [1464ms]
2026-09-16 00:10:39.019 [info] > git check-ignore -v -z --stdin [166ms]
2026-09-16 00:10:41.707 [info] > git check-ignore -v -z --stdin [236ms]
2026-09-16 00:10:44.070 [info] > git check-ignore -v -z --stdin [6ms]
2026-09-16 00:10:45.898 [info] > git check-ignore -v -z --stdin [8ms]
2026-09-16 00:10:53.206 [info] > git check-ignore -v -z --stdin [128ms]
2026-09-16 00:10:59.974 [info] > git status -z -uall [23797ms]
2026-09-16 00:11:11.223 [info] > git config --get commit.template [286ms]
2026-09-16 00:11:11.734 [info] > git check-ignore -v -z --stdin [51ms]
2026-09-16 00:11:11.803 [info] > git for-each-ref --format=%(refname)%00%(upstream:short)%00%(objectname)%00%(upstream:track)%00%(upstream:remotename)%00%(upstream:remoteref) refs/heads/main refs/remotes/main [818ms]
2026-09-16 00:11:11.886 [warning] [Git][revParse] Unable to read file: ENOENT: no such file or directory, open '/home/darren/Downloads/Arch-Hyprland/.git/refs/remotes/origin/main'
2026-09-16 00:11:11.931 [info] > git rev-parse refs/remotes/origin/main [45ms]
2026-09-16 00:11:13.292 [info] > git for-each-ref --sort -committerdate --format %(refname)%00%(objectname)%00%(*objectname) [1254ms]
2026-09-16 00:11:14.811 [info] > git check-ignore -v -z --stdin [5ms]
2026-09-16 00:11:31.282 [info] > git status -z -uall [19316ms]
2026-09-16 00:11:56.430 [info] > git check-ignore -v -z --stdin [2055ms]
2026-09-16 00:11:56.557 [info] > git config --get commit.template [2070ms]
2026-09-16 00:11:59.456 [info] > git for-each-ref --format=%(refname)%00%(upstream:short)%00%(objectname)%00%(upstream:track)%00%(upstream:remotename)%00%(upstream:remoteref) refs/heads/main refs/remotes/main [3040ms]
2026-09-16 00:11:59.484 [warning] [Git][revParse] Unable to read file: ENOENT: no such file or directory, open '/home/darren/Downloads/Arch-Hyprland/.git/refs/remotes/origin/main'
2026-09-16 00:11:59.638 [info] > git check-ignore -v -z --stdin [112ms]
2026-09-16 00:11:59.652 [info] > git rev-parse refs/remotes/origin/main [168ms]
2026-09-16 00:12:00.338 [info] > git for-each-ref --sort -committerdate --format %(refname)%00%(objectname)%00%(*objectname) [607ms]
2026-09-16 00:12:07.243 [info] > git status -z -uall [7556ms]
2026-09-16 00:12:08.746 [info] > git check-ignore -v -z --stdin [10ms]
2026-09-16 00:12:40.364 [info] > git check-ignore -v -z --stdin [49ms]
2026-09-16 00:12:41.910 [info] > git check-ignore -v -z --stdin [22ms]
2026-09-16 00:12:42.311 [info] > git config --get commit.template [508ms]
2026-09-16 00:12:42.883 [info] > git for-each-ref --format=%(refname)%00%(upstream:short)%00%(objectname)%00%(upstream:track)%00%(upstream:remotename)%00%(upstream:remoteref) refs/heads/main refs/remotes/main [863ms]
2026-09-16 00:12:42.911 [warning] [Git][revParse] Unable to read file: ENOENT: no such file or directory, open '/home/darren/Downloads/Arch-Hyprland/.git/refs/remotes/origin/main'
2026-09-16 00:12:42.921 [info] > git rev-parse refs/remotes/origin/main [10ms]
2026-09-16 00:12:43.563 [info] > git for-each-ref --sort -committerdate --format %(refname)%00%(objectname)%00%(*objectname) [558ms]
2026-09-16 00:13:24.424 [info] > git status -z -uall [41459ms]
2026-09-16 00:13:26.716 [info] > git check-ignore -v -z --stdin [6386ms]
2026-09-16 00:13:47.024 [info] > git config --get commit.template [1278ms]
2026-09-16 00:13:47.338 [info] > git check-ignore -v -z --stdin [1499ms]
2026-09-16 00:13:48.263 [info] > git for-each-ref --format=%(refname)%00%(upstream:short)%00%(objectname)%00%(upstream:track)%00%(upstream:remotename)%00%(upstream:remoteref) refs/heads/main refs/remotes/main [1585ms]
2026-09-16 00:13:48.350 [warning] [Git][revParse] Unable to read file: ENOENT: no such file or directory, open '/home/darren/Downloads/Arch-Hyprland/.git/refs/remotes/origin/main'
2026-09-16 00:13:49.329 [info] > git rev-parse refs/remotes/origin/main [979ms]
2026-09-16 00:13:50.918 [info] > git check-ignore -v -z --stdin [756ms]
2026-09-16 00:13:51.024 [info] > git for-each-ref --sort -committerdate --format %(refname)%00%(objectname)%00%(*objectname) [1455ms]
2026-09-16 00:14:10.768 [info] > git log --format=%H%n%aN%n%aE%n%at%n%ct%n%P%n%D%n%B -z -n51 --shortstat --follow -- /home/darren/Downloads/Arch-Hyprland/Hyprland-Dots/README.md [2227ms]
2026-09-16 00:14:17.662 [info] > git status -z -uall [28172ms]
2026-09-16 00:14:47.611 [info] > git check-ignore -v -z --stdin [41ms]
2026-09-16 00:14:54.349 [info] > git check-ignore -v -z --stdin [5ms]
2026-09-16 00:15:03.120 [info] > git check-ignore -v -z --stdin [6ms]
2026-09-16 00:15:10.051 [info] > git check-ignore -v -z --stdin [29ms]
2026-09-16 00:15:15.284 [info] > git check-ignore -v -z --stdin [6ms]
2026-09-16 00:15:30.259 [info] > git check-ignore -v -z --stdin [630ms]
2026-09-16 00:16:15.126 [info] > git check-ignore -v -z --stdin [6036ms]
2026-09-16 00:16:15.378 [info] > git check-ignore -v -z --stdin [971ms]
2026-09-16 00:16:17.838 [info] > git check-ignore -v -z --stdin [1189ms]
2026-09-16 00:17:12.473 [info] > git config --get commit.template [407ms]
2026-09-16 00:17:12.533 [info] > git check-ignore -v -z --stdin [437ms]
2026-09-16 00:17:12.682 [info] > git for-each-ref --format=%(refname)%00%(upstream:short)%00%(objectname)%00%(upstream:track)%00%(upstream:remotename)%00%(upstream:remoteref) refs/heads/main refs/remotes/main [466ms]
2026-09-16 00:17:12.715 [warning] [Git][revParse] Unable to read file: ENOENT: no such file or directory, open '/home/darren/Downloads/Arch-Hyprland/.git/refs/remotes/origin/main'
2026-09-16 00:17:12.718 [info] > git rev-parse refs/remotes/origin/main [3ms]
2026-09-16 00:17:12.848 [info] > git for-each-ref --sort -committerdate --format %(refname)%00%(objectname)%00%(*objectname) [63ms]
2026-09-16 00:17:31.310 [info] > git status -z -uall [18555ms]
2026-09-16 00:17:34.188 [info] > git check-ignore -v -z --stdin [11ms]
2026-09-16 00:17:36.844 [info] > git config --get commit.template [43ms]
2026-09-16 00:17:36.850 [info] > git for-each-ref --format=%(refname)%00%(upstream:short)%00%(objectname)%00%(upstream:track)%00%(upstream:remotename)%00%(upstream:remoteref) refs/heads/main refs/remotes/main [13ms]
2026-09-16 00:17:36.907 [warning] [Git][revParse] Unable to read file: ENOENT: no such file or directory, open '/home/darren/Downloads/Arch-Hyprland/.git/refs/remotes/origin/main'
2026-09-16 00:17:36.918 [info] > git rev-parse refs/remotes/origin/main [11ms]
2026-09-16 00:17:37.022 [info] > git for-each-ref --sort -committerdate --format %(refname)%00%(objectname)%00%(*objectname) [13ms]
2026-09-16 00:17:37.069 [info] > git status -z -uall [120ms]
2026-09-16 00:17:46.991 [info] > git config --get commit.template [35ms]
2026-09-16 00:17:46.994 [info] > git for-each-ref --format=%(refname)%00%(upstream:short)%00%(objectname)%00%(upstream:track)%00%(upstream:remotename)%00%(upstream:remoteref) refs/heads/main refs/remotes/main [6ms]
2026-09-16 00:17:47.027 [warning] [Git][revParse] Unable to read file: ENOENT: no such file or directory, open '/home/darren/Downloads/Arch-Hyprland/.git/refs/remotes/origin/main'
2026-09-16 00:17:47.032 [info] > git rev-parse refs/remotes/origin/main [5ms]
2026-09-16 00:17:47.106 [info] > git for-each-ref --sort -committerdate --format %(refname)%00%(objectname)%00%(*objectname) [8ms]
2026-09-16 00:17:47.169 [info] > git status -z -uall [106ms]
2026-09-16 00:17:53.268 [info] > git config --get commit.template [40ms]
2026-09-16 00:17:53.269 [info] > git for-each-ref --format=%(refname)%00%(upstream:short)%00%(objectname)%00%(upstream:track)%00%(upstream:remotename)%00%(upstream:remoteref) refs/heads/main refs/remotes/main [11ms]
2026-09-16 00:17:53.300 [warning] [Git][revParse] Unable to read file: ENOENT: no such file or directory, open '/home/darren/Downloads/Arch-Hyprland/.git/refs/remotes/origin/main'
2026-09-16 00:17:53.304 [info] > git rev-parse refs/remotes/origin/main [4ms]
2026-09-16 00:17:53.453 [info] > git for-each-ref --sort -committerdate --format %(refname)%00%(objectname)%00%(*objectname) [17ms]
2026-09-16 00:17:53.481 [info] > git status -z -uall [129ms]
2026-09-16 00:17:58.651 [info] > git config --get commit.template [38ms]
2026-09-16 00:17:58.656 [info] > git for-each-ref --format=%(refname)%00%(upstream:short)%00%(objectname)%00%(upstream:track)%00%(upstream:remotename)%00%(upstream:remoteref) refs/heads/main refs/remotes/main [11ms]
2026-09-16 00:17:58.690 [warning] [Git][revParse] Unable to read file: ENOENT: no such file or directory, open '/home/darren/Downloads/Arch-Hyprland/.git/refs/remotes/origin/main'
2026-09-16 00:17:58.698 [info] > git rev-parse refs/remotes/origin/main [8ms]
2026-09-16 00:17:58.780 [info] > git for-each-ref --sort -committerdate --format %(refname)%00%(objectname)%00%(*objectname) [16ms]
2026-09-16 00:17:59.537 [info] > git status -z -uall [805ms]
2026-09-16 00:18:10.773 [info] > git config --get commit.template [4ms]
2026-09-16 00:18:10.815 [info] > git for-each-ref --format=%(refname)%00%(upstream:short)%00%(objectname)%00%(upstream:track)%00%(upstream:remotename)%00%(upstream:remoteref) refs/heads/main refs/remotes/main [8ms]
2026-09-16 00:18:10.846 [warning] [Git][revParse] Unable to read file: ENOENT: no such file or directory, open '/home/darren/Downloads/Arch-Hyprland/.git/refs/remotes/origin/main'
2026-09-16 00:18:10.851 [info] > git rev-parse refs/remotes/origin/main [5ms]
2026-09-16 00:18:10.928 [info] > git for-each-ref --sort -committerdate --format %(refname)%00%(objectname)%00%(*objectname) [10ms]
2026-09-16 00:18:10.978 [info] > git status -z -uall [99ms]
2026-09-16 00:18:16.071 [info] > git config --get commit.template [9ms]
2026-09-16 00:18:16.103 [info] > git for-each-ref --format=%(refname)%00%(upstream:short)%00%(objectname)%00%(upstream:track)%00%(upstream:remotename)%00%(upstream:remoteref) refs/heads/main refs/remotes/main [5ms]
2026-09-16 00:18:16.127 [warning] [Git][revParse] Unable to read file: ENOENT: no such file or directory, open '/home/darren/Downloads/Arch-Hyprland/.git/refs/remotes/origin/main'
2026-09-16 00:18:16.132 [info] > git rev-parse refs/remotes/origin/main [4ms]
2026-09-16 00:18:16.212 [info] > git for-each-ref --sort -committerdate --format %(refname)%00%(objectname)%00%(*objectname) [11ms]
2026-09-16 00:18:16.277 [info] > git status -z -uall [114ms]
2026-09-16 00:18:23.174 [info] > git check-ignore -v -z --stdin [5ms]
2026-09-16 00:27:13.556 [info] > git check-ignore -v -z --stdin [1154ms]
2026-09-16 00:30:04.326 [info] > git check-ignore -v -z --stdin [1859ms]
2026-09-16 00:31:09.792 [info] > git check-ignore -v -z --stdin [473ms]
2026-09-16 00:36:33.921 [info] > git check-ignore -v -z --stdin [3854ms]
2026-09-16 00:49:38.025 [info] > git check-ignore -v -z --stdin [4163ms]
2026-09-16 00:59:44.416 [warning] [Git][getHEAD] Failed to parse HEAD file: ENOENT: no such file or directory, open '/home/darren/Downloads/Arch-Hyprland/.git/HEAD'
2026-09-16 00:59:47.319 [warning] [Git][getRemotes] Error: ENOENT: no such file or directory, open '/home/darren/Downloads/Arch-Hyprland/.git/config'
2026-09-16 01:00:03.665 [warning] [Git][getHEAD] Failed to parse HEAD file: ENOENT: no such file or directory, open '/home/darren/Downloads/zsh/.git/HEAD'
2026-09-16 01:00:03.720 [warning] [Git][getRemotes] Error: ENOENT: no such file or directory, open '/home/darren/Downloads/zsh/.git/config'
2026-09-16 01:00:04.833 [warning] [Git][getHEAD] Failed to parse HEAD file: ENOENT: no such file or directory, open '/home/darren/Downloads/ohmyzsh/.git/HEAD'
2026-09-16 01:00:04.904 [warning] [Git][getRemotes] Error: ENOENT: no such file or directory, open '/home/darren/Downloads/ohmyzsh/.git/config'
2026-09-16 01:00:13.472 [warning] [Git][getHEAD] Failed to parse HEAD file: ENOENT: no such file or directory, open '/home/darren/Downloads/Arch-Hyprland/.git/HEAD'
2026-09-16 01:00:13.522 [warning] [Git][getRemotes] Error: ENOENT: no such file or directory, open '/home/darren/Downloads/Arch-Hyprland/.git/config'
2026-09-16 01:00:14.305 [warning] [Git][getHEAD] Failed to parse HEAD file: ENOENT: no such file or directory, open '/home/darren/Downloads/zsh/.git/HEAD'
2026-09-16 01:00:14.359 [warning] [Git][getRemotes] Error: ENOENT: no such file or directory, open '/home/darren/Downloads/zsh/.git/config'
2026-09-16 01:00:14.412 [warning] [Git][getHEAD] Failed to parse HEAD file: ENOENT: no such file or directory, open '/home/darren/Downloads/ohmyzsh/.git/HEAD'
2026-09-16 01:00:14.853 [warning] [Git][getRemotes] Error: ENOENT: no such file or directory, open '/home/darren/Downloads/ohmyzsh/.git/config'
2026-09-16 01:03:20.259 [info] > git rev-parse --show-toplevel [145602ms]
2026-09-16 01:08:44.089 [info] > git rev-parse --git-dir --git-common-dir --show-superproject-working-tree [245465ms]
2026-09-16 01:08:57.976 [info] [Model][openRepository] Opened repository (path): /home/darren/Downloads/Hyprland
2026-09-16 01:08:57.976 [info] [Model][openRepository] Opened repository (real path): /home/darren/Downloads/Hyprland
2026-09-16 01:08:57.976 [info] [Model][openRepository] Opened repository (kind): repository
2026-09-16 01:09:03.922 [info] > git config --get --local core.virtualfilesystem [3493ms]
2026-09-16 01:09:03.922 [warning] [Git][config] git config failed: Failed to execute git
2026-09-16 01:09:03.925 [info] > git config --get commit.template [3150ms]
2026-09-16 01:09:04.028 [info] > git check-ignore -v -z --stdin [1102ms]
2026-09-16 01:09:04.030 [info] > git check-ignore -v -z --stdin [698ms]
2026-09-16 01:09:04.549 [info] > git ls-files --stage -- install.sh [9ms]
2026-09-16 01:09:05.285 [info] > git cat-file -s b84bf791c9291d332cb0be4c57bb09b90669ff40 [704ms]
2026-09-16 01:09:05.303 [info] > git for-each-ref --format=%(refname)%00%(upstream:short)%00%(objectname)%00%(upstream:track)%00%(upstream:remotename)%00%(upstream:remoteref) refs/heads/main refs/remotes/main [3416ms]
2026-09-16 01:09:05.340 [warning] [Git][revParse] Unable to read file: ENOENT: no such file or directory, open '/home/darren/Downloads/Hyprland/.git/refs/remotes/origin/main'
2026-09-16 01:09:05.356 [info] > git show --textconv :install.sh [852ms]
2026-09-16 01:09:08.420 [info] > git rev-parse refs/remotes/origin/main [3080ms]
2026-09-16 01:09:08.639 [info] > git log --format=%H%n%aN%n%aE%n%at%n%ct%n%P%n%D%n%B -z -n51 --shortstat --follow -- /home/darren/Downloads/Hyprland/install.sh [6287ms]
2026-09-16 01:09:08.686 [info] > git hash-object -t tree /dev/null [7ms]
2026-09-16 01:09:13.369 [info] > git for-each-ref --sort -committerdate --format %(refname)%00%(objectname)%00%(*objectname) [4731ms]
2026-09-16 01:09:13.381 [info] > git blame --root --incremental 691ac769f3dad99a330570c4707010af991e17c2 -- install.sh [197ms]
2026-09-16 01:09:20.773 [info] > git status -z -uall [12314ms]
2026-09-16 01:09:23.058 [info] > git config --get commit.template [10ms]
2026-09-16 01:09:23.058 [info] > git for-each-ref --format=%(refname)%00%(upstream:short)%00%(objectname)%00%(upstream:track)%00%(upstream:remotename)%00%(upstream:remoteref) refs/heads/main refs/remotes/main [2013ms]
2026-09-16 01:09:23.130 [info] > git config --get --local branch.main.vscode-merge-base [41ms]
2026-09-16 01:09:23.235 [info] > git for-each-ref --format=%(refname)%00%(upstream:short)%00%(objectname)%00%(upstream:track)%00%(upstream:remotename)%00%(upstream:remoteref) refs/heads/main refs/remotes/main [106ms]
2026-09-16 01:09:23.336 [warning] [Git][revParse] Unable to read file: ENOENT: no such file or directory, open '/home/darren/Downloads/Hyprland/.git/refs/remotes/origin/main'
2026-09-16 01:09:23.336 [info] > git for-each-ref --format=%(refname)%00%(upstream:short)%00%(objectname)%00%(upstream:track)%00%(upstream:remotename)%00%(upstream:remoteref) refs/heads/origin/main refs/remotes/origin/main [160ms]
2026-09-16 01:09:23.574 [info] > git rev-parse refs/remotes/origin/main [238ms]
2026-09-16 01:09:23.797 [info] > git merge-base refs/heads/main refs/remotes/origin/main [252ms]
2026-09-16 01:09:23.906 [info] > git for-each-ref --sort -committerdate --format %(refname)%00%(objectname)%00%(*objectname) [117ms]
2026-09-16 01:09:23.911 [info] > git diff --raw --numstat --diff-filter=ADMR -z --find-renames=50% 691ac769f3dad99a330570c4707010af991e17c2...refs/remotes/origin/main -- [10ms]
2026-09-16 01:09:23.938 [info] > git status -z -uall [273ms]
2026-09-16 01:09:26.362 [info] > git check-ignore -v -z --stdin [6ms]
2026-09-16 01:09:28.994 [info] > git check-ignore -v -z --stdin [8ms]
2026-09-16 01:09:31.416 [info] > git check-ignore -v -z --stdin [14ms]
2026-09-16 01:09:32.926 [info] > git config --get commit.template [33ms]
2026-09-16 01:09:33.046 [info] > git for-each-ref --format=%(refname)%00%(upstream:short)%00%(objectname)%00%(upstream:track)%00%(upstream:remotename)%00%(upstream:remoteref) refs/heads/main refs/remotes/main [4ms]
2026-09-16 01:09:33.079 [warning] [Git][revParse] Unable to read file: ENOENT: no such file or directory, open '/home/darren/Downloads/Hyprland/.git/refs/remotes/origin/main'
2026-09-16 01:09:33.131 [info] > git rev-parse refs/remotes/origin/main [52ms]
2026-09-16 01:09:33.387 [info] > git for-each-ref --sort -committerdate --format %(refname)%00%(objectname)%00%(*objectname) [61ms]
2026-09-16 01:09:33.467 [info] > git status -z -uall [275ms]
2026-09-16 01:09:37.946 [info] > git check-ignore -v -z --stdin [24ms]
2026-09-16 01:10:43.352 [info] > git check-ignore -v -z --stdin [3690ms]
2026-09-16 01:12:39.772 [info] > git check-ignore -v -z --stdin [6069ms]
2026-09-16 01:12:40.079 [info] > git check-ignore -v -z --stdin [6385ms]
2026-09-16 01:12:40.155 [info] > git check-ignore -v -z --stdin [1014ms]
2026-09-16 01:12:40.618 [info] > git check-ignore -v -z --stdin [5ms]
2026-09-16 01:12:42.667 [info] > git check-ignore -v -z --stdin [7ms]
2026-09-16 01:13:01.780 [info] > git check-ignore -v -z --stdin [35ms]
2026-09-16 01:13:02.083 [info] > git log --format=%H%n%aN%n%aE%n%at%n%ct%n%P%n%D%n%B -z -n51 --shortstat --follow -- /home/darren/Downloads/Hyprland/install-scripts/sddm_theme.sh [3147ms]
2026-09-16 01:13:02.754 [info] > git show --textconv :install-scripts/sddm_theme.sh [35ms]
2026-09-16 01:13:02.758 [info] > git ls-files --stage -- install-scripts/sddm_theme.sh [7ms]
2026-09-16 01:13:02.792 [info] > git cat-file -s e1c2ef6809bd5d1cc2acb8d4c60061be14728c96 [5ms]
2026-09-16 01:13:54.713 [info] > git blame --root --incremental 691ac769f3dad99a330570c4707010af991e17c2 -- install-scripts/sddm_theme.sh [3459ms]
2026-09-16 01:13:59.393 [info] > git check-ignore -v -z --stdin [570ms]
2026-09-16 01:14:04.453 [info] > git check-ignore -v -z --stdin [1532ms]
2026-09-16 01:14:30.770 [info] > git check-ignore -v -z --stdin [2409ms]
2026-09-16 01:14:31.639 [info] > git check-ignore -v -z --stdin [19ms]
2026-09-16 01:15:05.001 [info] > git log --format=%H%n%aN%n%aE%n%at%n%ct%n%P%n%D%n%B -z -n51 --shortstat --follow -- /home/darren/Downloads/Hyprland/install.sh [30ms] (cancelled)
2026-09-16 01:15:08.581 [info] > git check-ignore -v -z --stdin [179ms]
2026-09-16 01:15:08.818 [info] > git ls-files --stage -- install.sh [9ms]
2026-09-16 01:15:09.394 [info] > git show --textconv :install.sh [638ms]
2026-09-16 01:15:09.399 [info] > git cat-file -s b84bf791c9291d332cb0be4c57bb09b90669ff40 [546ms]
2026-09-16 01:15:09.597 [info] > git log --format=%H%n%aN%n%aE%n%at%n%ct%n%P%n%D%n%B -z -n101 --shortstat --follow -- /home/darren/Downloads/Hyprland/install.sh [4521ms]
2026-09-16 01:15:21.924 [info] > git log --format=%H%n%aN%n%aE%n%at%n%ct%n%P%n%D%n%B -z -n51 --shortstat --follow -- /home/darren/Downloads/Hyprland/install-scripts/sddm_theme.sh [40ms]
2026-09-16 01:15:47.106 [info] > git check-ignore -v -z --stdin [705ms]
2026-09-16 01:15:51.207 [info] > git check-ignore -v -z --stdin [7ms]
2026-09-16 01:15:51.736 [info] > git check-ignore -v -z --stdin [12ms]
2026-09-16 01:15:57.775 [info] > git check-ignore -v -z --stdin [584ms]
2026-09-16 01:16:04.520 [info] > git check-ignore -v -z --stdin [60ms]
2026-09-16 01:17:28.756 [info] > git check-ignore -v -z --stdin [3238ms]
2026-09-16 01:17:30.935 [info] > git check-ignore -v -z --stdin [6ms]
2026-09-16 01:17:42.467 [info] > git check-ignore -v -z --stdin [811ms]
2026-09-16 01:17:44.482 [info] > git check-ignore -v -z --stdin [28ms]
2026-09-16 01:17:44.705 [info] > git check-ignore -v -z --stdin [9ms]
2026-09-16 01:17:47.116 [info] > git check-ignore -v -z --stdin [47ms]
2026-09-16 01:17:55.226 [info] > git check-ignore -v -z --stdin [434ms]
2026-09-16 01:17:57.895 [info] > git check-ignore -v -z --stdin [7ms]
2026-09-16 01:18:07.420 [info] > git check-ignore -v -z --stdin [156ms]
2026-09-16 01:18:28.864 [info] > git check-ignore -v -z --stdin [7653ms]
2026-09-16 01:19:25.158 [info] > git log --format=%H%n%aN%n%aE%n%at%n%ct%n%P%n%D%n%B -z -n51 --shortstat --follow -- /home/darren/Downloads/Hyprland/install.sh [17137ms]
