2026-09-13 17:48:54.381 [info] Reading sessions from keychain...
2026-09-13 17:48:54.381 [info] Getting sessions for all scopes...
2026-09-13 17:48:54.381 [info] Got stored sessions!
2026-09-13 17:48:54.381 [info] Got 2 verified sessions.
2026-09-13 17:48:54.381 [info] Got 2 sessions for all scopes...
2026-09-13 17:48:54.381 [info] Getting sessions for all scopes...
2026-09-13 17:48:54.381 [info] Got 2 sessions for all scopes...
2026-09-13 17:48:54.381 [info] Getting sessions for all scopes...
2026-09-13 17:48:54.382 [info] Got 2 sessions for all scopes...
2026-09-13 17:48:54.382 [info] Getting sessions for all scopes...
2026-09-13 17:48:54.382 [info] Got 2 sessions for all scopes...
2026-09-13 17:48:54.382 [info] Getting sessions for read:user,user:email...
2026-09-13 17:48:54.382 [info] Got 0 sessions for read:user,user:email...
2026-09-13 17:48:54.382 [info] Getting sessions for all scopes...
2026-09-13 17:48:54.382 [info] Got 2 sessions for all scopes...
2026-09-13 17:48:54.382 [info] Getting sessions for user:email...
2026-09-13 17:48:54.382 [info] Got 1 sessions for user:email...
2026-09-13 17:48:54.382 [info] Getting sessions for all scopes...
2026-09-13 17:48:54.382 [info] Got 2 sessions for all scopes...
2026-09-13 17:48:54.382 [info] Getting sessions for read:user,user:email...
2026-09-13 17:48:54.382 [info] Got 0 sessions for read:user,user:email...
2026-09-13 17:48:54.382 [info] Getting sessions for read:user,user:email...
2026-09-13 17:48:54.382 [info] Got 0 sessions for read:user,user:email...
2026-09-13 17:48:54.382 [info] Getting sessions for read:user,user:email...
2026-09-13 17:48:54.382 [info] Got 0 sessions for read:user,user:email...
2026-09-13 17:48:54.382 [info] Getting sessions for read:user,user:email...
2026-09-13 17:48:54.382 [info] Got 0 sessions for read:user,user:email...
2026-09-13 17:48:54.382 [info] Getting sessions for read:user,user:email...
2026-09-13 17:48:54.382 [info] Got 0 sessions for read:user,user:email...
2026-09-13 17:48:54.382 [info] Getting sessions for read:user,user:email...
2026-09-13 17:48:54.382 [info] Got 0 sessions for read:user,user:email...
2026-09-13 17:48:54.382 [info] Getting sessions for read:user,user:email...
2026-09-13 17:48:54.382 [info] Got 0 sessions for read:user,user:email...
2026-09-13 17:48:54.382 [info] Getting sessions for read:user,user:email...
2026-09-13 17:48:54.382 [info] Got 0 sessions for read:user,user:email...
2026-09-13 17:48:54.382 [info] Getting sessions for read:user,user:email...
2026-09-13 17:48:54.382 [info] Got 0 sessions for read:user,user:email...
2026-09-13 17:48:54.382 [info] Getting sessions for all scopes...
2026-09-13 17:48:54.382 [info] Got 2 sessions for all scopes...
2026-09-13 17:48:54.382 [info] Getting sessions for all scopes...
2026-09-13 17:48:54.382 [info] Got 2 sessions for all scopes...
2026-09-13 17:48:54.382 [info] Getting sessions for all scopes...
2026-09-13 17:48:54.382 [info] Got 2 sessions for all scopes...
2026-09-13 17:48:54.382 [info] Getting sessions for all scopes...
2026-09-13 17:48:54.382 [info] Got 2 sessions for all scopes...
2026-09-13 17:48:54.382 [info] Getting sessions for all scopes...
2026-09-13 17:48:54.382 [info] Got 2 sessions for all scopes...
2026-09-13 17:48:54.382 [info] Getting sessions for all scopes...
2026-09-13 17:48:54.382 [info] Got 2 sessions for all scopes...
2026-09-13 17:48:54.382 [info] Getting sessions for all scopes...
2026-09-13 17:48:54.382 [info] Got 2 sessions for all scopes...
2026-09-13 17:48:54.382 [info] Getting sessions for all scopes...
2026-09-13 17:48:54.382 [info] Got 2 sessions for all scopes...
2026-09-13 17:48:54.382 [info] Getting sessions for all scopes...
2026-09-13 17:48:54.382 [info] Got 2 sessions for all scopes...
2026-09-13 17:48:54.382 [info] Getting sessions for all scopes...
2026-09-13 17:48:54.382 [info] Got 2 sessions for all scopes...
2026-09-13 17:48:54.383 [info] Getting sessions for all scopes...
2026-09-13 17:48:54.383 [info] Got 2 sessions for all scopes...
2026-09-13 17:48:54.383 [info] Getting sessions for all scopes...
2026-09-13 17:48:54.383 [info] Got 2 sessions for all scopes...
2026-09-13 17:48:54.383 [info] Getting sessions for all scopes...
2026-09-13 17:48:54.383 [info] Got 2 sessions for all scopes...
2026-09-13 17:48:54.383 [info] Getting sessions for all scopes...
2026-09-13 17:48:54.383 [info] Got 2 sessions for all scopes...
2026-09-13 17:48:54.383 [info] Getting sessions for read:user,repo,user:email,workflow...
2026-09-13 17:48:54.383 [info] Got 1 sessions for read:user,repo,user:email,workflow...
2026-09-13 17:48:55.370 [info] Getting sessions for user:email...
2026-09-13 17:48:55.371 [info] Got 1 sessions for user:email...
2026-09-13 17:48:55.372 [info] Getting sessions for read:user,user:email...
2026-09-13 17:48:55.372 [info] Got 0 sessions for read:user,user:email...
2026-09-13 17:49:01.675 [info] Getting sessions for all scopes...
2026-09-13 17:49:01.675 [info] Got 2 sessions for all scopes...
2026-09-13 17:49:01.677 [info] Getting sessions for all scopes...
2026-09-13 17:49:01.678 [info] Got 2 sessions for all scopes...
2026-09-13 17:49:01.683 [info] Getting sessions for all scopes...
2026-09-13 17:49:01.683 [info] Got 2 sessions for all scopes...
2026-09-13 17:49:01.692 [info] Getting sessions for all scopes...
2026-09-13 17:49:01.693 [info] Got 2 sessions for all scopes...
2026-09-13 17:49:01.980 [info] Getting sessions for all scopes...
2026-09-13 17:49:01.980 [info] Got 2 sessions for all scopes...
2026-09-13 17:49:01.990 [info] Getting sessions for read:user,user:email...
2026-09-13 17:49:01.990 [info] Got 0 sessions for read:user,user:email...
2026-09-13 17:49:02.066 [info] Getting sessions for all scopes...
2026-09-13 17:49:02.066 [info] Got 2 sessions for all scopes...
2026-09-13 17:49:02.149 [info] Getting sessions for read:user,repo,user:email,workflow...
2026-09-13 17:49:02.149 [info] Got 1 sessions for read:user,repo,user:email,workflow...
2026-09-13 17:49:02.261 [info] Getting sessions for all scopes...
2026-09-13 17:49:02.261 [info] Got 2 sessions for all scopes...
2026-09-13 17:49:02.277 [info] Getting sessions for read:user,repo,user:email,workflow...
2026-09-13 17:49:02.277 [info] Got 1 sessions for read:user,repo,user:email,workflow...
2026-09-13 17:49:02.445 [info] Getting sessions for read:user,user:email...
2026-09-13 17:49:02.445 [info] Got 0 sessions for read:user,user:email...
2026-09-13 17:49:02.500 [info] Getting sessions for all scopes...
2026-09-13 17:49:02.500 [info] Got 2 sessions for all scopes...
2026-09-13 17:49:03.196 [info] Getting sessions for all scopes...
2026-09-13 17:49:03.196 [info] Got 2 sessions for all scopes...
2026-09-13 17:49:03.197 [info] Getting sessions for all scopes...
2026-09-13 17:49:03.197 [info] Got 2 sessions for all scopes...
2026-09-13 17:49:03.398 [info] Getting sessions for repo...
2026-09-13 17:49:03.398 [info] Got 0 sessions for repo...
2026-09-13 17:49:03.399 [info] Getting sessions for repo...
2026-09-13 17:49:03.399 [info] Got 0 sessions for repo...
2026-09-13 17:49:03.408 [info] Getting sessions for repo...
2026-09-13 17:49:03.408 [info] Got 0 sessions for repo...
2026-09-13 17:49:03.409 [info] Getting sessions for repo...
2026-09-13 17:49:03.409 [info] Got 0 sessions for repo...
2026-09-13 17:49:03.410 [info] Getting sessions for repo...
2026-09-13 17:49:03.410 [info] Got 0 sessions for repo...
2026-09-13 17:49:03.411 [info] Getting sessions for repo...
2026-09-13 17:49:03.418 [info] Got 0 sessions for repo...
2026-09-13 17:49:03.419 [info] Getting sessions for repo...
2026-09-13 17:49:03.419 [info] Got 0 sessions for repo...
2026-09-13 17:49:03.419 [info] Getting sessions for repo...
2026-09-13 17:49:03.419 [info] Got 0 sessions for repo...
2026-09-13 17:49:03.420 [info] Getting sessions for repo...
2026-09-13 17:49:03.420 [info] Got 0 sessions for repo...
2026-09-13 17:49:03.428 [info] Getting sessions for repo...
2026-09-13 17:49:03.428 [info] Got 0 sessions for repo...
2026-09-13 17:49:03.429 [info] Getting sessions for repo...
2026-09-13 17:49:03.429 [info] Got 0 sessions for repo...
2026-09-13 17:49:03.430 [info] Getting sessions for repo...
2026-09-13 17:49:03.430 [info] Got 0 sessions for repo...
2026-09-13 17:49:03.431 [info] Getting sessions for repo...
2026-09-13 17:49:03.431 [info] Got 0 sessions for repo...
2026-09-13 17:49:03.515 [info] Getting sessions for all scopes...
2026-09-13 17:49:03.515 [info] Got 2 sessions for all scopes...
2026-09-13 17:49:03.516 [info] Getting sessions for all scopes...
2026-09-13 17:49:03.516 [info] Got 2 sessions for all scopes...
2026-09-13 17:49:03.517 [info] Getting sessions for all scopes...
2026-09-13 17:49:03.517 [info] Got 2 sessions for all scopes...
2026-09-13 17:49:03.518 [info] Getting sessions for all scopes...
2026-09-13 17:49:03.518 [info] Got 2 sessions for all scopes...
2026-09-13 17:49:03.519 [info] Getting sessions for all scopes...
2026-09-13 17:49:03.519 [info] Got 2 sessions for all scopes...
2026-09-13 17:49:03.519 [info] Getting sessions for all scopes...
2026-09-13 17:49:03.520 [info] Got 2 sessions for all scopes...
2026-09-13 17:49:03.520 [info] Getting sessions for all scopes...
2026-09-13 17:49:03.520 [info] Got 2 sessions for all scopes...
2026-09-13 17:49:03.521 [info] Getting sessions for all scopes...
2026-09-13 17:49:03.521 [info] Got 2 sessions for all scopes...
2026-09-13 17:49:03.522 [info] Getting sessions for all scopes...
2026-09-13 17:49:03.522 [info] Got 2 sessions for all scopes...
2026-09-13 17:49:03.523 [info] Getting sessions for all scopes...
2026-09-13 17:49:03.523 [info] Got 2 sessions for all scopes...
2026-09-13 17:49:03.526 [info] Getting sessions for all scopes...
2026-09-13 17:49:03.526 [info] Got 2 sessions for all scopes...
2026-09-13 17:49:03.527 [info] Getting sessions for all scopes...
2026-09-13 17:49:03.527 [info] Got 2 sessions for all scopes...
2026-09-13 17:49:03.528 [info] Getting sessions for all scopes...
2026-09-13 17:49:03.528 [info] Got 2 sessions for all scopes...
2026-09-13 17:49:03.605 [info] Getting sessions for read:user,repo,user:email,workflow...
2026-09-13 17:49:03.605 [info] Got 1 sessions for read:user,repo,user:email,workflow...
2026-09-13 17:49:03.616 [info] Getting sessions for read:user,user:email...
2026-09-13 17:49:03.616 [info] Got 0 sessions for read:user,user:email...
2026-09-13 17:49:03.617 [info] Getting sessions for read:user,user:email...
2026-09-13 17:49:03.617 [info] Got 0 sessions for read:user,user:email...
2026-09-13 17:49:03.618 [info] Getting sessions for read:user,user:email...
2026-09-13 17:49:03.619 [info] Got 0 sessions for read:user,user:email...
2026-09-13 17:49:03.620 [info] Getting sessions for read:user,user:email...
2026-09-13 17:49:03.620 [info] Got 0 sessions for read:user,user:email...
2026-09-13 17:49:03.621 [info] Getting sessions for read:user,user:email...
2026-09-13 17:49:03.621 [info] Got 0 sessions for read:user,user:email...
2026-09-13 17:49:03.623 [info] Getting sessions for read:user,user:email...
2026-09-13 17:49:03.623 [info] Got 0 sessions for read:user,user:email...
2026-09-13 17:49:03.624 [info] Getting sessions for read:user,user:email...
2026-09-13 17:49:03.624 [info] Got 0 sessions for read:user,user:email...
2026-09-13 17:49:03.625 [info] Getting sessions for read:user,user:email...
2026-09-13 17:49:03.626 [info] Got 0 sessions for read:user,user:email...
2026-09-13 17:49:03.627 [info] Getting sessions for read:user,user:email...
2026-09-13 17:49:03.627 [info] Got 0 sessions for read:user,user:email...
2026-09-13 17:49:03.628 [info] Getting sessions for read:user,user:email...
2026-09-13 17:49:03.628 [info] Got 0 sessions for read:user,user:email...
2026-09-13 17:49:03.629 [info] Getting sessions for read:user,user:email...
2026-09-13 17:49:03.629 [info] Got 0 sessions for read:user,user:email...
2026-09-13 17:49:03.629 [info] Getting sessions for read:user,user:email...
2026-09-13 17:49:03.629 [info] Got 0 sessions for read:user,user:email...
2026-09-13 17:49:03.630 [info] Getting sessions for read:user,user:email...
2026-09-13 17:49:03.630 [info] Got 0 sessions for read:user,user:email...
2026-09-13 17:49:04.205 [info] Getting sessions for all scopes...
2026-09-13 17:49:04.205 [info] Got 2 sessions for all scopes...
2026-09-13 17:49:04.207 [info] Getting sessions for all scopes...
2026-09-13 17:49:04.207 [info] Got 2 sessions for all scopes...
2026-09-13 17:49:04.208 [info] Getting sessions for all scopes...
2026-09-13 17:49:04.208 [info] Got 2 sessions for all scopes...
2026-09-13 17:49:04.211 [info] Getting sessions for all scopes...
2026-09-13 17:49:04.282 [info] Got 2 sessions for all scopes...
2026-09-13 17:49:04.285 [info] Getting sessions for all scopes...
2026-09-13 17:49:04.285 [info] Got 2 sessions for all scopes...
2026-09-13 17:49:04.286 [info] Getting sessions for all scopes...
2026-09-13 17:49:04.286 [info] Got 2 sessions for all scopes...
2026-09-13 17:49:04.291 [info] Getting sessions for all scopes...
2026-09-13 17:49:04.291 [info] Got 2 sessions for all scopes...
2026-09-13 17:49:04.292 [info] Getting sessions for all scopes...
2026-09-13 17:49:04.292 [info] Got 2 sessions for all scopes...
2026-09-13 17:49:04.292 [info] Getting sessions for all scopes...
2026-09-13 17:49:04.293 [info] Got 2 sessions for all scopes...
2026-09-13 17:49:04.293 [info] Getting sessions for all scopes...
2026-09-13 17:49:04.293 [info] Got 2 sessions for all scopes...
2026-09-13 17:49:04.294 [info] Getting sessions for all scopes...
2026-09-13 17:49:04.294 [info] Got 2 sessions for all scopes...
2026-09-13 17:49:04.301 [info] Getting sessions for all scopes...
2026-09-13 17:49:04.301 [info] Got 2 sessions for all scopes...
2026-09-13 17:49:04.302 [info] Getting sessions for all scopes...
2026-09-13 17:49:04.302 [info] Got 2 sessions for all scopes...
2026-09-13 17:49:04.342 [info] Getting sessions for repo...
2026-09-13 17:49:04.342 [info] Got 0 sessions for repo...
2026-09-13 17:49:04.343 [info] Getting sessions for repo...
2026-09-13 17:49:04.343 [info] Got 0 sessions for repo...
2026-09-13 17:49:04.343 [info] Getting sessions for repo...
2026-09-13 17:49:04.343 [info] Got 0 sessions for repo...
2026-09-13 17:49:04.344 [info] Getting sessions for repo...
2026-09-13 17:49:04.344 [info] Got 0 sessions for repo...
2026-09-13 17:49:04.351 [info] Getting sessions for repo...
2026-09-13 17:49:04.351 [info] Got 0 sessions for repo...
2026-09-13 17:49:04.352 [info] Getting sessions for repo...
2026-09-13 17:49:04.352 [info] Got 0 sessions for repo...
2026-09-13 17:49:04.355 [info] Getting sessions for repo...
2026-09-13 17:49:04.355 [info] Got 0 sessions for repo...
2026-09-13 17:49:04.362 [info] Getting sessions for repo...
2026-09-13 17:49:04.362 [info] Got 0 sessions for repo...
2026-09-13 17:49:04.363 [info] Getting sessions for repo...
2026-09-13 17:49:04.363 [info] Got 0 sessions for repo...
2026-09-13 17:49:04.363 [info] Getting sessions for repo...
2026-09-13 17:49:04.363 [info] Got 0 sessions for repo...
2026-09-13 17:49:04.364 [info] Getting sessions for repo...
2026-09-13 17:49:04.364 [info] Got 0 sessions for repo...
2026-09-13 17:49:04.372 [info] Getting sessions for repo...
2026-09-13 17:49:04.372 [info] Got 0 sessions for repo...
2026-09-13 17:49:04.373 [info] Getting sessions for repo...
2026-09-13 17:49:04.373 [info] Got 0 sessions for repo...
2026-09-13 17:49:04.383 [info] Getting sessions for all scopes...
2026-09-13 17:49:04.383 [info] Got 2 sessions for all scopes...
2026-09-13 17:49:04.384 [info] Getting sessions for all scopes...
2026-09-13 17:49:04.384 [info] Got 2 sessions for all scopes...
2026-09-13 17:49:04.385 [info] Getting sessions for all scopes...
2026-09-13 17:49:04.385 [info] Got 2 sessions for all scopes...
2026-09-13 17:49:04.387 [info] Getting sessions for all scopes...
2026-09-13 17:49:04.387 [info] Got 2 sessions for all scopes...
2026-09-13 17:49:04.392 [info] Getting sessions for all scopes...
2026-09-13 17:49:04.392 [info] Got 2 sessions for all scopes...
2026-09-13 17:49:04.393 [info] Getting sessions for all scopes...
2026-09-13 17:49:04.393 [info] Got 2 sessions for all scopes...
2026-09-13 17:49:04.394 [info] Getting sessions for all scopes...
2026-09-13 17:49:04.395 [info] Got 2 sessions for all scopes...
2026-09-13 17:49:04.400 [info] Getting sessions for all scopes...
2026-09-13 17:49:04.400 [info] Got 2 sessions for all scopes...
2026-09-13 17:49:04.400 [info] Getting sessions for all scopes...
2026-09-13 17:49:04.401 [info] Got 2 sessions for all scopes...
2026-09-13 17:49:04.405 [info] Getting sessions for all scopes...
2026-09-13 17:49:04.405 [info] Got 2 sessions for all scopes...
2026-09-13 17:49:04.406 [info] Getting sessions for all scopes...
2026-09-13 17:49:04.407 [info] Got 2 sessions for all scopes...
2026-09-13 17:49:04.415 [info] Getting sessions for all scopes...
2026-09-13 17:49:04.415 [info] Got 2 sessions for all scopes...
2026-09-13 17:49:04.416 [info] Getting sessions for all scopes...
2026-09-13 17:49:04.416 [info] Got 2 sessions for all scopes...
2026-09-13 17:49:05.840 [info] Getting sessions for all scopes...
2026-09-13 17:49:05.841 [info] Got 2 sessions for all scopes...
2026-09-13 17:49:05.870 [info] Getting sessions for read:user,repo,user:email,workflow...
2026-09-13 17:49:05.870 [info] Got 1 sessions for read:user,repo,user:email,workflow...
2026-09-13 17:49:06.113 [info] Getting sessions for all scopes...
2026-09-13 17:49:06.113 [info] Got 2 sessions for all scopes...
2026-09-13 17:49:06.118 [info] Getting sessions for read:user,repo,user:email,workflow...
2026-09-13 17:49:06.118 [info] Got 1 sessions for read:user,repo,user:email,workflow...
2026-09-13 17:49:06.563 [info] Getting sessions for read:user,user:email...
2026-09-13 17:49:06.563 [info] Got 0 sessions for read:user,user:email...
2026-09-13 17:49:06.569 [info] Getting sessions for all scopes...
2026-09-13 17:49:06.569 [info] Got 2 sessions for all scopes...
2026-09-13 17:49:06.590 [info] Getting sessions for repo...
2026-09-13 17:49:06.590 [info] Got 0 sessions for repo...
2026-09-13 17:49:06.609 [info] Getting sessions for all scopes...
2026-09-13 17:49:06.609 [info] Got 2 sessions for all scopes...
2026-09-13 17:49:06.625 [info] Getting sessions for read:user,user:email...
2026-09-13 17:49:06.625 [info] Got 0 sessions for read:user,user:email...
2026-09-13 17:49:06.665 [info] Getting sessions for all scopes...
2026-09-13 17:49:06.665 [info] Got 2 sessions for all scopes...
2026-09-13 17:49:06.680 [info] Getting sessions for repo...
2026-09-13 17:49:06.680 [info] Got 0 sessions for repo...
2026-09-13 17:49:06.683 [info] Getting sessions for all scopes...
2026-09-13 17:49:06.683 [info] Got 2 sessions for all scopes...
2026-09-13 17:49:39.371 [info] Getting sessions for all scopes...
2026-09-13 17:49:39.612 [info] Got 2 sessions for all scopes...
2026-09-13 17:49:39.653 [info] Getting sessions for all scopes...
2026-09-13 17:49:39.654 [info] Got 2 sessions for all scopes...
2026-09-13 17:49:41.220 [info] Getting sessions for read:user,user:email...
2026-09-13 17:49:41.221 [info] Got 0 sessions for read:user,user:email...
2026-09-13 17:49:41.240 [info] Getting sessions for all scopes...
2026-09-13 17:49:41.241 [info] Got 2 sessions for all scopes...
2026-09-13 17:49:41.243 [info] Getting sessions for repo...
2026-09-13 17:49:41.243 [info] Got 0 sessions for repo...
2026-09-13 17:49:41.246 [info] Getting sessions for all scopes...
2026-09-13 17:49:41.246 [info] Got 2 sessions for all scopes...
2026-09-13 17:49:41.248 [info] Getting sessions for read:user,user:email...
2026-09-13 17:49:41.249 [info] Got 0 sessions for read:user,user:email...
2026-09-13 17:49:41.251 [info] Getting sessions for all scopes...
2026-09-13 17:49:41.251 [info] Got 2 sessions for all scopes...
2026-09-13 17:49:41.253 [info] Getting sessions for repo...
2026-09-13 17:49:41.253 [info] Got 0 sessions for repo...
2026-09-13 17:49:41.255 [info] Getting sessions for all scopes...
2026-09-13 17:49:41.256 [info] Got 2 sessions for all scopes...
2026-09-13 17:51:16.345 [info] Getting sessions for read:user,user:email...
2026-09-13 17:51:16.405 [info] Got 0 sessions for read:user,user:email...
2026-09-13 17:51:16.419 [info] Getting sessions for all scopes...
2026-09-13 17:51:16.419 [info] Got 2 sessions for all scopes...
2026-09-13 17:51:16.464 [info] Getting sessions for repo...
2026-09-13 17:51:16.467 [info] Got 0 sessions for repo...
2026-09-13 17:51:16.475 [info] Getting sessions for all scopes...
2026-09-13 17:51:16.476 [info] Got 2 sessions for all scopes...
2026-09-13 17:51:16.495 [info] Getting sessions for read:user,user:email...
2026-09-13 17:51:16.495 [info] Got 0 sessions for read:user,user:email...
2026-09-13 17:51:16.505 [info] Getting sessions for all scopes...
2026-09-13 17:51:16.505 [info] Got 2 sessions for all scopes...
2026-09-13 17:51:16.522 [info] Getting sessions for repo...
2026-09-13 17:51:16.522 [info] Got 0 sessions for repo...
2026-09-13 17:51:16.535 [info] Getting sessions for all scopes...
2026-09-13 17:51:16.535 [info] Got 2 sessions for all scopes...
2026-09-13 17:51:22.778 [info] Getting sessions for read:user,user:email...
2026-09-13 17:51:22.779 [info] Got 0 sessions for read:user,user:email...
2026-09-13 17:51:22.792 [info] Getting sessions for all scopes...
2026-09-13 17:51:22.793 [info] Got 2 sessions for all scopes...
2026-09-13 17:51:22.802 [info] Getting sessions for repo...
2026-09-13 17:51:22.802 [info] Got 0 sessions for repo...
2026-09-13 17:51:22.812 [info] Getting sessions for all scopes...
2026-09-13 17:51:22.812 [info] Got 2 sessions for all scopes...
2026-09-13 17:51:22.832 [info] Getting sessions for read:user,user:email...
2026-09-13 17:51:22.833 [info] Got 0 sessions for read:user,user:email...
2026-09-13 17:51:22.848 [info] Getting sessions for all scopes...
2026-09-13 17:51:22.848 [info] Got 2 sessions for all scopes...
2026-09-13 17:51:22.852 [info] Getting sessions for repo...
2026-09-13 17:51:22.852 [info] Got 0 sessions for repo...
2026-09-13 17:51:22.855 [info] Getting sessions for all scopes...
2026-09-13 17:51:22.855 [info] Got 2 sessions for all scopes...
2026-09-13 17:52:21.652 [info] Getting sessions for all scopes...
2026-09-13 17:52:21.919 [info] Got 2 sessions for all scopes...
2026-09-13 17:52:21.928 [info] Getting sessions for all scopes...
2026-09-13 17:52:21.929 [info] Got 2 sessions for all scopes...
2026-09-13 17:53:30.871 [info] Getting sessions for all scopes...
2026-09-13 17:53:30.886 [info] Got 2 sessions for all scopes...
2026-09-13 17:53:31.473 [info] Getting sessions for all scopes...
2026-09-13 17:53:31.473 [info] Got 2 sessions for all scopes...
2026-09-13 17:54:10.465 [info] Getting sessions for all scopes...
2026-09-13 17:54:10.465 [info] Got 2 sessions for all scopes...
2026-09-13 17:54:10.476 [info] Getting sessions for all scopes...
2026-09-13 17:54:10.476 [info] Got 2 sessions for all scopes...
2026-09-13 17:56:16.856 [info] Getting sessions for all scopes...
2026-09-13 17:56:16.918 [info] Got 2 sessions for all scopes...
2026-09-13 17:56:18.558 [info] Getting sessions for all scopes...
2026-09-13 17:56:18.558 [info] Got 2 sessions for all scopes...
2026-09-13 18:27:08.589 [info] Getting sessions for all scopes...
2026-09-13 18:27:08.796 [info] Got 2 sessions for all scopes...
2026-09-13 18:27:16.539 [info] Getting sessions for all scopes...
2026-09-13 18:27:16.539 [info] Got 2 sessions for all scopes...
2026-09-13 18:30:45.771 [info] Getting sessions for all scopes...
2026-09-13 18:30:46.870 [info] Got 2 sessions for all scopes...
2026-09-13 18:31:02.357 [info] Getting sessions for all scopes...
2026-09-13 18:31:02.357 [info] Got 2 sessions for all scopes...
2026-09-13 18:37:57.149 [info] Getting sessions for all scopes...
2026-09-13 18:37:57.850 [info] Got 2 sessions for all scopes...
2026-09-13 18:38:01.652 [info] Getting sessions for all scopes...
2026-09-13 18:38:01.652 [info] Got 2 sessions for all scopes...
2026-09-13 18:41:17.729 [info] Getting sessions for all scopes...
2026-09-13 18:41:18.109 [info] Got 2 sessions for all scopes...
2026-09-13 18:41:18.113 [info] Getting sessions for all scopes...
2026-09-13 18:41:18.113 [info] Got 2 sessions for all scopes...
2026-09-13 18:42:06.851 [info] Getting sessions for all scopes...
2026-09-13 18:42:07.088 [info] Got 2 sessions for all scopes...
2026-09-13 18:42:07.091 [info] Getting sessions for all scopes...
2026-09-13 18:42:07.311 [info] Got 2 sessions for all scopes...
2026-09-13 18:43:34.255 [info] Reading sessions from keychain...
2026-09-13 18:43:34.537 [info] Getting sessions for all scopes...
2026-09-13 18:43:36.071 [info] Got stored sessions!
2026-09-13 18:43:36.072 [info] Got 2 verified sessions.
2026-09-13 18:43:36.073 [info] Got 2 sessions for all scopes...
2026-09-13 18:43:36.080 [info] Getting sessions for all scopes...
2026-09-13 18:43:36.080 [info] Got 2 sessions for all scopes...
2026-09-13 18:43:36.084 [info] Getting sessions for all scopes...
2026-09-13 18:43:36.084 [info] Got 2 sessions for all scopes...
2026-09-13 18:43:36.089 [info] Getting sessions for all scopes...
2026-09-13 18:43:36.089 [info] Got 2 sessions for all scopes...
2026-09-13 18:43:36.447 [info] Getting sessions for all scopes...
2026-09-13 18:43:36.447 [info] Got 2 sessions for all scopes...
2026-09-13 18:43:38.679 [info] Getting sessions for all scopes...
2026-09-13 18:43:38.679 [info] Got 2 sessions for all scopes...
2026-09-13 18:43:40.996 [info] Getting sessions for read:user,user:email...
2026-09-13 18:43:40.996 [info] Got 0 sessions for read:user,user:email...
2026-09-13 18:43:41.058 [info] Getting sessions for all scopes...
2026-09-13 18:43:41.058 [info] Got 2 sessions for all scopes...
2026-09-13 18:43:41.094 [info] Getting sessions for repo...
2026-09-13 18:43:41.095 [info] Got 0 sessions for repo...
2026-09-13 18:43:41.164 [info] Getting sessions for all scopes...
2026-09-13 18:43:41.164 [info] Got 2 sessions for all scopes...
2026-09-13 18:43:41.314 [info] Getting sessions for read:user,user:email...
2026-09-13 18:43:41.314 [info] Got 0 sessions for read:user,user:email...
2026-09-13 18:43:41.325 [info] Getting sessions for all scopes...
2026-09-13 18:43:41.325 [info] Got 2 sessions for all scopes...
2026-09-13 18:43:41.335 [info] Getting sessions for repo...
2026-09-13 18:43:41.335 [info] Got 0 sessions for repo...
2026-09-13 18:43:41.354 [info] Getting sessions for all scopes...
2026-09-13 18:43:41.354 [info] Got 2 sessions for all scopes...
2026-09-13 18:43:43.688 [info] Getting sessions for user:email...
2026-09-13 18:43:43.689 [info] Got 1 sessions for user:email...
2026-09-13 18:43:55.092 [info] Getting sessions for all scopes...
2026-09-13 18:43:55.092 [info] Got 2 sessions for all scopes...
2026-09-13 18:43:57.756 [info] Getting sessions for user:email...
2026-09-13 18:43:57.756 [info] Got 1 sessions for user:email...
2026-09-13 18:43:57.760 [info] Getting sessions for read:user,user:email...
2026-09-13 18:43:57.760 [info] Got 0 sessions for read:user,user:email...
2026-09-13 18:43:57.772 [info] Getting sessions for all scopes...
2026-09-13 18:43:57.773 [info] Got 2 sessions for all scopes...
2026-09-13 18:43:57.836 [info] Getting sessions for repo...
2026-09-13 18:43:57.944 [info] Got 0 sessions for repo...
2026-09-13 18:43:57.981 [info] Getting sessions for all scopes...
2026-09-13 18:43:57.981 [info] Got 2 sessions for all scopes...
2026-09-13 18:43:58.008 [info] Getting sessions for user:email...
2026-09-13 18:43:58.008 [info] Got 1 sessions for user:email...
2026-09-13 18:43:58.021 [info] Getting sessions for read:user,user:email...
2026-09-13 18:43:58.021 [info] Got 0 sessions for read:user,user:email...
2026-09-13 18:43:58.245 [info] Getting sessions for all scopes...
2026-09-13 18:43:58.245 [info] Got 2 sessions for all scopes...
2026-09-13 18:43:58.375 [info] Getting sessions for repo...
2026-09-13 18:43:58.376 [info] Got 0 sessions for repo...
2026-09-13 18:43:58.388 [info] Getting sessions for all scopes...
2026-09-13 18:43:58.388 [info] Got 2 sessions for all scopes...
2026-09-13 18:44:21.307 [info] Getting sessions for all scopes...
2026-09-13 18:44:21.324 [info] Got 2 sessions for all scopes...
2026-09-13 18:44:21.328 [info] Getting sessions for all scopes...
2026-09-13 18:44:21.328 [info] Got 2 sessions for all scopes...
2026-09-13 18:44:21.470 [info] Getting sessions for all scopes...
2026-09-13 18:44:21.470 [info] Got 2 sessions for all scopes...
2026-09-13 18:44:21.899 [info] Getting sessions for read:user,repo,user:email,workflow...
2026-09-13 18:44:21.899 [info] Got 1 sessions for read:user,repo,user:email,workflow...
2026-09-13 18:44:23.607 [info] Getting sessions for all scopes...
2026-09-13 18:44:23.608 [info] Got 2 sessions for all scopes...
2026-09-13 18:44:23.613 [info] Getting sessions for read:user,repo,user:email,workflow...
2026-09-13 18:44:23.613 [info] Got 1 sessions for read:user,repo,user:email,workflow...
2026-09-13 18:44:24.206 [info] Getting sessions for all scopes...
2026-09-13 18:44:24.207 [info] Got 2 sessions for all scopes...
2026-09-13 18:44:24.208 [info] Getting sessions for all scopes...
2026-09-13 18:44:24.208 [info] Got 2 sessions for all scopes...
2026-09-13 18:44:24.274 [info] Getting sessions for all scopes...
2026-09-13 18:44:24.274 [info] Got 2 sessions for all scopes...
2026-09-13 18:44:24.282 [info] Getting sessions for all scopes...
2026-09-13 18:44:24.282 [info] Got 2 sessions for all scopes...
2026-09-13 18:44:25.065 [info] Getting sessions for read:user,repo,user:email,workflow...
2026-09-13 18:44:25.066 [info] Got 1 sessions for read:user,repo,user:email,workflow...
2026-09-13 18:44:25.092 [info] Getting sessions for read:user,user:email...
2026-09-13 18:44:25.092 [info] Got 0 sessions for read:user,user:email...
2026-09-13 18:44:25.307 [info] Getting sessions for all scopes...
2026-09-13 18:44:25.307 [info] Got 2 sessions for all scopes...
2026-09-13 18:44:25.405 [info] Getting sessions for repo...
2026-09-13 18:44:25.405 [info] Got 0 sessions for repo...
2026-09-13 18:44:25.445 [info] Getting sessions for all scopes...
2026-09-13 18:44:25.445 [info] Got 2 sessions for all scopes...
2026-09-13 18:44:25.492 [info] Getting sessions for read:user,user:email...
2026-09-13 18:44:25.492 [info] Got 0 sessions for read:user,user:email...
2026-09-13 18:44:25.519 [info] Getting sessions for all scopes...
2026-09-13 18:44:25.519 [info] Got 2 sessions for all scopes...
2026-09-13 18:44:25.522 [info] Getting sessions for repo...
2026-09-13 18:44:25.522 [info] Got 0 sessions for repo...
2026-09-13 18:44:25.529 [info] Getting sessions for all scopes...
2026-09-13 18:44:25.529 [info] Got 2 sessions for all scopes...
2026-09-13 18:44:26.445 [info] Getting sessions for all scopes...
2026-09-13 18:44:26.445 [info] Got 2 sessions for all scopes...
2026-09-13 18:44:26.450 [info] Getting sessions for read:user,repo,user:email,workflow...
2026-09-13 18:44:26.450 [info] Got 1 sessions for read:user,repo,user:email,workflow...
2026-09-13 18:44:27.060 [info] Getting sessions for all scopes...
2026-09-13 18:44:27.060 [info] Got 2 sessions for all scopes...
2026-09-13 18:44:27.216 [info] Getting sessions for read:user,user:email...
2026-09-13 18:44:27.216 [info] Got 0 sessions for read:user,user:email...
2026-09-13 18:44:27.229 [info] Getting sessions for all scopes...
2026-09-13 18:44:27.229 [info] Got 2 sessions for all scopes...
2026-09-13 18:44:27.231 [info] Getting sessions for read:user,repo,user:email,workflow...
2026-09-13 18:44:27.231 [info] Got 1 sessions for read:user,repo,user:email,workflow...
2026-09-13 18:44:27.232 [info] Getting sessions for repo...
2026-09-13 18:44:27.233 [info] Got 0 sessions for repo...
2026-09-13 18:44:27.237 [info] Getting sessions for all scopes...
2026-09-13 18:44:27.237 [info] Got 2 sessions for all scopes...
2026-09-13 18:44:27.240 [info] Getting sessions for read:user,user:email...
2026-09-13 18:44:27.240 [info] Got 0 sessions for read:user,user:email...
2026-09-13 18:44:27.242 [info] Getting sessions for all scopes...
2026-09-13 18:44:27.242 [info] Got 2 sessions for all scopes...
2026-09-13 18:44:27.244 [info] Getting sessions for repo...
2026-09-13 18:44:27.244 [info] Got 0 sessions for repo...
2026-09-13 18:44:27.246 [info] Getting sessions for all scopes...
2026-09-13 18:44:27.246 [info] Got 2 sessions for all scopes...
2026-09-13 18:44:27.488 [info] Getting sessions for all scopes...
2026-09-13 18:44:27.488 [info] Got 2 sessions for all scopes...
2026-09-13 18:44:27.493 [info] Getting sessions for read:user,repo,user:email,workflow...
2026-09-13 18:44:27.493 [info] Got 1 sessions for read:user,repo,user:email,workflow...
2026-09-13 18:48:13.539 [info] Getting sessions for all scopes...
2026-09-13 18:48:13.540 [info] Got 2 sessions for all scopes...
2026-09-13 18:48:13.546 [info] Getting sessions for read:user,repo,user:email,workflow...
2026-09-13 18:48:13.546 [info] Got 1 sessions for read:user,repo,user:email,workflow...
2026-09-13 18:48:15.287 [info] Getting sessions for all scopes...
2026-09-13 18:48:15.287 [info] Got 2 sessions for all scopes...
2026-09-13 18:48:15.299 [info] Getting sessions for read:user,repo,user:email,workflow...
2026-09-13 18:48:15.299 [info] Got 1 sessions for read:user,repo,user:email,workflow...
2026-09-13 18:48:17.320 [info] Getting sessions for all scopes...
2026-09-13 18:48:17.321 [info] Got 2 sessions for all scopes...
2026-09-13 18:48:17.329 [info] Getting sessions for read:user,repo,user:email,workflow...
2026-09-13 18:48:17.329 [info] Got 1 sessions for read:user,repo,user:email,workflow...
2026-09-13 18:48:26.807 [info] Getting sessions for all scopes...
2026-09-13 18:48:26.808 [info] Got 2 sessions for all scopes...
2026-09-13 18:48:26.816 [info] Getting sessions for read:user,repo,user:email,workflow...
2026-09-13 18:48:26.816 [info] Got 1 sessions for read:user,repo,user:email,workflow...
2026-09-13 18:48:27.668 [info] Getting sessions for all scopes...
2026-09-13 18:48:27.668 [info] Got 2 sessions for all scopes...
2026-09-13 18:48:27.699 [info] Getting sessions for read:user,repo,user:email,workflow...
2026-09-13 18:48:27.699 [info] Got 1 sessions for read:user,repo,user:email,workflow...
2026-09-13 18:48:28.296 [info] Getting sessions for all scopes...
2026-09-13 18:48:28.296 [info] Got 2 sessions for all scopes...
2026-09-13 18:48:28.304 [info] Getting sessions for read:user,repo,user:email,workflow...
2026-09-13 18:48:28.304 [info] Got 1 sessions for read:user,repo,user:email,workflow...
2026-09-13 18:48:28.929 [info] Getting sessions for all scopes...
2026-09-13 18:48:28.929 [info] Got 2 sessions for all scopes...
2026-09-13 18:48:28.936 [info] Getting sessions for read:user,repo,user:email,workflow...
2026-09-13 18:48:28.937 [info] Got 1 sessions for read:user,repo,user:email,workflow...
2026-09-13 18:48:29.393 [info] Getting sessions for all scopes...
2026-09-13 18:48:29.394 [info] Got 2 sessions for all scopes...
2026-09-13 18:48:29.402 [info] Getting sessions for read:user,repo,user:email,workflow...
2026-09-13 18:48:29.402 [info] Got 1 sessions for read:user,repo,user:email,workflow...
2026-09-13 18:48:30.136 [info] Getting sessions for all scopes...
2026-09-13 18:48:30.136 [info] Got 2 sessions for all scopes...
2026-09-13 18:48:30.145 [info] Getting sessions for read:user,repo,user:email,workflow...
2026-09-13 18:48:30.145 [info] Got 1 sessions for read:user,repo,user:email,workflow...
2026-09-13 18:50:04.418 [info] Getting sessions for all scopes...
2026-09-13 18:50:04.418 [info] Got 2 sessions for all scopes...
2026-09-13 18:50:04.710 [info] Getting sessions for all scopes...
2026-09-13 18:50:04.710 [info] Got 2 sessions for all scopes...
2026-09-13 18:50:06.518 [info] Getting sessions for read:user,user:email...
2026-09-13 18:50:06.518 [info] Got 0 sessions for read:user,user:email...
2026-09-13 18:50:06.534 [info] Getting sessions for all scopes...
2026-09-13 18:50:06.534 [info] Got 2 sessions for all scopes...
2026-09-13 18:50:06.549 [info] Getting sessions for repo...
2026-09-13 18:50:06.549 [info] Got 0 sessions for repo...
2026-09-13 18:50:06.566 [info] Getting sessions for all scopes...
2026-09-13 18:50:06.566 [info] Got 2 sessions for all scopes...
2026-09-13 18:50:06.575 [info] Getting sessions for read:user,user:email...
2026-09-13 18:50:06.575 [info] Got 0 sessions for read:user,user:email...
2026-09-13 18:50:06.579 [info] Getting sessions for all scopes...
2026-09-13 18:50:06.580 [info] Got 2 sessions for all scopes...
2026-09-13 18:50:06.584 [info] Getting sessions for repo...
2026-09-13 18:50:06.584 [info] Got 0 sessions for repo...
2026-09-13 18:50:06.587 [info] Getting sessions for all scopes...
2026-09-13 18:50:06.588 [info] Got 2 sessions for all scopes...
2026-09-13 19:06:33.649 [info] Getting sessions for all scopes...
2026-09-13 19:06:33.995 [info] Got 2 sessions for all scopes...
2026-09-13 19:06:42.207 [info] Getting sessions for all scopes...
2026-09-13 19:06:42.211 [info] Got 2 sessions for all scopes...
2026-09-13 19:10:27.390 [info] Getting sessions for all scopes...
2026-09-13 19:10:28.219 [info] Got 2 sessions for all scopes...
2026-09-13 19:10:30.764 [info] Getting sessions for all scopes...
2026-09-13 19:10:30.764 [info] Got 2 sessions for all scopes...
2026-09-13 19:12:53.667 [info] Getting sessions for all scopes...
2026-09-13 19:12:54.001 [info] Got 2 sessions for all scopes...
2026-09-13 19:12:54.023 [info] Getting sessions for all scopes...
2026-09-13 19:12:54.024 [info] Got 2 sessions for all scopes...
2026-09-13 19:13:55.371 [info] Getting sessions for all scopes...
2026-09-13 19:13:55.457 [info] Got 2 sessions for all scopes...
2026-09-13 19:13:55.609 [info] Getting sessions for all scopes...
2026-09-13 19:13:55.609 [info] Got 2 sessions for all scopes...
2026-09-13 19:19:05.948 [info] Getting sessions for all scopes...
2026-09-13 19:19:06.721 [info] Got 2 sessions for all scopes...
2026-09-13 19:19:21.321 [info] Getting sessions for all scopes...
2026-09-13 19:19:21.321 [info] Got 2 sessions for all scopes...
2026-09-13 19:23:20.109 [info] Getting sessions for all scopes...
2026-09-13 19:23:20.138 [info] Got 2 sessions for all scopes...
2026-09-13 19:23:25.408 [info] Getting sessions for all scopes...
2026-09-13 19:23:25.408 [info] Got 2 sessions for all scopes...
2026-09-13 19:24:58.772 [info] Getting sessions for all scopes...
2026-09-13 19:24:59.219 [info] Got 2 sessions for all scopes...
2026-09-13 19:24:59.812 [info] Getting sessions for all scopes...
2026-09-13 19:24:59.812 [info] Got 2 sessions for all scopes...
2026-09-13 19:25:50.502 [info] Getting sessions for all scopes...
2026-09-13 19:25:50.502 [info] Got 2 sessions for all scopes...
2026-09-13 19:25:50.504 [info] Getting sessions for all scopes...
2026-09-13 19:25:50.505 [info] Got 2 sessions for all scopes...
2026-09-13 19:49:04.369 [info] Getting sessions for all scopes...
2026-09-13 19:49:04.902 [info] Got 2 sessions for all scopes...
2026-09-13 19:49:06.866 [info] Getting sessions for all scopes...
2026-09-13 19:49:06.867 [info] Got 2 sessions for all scopes...
2026-09-13 19:52:56.855 [info] Getting sessions for all scopes...
2026-09-13 19:52:56.918 [info] Got 2 sessions for all scopes...
2026-09-13 19:52:56.921 [info] Getting sessions for all scopes...
2026-09-13 19:52:56.921 [info] Got 2 sessions for all scopes...
2026-09-13 19:53:13.634 [info] Getting sessions for read:user,user:email...
2026-09-13 19:53:13.634 [info] Got 0 sessions for read:user,user:email...
2026-09-13 19:53:14.073 [info] Getting sessions for all scopes...
2026-09-13 19:53:14.073 [info] Got 2 sessions for all scopes...
2026-09-13 19:53:14.085 [info] Getting sessions for repo...
2026-09-13 19:53:14.085 [info] Got 0 sessions for repo...
2026-09-13 19:53:14.154 [info] Getting sessions for all scopes...
2026-09-13 19:53:14.154 [info] Got 2 sessions for all scopes...
2026-09-13 19:53:14.157 [info] Getting sessions for read:user,user:email...
2026-09-13 19:53:14.157 [info] Got 0 sessions for read:user,user:email...
2026-09-13 19:53:14.159 [info] Getting sessions for all scopes...
2026-09-13 19:53:14.159 [info] Got 2 sessions for all scopes...
2026-09-13 19:53:14.162 [info] Getting sessions for repo...
2026-09-13 19:53:14.162 [info] Got 0 sessions for repo...
2026-09-13 19:53:14.164 [info] Getting sessions for all scopes...
2026-09-13 19:53:14.362 [info] Got 2 sessions for all scopes...
2026-09-13 20:00:22.536 [info] Getting sessions for all scopes...
2026-09-13 20:00:22.677 [info] Got 2 sessions for all scopes...
2026-09-13 20:00:22.747 [info] Getting sessions for all scopes...
2026-09-13 20:00:22.747 [info] Got 2 sessions for all scopes...
2026-09-13 20:19:24.973 [info] Getting sessions for all scopes...
2026-09-13 20:19:25.117 [info] Got 2 sessions for all scopes...
2026-09-13 20:19:25.119 [info] Getting sessions for all scopes...
2026-09-13 20:19:25.119 [info] Got 2 sessions for all scopes...
2026-09-13 20:19:49.457 [info] Getting sessions for read:user,repo,user:email,workflow...
2026-09-13 20:19:49.457 [info] Got 1 sessions for read:user,repo,user:email,workflow...
2026-09-13 20:19:59.502 [info] Getting sessions for all scopes...
2026-09-13 20:19:59.502 [info] Got 2 sessions for all scopes...
2026-09-13 20:19:59.574 [info] Getting sessions for read:user,repo,user:email,workflow...
2026-09-13 20:19:59.574 [info] Got 1 sessions for read:user,repo,user:email,workflow...
2026-09-13 20:20:01.889 [info] Getting sessions for all scopes...
2026-09-13 20:20:01.889 [info] Got 2 sessions for all scopes...
2026-09-13 20:20:02.062 [info] Getting sessions for read:user,repo,user:email,workflow...
2026-09-13 20:20:02.062 [info] Got 1 sessions for read:user,repo,user:email,workflow...
2026-09-13 20:20:02.431 [info] Getting sessions for all scopes...
2026-09-13 20:20:02.431 [info] Got 2 sessions for all scopes...
2026-09-13 20:20:02.502 [info] Getting sessions for read:user,repo,user:email,workflow...
2026-09-13 20:20:02.502 [info] Got 1 sessions for read:user,repo,user:email,workflow...
2026-09-13 20:20:14.986 [info] Getting sessions for all scopes...
2026-09-13 20:20:14.986 [info] Got 2 sessions for all scopes...
2026-09-13 20:20:14.993 [info] Getting sessions for all scopes...
2026-09-13 20:20:14.994 [info] Got 2 sessions for all scopes...
2026-09-13 20:20:16.939 [info] Getting sessions for all scopes...
2026-09-13 20:20:16.939 [info] Got 2 sessions for all scopes...
2026-09-13 20:20:17.447 [info] Getting sessions for all scopes...
2026-09-13 20:20:17.447 [info] Got 2 sessions for all scopes...
2026-09-13 20:20:17.526 [info] Getting sessions for read:user,repo,user:email,workflow...
2026-09-13 20:20:17.526 [info] Got 1 sessions for read:user,repo,user:email,workflow...
2026-09-13 20:20:17.758 [info] Getting sessions for all scopes...
2026-09-13 20:20:17.758 [info] Got 2 sessions for all scopes...
2026-09-13 20:20:17.764 [info] Getting sessions for read:user,repo,user:email,workflow...
2026-09-13 20:20:17.764 [info] Got 1 sessions for read:user,repo,user:email,workflow...
2026-09-13 20:22:24.500 [info] Getting sessions for all scopes...
2026-09-13 20:22:24.738 [info] Got 2 sessions for all scopes...
2026-09-13 20:22:25.020 [info] Getting sessions for all scopes...
2026-09-13 20:22:25.021 [info] Got 2 sessions for all scopes...
2026-09-13 20:23:27.532 [info] Getting sessions for all scopes...
2026-09-13 20:23:27.532 [info] Got 2 sessions for all scopes...
2026-09-13 20:23:27.540 [info] Getting sessions for all scopes...
2026-09-13 20:23:27.540 [info] Got 2 sessions for all scopes...
2026-09-13 20:23:48.700 [info] Getting sessions for all scopes...
2026-09-13 20:23:48.700 [info] Got 2 sessions for all scopes...
2026-09-13 20:23:48.708 [info] Getting sessions for all scopes...
2026-09-13 20:23:48.708 [info] Got 2 sessions for all scopes...
2026-09-13 20:24:08.894 [info] Getting sessions for all scopes...
2026-09-13 20:24:09.296 [info] Got 2 sessions for all scopes...
2026-09-13 20:24:09.337 [info] Getting sessions for all scopes...
2026-09-13 20:24:09.337 [info] Got 2 sessions for all scopes...
2026-09-13 20:24:41.705 [info] Getting sessions for all scopes...
2026-09-13 20:24:41.705 [info] Got 2 sessions for all scopes...
2026-09-13 20:24:41.708 [info] Getting sessions for all scopes...
2026-09-13 20:24:41.708 [info] Got 2 sessions for all scopes...
2026-09-13 20:26:47.636 [info] Getting sessions for all scopes...
2026-09-13 20:26:47.636 [info] Got 2 sessions for all scopes...
2026-09-13 20:26:47.639 [info] Getting sessions for all scopes...
2026-09-13 20:26:47.639 [info] Got 2 sessions for all scopes...
2026-09-13 20:28:39.530 [info] Getting sessions for all scopes...
2026-09-13 20:28:39.530 [info] Got 2 sessions for all scopes...
2026-09-13 20:28:39.536 [info] Getting sessions for all scopes...
2026-09-13 20:28:39.536 [info] Got 2 sessions for all scopes...
2026-09-13 20:31:11.972 [info] Getting sessions for all scopes...
2026-09-13 20:31:11.972 [info] Got 2 sessions for all scopes...
2026-09-13 20:31:12.016 [info] Getting sessions for all scopes...
2026-09-13 20:31:12.016 [info] Got 2 sessions for all scopes...
2026-09-13 20:31:27.849 [info] Getting sessions for all scopes...
2026-09-13 20:31:27.849 [info] Got 2 sessions for all scopes...
2026-09-13 20:31:27.886 [info] Getting sessions for all scopes...
2026-09-13 20:31:27.886 [info] Got 2 sessions for all scopes...
2026-09-13 20:31:29.261 [info] Getting sessions for all scopes...
2026-09-13 20:31:29.261 [info] Got 2 sessions for all scopes...
2026-09-13 20:31:29.263 [info] Getting sessions for all scopes...
2026-09-13 20:31:29.263 [info] Got 2 sessions for all scopes...
2026-09-13 20:33:00.517 [info] Getting sessions for all scopes...
2026-09-13 20:33:00.694 [info] Got 2 sessions for all scopes...
2026-09-13 20:33:00.712 [info] Getting sessions for all scopes...
2026-09-13 20:33:00.712 [info] Got 2 sessions for all scopes...
2026-09-13 20:34:58.983 [info] Getting sessions for all scopes...
2026-09-13 20:35:00.384 [info] Got 2 sessions for all scopes...
2026-09-13 20:35:03.683 [info] Getting sessions for all scopes...
2026-09-13 20:35:03.684 [info] Got 2 sessions for all scopes...
2026-09-13 20:38:07.495 [info] Getting sessions for all scopes...
2026-09-13 20:38:07.495 [info] Got 2 sessions for all scopes...
2026-09-13 20:38:07.504 [info] Getting sessions for all scopes...
2026-09-13 20:38:07.504 [info] Got 2 sessions for all scopes...
2026-09-13 20:39:33.710 [info] Getting sessions for all scopes...
2026-09-13 20:39:33.711 [info] Got 2 sessions for all scopes...
2026-09-13 20:39:33.959 [info] Getting sessions for all scopes...
2026-09-13 20:39:33.959 [info] Got 2 sessions for all scopes...
2026-09-13 20:39:43.907 [info] Getting sessions for all scopes...
2026-09-13 20:39:43.907 [info] Got 2 sessions for all scopes...
2026-09-13 20:39:43.909 [info] Getting sessions for all scopes...
2026-09-13 20:39:43.909 [info] Got 2 sessions for all scopes...
2026-09-13 20:40:54.750 [info] Getting sessions for all scopes...
2026-09-13 20:40:54.750 [info] Got 2 sessions for all scopes...
2026-09-13 20:40:55.047 [info] Getting sessions for all scopes...
2026-09-13 20:40:55.047 [info] Got 2 sessions for all scopes...
2026-09-13 20:41:41.815 [info] Getting sessions for all scopes...
2026-09-13 20:41:41.816 [info] Got 2 sessions for all scopes...
2026-09-13 20:41:42.314 [info] Getting sessions for read:user,repo,user:email,workflow...
2026-09-13 20:41:42.316 [info] Got 1 sessions for read:user,repo,user:email,workflow...
2026-09-13 20:41:43.847 [info] Getting sessions for all scopes...
2026-09-13 20:41:43.847 [info] Got 2 sessions for all scopes...
2026-09-13 20:41:44.861 [info] Getting sessions for read:user,repo,user:email,workflow...
2026-09-13 20:41:44.862 [info] Got 1 sessions for read:user,repo,user:email,workflow...
2026-09-13 20:41:45.266 [info] Getting sessions for all scopes...
2026-09-13 20:41:45.266 [info] Got 2 sessions for all scopes...
2026-09-13 20:41:45.328 [info] Getting sessions for read:user,repo,user:email,workflow...
2026-09-13 20:41:45.328 [info] Got 1 sessions for read:user,repo,user:email,workflow...
2026-09-13 20:42:16.349 [info] Getting sessions for all scopes...
2026-09-13 20:42:16.349 [info] Got 2 sessions for all scopes...
2026-09-13 20:42:16.353 [info] Getting sessions for all scopes...
2026-09-13 20:42:16.353 [info] Got 2 sessions for all scopes...
2026-09-13 20:42:28.177 [info] Getting sessions for all scopes...
2026-09-13 20:42:28.177 [info] Got 2 sessions for all scopes...
2026-09-13 20:42:28.179 [info] Getting sessions for all scopes...
2026-09-13 20:42:28.179 [info] Got 2 sessions for all scopes...
2026-09-13 20:42:33.013 [info] Getting sessions for all scopes...
2026-09-13 20:42:33.014 [info] Got 2 sessions for all scopes...
2026-09-13 20:42:33.016 [info] Getting sessions for all scopes...
2026-09-13 20:42:33.017 [info] Got 2 sessions for all scopes...
2026-09-13 20:42:50.309 [info] Getting sessions for all scopes...
2026-09-13 20:42:50.309 [info] Got 2 sessions for all scopes...
2026-09-13 20:42:50.311 [info] Getting sessions for all scopes...
2026-09-13 20:42:50.312 [info] Got 2 sessions for all scopes...
2026-09-13 20:43:41.557 [info] Getting sessions for all scopes...
2026-09-13 20:43:41.573 [info] Got 2 sessions for all scopes...
2026-09-13 20:43:41.758 [info] Getting sessions for all scopes...
2026-09-13 20:43:41.758 [info] Got 2 sessions for all scopes...
2026-09-13 20:44:35.907 [info] Getting sessions for all scopes...
2026-09-13 20:44:35.908 [info] Got 2 sessions for all scopes...
2026-09-13 20:44:35.911 [info] Getting sessions for all scopes...
2026-09-13 20:44:35.911 [info] Got 2 sessions for all scopes...
2026-09-13 20:44:56.692 [info] Getting sessions for all scopes...
2026-09-13 20:44:56.735 [info] Got 2 sessions for all scopes...
2026-09-13 20:44:56.738 [info] Getting sessions for all scopes...
2026-09-13 20:44:56.738 [info] Got 2 sessions for all scopes...
2026-09-13 20:46:19.344 [info] Getting sessions for all scopes...
2026-09-13 20:46:19.344 [info] Got 2 sessions for all scopes...
2026-09-13 20:46:19.347 [info] Getting sessions for all scopes...
2026-09-13 20:46:19.347 [info] Got 2 sessions for all scopes...
2026-09-13 20:48:59.628 [info] Getting sessions for all scopes...
2026-09-13 20:49:00.013 [info] Got 2 sessions for all scopes...
2026-09-13 20:49:00.110 [info] Getting sessions for all scopes...
2026-09-13 20:49:00.110 [info] Got 2 sessions for all scopes...
2026-09-13 20:50:12.978 [info] Getting sessions for all scopes...
2026-09-13 20:50:13.026 [info] Got 2 sessions for all scopes...
2026-09-13 20:50:13.028 [info] Getting sessions for all scopes...
2026-09-13 20:50:13.028 [info] Got 2 sessions for all scopes...
2026-09-13 20:50:35.568 [info] Getting sessions for all scopes...
2026-09-13 20:50:35.568 [info] Got 2 sessions for all scopes...
2026-09-13 20:50:35.571 [info] Getting sessions for all scopes...
2026-09-13 20:50:35.571 [info] Got 2 sessions for all scopes...
2026-09-13 20:50:42.570 [info] Getting sessions for all scopes...
2026-09-13 20:50:42.570 [info] Got 2 sessions for all scopes...
2026-09-13 20:50:42.575 [info] Getting sessions for all scopes...
2026-09-13 20:50:42.575 [info] Got 2 sessions for all scopes...
2026-09-13 20:50:58.755 [info] Getting sessions for all scopes...
2026-09-13 20:50:58.756 [info] Got 2 sessions for all scopes...
2026-09-13 20:50:58.762 [info] Getting sessions for all scopes...
2026-09-13 20:50:58.762 [info] Got 2 sessions for all scopes...
2026-09-13 20:51:04.057 [info] Getting sessions for all scopes...
2026-09-13 20:51:04.057 [info] Got 2 sessions for all scopes...
2026-09-13 20:51:04.059 [info] Getting sessions for all scopes...
2026-09-13 20:51:04.059 [info] Got 2 sessions for all scopes...
2026-09-13 20:51:06.895 [info] Getting sessions for all scopes...
2026-09-13 20:51:06.896 [info] Got 2 sessions for all scopes...
2026-09-13 20:51:06.899 [info] Getting sessions for all scopes...
2026-09-13 20:51:06.899 [info] Got 2 sessions for all scopes...
2026-09-13 20:51:20.281 [info] Getting sessions for all scopes...
2026-09-13 20:51:20.281 [info] Got 2 sessions for all scopes...
2026-09-13 20:51:20.334 [info] Getting sessions for all scopes...
2026-09-13 20:51:20.334 [info] Got 2 sessions for all scopes...
2026-09-13 20:51:24.935 [info] Getting sessions for all scopes...
2026-09-13 20:51:24.935 [info] Got 2 sessions for all scopes...
2026-09-13 20:51:24.937 [info] Getting sessions for all scopes...
2026-09-13 20:51:24.937 [info] Got 2 sessions for all scopes...
2026-09-13 20:52:22.001 [info] Getting sessions for all scopes...
2026-09-13 20:52:22.001 [info] Got 2 sessions for all scopes...
2026-09-13 20:52:22.010 [info] Getting sessions for all scopes...
2026-09-13 20:52:22.011 [info] Got 2 sessions for all scopes...
2026-09-13 20:53:02.151 [info] Getting sessions for all scopes...
2026-09-13 20:53:02.151 [info] Got 2 sessions for all scopes...
2026-09-13 20:53:02.154 [info] Getting sessions for all scopes...
2026-09-13 20:53:02.154 [info] Got 2 sessions for all scopes...
2026-09-13 20:54:42.318 [info] Getting sessions for all scopes...
2026-09-13 20:54:42.332 [info] Got 2 sessions for all scopes...
2026-09-13 20:54:42.363 [info] Getting sessions for all scopes...
2026-09-13 20:54:42.363 [info] Got 2 sessions for all scopes...
2026-09-13 20:54:44.966 [info] Getting sessions for read:user,user:email...
2026-09-13 20:54:44.966 [info] Got 0 sessions for read:user,user:email...
2026-09-13 20:54:45.057 [info] Getting sessions for all scopes...
2026-09-13 20:54:45.057 [info] Got 2 sessions for all scopes...
2026-09-13 20:54:45.070 [info] Getting sessions for repo...
2026-09-13 20:54:45.071 [info] Got 0 sessions for repo...
2026-09-13 20:54:45.077 [info] Getting sessions for all scopes...
2026-09-13 20:54:45.077 [info] Got 2 sessions for all scopes...
2026-09-13 20:54:45.087 [info] Getting sessions for read:user,user:email...
2026-09-13 20:54:45.087 [info] Got 0 sessions for read:user,user:email...
2026-09-13 20:54:45.092 [info] Getting sessions for all scopes...
2026-09-13 20:54:45.092 [info] Got 2 sessions for all scopes...
2026-09-13 20:54:45.107 [info] Getting sessions for repo...
2026-09-13 20:54:45.107 [info] Got 0 sessions for repo...
2026-09-13 20:54:45.112 [info] Getting sessions for all scopes...
2026-09-13 20:54:45.112 [info] Got 2 sessions for all scopes...
2026-09-13 20:55:24.417 [info] Getting sessions for all scopes...
2026-09-13 20:55:24.417 [info] Got 2 sessions for all scopes...
2026-09-13 20:55:24.420 [info] Getting sessions for all scopes...
2026-09-13 20:55:24.420 [info] Got 2 sessions for all scopes...
2026-09-13 20:55:32.046 [info] Getting sessions for all scopes...
2026-09-13 20:55:32.046 [info] Got 2 sessions for all scopes...
2026-09-13 20:55:32.050 [info] Getting sessions for all scopes...
2026-09-13 20:55:32.050 [info] Got 2 sessions for all scopes...
2026-09-13 20:56:18.223 [info] Getting sessions for all scopes...
2026-09-13 20:56:18.243 [info] Got 2 sessions for all scopes...
2026-09-13 20:56:18.307 [info] Getting sessions for all scopes...
2026-09-13 20:56:18.307 [info] Got 2 sessions for all scopes...
2026-09-13 20:56:33.723 [info] Getting sessions for all scopes...
2026-09-13 20:56:33.723 [info] Got 2 sessions for all scopes...
2026-09-13 20:56:33.726 [info] Getting sessions for all scopes...
2026-09-13 20:56:33.726 [info] Got 2 sessions for all scopes...
2026-09-13 20:57:15.703 [info] Getting sessions for all scopes...
2026-09-13 20:57:15.703 [info] Got 2 sessions for all scopes...
2026-09-13 20:57:15.737 [info] Getting sessions for all scopes...
2026-09-13 20:57:15.737 [info] Got 2 sessions for all scopes...
2026-09-13 21:03:55.192 [info] Getting sessions for all scopes...
2026-09-13 21:03:55.193 [info] Got 2 sessions for all scopes...
2026-09-13 21:03:55.195 [info] Getting sessions for all scopes...
2026-09-13 21:03:55.195 [info] Got 2 sessions for all scopes...
2026-09-13 21:14:15.656 [info] Getting sessions for all scopes...
2026-09-13 21:14:15.875 [info] Got 2 sessions for all scopes...
2026-09-13 21:14:15.880 [info] Getting sessions for all scopes...
2026-09-13 21:14:15.881 [info] Got 2 sessions for all scopes...
2026-09-13 21:17:29.621 [info] Getting sessions for all scopes...
2026-09-13 21:17:29.621 [info] Got 2 sessions for all scopes...
2026-09-13 21:17:29.625 [info] Getting sessions for all scopes...
2026-09-13 21:17:29.625 [info] Got 2 sessions for all scopes...
2026-09-13 21:17:55.205 [info] Getting sessions for all scopes...
2026-09-13 21:17:55.205 [info] Got 2 sessions for all scopes...
2026-09-13 21:17:55.213 [info] Getting sessions for read:user,repo,user:email,workflow...
2026-09-13 21:17:55.213 [info] Got 1 sessions for read:user,repo,user:email,workflow...
2026-09-13 21:17:55.924 [info] Getting sessions for all scopes...
2026-09-13 21:17:55.925 [info] Got 2 sessions for all scopes...
2026-09-13 21:17:55.929 [info] Getting sessions for read:user,repo,user:email,workflow...
2026-09-13 21:17:55.929 [info] Got 1 sessions for read:user,repo,user:email,workflow...
2026-09-13 21:17:56.555 [info] Getting sessions for all scopes...
2026-09-13 21:17:56.555 [info] Got 2 sessions for all scopes...
2026-09-13 21:17:56.566 [info] Getting sessions for read:user,repo,user:email,workflow...
2026-09-13 21:17:56.591 [info] Got 1 sessions for read:user,repo,user:email,workflow...
2026-09-13 21:17:56.740 [info] Getting sessions for all scopes...
2026-09-13 21:17:56.740 [info] Got 2 sessions for all scopes...
2026-09-13 21:17:56.750 [info] Getting sessions for read:user,repo,user:email,workflow...
2026-09-13 21:17:56.763 [info] Got 1 sessions for read:user,repo,user:email,workflow...
2026-09-13 21:18:16.017 [info] Getting sessions for all scopes...
2026-09-13 21:18:16.017 [info] Got 2 sessions for all scopes...
2026-09-13 21:18:16.021 [info] Getting sessions for all scopes...
2026-09-13 21:18:16.021 [info] Got 2 sessions for all scopes...
2026-09-13 21:18:29.295 [info] Getting sessions for all scopes...
2026-09-13 21:18:29.296 [info] Got 2 sessions for all scopes...
2026-09-13 21:18:29.299 [info] Getting sessions for all scopes...
2026-09-13 21:18:29.299 [info] Got 2 sessions for all scopes...
2026-09-13 21:19:08.655 [info] Getting sessions for all scopes...
2026-09-13 21:19:08.656 [info] Got 2 sessions for all scopes...
2026-09-13 21:19:08.825 [info] Getting sessions for all scopes...
2026-09-13 21:19:08.825 [info] Got 2 sessions for all scopes...
2026-09-13 21:23:52.250 [info] Getting sessions for all scopes...
2026-09-13 21:23:52.274 [info] Got 2 sessions for all scopes...
2026-09-13 21:23:52.276 [info] Getting sessions for all scopes...
2026-09-13 21:23:52.277 [info] Got 2 sessions for all scopes...
2026-09-13 21:25:41.196 [info] Getting sessions for all scopes...
2026-09-13 21:25:41.197 [info] Got 2 sessions for all scopes...
2026-09-13 21:25:41.199 [info] Getting sessions for all scopes...
2026-09-13 21:25:41.199 [info] Got 2 sessions for all scopes...
2026-09-13 21:26:24.686 [info] Getting sessions for all scopes...
2026-09-13 21:26:24.686 [info] Got 2 sessions for all scopes...
2026-09-13 21:26:24.691 [info] Getting sessions for all scopes...
2026-09-13 21:26:24.691 [info] Got 2 sessions for all scopes...
2026-09-13 21:31:07.608 [info] Getting sessions for all scopes...
2026-09-13 21:31:07.608 [info] Got 2 sessions for all scopes...
2026-09-13 21:31:07.617 [info] Getting sessions for all scopes...
2026-09-13 21:31:07.617 [info] Got 2 sessions for all scopes...
2026-09-13 21:32:08.253 [info] Getting sessions for all scopes...
2026-09-13 21:32:08.253 [info] Got 2 sessions for all scopes...
2026-09-13 21:32:08.255 [info] Getting sessions for all scopes...
2026-09-13 21:32:08.255 [info] Got 2 sessions for all scopes...
2026-09-13 21:32:42.850 [info] Getting sessions for all scopes...
2026-09-13 21:32:42.858 [info] Got 2 sessions for all scopes...
2026-09-13 21:32:42.861 [info] Getting sessions for all scopes...
2026-09-13 21:32:42.861 [info] Got 2 sessions for all scopes...
2026-09-13 21:34:03.203 [info] Getting sessions for all scopes...
2026-09-13 21:34:03.204 [info] Got 2 sessions for all scopes...
2026-09-13 21:34:03.439 [info] Getting sessions for all scopes...
2026-09-13 21:34:03.439 [info] Got 2 sessions for all scopes...
2026-09-13 21:35:46.407 [info] Getting sessions for all scopes...
2026-09-13 21:35:46.407 [info] Got 2 sessions for all scopes...
2026-09-13 21:35:46.409 [info] Getting sessions for all scopes...
2026-09-13 21:35:46.409 [info] Got 2 sessions for all scopes...
2026-09-13 21:36:34.737 [info] Getting sessions for all scopes...
2026-09-13 21:36:34.738 [info] Got 2 sessions for all scopes...
2026-09-13 21:36:34.744 [info] Getting sessions for all scopes...
2026-09-13 21:36:34.744 [info] Got 2 sessions for all scopes...
2026-09-13 21:38:00.601 [info] Getting sessions for all scopes...
2026-09-13 21:38:00.601 [info] Got 2 sessions for all scopes...
2026-09-13 21:38:00.604 [info] Getting sessions for all scopes...
2026-09-13 21:38:00.604 [info] Got 2 sessions for all scopes...
2026-09-13 21:40:50.373 [info] Getting sessions for all scopes...
2026-09-13 21:40:50.401 [info] Got 2 sessions for all scopes...
2026-09-13 21:40:50.410 [info] Getting sessions for all scopes...
2026-09-13 21:40:50.410 [info] Got 2 sessions for all scopes...
2026-09-13 21:41:51.900 [info] Getting sessions for all scopes...
2026-09-13 21:41:51.986 [info] Got 2 sessions for all scopes...
2026-09-13 21:41:51.988 [info] Getting sessions for all scopes...
2026-09-13 21:41:51.989 [info] Got 2 sessions for all scopes...
2026-09-13 21:42:42.212 [info] Getting sessions for all scopes...
2026-09-13 21:42:42.212 [info] Got 2 sessions for all scopes...
2026-09-13 21:42:42.215 [info] Getting sessions for all scopes...
2026-09-13 21:42:42.215 [info] Got 2 sessions for all scopes...
2026-09-13 21:52:30.578 [info] Getting sessions for all scopes...
2026-09-13 21:52:30.607 [info] Got 2 sessions for all scopes...
2026-09-13 21:52:30.610 [info] Getting sessions for all scopes...
2026-09-13 21:52:30.610 [info] Got 2 sessions for all scopes...
2026-09-13 21:55:07.693 [info] Getting sessions for all scopes...
2026-09-13 21:55:07.693 [info] Got 2 sessions for all scopes...
2026-09-13 21:55:07.698 [info] Getting sessions for all scopes...
2026-09-13 21:55:07.698 [info] Got 2 sessions for all scopes...
2026-09-13 21:55:11.104 [info] Getting sessions for read:user,user:email...
2026-09-13 21:55:11.104 [info] Got 0 sessions for read:user,user:email...
2026-09-13 21:55:11.308 [info] Getting sessions for all scopes...
2026-09-13 21:55:11.309 [info] Got 2 sessions for all scopes...
2026-09-13 21:55:11.312 [info] Getting sessions for repo...
2026-09-13 21:55:11.312 [info] Got 0 sessions for repo...
2026-09-13 21:55:11.315 [info] Getting sessions for all scopes...
2026-09-13 21:55:11.315 [info] Got 2 sessions for all scopes...
2026-09-13 21:55:11.317 [info] Getting sessions for read:user,user:email...
2026-09-13 21:55:11.317 [info] Got 0 sessions for read:user,user:email...
2026-09-13 21:55:11.319 [info] Getting sessions for all scopes...
2026-09-13 21:55:11.319 [info] Got 2 sessions for all scopes...
2026-09-13 21:55:11.321 [info] Getting sessions for repo...
2026-09-13 21:55:11.321 [info] Got 0 sessions for repo...
2026-09-13 21:55:11.323 [info] Getting sessions for all scopes...
2026-09-13 21:55:11.323 [info] Got 2 sessions for all scopes...
2026-09-13 22:00:20.016 [info] Getting sessions for all scopes...
2026-09-13 22:00:20.328 [info] Got 2 sessions for all scopes...
2026-09-13 22:00:22.167 [info] Getting sessions for all scopes...
2026-09-13 22:00:22.630 [info] Got 2 sessions for all scopes...
2026-09-13 22:01:40.798 [info] Getting sessions for all scopes...
2026-09-13 22:01:40.799 [info] Got 2 sessions for all scopes...
2026-09-13 22:01:40.807 [info] Getting sessions for all scopes...
2026-09-13 22:01:40.810 [info] Got 2 sessions for all scopes...
2026-09-13 22:03:18.011 [info] Getting sessions for all scopes...
2026-09-13 22:03:18.031 [info] Got 2 sessions for all scopes...
2026-09-13 22:03:18.034 [info] Getting sessions for all scopes...
2026-09-13 22:03:18.034 [info] Got 2 sessions for all scopes...
2026-09-13 22:03:46.204 [info] Getting sessions for all scopes...
2026-09-13 22:03:46.205 [info] Got 2 sessions for all scopes...
2026-09-13 22:03:46.213 [info] Getting sessions for all scopes...
2026-09-13 22:03:46.213 [info] Got 2 sessions for all scopes...
2026-09-13 22:05:48.367 [info] Getting sessions for all scopes...
2026-09-13 22:05:48.367 [info] Got 2 sessions for all scopes...
2026-09-13 22:05:48.374 [info] Getting sessions for all scopes...
2026-09-13 22:05:48.374 [info] Got 2 sessions for all scopes...
2026-09-13 22:07:13.727 [info] Getting sessions for all scopes...
2026-09-13 22:07:13.728 [info] Got 2 sessions for all scopes...
2026-09-13 22:07:13.729 [info] Getting sessions for all scopes...
2026-09-13 22:07:13.730 [info] Got 2 sessions for all scopes...
2026-09-13 22:07:28.696 [info] Getting sessions for all scopes...
2026-09-13 22:07:28.696 [info] Got 2 sessions for all scopes...
2026-09-13 22:07:28.738 [info] Getting sessions for all scopes...
2026-09-13 22:07:28.738 [info] Got 2 sessions for all scopes...
2026-09-13 22:13:32.657 [info] Getting sessions for all scopes...
2026-09-13 22:13:32.658 [info] Got 2 sessions for all scopes...
2026-09-13 22:13:32.660 [info] Getting sessions for all scopes...
2026-09-13 22:13:32.660 [info] Got 2 sessions for all scopes...
2026-09-13 22:18:43.112 [info] Getting sessions for all scopes...
2026-09-13 22:18:43.132 [info] Got 2 sessions for all scopes...
2026-09-13 22:18:43.159 [info] Getting sessions for all scopes...
2026-09-13 22:18:43.159 [info] Got 2 sessions for all scopes...
2026-09-13 22:26:43.614 [info] Getting sessions for all scopes...
2026-09-13 22:26:43.631 [info] Got 2 sessions for all scopes...
2026-09-13 22:26:43.638 [info] Getting sessions for all scopes...
2026-09-13 22:26:43.638 [info] Got 2 sessions for all scopes...
2026-09-13 22:27:14.240 [info] Getting sessions for all scopes...
2026-09-13 22:27:14.240 [info] Got 2 sessions for all scopes...
2026-09-13 22:27:14.248 [info] Getting sessions for all scopes...
2026-09-13 22:27:14.248 [info] Got 2 sessions for all scopes...
2026-09-13 22:27:26.190 [info] Getting sessions for all scopes...
2026-09-13 22:27:26.190 [info] Got 2 sessions for all scopes...
2026-09-13 22:27:26.192 [info] Getting sessions for all scopes...
2026-09-13 22:27:26.192 [info] Got 2 sessions for all scopes...
2026-09-13 22:28:07.142 [info] Getting sessions for all scopes...
2026-09-13 22:28:07.180 [info] Got 2 sessions for all scopes...
2026-09-13 22:28:07.182 [info] Getting sessions for all scopes...
2026-09-13 22:28:07.182 [info] Got 2 sessions for all scopes...
2026-09-13 22:29:11.568 [info] Getting sessions for all scopes...
2026-09-13 22:29:11.568 [info] Got 2 sessions for all scopes...
2026-09-13 22:29:11.590 [info] Getting sessions for all scopes...
2026-09-13 22:29:11.591 [info] Got 2 sessions for all scopes...
2026-09-13 22:29:40.512 [info] Getting sessions for all scopes...
2026-09-13 22:29:40.512 [info] Got 2 sessions for all scopes...
2026-09-13 22:29:40.515 [info] Getting sessions for all scopes...
2026-09-13 22:29:40.515 [info] Got 2 sessions for all scopes...
2026-09-13 22:31:14.360 [info] Getting sessions for all scopes...
2026-09-13 22:31:14.360 [info] Got 2 sessions for all scopes...
2026-09-13 22:31:14.362 [info] Getting sessions for all scopes...
2026-09-13 22:31:14.362 [info] Got 2 sessions for all scopes...
2026-09-13 22:31:37.106 [info] Getting sessions for all scopes...
2026-09-13 22:31:37.107 [info] Got 2 sessions for all scopes...
2026-09-13 22:31:37.112 [info] Getting sessions for all scopes...
2026-09-13 22:31:37.112 [info] Got 2 sessions for all scopes...
2026-09-13 22:32:29.930 [info] Getting sessions for all scopes...
2026-09-13 22:32:29.948 [info] Got 2 sessions for all scopes...
2026-09-13 22:32:29.952 [info] Getting sessions for all scopes...
2026-09-13 22:32:29.952 [info] Got 2 sessions for all scopes...
2026-09-13 22:33:57.288 [info] Getting sessions for all scopes...
2026-09-13 22:33:57.328 [info] Got 2 sessions for all scopes...
2026-09-13 22:33:57.359 [info] Getting sessions for all scopes...
2026-09-13 22:33:57.359 [info] Got 2 sessions for all scopes...
2026-09-13 22:34:34.052 [info] Getting sessions for all scopes...
2026-09-13 22:34:34.052 [info] Got 2 sessions for all scopes...
2026-09-13 22:34:34.059 [info] Getting sessions for all scopes...
2026-09-13 22:34:34.059 [info] Got 2 sessions for all scopes...
2026-09-13 22:34:49.317 [info] Getting sessions for all scopes...
2026-09-13 22:34:49.317 [info] Got 2 sessions for all scopes...
2026-09-13 22:34:49.340 [info] Getting sessions for all scopes...
2026-09-13 22:34:49.340 [info] Got 2 sessions for all scopes...
2026-09-13 22:35:15.594 [info] Getting sessions for all scopes...
2026-09-13 22:35:15.674 [info] Got 2 sessions for all scopes...
2026-09-13 22:35:15.676 [info] Getting sessions for all scopes...
2026-09-13 22:35:15.676 [info] Got 2 sessions for all scopes...
2026-09-13 22:35:49.791 [info] Getting sessions for all scopes...
2026-09-13 22:35:49.791 [info] Got 2 sessions for all scopes...
2026-09-13 22:35:49.793 [info] Getting sessions for all scopes...
2026-09-13 22:35:49.793 [info] Got 2 sessions for all scopes...
2026-09-13 22:36:26.904 [info] Getting sessions for all scopes...
2026-09-13 22:36:26.904 [info] Got 2 sessions for all scopes...
2026-09-13 22:36:26.909 [info] Getting sessions for all scopes...
2026-09-13 22:36:26.927 [info] Got 2 sessions for all scopes...
2026-09-13 22:39:15.324 [info] Getting sessions for all scopes...
2026-09-13 22:39:15.325 [info] Got 2 sessions for all scopes...
2026-09-13 22:39:15.332 [info] Getting sessions for all scopes...
2026-09-13 22:39:15.332 [info] Got 2 sessions for all scopes...
2026-09-13 22:42:59.806 [info] Getting sessions for all scopes...
2026-09-13 22:42:59.816 [info] Got 2 sessions for all scopes...
2026-09-13 22:42:59.818 [info] Getting sessions for all scopes...
2026-09-13 22:42:59.819 [info] Got 2 sessions for all scopes...
2026-09-13 22:45:27.190 [info] Getting sessions for all scopes...
2026-09-13 22:45:27.190 [info] Got 2 sessions for all scopes...
2026-09-13 22:45:27.197 [info] Getting sessions for all scopes...
2026-09-13 22:45:27.197 [info] Got 2 sessions for all scopes...
2026-09-13 22:49:06.007 [info] Getting sessions for all scopes...
2026-09-13 22:49:06.045 [info] Got 2 sessions for all scopes...
2026-09-13 22:49:06.054 [info] Getting sessions for read:user,repo,user:email,workflow...
2026-09-13 22:49:06.055 [info] Got 1 sessions for read:user,repo,user:email,workflow...
2026-09-13 22:49:27.433 [info] Getting sessions for all scopes...
2026-09-13 22:49:27.433 [info] Got 2 sessions for all scopes...
2026-09-13 22:49:27.447 [info] Getting sessions for read:user,repo,user:email,workflow...
2026-09-13 22:49:27.447 [info] Got 1 sessions for read:user,repo,user:email,workflow...
2026-09-13 22:49:29.240 [info] Getting sessions for all scopes...
2026-09-13 22:49:29.240 [info] Got 2 sessions for all scopes...
2026-09-13 22:49:29.247 [info] Getting sessions for read:user,repo,user:email,workflow...
2026-09-13 22:49:29.247 [info] Got 1 sessions for read:user,repo,user:email,workflow...
2026-09-13 22:50:46.598 [info] Getting sessions for all scopes...
2026-09-13 22:50:46.614 [info] Got 2 sessions for all scopes...
2026-09-13 22:50:46.617 [info] Getting sessions for all scopes...
2026-09-13 22:50:46.617 [info] Got 2 sessions for all scopes...
2026-09-13 23:00:25.983 [info] Getting sessions for all scopes...
2026-09-13 23:00:26.083 [info] Got 2 sessions for all scopes...
2026-09-13 23:00:26.100 [info] Getting sessions for all scopes...
2026-09-13 23:00:26.100 [info] Got 2 sessions for all scopes...
2026-09-13 23:00:32.848 [info] Getting sessions for read:user,user:email...
2026-09-13 23:00:32.849 [info] Got 0 sessions for read:user,user:email...
2026-09-13 23:00:32.901 [info] Getting sessions for all scopes...
2026-09-13 23:00:32.901 [info] Got 2 sessions for all scopes...
2026-09-13 23:00:32.916 [info] Getting sessions for repo...
2026-09-13 23:00:32.916 [info] Got 0 sessions for repo...
2026-09-13 23:00:32.922 [info] Getting sessions for all scopes...
2026-09-13 23:00:32.922 [info] Got 2 sessions for all scopes...
2026-09-13 23:00:32.956 [info] Getting sessions for read:user,user:email...
2026-09-13 23:00:32.957 [info] Got 0 sessions for read:user,user:email...
2026-09-13 23:00:32.970 [info] Getting sessions for all scopes...
2026-09-13 23:00:32.970 [info] Got 2 sessions for all scopes...
2026-09-13 23:00:32.983 [info] Getting sessions for repo...
2026-09-13 23:00:32.983 [info] Got 0 sessions for repo...
2026-09-13 23:00:33.000 [info] Getting sessions for all scopes...
2026-09-13 23:00:33.001 [info] Got 2 sessions for all scopes...
2026-09-13 23:01:19.008 [info] Getting sessions for all scopes...
2026-09-13 23:01:19.093 [info] Got 2 sessions for all scopes...
2026-09-13 23:01:19.095 [info] Getting sessions for all scopes...
2026-09-13 23:01:19.096 [info] Got 2 sessions for all scopes...
2026-09-13 23:01:57.409 [info] Getting sessions for all scopes...
2026-09-13 23:01:57.409 [info] Got 2 sessions for all scopes...
2026-09-13 23:01:57.426 [info] Getting sessions for all scopes...
2026-09-13 23:01:57.426 [info] Got 2 sessions for all scopes...
2026-09-13 23:04:08.690 [info] Getting sessions for all scopes...
2026-09-13 23:04:08.775 [info] Got 2 sessions for all scopes...
2026-09-13 23:04:08.781 [info] Getting sessions for read:user,repo,user:email,workflow...
2026-09-13 23:04:08.794 [info] Got 1 sessions for read:user,repo,user:email,workflow...
2026-09-13 23:04:09.536 [info] Getting sessions for all scopes...
2026-09-13 23:04:09.536 [info] Got 2 sessions for all scopes...
2026-09-13 23:04:09.541 [info] Getting sessions for read:user,repo,user:email,workflow...
2026-09-13 23:04:09.541 [info] Got 1 sessions for read:user,repo,user:email,workflow...
2026-09-13 23:04:10.110 [info] Getting sessions for all scopes...
2026-09-13 23:04:10.111 [info] Got 2 sessions for all scopes...
2026-09-13 23:04:10.118 [info] Getting sessions for read:user,repo,user:email,workflow...
2026-09-13 23:04:10.118 [info] Got 1 sessions for read:user,repo,user:email,workflow...
2026-09-13 23:04:10.658 [info] Getting sessions for all scopes...
2026-09-13 23:04:10.658 [info] Got 2 sessions for all scopes...
2026-09-13 23:04:10.667 [info] Getting sessions for read:user,repo,user:email,workflow...
2026-09-13 23:04:10.667 [info] Got 1 sessions for read:user,repo,user:email,workflow...
2026-09-13 23:04:24.955 [info] Getting sessions for all scopes...
2026-09-13 23:04:24.955 [info] Got 2 sessions for all scopes...
2026-09-13 23:04:24.960 [info] Getting sessions for read:user,repo,user:email,workflow...
2026-09-13 23:04:24.960 [info] Got 1 sessions for read:user,repo,user:email,workflow...
2026-09-13 23:04:25.359 [info] Getting sessions for all scopes...
2026-09-13 23:04:25.359 [info] Got 2 sessions for all scopes...
2026-09-13 23:04:25.364 [info] Getting sessions for read:user,repo,user:email,workflow...
2026-09-13 23:04:25.364 [info] Got 1 sessions for read:user,repo,user:email,workflow...
2026-09-13 23:04:25.827 [info] Getting sessions for all scopes...
2026-09-13 23:04:25.827 [info] Got 2 sessions for all scopes...
2026-09-13 23:04:25.834 [info] Getting sessions for read:user,repo,user:email,workflow...
2026-09-13 23:04:25.834 [info] Got 1 sessions for read:user,repo,user:email,workflow...
2026-09-13 23:04:26.477 [info] Getting sessions for all scopes...
2026-09-13 23:04:26.477 [info] Got 2 sessions for all scopes...
2026-09-13 23:04:26.486 [info] Getting sessions for read:user,repo,user:email,workflow...
2026-09-13 23:04:26.486 [info] Got 1 sessions for read:user,repo,user:email,workflow...
2026-09-13 23:04:27.614 [info] Getting sessions for all scopes...
2026-09-13 23:04:27.615 [info] Got 2 sessions for all scopes...
2026-09-13 23:04:27.621 [info] Getting sessions for read:user,repo,user:email,workflow...
2026-09-13 23:04:27.621 [info] Got 1 sessions for read:user,repo,user:email,workflow...
2026-09-13 23:04:28.173 [info] Getting sessions for all scopes...
2026-09-13 23:04:28.173 [info] Got 2 sessions for all scopes...
2026-09-13 23:04:28.188 [info] Getting sessions for read:user,repo,user:email,workflow...
2026-09-13 23:04:28.188 [info] Got 1 sessions for read:user,repo,user:email,workflow...
2026-09-13 23:04:29.745 [info] Getting sessions for all scopes...
2026-09-13 23:04:29.745 [info] Got 2 sessions for all scopes...
2026-09-13 23:04:29.751 [info] Getting sessions for read:user,repo,user:email,workflow...
2026-09-13 23:04:29.751 [info] Got 1 sessions for read:user,repo,user:email,workflow...
2026-09-13 23:04:33.002 [info] Getting sessions for all scopes...
2026-09-13 23:04:33.002 [info] Got 2 sessions for all scopes...
2026-09-13 23:04:33.009 [info] Getting sessions for read:user,repo,user:email,workflow...
2026-09-13 23:04:33.010 [info] Got 1 sessions for read:user,repo,user:email,workflow...
2026-09-13 23:04:35.527 [info] Getting sessions for all scopes...
2026-09-13 23:04:35.527 [info] Got 2 sessions for all scopes...
2026-09-13 23:04:35.532 [info] Getting sessions for read:user,repo,user:email,workflow...
2026-09-13 23:04:35.532 [info] Got 1 sessions for read:user,repo,user:email,workflow...
2026-09-13 23:04:36.387 [info] Getting sessions for all scopes...
2026-09-13 23:04:36.387 [info] Got 2 sessions for all scopes...
2026-09-13 23:04:36.393 [info] Getting sessions for read:user,repo,user:email,workflow...
2026-09-13 23:04:36.393 [info] Got 1 sessions for read:user,repo,user:email,workflow...
2026-09-13 23:04:36.996 [info] Getting sessions for all scopes...
2026-09-13 23:04:36.996 [info] Got 2 sessions for all scopes...
2026-09-13 23:04:37.003 [info] Getting sessions for read:user,repo,user:email,workflow...
2026-09-13 23:04:37.003 [info] Got 1 sessions for read:user,repo,user:email,workflow...
2026-09-13 23:04:38.017 [info] Getting sessions for all scopes...
2026-09-13 23:04:38.017 [info] Got 2 sessions for all scopes...
2026-09-13 23:04:38.025 [info] Getting sessions for read:user,repo,user:email,workflow...
2026-09-13 23:04:38.025 [info] Got 1 sessions for read:user,repo,user:email,workflow...
2026-09-13 23:06:06.200 [info] Reading sessions from keychain...
2026-09-13 23:06:06.299 [info] Getting sessions for all scopes...
2026-09-13 23:06:06.299 [info] Got stored sessions!
2026-09-13 23:06:06.300 [info] Got 2 verified sessions.
2026-09-13 23:06:06.300 [info] Got 2 sessions for all scopes...
2026-09-13 23:06:06.300 [info] Getting sessions for all scopes...
2026-09-13 23:06:06.300 [info] Got 2 sessions for all scopes...
2026-09-13 23:06:06.300 [info] Getting sessions for all scopes...
2026-09-13 23:06:06.300 [info] Got 2 sessions for all scopes...
2026-09-13 23:06:06.300 [info] Getting sessions for all scopes...
2026-09-13 23:06:06.300 [info] Got 2 sessions for all scopes...
2026-09-13 23:06:06.300 [info] Getting sessions for user:email...
2026-09-13 23:06:06.300 [info] Got 1 sessions for user:email...
2026-09-13 23:06:06.300 [info] Getting sessions for read:user,user:email...
2026-09-13 23:06:06.300 [info] Got 0 sessions for read:user,user:email...
2026-09-13 23:06:06.300 [info] Getting sessions for read:user,user:email...
2026-09-13 23:06:06.300 [info] Got 0 sessions for read:user,user:email...
2026-09-13 23:06:06.300 [info] Getting sessions for all scopes...
2026-09-13 23:06:06.300 [info] Got 2 sessions for all scopes...
2026-09-13 23:06:06.300 [info] Getting sessions for all scopes...
2026-09-13 23:06:06.300 [info] Got 2 sessions for all scopes...
2026-09-13 23:06:06.300 [info] Getting sessions for all scopes...
2026-09-13 23:06:06.300 [info] Got 2 sessions for all scopes...
2026-09-13 23:06:06.300 [info] Getting sessions for all scopes...
2026-09-13 23:06:06.300 [info] Got 2 sessions for all scopes...
2026-09-13 23:06:06.300 [info] Getting sessions for all scopes...
2026-09-13 23:06:06.300 [info] Got 2 sessions for all scopes...
2026-09-13 23:06:06.300 [info] Getting sessions for all scopes...
2026-09-13 23:06:06.300 [info] Got 2 sessions for all scopes...
2026-09-13 23:06:06.300 [info] Getting sessions for all scopes...
2026-09-13 23:06:06.300 [info] Got 2 sessions for all scopes...
2026-09-13 23:06:06.547 [info] Getting sessions for repo...
2026-09-13 23:06:06.547 [info] Got 0 sessions for repo...
2026-09-13 23:06:06.549 [info] Getting sessions for repo...
2026-09-13 23:06:06.550 [info] Got 0 sessions for repo...
2026-09-13 23:06:06.971 [info] Getting sessions for all scopes...
2026-09-13 23:06:06.972 [info] Got 2 sessions for all scopes...
2026-09-13 23:06:06.973 [info] Getting sessions for all scopes...
2026-09-13 23:06:06.973 [info] Got 2 sessions for all scopes...
2026-09-13 23:06:06.976 [info] Getting sessions for read:user,repo,user:email,workflow...
2026-09-13 23:06:06.977 [info] Got 1 sessions for read:user,repo,user:email,workflow...
2026-09-13 23:06:07.756 [info] Getting sessions for read:user,user:email...
2026-09-13 23:06:07.756 [info] Got 0 sessions for read:user,user:email...
2026-09-13 23:06:07.757 [info] Getting sessions for read:user,user:email...
2026-09-13 23:06:07.757 [info] Got 0 sessions for read:user,user:email...
2026-09-13 23:06:16.097 [info] Getting sessions for all scopes...
2026-09-13 23:06:16.097 [info] Got 2 sessions for all scopes...
2026-09-13 23:06:16.098 [info] Getting sessions for all scopes...
2026-09-13 23:06:16.098 [info] Got 2 sessions for all scopes...
2026-09-13 23:06:16.853 [info] Getting sessions for repo...
2026-09-13 23:06:16.853 [info] Got 0 sessions for repo...
2026-09-13 23:06:16.854 [info] Getting sessions for repo...
2026-09-13 23:06:16.854 [info] Got 0 sessions for repo...
2026-09-13 23:06:16.855 [info] Getting sessions for all scopes...
2026-09-13 23:06:16.855 [info] Got 2 sessions for all scopes...
2026-09-13 23:06:16.857 [info] Getting sessions for all scopes...
2026-09-13 23:06:16.857 [info] Got 2 sessions for all scopes...
2026-09-13 23:06:16.861 [info] Getting sessions for user:email...
2026-09-13 23:06:16.861 [info] Got 1 sessions for user:email...
2026-09-13 23:06:16.862 [info] Getting sessions for read:user,user:email...
2026-09-13 23:06:16.862 [info] Got 0 sessions for read:user,user:email...
2026-09-13 23:06:16.906 [info] Getting sessions for read:user,user:email...
2026-09-13 23:06:16.906 [info] Got 0 sessions for read:user,user:email...
2026-09-13 23:06:17.350 [info] Getting sessions for all scopes...
2026-09-13 23:06:17.350 [info] Got 2 sessions for all scopes...
2026-09-13 23:06:17.351 [info] Getting sessions for all scopes...
2026-09-13 23:06:17.351 [info] Got 2 sessions for all scopes...
2026-09-13 23:06:17.356 [info] Getting sessions for all scopes...
2026-09-13 23:06:17.356 [info] Got 2 sessions for all scopes...
2026-09-13 23:06:17.366 [info] Getting sessions for all scopes...
2026-09-13 23:06:17.366 [info] Got 2 sessions for all scopes...
2026-09-13 23:06:17.634 [info] Getting sessions for repo...
2026-09-13 23:06:17.634 [info] Got 0 sessions for repo...
2026-09-13 23:06:17.635 [info] Getting sessions for repo...
2026-09-13 23:06:17.635 [info] Got 0 sessions for repo...
2026-09-13 23:06:17.761 [info] Getting sessions for read:user,repo,user:email,workflow...
2026-09-13 23:06:17.763 [info] Got 1 sessions for read:user,repo,user:email,workflow...
2026-09-13 23:06:17.766 [info] Getting sessions for all scopes...
2026-09-13 23:06:17.766 [info] Got 2 sessions for all scopes...
2026-09-13 23:06:17.767 [info] Getting sessions for all scopes...
2026-09-13 23:06:17.767 [info] Got 2 sessions for all scopes...
2026-09-13 23:06:17.940 [info] Getting sessions for read:user,user:email...
2026-09-13 23:06:17.941 [info] Got 0 sessions for read:user,user:email...
2026-09-13 23:06:17.941 [info] Getting sessions for read:user,user:email...
2026-09-13 23:06:17.941 [info] Got 0 sessions for read:user,user:email...
2026-09-13 23:06:17.998 [info] Getting sessions for all scopes...
2026-09-13 23:06:17.999 [info] Got 2 sessions for all scopes...
2026-09-13 23:06:18.002 [info] Getting sessions for all scopes...
2026-09-13 23:06:18.002 [info] Got 2 sessions for all scopes...
2026-09-13 23:06:18.253 [info] Getting sessions for repo...
2026-09-13 23:06:18.253 [info] Got 0 sessions for repo...
2026-09-13 23:06:18.256 [info] Getting sessions for repo...
2026-09-13 23:06:18.256 [info] Got 0 sessions for repo...
2026-09-13 23:06:18.269 [info] Getting sessions for all scopes...
2026-09-13 23:06:18.270 [info] Got 2 sessions for all scopes...
2026-09-13 23:06:18.274 [info] Getting sessions for all scopes...
2026-09-13 23:06:18.274 [info] Got 2 sessions for all scopes...
2026-09-13 23:06:18.325 [info] Getting sessions for all scopes...
2026-09-13 23:06:18.326 [info] Got 2 sessions for all scopes...
2026-09-13 23:06:18.443 [info] Getting sessions for read:user,repo,user:email,workflow...
2026-09-13 23:06:18.443 [info] Got 1 sessions for read:user,repo,user:email,workflow...
2026-09-13 23:06:51.725 [info] Getting sessions for all scopes...
2026-09-13 23:06:51.725 [info] Got 2 sessions for all scopes...
2026-09-13 23:06:51.734 [info] Getting sessions for read:user,repo,user:email,workflow...
2026-09-13 23:06:51.734 [info] Got 1 sessions for read:user,repo,user:email,workflow...
2026-09-13 23:06:52.381 [info] Getting sessions for all scopes...
2026-09-13 23:06:52.382 [info] Got 2 sessions for all scopes...
2026-09-13 23:06:52.389 [info] Getting sessions for read:user,repo,user:email,workflow...
2026-09-13 23:06:52.390 [info] Got 1 sessions for read:user,repo,user:email,workflow...
2026-09-13 23:06:54.105 [info] Getting sessions for all scopes...
2026-09-13 23:06:54.106 [info] Got 2 sessions for all scopes...
2026-09-13 23:06:54.114 [info] Getting sessions for read:user,repo,user:email,workflow...
2026-09-13 23:06:54.114 [info] Got 1 sessions for read:user,repo,user:email,workflow...
2026-09-13 23:06:54.490 [info] Getting sessions for all scopes...
2026-09-13 23:06:54.490 [info] Got 2 sessions for all scopes...
2026-09-13 23:06:54.496 [info] Getting sessions for read:user,repo,user:email,workflow...
2026-09-13 23:06:54.496 [info] Got 1 sessions for read:user,repo,user:email,workflow...
2026-09-13 23:06:57.043 [info] Getting sessions for all scopes...
2026-09-13 23:06:57.043 [info] Got 2 sessions for all scopes...
2026-09-13 23:06:57.048 [info] Getting sessions for read:user,repo,user:email,workflow...
2026-09-13 23:06:57.048 [info] Got 1 sessions for read:user,repo,user:email,workflow...
2026-09-13 23:06:58.624 [info] Getting sessions for all scopes...
2026-09-13 23:06:58.624 [info] Got 2 sessions for all scopes...
2026-09-13 23:06:58.630 [info] Getting sessions for read:user,repo,user:email,workflow...
2026-09-13 23:06:58.630 [info] Got 1 sessions for read:user,repo,user:email,workflow...
2026-09-13 23:07:00.567 [info] Getting sessions for all scopes...
2026-09-13 23:07:00.567 [info] Got 2 sessions for all scopes...
2026-09-13 23:07:00.574 [info] Getting sessions for read:user,repo,user:email,workflow...
2026-09-13 23:07:00.574 [info] Got 1 sessions for read:user,repo,user:email,workflow...
2026-09-13 23:07:03.027 [info] Getting sessions for all scopes...
2026-09-13 23:07:03.028 [info] Got 2 sessions for all scopes...
2026-09-13 23:07:03.033 [info] Getting sessions for read:user,repo,user:email,workflow...
2026-09-13 23:07:03.033 [info] Got 1 sessions for read:user,repo,user:email,workflow...
2026-09-13 23:07:05.200 [info] Getting sessions for all scopes...
2026-09-13 23:07:05.200 [info] Got 2 sessions for all scopes...
2026-09-13 23:07:05.206 [info] Getting sessions for read:user,repo,user:email,workflow...
2026-09-13 23:07:05.206 [info] Got 1 sessions for read:user,repo,user:email,workflow...
2026-09-13 23:07:07.527 [info] Getting sessions for all scopes...
2026-09-13 23:07:07.527 [info] Got 2 sessions for all scopes...
2026-09-13 23:07:07.534 [info] Getting sessions for read:user,repo,user:email,workflow...
2026-09-13 23:07:07.534 [info] Got 1 sessions for read:user,repo,user:email,workflow...
2026-09-13 23:07:08.240 [info] Getting sessions for all scopes...
2026-09-13 23:07:08.240 [info] Got 2 sessions for all scopes...
2026-09-13 23:07:08.257 [info] Getting sessions for read:user,repo,user:email,workflow...
2026-09-13 23:07:08.257 [info] Got 1 sessions for read:user,repo,user:email,workflow...
2026-09-13 23:07:09.135 [info] Getting sessions for all scopes...
2026-09-13 23:07:09.135 [info] Got 2 sessions for all scopes...
2026-09-13 23:07:09.140 [info] Getting sessions for read:user,repo,user:email,workflow...
2026-09-13 23:07:09.141 [info] Got 1 sessions for read:user,repo,user:email,workflow...
2026-09-13 23:07:09.592 [info] Getting sessions for all scopes...
2026-09-13 23:07:09.592 [info] Got 2 sessions for all scopes...
2026-09-13 23:07:09.599 [info] Getting sessions for read:user,repo,user:email,workflow...
2026-09-13 23:07:09.599 [info] Got 1 sessions for read:user,repo,user:email,workflow...
2026-09-13 23:07:10.503 [info] Getting sessions for all scopes...
2026-09-13 23:07:10.503 [info] Got 2 sessions for all scopes...
2026-09-13 23:07:10.510 [info] Getting sessions for read:user,repo,user:email,workflow...
2026-09-13 23:07:10.511 [info] Got 1 sessions for read:user,repo,user:email,workflow...
2026-09-13 23:07:11.779 [info] Getting sessions for all scopes...
2026-09-13 23:07:11.779 [info] Got 2 sessions for all scopes...
2026-09-13 23:07:11.791 [info] Getting sessions for read:user,repo,user:email,workflow...
2026-09-13 23:07:11.791 [info] Got 1 sessions for read:user,repo,user:email,workflow...
2026-09-13 23:07:13.452 [info] Getting sessions for all scopes...
2026-09-13 23:07:13.452 [info] Got 2 sessions for all scopes...
2026-09-13 23:07:13.463 [info] Getting sessions for read:user,repo,user:email,workflow...
2026-09-13 23:07:13.463 [info] Got 1 sessions for read:user,repo,user:email,workflow...
2026-09-13 23:08:58.868 [info] Getting sessions for all scopes...
2026-09-13 23:08:58.881 [info] Got 2 sessions for all scopes...
2026-09-13 23:08:58.889 [info] Getting sessions for read:user,repo,user:email,workflow...
2026-09-13 23:08:58.889 [info] Got 1 sessions for read:user,repo,user:email,workflow...
2026-09-13 23:09:01.778 [info] Getting sessions for all scopes...
2026-09-13 23:09:01.778 [info] Got 2 sessions for all scopes...
2026-09-13 23:09:01.786 [info] Getting sessions for read:user,repo,user:email,workflow...
2026-09-13 23:09:01.786 [info] Got 1 sessions for read:user,repo,user:email,workflow...
2026-09-13 23:09:03.028 [info] Getting sessions for all scopes...
2026-09-13 23:09:03.028 [info] Got 2 sessions for all scopes...
2026-09-13 23:09:03.034 [info] Getting sessions for read:user,repo,user:email,workflow...
2026-09-13 23:09:03.034 [info] Got 1 sessions for read:user,repo,user:email,workflow...
2026-09-13 23:10:38.879 [info] Reading sessions from keychain...
2026-09-13 23:10:38.879 [info] Getting sessions for all scopes...
2026-09-13 23:10:38.879 [info] Got stored sessions!
2026-09-13 23:10:38.879 [info] Got 2 verified sessions.
2026-09-13 23:10:38.879 [info] Got 2 sessions for all scopes...
2026-09-13 23:10:38.880 [info] Getting sessions for all scopes...
2026-09-13 23:10:38.880 [info] Got 2 sessions for all scopes...
2026-09-13 23:10:38.880 [info] Getting sessions for all scopes...
2026-09-13 23:10:38.880 [info] Got 2 sessions for all scopes...
2026-09-13 23:10:38.880 [info] Getting sessions for all scopes...
2026-09-13 23:10:38.880 [info] Got 2 sessions for all scopes...
2026-09-13 23:10:38.880 [info] Getting sessions for user:email...
2026-09-13 23:10:38.880 [info] Got 1 sessions for user:email...
2026-09-13 23:10:38.880 [info] Getting sessions for read:user,user:email...
2026-09-13 23:10:38.880 [info] Got 0 sessions for read:user,user:email...
2026-09-13 23:10:38.880 [info] Getting sessions for read:user,user:email...
2026-09-13 23:10:38.881 [info] Got 0 sessions for read:user,user:email...
2026-09-13 23:10:38.881 [info] Getting sessions for all scopes...
2026-09-13 23:10:38.881 [info] Got 2 sessions for all scopes...
2026-09-13 23:10:38.881 [info] Getting sessions for all scopes...
2026-09-13 23:10:38.881 [info] Got 2 sessions for all scopes...
2026-09-13 23:10:38.881 [info] Getting sessions for all scopes...
2026-09-13 23:10:38.881 [info] Got 2 sessions for all scopes...
2026-09-13 23:10:38.881 [info] Getting sessions for all scopes...
2026-09-13 23:10:38.881 [info] Got 2 sessions for all scopes...
2026-09-13 23:10:38.881 [info] Getting sessions for all scopes...
2026-09-13 23:10:38.881 [info] Got 2 sessions for all scopes...
2026-09-13 23:10:38.881 [info] Getting sessions for all scopes...
2026-09-13 23:10:38.881 [info] Got 2 sessions for all scopes...
2026-09-13 23:10:38.881 [info] Getting sessions for all scopes...
2026-09-13 23:10:38.881 [info] Got 2 sessions for all scopes...
2026-09-13 23:10:38.881 [info] Getting sessions for repo...
2026-09-13 23:10:38.881 [info] Got 0 sessions for repo...
2026-09-13 23:10:38.881 [info] Getting sessions for repo...
2026-09-13 23:10:38.881 [info] Got 0 sessions for repo...
2026-09-13 23:10:38.881 [info] Getting sessions for all scopes...
2026-09-13 23:10:38.881 [info] Got 2 sessions for all scopes...
2026-09-13 23:10:38.928 [info] Getting sessions for all scopes...
2026-09-13 23:10:38.929 [info] Got 2 sessions for all scopes...
2026-09-13 23:10:38.933 [info] Getting sessions for all scopes...
2026-09-13 23:10:38.933 [info] Got 2 sessions for all scopes...
2026-09-13 23:10:38.934 [info] Getting sessions for all scopes...
2026-09-13 23:10:38.934 [info] Got 2 sessions for all scopes...
2026-09-13 23:10:39.012 [info] Getting sessions for read:user,repo,user:email,workflow...
2026-09-13 23:10:39.012 [info] Got 1 sessions for read:user,repo,user:email,workflow...
2026-09-13 23:10:41.701 [info] Getting sessions for read:user,user:email...
2026-09-13 23:10:41.701 [info] Got 0 sessions for read:user,user:email...
2026-09-13 23:10:41.702 [info] Getting sessions for read:user,user:email...
2026-09-13 23:10:41.703 [info] Got 0 sessions for read:user,user:email...
2026-09-13 23:10:41.706 [info] Getting sessions for user:email...
2026-09-13 23:10:41.706 [info] Got 1 sessions for user:email...
2026-09-13 23:10:41.707 [info] Getting sessions for read:user,user:email...
2026-09-13 23:10:41.707 [info] Got 0 sessions for read:user,user:email...
2026-09-13 23:10:42.942 [info] Getting sessions for all scopes...
2026-09-13 23:10:42.956 [info] Got 2 sessions for all scopes...
2026-09-13 23:10:42.957 [info] Getting sessions for all scopes...
2026-09-13 23:10:42.957 [info] Got 2 sessions for all scopes...
2026-09-13 23:10:42.958 [info] Getting sessions for all scopes...
2026-09-13 23:10:42.958 [info] Got 2 sessions for all scopes...
2026-09-13 23:10:43.179 [info] Getting sessions for repo...
2026-09-13 23:10:43.179 [info] Got 0 sessions for repo...
2026-09-13 23:10:43.183 [info] Getting sessions for repo...
2026-09-13 23:10:43.183 [info] Got 0 sessions for repo...
2026-09-13 23:10:43.184 [info] Getting sessions for repo...
2026-09-13 23:10:43.184 [info] Got 0 sessions for repo...
2026-09-13 23:10:43.981 [info] Getting sessions for all scopes...
2026-09-13 23:10:43.981 [info] Got 2 sessions for all scopes...
2026-09-13 23:10:43.982 [info] Getting sessions for all scopes...
2026-09-13 23:10:43.982 [info] Got 2 sessions for all scopes...
2026-09-13 23:10:43.983 [info] Getting sessions for all scopes...
2026-09-13 23:10:43.983 [info] Got 2 sessions for all scopes...
2026-09-13 23:10:45.253 [info] Getting sessions for read:user,user:email...
2026-09-13 23:10:45.253 [info] Got 0 sessions for read:user,user:email...
2026-09-13 23:10:45.254 [info] Getting sessions for all scopes...
2026-09-13 23:10:45.254 [info] Got 2 sessions for all scopes...
2026-09-13 23:10:45.256 [info] Getting sessions for all scopes...
2026-09-13 23:10:45.256 [info] Got 2 sessions for all scopes...
2026-09-13 23:10:45.630 [info] Getting sessions for all scopes...
2026-09-13 23:10:45.636 [info] Got 2 sessions for all scopes...
2026-09-13 23:11:00.026 [info] Getting sessions for read:user,user:email...
2026-09-13 23:11:00.026 [info] Got 0 sessions for read:user,user:email...
2026-09-13 23:11:00.068 [info] Getting sessions for repo...
2026-09-13 23:11:00.068 [info] Got 0 sessions for repo...
2026-09-13 23:11:00.633 [info] Getting sessions for all scopes...
2026-09-13 23:11:00.801 [info] Got 2 sessions for all scopes...
2026-09-13 23:11:00.855 [info] Getting sessions for all scopes...
2026-09-13 23:11:00.855 [info] Got 2 sessions for all scopes...
2026-09-13 23:11:00.898 [info] Getting sessions for read:user,repo,user:email,workflow...
2026-09-13 23:11:00.898 [info] Got 1 sessions for read:user,repo,user:email,workflow...
2026-09-13 23:11:00.962 [info] Getting sessions for repo...
2026-09-13 23:11:00.963 [info] Got 0 sessions for repo...
2026-09-13 23:11:01.849 [info] Getting sessions for all scopes...
2026-09-13 23:11:01.849 [info] Got 2 sessions for all scopes...
2026-09-13 23:11:01.914 [info] Getting sessions for read:user,user:email...
2026-09-13 23:11:01.914 [info] Got 0 sessions for read:user,user:email...
2026-09-13 23:11:01.939 [info] Getting sessions for all scopes...
2026-09-13 23:11:01.939 [info] Got 2 sessions for all scopes...
2026-09-13 23:11:01.963 [info] Getting sessions for all scopes...
2026-09-13 23:11:01.963 [info] Got 2 sessions for all scopes...
2026-09-13 23:11:01.965 [info] Getting sessions for repo...
2026-09-13 23:11:01.965 [info] Got 0 sessions for repo...
2026-09-13 23:11:01.984 [info] Getting sessions for all scopes...
2026-09-13 23:11:01.984 [info] Got 2 sessions for all scopes...
2026-09-13 23:11:02.315 [info] Getting sessions for read:user,repo,user:email,workflow...
2026-09-13 23:11:02.316 [info] Got 1 sessions for read:user,repo,user:email,workflow...
2026-09-13 23:11:05.631 [info] Getting sessions for all scopes...
2026-09-13 23:11:05.631 [info] Got 2 sessions for all scopes...
2026-09-13 23:11:05.657 [info] Getting sessions for read:user,repo,user:email,workflow...
2026-09-13 23:11:05.657 [info] Got 1 sessions for read:user,repo,user:email,workflow...
2026-09-13 23:11:05.944 [info] Getting sessions for all scopes...
2026-09-13 23:11:05.944 [info] Got 2 sessions for all scopes...
2026-09-13 23:11:05.952 [info] Getting sessions for read:user,repo,user:email,workflow...
2026-09-13 23:11:05.952 [info] Got 1 sessions for read:user,repo,user:email,workflow...
2026-09-13 23:12:11.050 [info] Getting sessions for all scopes...
2026-09-13 23:12:11.374 [info] Got 2 sessions for all scopes...
2026-09-13 23:12:11.376 [info] Getting sessions for all scopes...
2026-09-13 23:12:11.376 [info] Got 2 sessions for all scopes...
2026-09-13 23:13:12.456 [info] Getting sessions for all scopes...
2026-09-13 23:13:12.564 [info] Got 2 sessions for all scopes...
2026-09-13 23:13:12.567 [info] Getting sessions for all scopes...
2026-09-13 23:13:12.567 [info] Got 2 sessions for all scopes...
2026-09-13 23:17:50.460 [info] Getting sessions for all scopes...
2026-09-13 23:17:50.493 [info] Got 2 sessions for all scopes...
2026-09-13 23:17:50.495 [info] Getting sessions for all scopes...
2026-09-13 23:17:50.495 [info] Got 2 sessions for all scopes...
2026-09-13 23:18:09.873 [info] Getting sessions for all scopes...
2026-09-13 23:18:09.873 [info] Got 2 sessions for all scopes...
2026-09-13 23:18:09.893 [info] Getting sessions for all scopes...
2026-09-13 23:18:09.893 [info] Got 2 sessions for all scopes...
2026-09-13 23:19:06.156 [info] Getting sessions for all scopes...
2026-09-13 23:19:06.172 [info] Got 2 sessions for all scopes...
2026-09-13 23:19:06.178 [info] Getting sessions for all scopes...
2026-09-13 23:19:06.178 [info] Got 2 sessions for all scopes...
2026-09-13 23:20:52.598 [info] Getting sessions for all scopes...
2026-09-13 23:20:52.599 [info] Got 2 sessions for all scopes...
2026-09-13 23:20:52.601 [info] Getting sessions for all scopes...
2026-09-13 23:20:52.601 [info] Got 2 sessions for all scopes...
2026-09-13 23:37:27.804 [info] Getting sessions for all scopes...
2026-09-13 23:37:27.949 [info] Got 2 sessions for all scopes...
2026-09-13 23:37:27.952 [info] Getting sessions for all scopes...
2026-09-13 23:37:27.953 [info] Got 2 sessions for all scopes...
2026-09-13 23:38:55.279 [info] Reading sessions from keychain...
2026-09-13 23:38:55.279 [info] Getting sessions for all scopes...
2026-09-13 23:38:56.898 [info] Got stored sessions!
2026-09-13 23:38:56.899 [info] Got 2 verified sessions.
2026-09-13 23:38:56.900 [info] Got 2 sessions for all scopes...
2026-09-13 23:38:56.901 [info] Getting sessions for all scopes...
2026-09-13 23:38:56.902 [info] Got 2 sessions for all scopes...
2026-09-13 23:38:56.903 [info] Getting sessions for all scopes...
2026-09-13 23:38:56.903 [info] Got 2 sessions for all scopes...
2026-09-13 23:38:56.905 [info] Getting sessions for all scopes...
2026-09-13 23:38:56.906 [info] Got 2 sessions for all scopes...
2026-09-13 23:38:57.797 [info] Getting sessions for all scopes...
2026-09-13 23:38:57.798 [info] Got 2 sessions for all scopes...
2026-09-13 23:39:05.480 [info] Getting sessions for all scopes...
2026-09-13 23:39:05.481 [info] Got 2 sessions for all scopes...
2026-09-13 23:39:05.537 [info] Getting sessions for read:user,user:email...
2026-09-13 23:39:05.537 [info] Got 0 sessions for read:user,user:email...
2026-09-13 23:39:11.153 [info] Getting sessions for all scopes...
2026-09-13 23:39:11.154 [info] Got 2 sessions for all scopes...
